Borrower_ID,Age,Annual_Income,Loan_Balance,Credit_Score,Monthly_Payment_Amount,Amortization_Ratio,Engagement_Recency,Delinquency_Status,Region,Primary_Channel,Loan_Type,SAVE_Tranche
9FDTT5Y,51,49601,36023,738,147,98.2,1-12mo,Current,MW,Agent,Consolidation,T7
698Y3RN,39,61999,6461,711,0,103.4,<30d,1-29,S,IVR,Federal,T8
QES1IBQ,59,53035,2637,526,0,106.4,>1yr,60-89,MW,Agent,Federal,T6
QLIIPUC,43,65861,0,706,108,104.6,<30d,Current,MW,Agent,Federal,T8
1NW9TR0,40,37519,67130,548,220,108.7,>1yr,30-59,S,Mobile,Consolidation,T3
PRHXPGF,63,49413,50257,718,188,96.2,Never,Current,W,Mobile,Federal,T5
TTZZZI9,32,54857,65624,682,305,106.5,Never,30-59,MW,Mobile,Federal,T2
FUHFD73,29,54209,13379,647,221,106.3,Never,90+,MW,Agent,Federal,T5
UQNBEVM,57,69814,26835,783,0,109.6,Never,90+,W,Agent,Federal,T3
T047EQX,62,18872,397,688,111,96.7,1-12mo,Current,NE,Mobile,Federal,T7
EI029Q7,69,56129,30595,563,214,102.5,1-12mo,Current,NE,Web,Federal,T7
F0CN3KY,47,29849,45073,693,55,103.0,>1yr,Current,NE,IVR,Federal,T6
2RV2XZ8,70,46290,30578,649,0,96.7,1-12mo,Current,S,Web,Federal,T7
JG6LJ3N,59,38131,84981,683,448,98.4,>1yr,60-89,NE,IVR,Consolidation,T4
86UB0ND,65,44093,50544,803,0,112.7,<30d,90+,NE,Agent,Federal,T3
IO23LUX,22,51823,36505,701,311,105.5,<30d,60-89,W,Mobile,Consolidation,T2
1SNXH6C,34,60250,56760,686,226,109.4,<30d,30-59,NE,IVR,Consolidation,T3
060TKW3,51,46623,46018,671,267,95.6,1-12mo,Current,MW,Mobile,Federal,T4
YTZ13XQ,24,76797,3559,675,80,110.7,<30d,30-59,S,Mobile,Federal,T3
1U9VTW8,53,43415,23660,706,398,98.4,>1yr,30-59,NE,Web,Consolidation,T4
S2N93NQ,69,36021,47814,763,115,110.5,<30d,90+,W,Agent,Consolidation,T3
EB9R26W,65,40480,61798,656,233,108.6,<30d,30-59,S,IVR,Federal,T3
NFOLA9B,39,67103,32340,585,366,108.9,>1yr,60-89,S,Agent,Consolidation,T1
9R4Z33N,56,74735,21606,670,231,102.3,>1yr,Current,S,Web,Federal,T6
C3AMER5,70,55406,8005,661,67,99.8,>1yr,Current,MW,Web,Federal,T6
XAQSEZH,61,88408,90391,602,15,102.7,<30d,Current,MW,IVR,Federal,T8
9A26HNU,42,52450,71872,594,315,102.2,1-12mo,30-59,W,Web,Federal,T4
5CJDTEU,57,50411,22607,671,55,103.2,Never,Current,NE,Web,Federal,T5
GC2YW7I,67,31149,83985,628,427,107.8,>1yr,30-59,W,Mobile,Federal,T2
BRJWEI7,52,66389,40850,790,59,111.6,1-12mo,60-89,W,IVR,Federal,T3
JLKBJEC,26,68600,20425,610,110,103.8,1-12mo,Current,MW,Web,Federal,T7
E8T3V0G,38,45636,38777,611,0,103.0,1-12mo,Current,NE,IVR,Federal,T7
MHWFP0O,40,63335,15558,574,517,98.9,1-12mo,60-89,MW,Mobile,Consolidation,T4
KIACJER,24,41385,38980,716,22,101.2,1-12mo,Current,MW,Agent,Federal,T7
6XP6LXH,33,63642,57638,683,56,101.1,>1yr,Current,NE,Mobile,Consolidation,T6
RF6HWOZ,69,27732,53045,801,0,98.0,>1yr,Current,MW,Mobile,Consolidation,T6
DYTM3YY,62,50879,29254,703,92,100.4,1-12mo,Current,W,IVR,Consolidation,T7
J07DBHE,27,52141,41385,558,634,96.1,Never,30-59,MW,Agent,Federal,T4
IEAAQNB,33,77625,51100,697,131,104.8,Never,1-29,W,Mobile,Consolidation,T5
MGZNVXE,46,42440,68142,613,144,95.2,<30d,1-29,W,Web,Federal,T8
7VHEB6B,69,82490,65987,658,282,101.2,<30d,Current,MW,Web,Consolidation,T4
W3907NV,29,39755,85209,691,319,112.3,Never,60-89,MW,Agent,Consolidation,T2
3JCC0AV,55,53573,29715,633,66,108.2,>1yr,30-59,NE,Agent,Consolidation,T3
3WXG6KT,51,57275,59482,684,394,115.0,<30d,30-59,MW,Mobile,Consolidation,T2
8AIKLC6,46,38475,21501,769,0,95.7,1-12mo,Current,S,Web,Federal,T7
O7WICRT,69,70996,65886,746,310,112.3,>1yr,60-89,NE,Web,Consolidation,T2
012OTBW,35,56848,44792,850,378,111.9,Never,90+,S,Web,Federal,T1
N65GKBO,65,67268,26335,727,228,104.4,1-12mo,Current,S,Agent,Federal,T7
MVPG0AL,55,30444,43459,572,122,113.7,1-12mo,60-89,MW,IVR,Federal,T3
CXNLLY6,30,84018,0,619,175,113.3,Never,30-59,S,IVR,Federal,T3
BQ6JQHF,39,44059,8232,657,204,97.3,>1yr,Current,NE,Agent,Consolidation,T6
EXA1ZXP,31,45626,51034,722,190,109.3,<30d,30-59,S,Mobile,Consolidation,T3
TLID3QN,22,45534,56133,654,448,107.0,1-12mo,30-59,NE,Agent,Consolidation,T2
WT7WA71,48,50753,36666,748,74,100.3,>1yr,Current,S,IVR,Federal,T6
RAK59RS,65,100370,85700,704,161,98.0,1-12mo,Current,S,Web,Consolidation,T7
2PJY8AY,27,59366,66757,782,231,110.2,1-12mo,30-59,NE,Mobile,Federal,T3
IKOCDTI,53,95157,44274,650,96,98.7,<30d,Current,MW,Web,Consolidation,T8
4IU6YXW,36,43199,38743,759,87,101.0,>1yr,Current,S,Agent,Federal,T6
LJK0DFB,57,102554,43744,605,136,107.7,>1yr,30-59,MW,Agent,Federal,T6
EI61V8D,58,42717,59704,603,143,103.2,1-12mo,Current,NE,IVR,Federal,T7
WE8T9RK,64,73105,31153,631,143,99.8,Never,Current,NE,Agent,Consolidation,T5
CQNNP9L,26,58352,91520,723,170,97.4,1-12mo,Current,MW,IVR,Federal,T7
75P8V9T,64,41382,105467,715,330,109.6,Never,60-89,W,Agent,Federal,T2
FVO2Y8M,66,32095,6518,623,173,109.9,>1yr,60-89,MW,Mobile,Federal,T3
YPIAJIA,59,27572,0,532,30,111.0,>1yr,30-59,W,Mobile,Consolidation,T3
MZGVZ68,44,36618,62144,605,0,95.1,Never,Current,S,IVR,Federal,T5
GEA1G2X,67,115050,57612,583,450,107.0,Never,90+,W,Web,Consolidation,T2
8910O4A,54,67240,32411,680,264,98.7,Never,Current,W,Agent,Consolidation,T4
7H7JZV6,26,64356,14487,697,0,113.6,<30d,30-59,W,Web,Federal,T3
KYM3VD5,38,50718,24357,643,384,106.4,1-12mo,60-89,S,Mobile,Federal,T2
A5H7Y9V,63,44666,92999,651,245,101.2,Never,Current,MW,Agent,Federal,T5
52YOFVZ,49,71669,9034,683,97,99.6,<30d,Current,NE,Agent,Consolidation,T8
ALTXJPW,37,62872,0,707,0,101.6,1-12mo,Current,MW,IVR,Federal,T7
2BDT0I7,66,69130,34531,712,175,106.2,<30d,30-59,W,Agent,Consolidation,T8
CJ8G88R,41,42680,69379,657,310,105.0,<30d,30-59,NE,Mobile,Federal,T4
MENRRD6,57,68876,65124,806,210,110.3,Never,90+,S,Agent,Consolidation,T3
URSJY52,59,15000,43665,692,0,109.2,>1yr,60-89,W,Agent,Consolidation,T3
8EI6OQU,36,44941,72925,713,0,96.8,1-12mo,Current,MW,Mobile,Consolidation,T7
T1GX657,52,60515,24264,715,186,103.1,1-12mo,Current,NE,IVR,Federal,T7
7FNIC92,62,65634,87138,695,243,96.5,<30d,Current,S,Web,Federal,T8
H4PA0EJ,22,56122,39639,728,227,105.6,1-12mo,30-59,S,Agent,Consolidation,T7
DT0ZAST,63,74215,22576,685,125,109.2,1-12mo,60-89,NE,IVR,Federal,T3
8NPK52H,42,61264,45140,669,0,98.7,<30d,Current,MW,IVR,Federal,T8
GKATFHO,47,62522,62741,601,85,114.5,>1yr,60-89,NE,Agent,Federal,T3
Z92JUS3,42,96103,39148,598,45,102.4,1-12mo,Current,NE,Mobile,Consolidation,T7
PKB2Q9W,43,70424,25616,685,120,102.9,1-12mo,Current,S,Agent,Consolidation,T7
RXV4ZRQ,50,15000,37046,588,127,104.2,1-12mo,1-29,NE,IVR,Consolidation,T7
VJEKRTX,67,42029,69553,814,25,100.3,<30d,Current,W,Web,Federal,T8
24UHI0Q,46,67941,67575,819,93,103.6,1-12mo,Current,W,Mobile,Federal,T7
I42M67L,36,78002,180,646,40,103.2,>1yr,Current,S,Mobile,Consolidation,T6
HNVJ5T9,23,83826,51615,728,288,98.4,>1yr,Current,S,Agent,Federal,T4
04V57CZ,62,28135,39497,566,132,114.3,Never,60-89,S,Agent,Federal,T3
MMPCUU6,23,50512,32280,783,475,109.8,>1yr,30-59,MW,Agent,Consolidation,T1
AKKX2T1,51,42796,45406,728,308,108.2,Never,60-89,W,IVR,Federal,T2
BF8BGM8,56,37435,63198,629,32,106.1,1-12mo,30-59,NE,Mobile,Federal,T7
4WF7N7N,58,78724,24064,646,396,114.1,Never,30-59,W,Agent,Consolidation,T1
KXSWVGW,49,42725,59033,750,172,95.5,>1yr,Current,MW,Agent,Consolidation,T6
DJAQ21Z,29,44516,39934,755,241,102.7,Never,Current,MW,Web,Federal,T5
4P5WG7W,67,54611,41015,619,451,97.7,>1yr,60-89,NE,Web,Federal,T4
WXRT687,22,25914,56472,564,302,95.2,>1yr,30-59,NE,Agent,Consolidation,T4
PSFGWLS,52,39513,106620,629,70,113.7,<30d,60-89,NE,Agent,Consolidation,T3
7YDFNBO,37,37780,40568,642,20,107.1,1-12mo,90+,NE,IVR,Federal,T7
W9Z4B5U,58,67436,43647,726,45,103.6,<30d,Current,W,Web,Federal,T8
5WW9UR0,52,26531,18533,834,273,110.7,<30d,60-89,MW,IVR,Consolidation,T2
K975UFH,22,90874,35633,649,171,108.6,Never,30-59,MW,IVR,Consolidation,T3
Z26B7FV,53,48136,63293,550,46,110.9,Never,30-59,S,Web,Federal,T3
5R2M12M,34,50704,40587,595,372,101.1,>1yr,30-59,MW,Agent,Consolidation,T4
B9MV1U2,26,60447,26701,818,203,113.4,<30d,30-59,W,IVR,Federal,T3
D4BQK2M,60,19139,73313,664,0,111.0,Never,30-59,MW,Web,Federal,T3
PRFVM0W,60,55678,60647,764,534,103.6,>1yr,30-59,W,Mobile,Federal,T4
QJNL42T,37,73134,28633,683,0,102.2,Never,Current,NE,IVR,Consolidation,T5
2RN59FV,54,38291,47300,607,188,100.2,1-12mo,Current,S,Web,Federal,T7
IFOFRCV,61,67133,41619,643,0,95.5,<30d,Current,NE,IVR,Consolidation,T8
S80NMQS,68,49602,39383,718,148,113.8,>1yr,30-59,S,Agent,Federal,T3
JDMJD9M,62,65694,52667,719,280,110.4,1-12mo,30-59,MW,IVR,Consolidation,T2
2YAAAWY,27,59871,64922,641,0,112.8,1-12mo,90+,MW,Agent,Consolidation,T3
495PVV7,24,45255,38756,610,136,108.3,1-12mo,30-59,NE,Web,Consolidation,T3
HECC7EP,46,42970,58115,656,195,113.1,<30d,90+,S,Web,Consolidation,T3
2O5KEYU,31,48951,45254,736,334,102.8,>1yr,60-89,W,Mobile,Federal,T4
9NB0DK8,24,75900,16540,723,109,106.3,>1yr,60-89,NE,IVR,Federal,T6
IBGN4NW,67,93679,17413,830,0,96.2,<30d,1-29,W,Web,Federal,T8
I6JCFSU,23,66570,36855,635,157,109.5,1-12mo,60-89,NE,Agent,Federal,T3
YLM6FOE,58,15000,55727,763,266,96.9,>1yr,Current,S,Web,Consolidation,T4
RX316OQ,29,40698,26982,678,323,112.7,<30d,30-59,S,Agent,Consolidation,T2
DYOBE74,68,46032,81036,701,371,114.6,>1yr,60-89,W,Mobile,Federal,T1
MSSPLG7,38,65746,2366,577,42,102.7,>1yr,Current,MW,Agent,Federal,T6
W2RL6F8,26,84835,29571,722,536,105.2,>1yr,90+,MW,Web,Consolidation,T2
7Y99O6A,26,54012,64537,598,186,103.3,1-12mo,1-29,MW,Web,Consolidation,T7
XZNEY5T,63,28610,100670,601,161,112.6,>1yr,30-59,NE,Web,Consolidation,T3
AKM7FS9,65,50126,42402,724,165,114.7,1-12mo,90+,W,Agent,Consolidation,T3
OUHP9P2,50,47969,69458,681,103,112.2,>1yr,30-59,W,Mobile,Consolidation,T3
OSI6EHD,40,68954,58397,620,324,99.2,>1yr,90+,W,Agent,Consolidation,T4
WJEPMCY,33,76841,19431,640,166,109.9,1-12mo,30-59,NE,Mobile,Federal,T3
F957KU4,64,67522,46277,633,0,108.6,1-12mo,30-59,S,IVR,Consolidation,T3
43LDQ8T,62,54577,35229,669,362,115.0,Never,30-59,W,Mobile,Federal,T1
RA5MPSA,55,57929,22046,621,101,99.1,1-12mo,Current,NE,IVR,Federal,T7
4ORJ18F,51,68729,64668,729,39,95.0,Never,Current,NE,Mobile,Consolidation,T5
UNK0TII,58,70070,62482,738,132,106.1,>1yr,30-59,S,Agent,Consolidation,T6
IJ7BM95,60,72261,55558,735,392,98.4,>1yr,60-89,NE,Agent,Consolidation,T4
OWMLOEU,45,15000,21410,587,285,113.5,<30d,30-59,W,Web,Consolidation,T2
NJYOAPR,58,43490,13908,698,50,102.2,<30d,Current,W,Agent,Federal,T8
KKRVUKH,41,54185,34404,790,237,114.1,<30d,60-89,W,Mobile,Federal,T3
UVH34HB,34,40529,29375,732,381,95.6,1-12mo,90+,S,IVR,Consolidation,T4
BQVZ0FB,45,59831,10125,733,295,114.3,1-12mo,30-59,S,Web,Consolidation,T2
R370Q6I,23,87551,50671,613,219,102.4,<30d,Current,W,Mobile,Federal,T8
PHIXS05,69,31250,41444,657,54,96.6,Never,Current,S,Mobile,Consolidation,T5
Q9ANRAJ,36,34960,11530,784,280,97.0,Never,Current,S,Mobile,Consolidation,T4
RWPHEFO,33,43578,19767,685,312,113.6,>1yr,60-89,MW,IVR,Consolidation,T2
L1E321B,64,15000,0,560,0,109.7,<30d,60-89,NE,Agent,Federal,T3
XXWSYAR,69,59164,72878,629,363,112.8,1-12mo,60-89,W,Agent,Federal,T2
0YVSUGG,59,38655,61567,639,60,107.3,1-12mo,60-89,NE,Mobile,Federal,T7
9DTUIPX,59,41264,50451,653,13,107.7,1-12mo,60-89,MW,IVR,Consolidation,T7
7PJQD67,57,31480,43581,729,253,111.7,<30d,60-89,W,Mobile,Federal,T2
2SZNA3E,49,34451,70342,648,0,106.9,Never,60-89,W,Agent,Federal,T5
FM0NEZU,60,31030,34611,677,154,96.1,>1yr,Current,NE,IVR,Consolidation,T6
FSAE4VD,29,17001,90027,752,273,111.5,Never,30-59,NE,Web,Consolidation,T2
GQFGG4J,52,104338,71022,708,274,104.2,1-12mo,Current,NE,IVR,Consolidation,T4
UGJI5FY,25,55373,66875,560,258,114.4,<30d,90+,W,Web,Consolidation,T2
14ELN6V,36,55482,67222,680,357,100.8,1-12mo,60-89,W,Mobile,Consolidation,T4
6UESTRJ,34,39148,30832,683,231,106.6,<30d,90+,S,Mobile,Consolidation,T8
355SIUF,55,57744,41341,604,3,105.1,<30d,30-59,W,Mobile,Federal,T8
1NI113R,35,66177,53213,691,495,98.9,<30d,90+,MW,Web,Federal,T4
P4HX7AR,46,69136,71742,707,334,99.4,1-12mo,30-59,S,Mobile,Federal,T4
WKVKSEW,56,40569,51564,634,136,106.7,>1yr,30-59,W,Web,Federal,T6
C1M8UDW,49,45894,46717,678,267,111.3,Never,30-59,NE,Agent,Federal,T2
G0JTOWX,33,73718,31614,716,168,105.3,1-12mo,90+,W,Agent,Federal,T7
VGB7QNN,37,32454,77877,610,255,97.5,<30d,1-29,S,Web,Consolidation,T4
39QAWW5,35,34318,17266,567,436,97.6,1-12mo,60-89,W,Web,Federal,T4
YENZF13,53,46087,74758,630,165,100.7,<30d,Current,MW,IVR,Consolidation,T8
XQ7XIMR,39,55995,45520,648,426,101.5,Never,30-59,S,Web,Consolidation,T4
3F1F87J,55,15000,58151,713,328,97.1,>1yr,60-89,W,Web,Federal,T4
S4BYX2U,38,61040,19707,669,0,100.1,>1yr,Current,W,IVR,Federal,T6
MZFT6F2,34,43028,23398,662,137,112.8,<30d,60-89,S,Mobile,Federal,T3
ARSJPNK,47,68278,1409,643,0,105.2,1-12mo,90+,S,Web,Federal,T7
OD6LGZE,25,15000,32353,752,320,108.0,>1yr,30-59,S,Agent,Consolidation,T2
XTL3MT3,63,53914,45578,789,0,98.8,>1yr,Current,W,Web,Federal,T6
X5W3D46,55,81202,31506,707,20,98.6,>1yr,1-29,MW,Web,Federal,T6
SSCGAS1,33,76226,50458,653,296,112.0,Never,90+,MW,Mobile,Consolidation,T2
BA4DJ50,58,58446,71678,632,128,113.9,Never,60-89,NE,Web,Federal,T3
S5UNOJX,63,55799,31729,761,7,113.6,Never,60-89,S,Agent,Federal,T3
C6NYSG2,66,59800,42942,607,1,102.6,<30d,Current,NE,Mobile,Consolidation,T8
3YIXKG6,61,62046,38348,676,532,113.6,1-12mo,90+,S,Mobile,Federal,T2
GKPMPG4,22,51368,66684,697,393,113.9,1-12mo,60-89,NE,Web,Federal,T2
SIVARLE,56,31460,14720,716,0,100.9,>1yr,Current,W,Agent,Federal,T6
7NS54NT,50,82473,78982,738,521,106.3,Never,90+,S,Web,Consolidation,T2
COH56D2,54,50117,46489,678,204,104.9,<30d,Current,S,Agent,Consolidation,T8
5KFS2LI,49,71375,35135,676,18,102.9,<30d,Current,W,Mobile,Federal,T8
C6NKD65,57,72682,68062,574,0,98.0,Never,1-29,NE,IVR,Federal,T5
44Y5GFT,53,60964,5539,683,102,100.7,1-12mo,1-29,W,Web,Federal,T7
GKWZQI0,49,33527,60142,534,129,101.7,>1yr,Current,W,IVR,Federal,T6
KM0JMPR,35,71697,22953,638,50,106.0,1-12mo,60-89,W,Mobile,Federal,T7
4N1B48D,66,48498,78145,785,0,96.1,>1yr,Current,S,Web,Federal,T6
S6B1LCV,30,45084,40192,715,217,107.8,<30d,60-89,W,IVR,Federal,T8
AB35FAU,44,65402,14100,610,229,113.1,1-12mo,60-89,S,Agent,Consolidation,T3
3RNTOUH,24,90770,91062,553,0,100.0,<30d,Current,NE,Web,Federal,T8
37367FM,35,71560,26525,736,63,98.4,>1yr,Current,W,IVR,Consolidation,T6
3UHJE1U,67,73912,62092,516,185,103.9,<30d,Current,W,IVR,Federal,T8
0LEL1IN,30,44421,25604,723,0,102.9,>1yr,Current,S,Agent,Federal,T6
28HWFBO,29,28026,32582,457,185,112.2,>1yr,90+,W,Agent,Federal,T3
AUOUN0Y,39,73638,34574,732,231,96.3,Never,Current,NE,Web,Consolidation,T5
WD0ESJH,44,72074,0,670,26,100.6,Never,1-29,W,IVR,Federal,T5
4GD6GBM,59,76863,37279,701,263,114.9,>1yr,60-89,MW,Mobile,Consolidation,T2
9829XPC,22,60863,30567,598,225,102.9,Never,Current,MW,Web,Consolidation,T5
DQZKUJ7,51,38892,47888,694,0,99.8,>1yr,Current,NE,Web,Consolidation,T6
0AWMPTQ,44,64292,59046,739,0,96.6,>1yr,Current,MW,IVR,Consolidation,T6
Q190MD2,69,37130,59705,728,339,97.7,>1yr,60-89,S,Agent,Consolidation,T4
5M6UNIF,53,58460,37468,733,0,98.7,<30d,1-29,W,Mobile,Federal,T8
315BDRV,65,50107,65211,675,9,112.4,<30d,60-89,W,Agent,Consolidation,T3
08E7JDN,65,65635,74625,720,313,112.9,Never,30-59,NE,IVR,Federal,T2
4SCFW27,42,37344,57492,804,0,112.2,<30d,30-59,MW,Agent,Consolidation,T3
QCYSGDE,56,61116,30392,687,372,95.4,1-12mo,30-59,NE,Mobile,Consolidation,T4
PFKXQVN,36,28712,54161,685,133,102.3,1-12mo,Current,MW,Mobile,Federal,T7
WPR8B4N,43,85413,83840,731,404,106.8,<30d,60-89,W,IVR,Consolidation,T2
SB8IRQJ,40,89246,3270,546,309,111.3,<30d,60-89,S,IVR,Federal,T2
RGWY3EV,64,50292,75472,665,369,112.1,>1yr,30-59,S,Web,Federal,T1
GWXFWKG,67,84323,8029,707,406,107.6,1-12mo,30-59,W,Agent,Consolidation,T2
87JREP3,46,55501,46788,767,163,99.5,>1yr,Current,W,IVR,Federal,T6
V6RLY72,39,40722,31534,626,70,114.9,>1yr,60-89,W,Agent,Consolidation,T3
I1NHC13,61,58906,53809,752,297,114.3,>1yr,90+,W,IVR,Federal,T2
UQ6EJJ1,45,23580,63262,671,71,108.3,>1yr,30-59,W,Mobile,Federal,T3
35RIZVH,53,33045,67838,717,291,103.5,>1yr,Current,NE,Agent,Federal,T4
0OJFZQ2,51,34414,53543,719,239,110.1,1-12mo,60-89,MW,Agent,Federal,T3
LOAOZ92,60,55227,2229,776,362,95.4,>1yr,90+,S,Mobile,Consolidation,T4
9ON7ZR4,51,48530,74028,690,199,105.4,Never,90+,MW,Mobile,Federal,T5
XA25Y83,23,25627,51370,596,256,107.3,Never,60-89,NE,Mobile,Consolidation,T2
YSG2KV2,36,89130,12068,651,113,107.5,<30d,30-59,S,Mobile,Federal,T8
4H40U6X,28,76420,38047,591,370,95.7,<30d,60-89,NE,Mobile,Consolidation,T4
67DOQZ9,27,35996,0,625,143,112.0,>1yr,30-59,W,IVR,Federal,T3
ME4XC5M,33,59138,29179,580,307,108.3,Never,30-59,MW,Mobile,Consolidation,T2
7T56HCC,67,55340,55467,558,79,111.0,Never,60-89,NE,Mobile,Federal,T3
SOMI45S,26,27126,16584,735,132,97.4,1-12mo,Current,NE,Agent,Consolidation,T7
WR1TU1E,43,57133,75960,525,0,112.6,Never,30-59,NE,Mobile,Federal,T3
15PNZ8H,61,31239,69393,649,41,105.0,Never,Current,NE,Agent,Federal,T5
CXCBU9Y,48,35209,69967,670,346,100.2,<30d,30-59,NE,Web,Federal,T4
L9VYOBK,36,35474,31885,740,241,109.0,>1yr,30-59,S,Agent,Consolidation,T3
KN5MTAL,61,53865,19875,689,68,108.2,>1yr,30-59,NE,Agent,Federal,T3
KL1VQVO,29,88386,77032,744,142,110.9,>1yr,60-89,NE,Web,Consolidation,T3
INAYCKD,27,62525,59542,725,221,108.2,Never,60-89,W,IVR,Consolidation,T3
DH18G2K,70,39732,110482,671,149,114.1,Never,30-59,MW,Agent,Federal,T3
9M8AJF0,55,94438,59546,773,0,104.3,Never,Current,W,Agent,Federal,T5
QTR0FZG,61,58986,30917,664,276,102.7,<30d,Current,NE,Web,Consolidation,T4
A196R0Y,49,80674,59478,820,293,106.1,Never,30-59,NE,Agent,Consolidation,T2
U4WPUVM,55,46068,89009,728,165,114.2,<30d,30-59,MW,Mobile,Federal,T3
350V402,43,57870,65200,685,0,103.9,1-12mo,Current,MW,IVR,Federal,T7
0P3VW7I,45,22969,71775,659,422,103.8,<30d,60-89,MW,Mobile,Federal,T4
369WJ3O,45,39558,76717,761,462,100.1,<30d,30-59,NE,IVR,Consolidation,T4
STMGSYP,42,53026,63536,608,245,108.0,>1yr,60-89,NE,Mobile,Federal,T6
LOER796,34,49626,85307,709,134,114.7,>1yr,30-59,W,Mobile,Federal,T3
J3QNUWV,24,62365,63243,684,56,114.6,<30d,60-89,MW,Web,Consolidation,T3
B1VH5WR,59,55491,19418,542,134,106.5,Never,30-59,S,Web,Federal,T5
RU9HRG0,67,26045,46621,639,171,110.2,<30d,30-59,W,Mobile,Consolidation,T3
8N9GEI7,43,15000,49653,577,388,99.1,Never,60-89,MW,Agent,Consolidation,T4
A6WZDAY,55,73090,71783,778,343,98.7,Never,60-89,S,Web,Consolidation,T4
MQNTYHU,43,46113,65766,742,148,113.5,1-12mo,60-89,MW,Web,Federal,T3
D2PNUBQ,57,69427,55365,613,347,100.7,Never,30-59,S,Agent,Consolidation,T4
5EBEFCT,37,50949,87908,724,142,101.7,>1yr,Current,NE,Web,Federal,T6
P1ISP90,26,57745,25664,817,167,108.0,1-12mo,90+,W,Web,Consolidation,T7
0F4RGLC,41,40674,49171,689,220,99.5,<30d,Current,S,Agent,Federal,T8
8OLQUUO,51,69467,62444,618,82,97.6,Never,Current,S,Agent,Federal,T5
5NFL67F,48,61342,34006,568,125,101.2,>1yr,Current,W,IVR,Consolidation,T6
ODZ18B5,56,80895,47444,747,318,95.4,Never,60-89,MW,Web,Federal,T4
3FZ7W5B,57,58011,58725,580,56,113.2,<30d,30-59,W,Web,Consolidation,T3
PQCZRHX,70,40356,3961,761,73,114.1,>1yr,30-59,S,Web,Consolidation,T3
MAIZCJD,32,52783,41048,654,317,110.4,1-12mo,30-59,W,Agent,Consolidation,T2
VVOZOAS,58,54712,101983,685,146,112.4,>1yr,60-89,W,Agent,Consolidation,T3
N4PSXAP,47,87029,49013,763,161,113.9,1-12mo,90+,W,Mobile,Consolidation,T3
NKIEK84,27,31738,10794,674,443,95.8,Never,60-89,NE,IVR,Consolidation,T4
TIZ13W7,52,34649,78241,699,571,114.8,>1yr,60-89,MW,Agent,Consolidation,T1
VW25IE1,46,44126,44610,623,235,108.8,1-12mo,30-59,S,IVR,Federal,T3
GWNO1HU,50,35755,50284,780,57,97.8,1-12mo,1-29,MW,Web,Consolidation,T7
NFZY2QA,61,37909,17804,751,150,104.9,>1yr,Current,MW,Agent,Consolidation,T6
68X5P2H,63,74446,24254,654,137,104.4,Never,Current,S,Mobile,Consolidation,T5
A97A63U,42,52051,56756,735,292,114.5,<30d,30-59,NE,Agent,Consolidation,T2
T0I7YDY,53,40743,38860,530,172,106.1,<30d,60-89,NE,Web,Federal,T8
VIGKG1L,41,43576,33244,629,93,109.1,1-12mo,90+,NE,Mobile,Consolidation,T3
NC22L0A,24,46458,30475,755,188,98.7,>1yr,Current,W,IVR,Federal,T6
C07DVMK,67,48670,8208,669,40,114.6,Never,30-59,S,IVR,Consolidation,T3
6ZT7WEJ,60,76385,87805,563,326,105.9,1-12mo,60-89,W,IVR,Consolidation,T2
MT9NPLL,62,54400,76793,632,0,104.9,1-12mo,Current,MW,Mobile,Consolidation,T7
EP0UG66,65,38459,0,736,205,107.3,Never,60-89,W,Web,Federal,T5
C4SMKQY,37,15000,58428,680,412,105.7,<30d,30-59,NE,Web,Federal,T2
ZOSTI6E,54,76517,44275,590,0,107.7,>1yr,60-89,NE,Agent,Federal,T6
SS5HB38,67,35041,43149,674,447,113.7,>1yr,90+,W,Web,Federal,T1
GXZKLRX,31,57411,47336,640,248,96.0,>1yr,1-29,NE,IVR,Federal,T6
9B8Y7SL,62,56531,108292,667,182,108.0,1-12mo,60-89,MW,Web,Federal,T7
VWCECLC,53,66415,0,715,132,100.5,1-12mo,1-29,S,Mobile,Consolidation,T7
9W32BBD,22,83394,54532,710,73,110.0,>1yr,60-89,W,Web,Federal,T3
S9HPQ9T,28,27360,21425,704,218,95.8,>1yr,Current,NE,Agent,Consolidation,T6
QGLX71F,41,50987,78954,755,24,114.2,>1yr,60-89,MW,Agent,Consolidation,T3
YRYYAY6,56,70046,44516,718,160,100.6,1-12mo,Current,MW,Web,Federal,T7
P847WU5,55,46669,13553,612,270,104.6,1-12mo,Current,W,IVR,Federal,T4
TOBUYB4,59,52801,0,739,139,104.2,<30d,Current,W,IVR,Federal,T8
JB9LXMY,29,37772,39934,585,0,103.7,>1yr,Current,MW,Agent,Consolidation,T6
7D3J4VY,41,110009,54343,746,171,98.9,Never,Current,NE,Agent,Consolidation,T5
VSANMS2,65,56868,40758,575,279,100.9,Never,Current,S,Mobile,Federal,T4
GX3EXLP,65,58623,46571,808,301,103.3,<30d,30-59,NE,Agent,Consolidation,T4
F87MIOL,62,63890,34854,648,276,112.7,<30d,30-59,S,Mobile,Consolidation,T2
K4CPFWE,57,89716,51723,767,0,107.5,Never,90+,S,Web,Federal,T5
85C5O3H,31,57406,56191,529,158,102.0,<30d,Current,MW,Web,Consolidation,T8
Z0T10RV,43,58254,71169,681,214,111.9,Never,60-89,S,IVR,Consolidation,T3
7K5WL5B,42,71733,82424,686,212,101.6,1-12mo,Current,NE,Web,Consolidation,T7
BIPCYMO,52,44936,812,690,6,103.4,Never,Current,NE,Web,Federal,T5
V1XNXET,34,70244,61075,626,0,109.0,1-12mo,90+,MW,Web,Consolidation,T3
RMXM9L0,29,24730,50383,725,594,101.3,Never,30-59,S,Agent,Consolidation,T4
IIYDLX9,62,35283,37870,664,444,109.6,Never,90+,S,Web,Federal,T1
REMR5RV,48,67387,6006,633,350,106.5,Never,30-59,W,Mobile,Consolidation,T2
9VALVKS,55,56282,7916,691,148,99.9,1-12mo,Current,NE,Web,Federal,T7
CLRWIXY,48,36543,24911,685,249,114.3,>1yr,30-59,MW,Mobile,Federal,T3
7YV2MFB,22,96841,65845,693,172,102.4,>1yr,Current,MW,Web,Consolidation,T6
VLAD8PB,63,68488,59721,739,139,114.3,Never,30-59,S,IVR,Federal,T3
2LI4T6W,33,26672,22592,800,137,101.2,1-12mo,Current,S,IVR,Consolidation,T7
IKTG69B,24,56486,58273,731,0,100.4,<30d,1-29,MW,IVR,Federal,T8
SMS098V,63,34049,791,669,133,113.5,>1yr,60-89,NE,Mobile,Federal,T3
Q65N30N,55,94300,30093,712,0,95.2,Never,Current,MW,Mobile,Consolidation,T5
YS0SWLL,36,61902,38193,643,86,103.4,Never,Current,MW,Mobile,Federal,T5
YG4HUMA,62,83660,48316,811,466,97.9,<30d,90+,NE,IVR,Consolidation,T4
LI03UK8,31,68196,54301,646,0,112.8,Never,30-59,S,Mobile,Federal,T3
YB98XWF,54,32998,54328,666,174,106.0,>1yr,30-59,NE,Agent,Federal,T6
9V7BOZI,42,41456,47842,591,326,114.7,<30d,60-89,S,Agent,Federal,T2
9UYY52S,25,59398,16807,685,139,111.2,<30d,30-59,S,Web,Consolidation,T3
ZNW16CO,32,53589,63187,625,358,98.6,Never,90+,W,IVR,Consolidation,T4
P0RKTZX,66,57753,43511,765,264,114.8,Never,30-59,NE,Agent,Federal,T2
8T5DGCL,23,66164,42679,769,9,112.3,>1yr,60-89,MW,Agent,Consolidation,T3
8BR19FQ,33,82061,44498,515,252,95.0,<30d,Current,S,Web,Federal,T4
IYZAAOY,66,77027,55759,646,411,98.5,>1yr,30-59,MW,Agent,Federal,T4
V1W8OBG,53,50282,28699,710,26,109.1,<30d,60-89,MW,IVR,Consolidation,T3
OFSA01J,30,70930,24764,732,159,100.3,<30d,Current,NE,IVR,Consolidation,T8
TJDJCN7,45,68370,31696,662,188,97.6,>1yr,Current,S,Agent,Federal,T6
W53AGO5,51,52516,32745,652,95,106.1,<30d,90+,NE,Agent,Federal,T8
XQD7PJM,35,15000,43310,704,185,105.2,1-12mo,60-89,MW,Agent,Consolidation,T7
IWZRHDW,47,83702,49168,621,138,104.4,>1yr,Current,NE,Mobile,Consolidation,T6
VW0J7UY,30,75793,61188,658,465,109.5,>1yr,90+,W,Agent,Federal,T1
XO0Q91F,68,50417,54260,667,89,98.8,<30d,Current,S,Mobile,Consolidation,T8
86U5GPC,43,59313,72103,666,89,99.4,>1yr,Current,W,IVR,Federal,T6
0URBCJO,46,54695,46931,704,376,112.0,1-12mo,60-89,NE,Web,Federal,T2
2H6YIA6,23,62986,3916,673,403,99.1,1-12mo,30-59,W,Agent,Consolidation,T4
W0FMCAV,58,39549,45682,712,170,112.6,<30d,30-59,MW,Web,Consolidation,T3
GNRQVYF,61,34843,74506,704,53,97.0,Never,Current,S,IVR,Federal,T5
4QUS462,38,44312,55949,689,23,111.5,<30d,90+,NE,Web,Consolidation,T3
GR08DAD,62,60023,80362,719,112,101.3,1-12mo,1-29,NE,Mobile,Consolidation,T7
1HR8I41,65,83773,46151,668,189,103.3,>1yr,Current,MW,Web,Consolidation,T6
4G1MIAX,52,33668,60623,596,191,106.8,Never,60-89,NE,Web,Consolidation,T5
KOQVNW5,42,38851,66922,664,236,101.2,<30d,Current,MW,Mobile,Federal,T8
ZSILOIC,42,49228,60795,678,15,109.1,1-12mo,30-59,MW,Agent,Consolidation,T3
2P0WIU4,25,24186,56280,730,172,105.2,>1yr,30-59,W,Agent,Consolidation,T6
USHLNJJ,41,29971,22022,570,249,110.2,Never,90+,NE,Web,Consolidation,T3
QC86CUB,47,83134,32359,578,220,96.0,1-12mo,Current,W,Web,Federal,T7
IP5NOFG,42,52615,44591,723,229,102.3,1-12mo,Current,W,Web,Federal,T7
MQEGOC8,69,73475,949,701,369,97.5,Never,90+,MW,IVR,Consolidation,T4
WZ5Z7WI,32,69456,11084,617,0,98.9,Never,1-29,W,Agent,Consolidation,T5
ZZAWZQB,65,15000,31316,613,0,104.0,<30d,Current,NE,Web,Consolidation,T8
ZSEPAH2,24,43118,46480,607,75,100.1,1-12mo,Current,W,IVR,Federal,T7
NVAO7NJ,26,50076,0,766,0,96.6,<30d,Current,NE,IVR,Consolidation,T8
YHQVB7M,48,62149,34537,672,0,102.5,>1yr,1-29,MW,IVR,Consolidation,T6
U1JJ02E,35,67930,684,600,203,104.9,1-12mo,1-29,W,Web,Consolidation,T7
6SV24IL,40,15000,78465,650,369,95.2,Never,30-59,W,Mobile,Federal,T4
4Y7NLW1,44,83335,59104,684,210,98.3,Never,1-29,NE,Agent,Consolidation,T5
C89CF9D,34,52065,4032,638,109,104.3,Never,Current,W,Mobile,Consolidation,T5
EZS5J2Z,38,75535,55099,738,187,107.9,Never,30-59,MW,Web,Consolidation,T5
UCEAK2Y,60,81614,38553,596,455,108.8,Never,30-59,W,Mobile,Federal,T1
OATX59X,45,35767,0,671,272,100.6,>1yr,Current,W,Web,Consolidation,T4
XPUNZOK,53,85911,64353,681,416,107.6,1-12mo,90+,S,Mobile,Federal,T2
HSCWV1M,27,55179,63378,713,158,104.1,<30d,1-29,W,Agent,Consolidation,T8
ZH4KPYB,29,68875,53619,662,72,113.5,<30d,90+,S,Mobile,Federal,T3
IFLBLWS,60,31255,37826,706,342,101.3,<30d,30-59,S,Mobile,Consolidation,T4
T7D9OGA,32,58514,36068,711,10,102.9,>1yr,Current,MW,Mobile,Consolidation,T6
CJU7BG4,40,62907,38702,677,230,100.7,<30d,Current,NE,Mobile,Federal,T8
DTN4PB9,67,32800,122836,589,155,111.6,<30d,60-89,MW,Mobile,Consolidation,T3
6NU527Q,34,73593,44932,728,343,110.6,<30d,90+,MW,Mobile,Consolidation,T2
YPBKL11,39,43630,52881,677,444,114.2,Never,60-89,NE,IVR,Consolidation,T1
3S20JJG,68,52202,0,694,74,108.5,Never,30-59,W,Mobile,Federal,T3
9FP9FPZ,40,79138,82921,669,0,107.3,>1yr,60-89,MW,Agent,Federal,T6
QGSUU0Q,44,36597,33782,748,181,101.1,>1yr,1-29,MW,Web,Consolidation,T6
M86H4MB,24,87432,77201,761,170,110.1,Never,90+,NE,Web,Federal,T3
N92F5MA,50,52948,46481,600,45,114.0,<30d,30-59,W,Agent,Federal,T3
8W1TK7S,32,82883,53376,708,165,110.0,<30d,30-59,NE,Agent,Federal,T3
HCTGQL5,40,47853,29175,619,276,111.2,1-12mo,30-59,S,Mobile,Federal,T2
WYCD5Z9,54,62101,25491,699,244,102.7,>1yr,1-29,W,Mobile,Consolidation,T6
YVBRJUQ,51,60050,15809,720,331,100.0,<30d,90+,W,Web,Federal,T4
0WAPZ5Z,30,47280,33896,674,166,102.0,1-12mo,1-29,W,Agent,Federal,T7
OA97IOM,34,65311,29929,671,441,111.7,1-12mo,60-89,MW,Mobile,Consolidation,T2
IFWMVBQ,34,74950,75595,695,224,97.8,Never,Current,MW,IVR,Federal,T5
V6HJIQN,69,43569,55788,757,129,113.4,Never,90+,W,IVR,Consolidation,T3
23Z5SZ2,46,27384,53042,553,491,101.6,Never,30-59,S,Web,Consolidation,T4
BGGU7K3,52,65308,40994,656,140,104.6,<30d,Current,S,Agent,Consolidation,T8
203X6OJ,48,30294,20080,654,225,114.0,<30d,30-59,S,Web,Consolidation,T3
NIZ8IFG,52,61727,67062,818,168,105.8,>1yr,90+,W,Mobile,Consolidation,T6
FENY7M2,40,68254,81948,733,161,112.9,<30d,60-89,MW,Agent,Federal,T3
4MJEQJ2,40,55842,27402,629,220,108.4,>1yr,30-59,NE,Agent,Federal,T3
V488DPG,68,61887,25369,616,424,103.6,<30d,60-89,W,Web,Consolidation,T4
222F8E9,47,83563,68775,743,0,100.5,1-12mo,1-29,S,IVR,Federal,T7
7Q2QDOD,59,36773,43072,829,325,114.8,<30d,90+,W,Agent,Consolidation,T2
DZT0YF5,58,56563,16557,602,0,105.6,1-12mo,30-59,W,IVR,Federal,T7
AZDPHBW,47,75449,36398,629,293,112.3,<30d,30-59,W,Agent,Consolidation,T2
PQSF4LV,53,30453,41202,651,385,96.7,Never,30-59,MW,Agent,Federal,T4
F9KRI9K,39,15000,33068,609,0,98.0,1-12mo,Current,S,Web,Consolidation,T7
OCKFMXG,24,61570,25280,632,148,104.3,<30d,Current,NE,IVR,Consolidation,T8
BGTNILK,28,44829,40037,706,386,107.5,<30d,30-59,W,Web,Consolidation,T2
EBFV3ZD,32,64319,28453,689,310,102.0,1-12mo,90+,S,Mobile,Consolidation,T4
LH9M9JC,32,47326,44070,672,592,102.0,1-12mo,90+,MW,IVR,Federal,T4
AXSF84E,70,76293,16170,720,278,105.8,Never,30-59,W,Agent,Federal,T2
FBJ0M16,70,49040,50956,709,402,112.8,<30d,30-59,W,Agent,Federal,T2
1V3AU0S,37,53255,64874,523,250,104.2,<30d,1-29,NE,IVR,Consolidation,T8
W4TJQQM,38,54890,32097,782,0,97.6,Never,1-29,S,Agent,Federal,T5
1B7BFRP,35,55503,70315,785,104,106.5,Never,60-89,NE,Mobile,Consolidation,T5
E8DBFRU,29,51917,16705,651,0,97.8,Never,Current,S,Agent,Consolidation,T5
O5L5RPZ,60,68619,12896,593,178,108.9,<30d,30-59,W,IVR,Consolidation,T3
IXD6U9B,34,15000,54013,687,126,109.6,<30d,30-59,W,IVR,Federal,T3
AXAV7QD,27,79794,35292,651,0,102.7,1-12mo,Current,W,IVR,Federal,T7
OWGRYK0,51,39275,40442,692,0,107.2,1-12mo,30-59,NE,Mobile,Consolidation,T7
4U52ZYD,31,62413,57306,679,129,106.9,Never,60-89,W,Web,Federal,T5
USTU80D,54,36918,61772,643,160,100.7,1-12mo,1-29,MW,Web,Federal,T7
RSLZIRI,50,64676,47046,701,0,105.3,>1yr,60-89,S,IVR,Federal,T6
7DZM92R,66,91298,40089,721,173,101.6,<30d,Current,W,IVR,Federal,T8
YUDYZP8,35,18808,76028,636,155,95.9,1-12mo,1-29,MW,IVR,Consolidation,T7
VOILVZC,45,32212,47115,643,77,107.2,Never,30-59,MW,Web,Federal,T5
49I9PPV,26,55935,30020,675,0,108.7,Never,30-59,W,Mobile,Consolidation,T3
9MN17JN,54,29779,57340,749,154,108.5,Never,60-89,MW,Web,Consolidation,T3
XGMHXWI,50,31743,44378,677,256,106.0,1-12mo,90+,S,Mobile,Consolidation,T2
HLA33FR,55,74900,67382,732,515,99.5,1-12mo,60-89,NE,Web,Consolidation,T4
U95A91S,65,55842,76822,656,0,98.9,<30d,Current,NE,Mobile,Federal,T8
J3NX9LT,24,45798,50871,804,310,100.9,>1yr,60-89,MW,IVR,Consolidation,T4
88IYJKC,69,77810,67113,775,28,97.0,<30d,Current,S,Web,Consolidation,T8
8YWH3EW,53,51530,34513,704,336,99.1,Never,30-59,S,IVR,Federal,T4
P365NUL,37,100444,43025,667,286,98.1,Never,Current,W,Mobile,Federal,T4
GAHETLA,40,46097,53375,557,220,107.8,1-12mo,30-59,S,Agent,Federal,T7
NWC9E7J,29,15000,71747,689,125,104.5,>1yr,Current,S,IVR,Consolidation,T6
1QGDA0U,42,15000,33507,737,104,96.6,<30d,1-29,MW,IVR,Federal,T8
R1MWX8N,63,88622,72204,755,394,99.1,1-12mo,30-59,NE,Agent,Consolidation,T4
2GZBQPU,39,69405,76084,698,237,100.2,<30d,Current,S,Mobile,Federal,T8
ZXDCNGP,34,42631,55584,559,401,105.2,>1yr,90+,NE,IVR,Federal,T2
WUAQWLY,60,77398,75208,816,356,105.6,Never,30-59,W,Agent,Consolidation,T2
P8HHHUO,67,48970,51250,637,199,96.7,<30d,Current,NE,IVR,Federal,T8
XCLLYM4,47,23385,37139,697,135,114.6,Never,30-59,S,IVR,Federal,T3
0EIO1FZ,37,62334,66384,762,148,109.5,1-12mo,60-89,NE,Agent,Federal,T3
DGR5CD0,35,26830,96752,711,173,114.2,<30d,60-89,W,Web,Federal,T3
H7EKPOH,33,15175,46214,704,213,98.5,<30d,Current,MW,Web,Federal,T8
SUW47QC,40,32622,26266,595,623,111.8,<30d,60-89,W,Web,Consolidation,T2
SV3GL1P,23,72020,52066,660,233,100.6,1-12mo,Current,S,Web,Consolidation,T7
OXHZ1XS,67,67559,35127,658,254,98.5,<30d,1-29,S,Mobile,Federal,T4
K2JLBI7,50,22515,52225,557,186,101.9,1-12mo,1-29,W,Agent,Federal,T7
DB6CPA3,45,82670,76264,761,246,98.5,1-12mo,Current,W,Mobile,Federal,T7
X8RMBB7,38,43856,39574,821,254,99.1,>1yr,Current,MW,Mobile,Federal,T4
BJ1UQ1A,43,29219,40493,685,0,109.8,>1yr,90+,S,IVR,Consolidation,T3
X6GSGL7,59,24079,35621,719,94,105.8,Never,30-59,W,Agent,Federal,T5
BTQALLV,43,54220,58034,716,265,104.2,Never,Current,W,Mobile,Federal,T4
MXQ5P6U,52,25546,47717,688,187,109.0,1-12mo,60-89,NE,Web,Federal,T3
6B3T08L,41,40728,11578,689,290,101.2,Never,Current,MW,IVR,Federal,T4
5PXLORA,68,74855,52594,725,143,112.2,>1yr,60-89,S,Agent,Federal,T3
WEHRDYT,57,39515,42271,712,357,103.7,>1yr,60-89,MW,IVR,Federal,T4
EGCZ8N0,40,79321,44805,683,0,99.6,1-12mo,Current,W,Mobile,Federal,T7
G2L0D99,67,67143,31180,806,0,108.3,>1yr,30-59,MW,Mobile,Federal,T3
EC64YK6,43,51614,2719,678,66,99.8,Never,Current,S,IVR,Consolidation,T5
ZY7BGAJ,42,67118,56459,694,211,99.2,1-12mo,Current,MW,Web,Federal,T7
OLI1DZK,66,68648,71479,641,68,111.1,<30d,90+,W,Agent,Consolidation,T3
INOX1FN,49,61144,25673,486,264,97.8,>1yr,Current,NE,Web,Consolidation,T4
OCRB67S,27,64124,24712,609,297,107.4,Never,30-59,NE,Agent,Consolidation,T2
TIY9FZJ,61,54896,47442,686,66,114.8,>1yr,60-89,W,Agent,Consolidation,T3
KBQVDW2,47,33259,0,671,41,98.2,>1yr,Current,S,IVR,Consolidation,T6
WM8QSKD,57,63932,87503,625,183,103.9,<30d,Current,MW,Mobile,Federal,T8
923R83F,47,38050,65565,773,301,106.5,<30d,30-59,MW,Agent,Consolidation,T2
B6Y8I9U,27,64935,35173,726,355,107.2,1-12mo,60-89,NE,Agent,Consolidation,T2
PZ2WKAI,44,39930,65083,752,370,114.0,1-12mo,30-59,MW,Agent,Federal,T2
LOMXU5W,38,63553,28855,609,191,101.6,1-12mo,Current,NE,Agent,Federal,T7
P377A21,58,51388,72042,749,101,111.7,1-12mo,30-59,NE,IVR,Consolidation,T3
KJEDYD3,41,45582,36752,695,274,107.3,1-12mo,60-89,MW,Web,Federal,T2
UX7CH1W,39,57902,28302,711,412,114.4,<30d,30-59,MW,IVR,Federal,T2
N4VW68E,48,69768,62985,586,194,112.6,<30d,60-89,MW,Mobile,Consolidation,T3
X5YXT0T,54,35461,47303,602,0,106.8,<30d,60-89,S,Agent,Federal,T8
WMDBJU1,63,74252,18293,697,4,111.4,>1yr,60-89,NE,Agent,Consolidation,T3
SZ675S1,29,67870,60795,694,0,99.4,>1yr,Current,S,Agent,Consolidation,T6
T8T9DOB,31,61321,46733,675,187,104.5,<30d,Current,MW,IVR,Consolidation,T8
KTJJDC6,26,79304,49409,652,137,105.4,<30d,30-59,NE,IVR,Consolidation,T8
KPGD7N7,22,33631,120263,674,441,102.1,1-12mo,60-89,W,Web,Federal,T4
A57C5TB,60,34133,50879,675,456,108.6,1-12mo,60-89,MW,Web,Federal,T2
IPW3UY7,23,71924,10802,748,304,112.8,<30d,60-89,S,Mobile,Federal,T2
TBCKMY4,42,53270,70889,682,187,96.2,<30d,Current,NE,IVR,Federal,T8
ZSOOSE3,36,62550,41293,721,0,107.2,Never,90+,W,IVR,Federal,T5
NDL83E2,60,77765,69787,641,186,108.9,>1yr,30-59,S,Web,Consolidation,T3
RIRRIKA,22,51491,58737,727,124,114.8,>1yr,30-59,MW,Web,Consolidation,T3
SYIYV19,40,39711,10622,699,109,109.0,>1yr,60-89,W,Web,Federal,T3
80IBAZ2,61,68642,56984,627,281,111.3,Never,30-59,MW,Mobile,Consolidation,T2
4O77IT5,69,32840,70070,800,23,114.4,Never,30-59,MW,Agent,Consolidation,T3
S8H4UW4,23,38141,60246,589,69,112.5,1-12mo,90+,NE,Mobile,Consolidation,T3
LLLLDTK,39,65179,22920,586,433,105.1,<30d,30-59,MW,IVR,Consolidation,T2
AGJO7ZJ,50,51041,58198,744,163,98.8,>1yr,Current,NE,IVR,Federal,T6
1KSFMOB,65,37199,37332,764,266,99.1,<30d,Current,S,Web,Consolidation,T4
D8F5CBD,48,29528,81800,704,544,114.2,>1yr,90+,W,Web,Federal,T1
NNTCVUZ,43,61146,18826,669,0,106.4,>1yr,90+,MW,Agent,Consolidation,T6
CP8F7PD,67,61844,22751,691,564,107.7,>1yr,60-89,MW,Agent,Federal,T2
3GIF8QS,57,15000,41293,702,68,100.3,>1yr,Current,W,IVR,Federal,T6
NHRORG2,52,54146,62607,737,18,96.8,>1yr,Current,W,Web,Federal,T6
JBH6N9I,57,57548,99951,677,233,106.0,1-12mo,30-59,S,Agent,Federal,T7
0RTEGIS,30,26951,50024,516,54,98.8,Never,Current,MW,Mobile,Federal,T5
ZYX8LVN,51,60025,53172,829,72,108.8,Never,60-89,S,Web,Consolidation,T3
Y32CONH,51,46703,68090,765,7,95.4,1-12mo,Current,S,Mobile,Federal,T7
93VCE0N,34,67479,67689,676,585,108.4,>1yr,30-59,S,Agent,Federal,T1
6ZGX99H,22,53564,46532,791,300,103.6,<30d,Current,NE,Web,Federal,T4
CVDYMU9,28,15000,29511,692,75,97.2,>1yr,Current,MW,Mobile,Consolidation,T6
OL57AMA,61,50054,46153,719,67,101.1,Never,Current,MW,Agent,Consolidation,T5
OD7BABA,53,82544,27322,682,0,102.2,<30d,1-29,S,Mobile,Federal,T8
0UBO6LV,68,56678,42726,777,297,113.9,Never,60-89,MW,IVR,Federal,T2
A1RS030,39,50029,51082,645,534,97.5,<30d,30-59,S,Mobile,Federal,T4
N4FRL61,69,25889,38778,681,0,95.4,1-12mo,Current,W,Web,Federal,T7
OXMI0HY,60,64046,66890,629,619,112.1,>1yr,30-59,NE,Mobile,Federal,T1
99Q0XMR,60,78299,31053,775,250,98.0,>1yr,Current,NE,Web,Consolidation,T6
H4KU76V,48,64543,65540,707,59,97.4,<30d,Current,W,Web,Federal,T8
VF69CB0,31,52017,27876,697,0,103.4,1-12mo,1-29,MW,Web,Consolidation,T7
WMY9GY2,50,48899,83553,704,252,112.4,Never,60-89,MW,Web,Federal,T2
GCSGXVW,65,52685,48104,636,253,109.9,>1yr,30-59,W,Web,Consolidation,T2
G7FCQK6,54,83003,63834,663,232,108.4,Never,30-59,W,Web,Consolidation,T3
AGMJMAN,67,42571,42721,591,0,104.9,1-12mo,Current,NE,IVR,Consolidation,T7
47XYKVB,45,77763,49969,799,265,112.0,>1yr,30-59,NE,Web,Consolidation,T2
BD9GJDV,68,71904,29950,686,95,100.5,Never,Current,W,IVR,Federal,T5
FNU4KTJ,64,42188,69575,676,140,112.0,1-12mo,60-89,S,Mobile,Consolidation,T3
U95MTSF,33,66416,35340,672,292,95.0,<30d,Current,S,IVR,Consolidation,T4
E4HDB0R,64,65475,5281,640,267,102.1,1-12mo,Current,NE,Web,Consolidation,T4
H1YDDIS,49,44780,69382,741,49,100.0,1-12mo,Current,S,IVR,Consolidation,T7
NWCUC31,67,60256,43787,795,22,108.6,>1yr,30-59,W,Agent,Federal,T3
ADEQ73A,44,63690,22277,726,373,104.9,Never,30-59,MW,Mobile,Federal,T4
C5Y3CHJ,45,53402,68096,656,102,114.2,>1yr,60-89,MW,IVR,Federal,T3
OH2DXVL,27,45914,49544,721,122,106.9,1-12mo,30-59,MW,Web,Consolidation,T7
06GFQKR,27,62978,34913,817,359,95.6,>1yr,30-59,S,Web,Federal,T4
CMRTE2S,67,65373,39492,665,272,111.5,>1yr,60-89,NE,Mobile,Federal,T2
U7J2F2B,26,51023,31596,723,385,109.8,<30d,30-59,W,Mobile,Federal,T2
VZEIDKP,59,85954,38776,674,290,114.6,Never,90+,MW,Mobile,Federal,T2
T82Q26S,31,46692,49219,656,438,114.3,<30d,60-89,MW,IVR,Consolidation,T2
H87V5GW,26,74715,40614,662,0,99.6,1-12mo,1-29,NE,Mobile,Consolidation,T7
M4TUU1K,37,65960,58916,712,112,107.1,1-12mo,30-59,NE,IVR,Consolidation,T7
31NO4XB,60,70603,5936,730,477,102.9,>1yr,90+,MW,Web,Federal,T4
J4H7F4S,51,46746,82878,655,340,103.1,<30d,90+,W,IVR,Consolidation,T4
JZMYQEF,67,42992,73438,734,167,97.4,1-12mo,Current,W,Mobile,Consolidation,T7
JSB4NPX,44,54998,51422,572,346,102.0,1-12mo,30-59,NE,Mobile,Federal,T4
7MAUB8Z,52,109124,91321,636,365,113.5,<30d,30-59,MW,Agent,Federal,T2
7I1VWTO,59,68739,9799,573,321,113.6,Never,30-59,NE,Agent,Federal,T2
GSNZEC6,70,72378,0,670,164,107.5,>1yr,30-59,NE,Mobile,Federal,T6
O0IETCR,57,98849,26213,682,110,103.9,Never,1-29,W,IVR,Federal,T5
XW1IJLG,46,61130,61742,576,381,99.7,<30d,60-89,MW,Agent,Federal,T4
9N04O67,52,60125,87327,818,257,111.9,1-12mo,60-89,W,IVR,Consolidation,T2
4PQ4PA4,27,76909,82024,650,308,96.0,1-12mo,30-59,W,IVR,Federal,T4
CEL788L,63,52521,57332,698,76,111.4,Never,60-89,NE,IVR,Federal,T3
94YYJ7V,50,56000,33477,665,180,95.3,>1yr,Current,MW,Agent,Federal,T6
JEB1392,64,74755,66894,769,127,102.2,>1yr,Current,NE,IVR,Consolidation,T6
CTM8WPF,45,44209,0,662,0,107.9,Never,30-59,NE,Agent,Federal,T5
H98S5Z0,63,44002,3741,737,251,107.6,<30d,90+,NE,Web,Federal,T2
35Z7ND1,55,59424,46848,703,0,103.4,1-12mo,1-29,MW,Web,Federal,T7
FASA7YG,59,69549,48359,718,159,99.6,1-12mo,Current,W,Agent,Consolidation,T7
3Z39BC0,56,42373,86029,483,0,101.9,<30d,Current,S,Mobile,Federal,T8
BYRWLVD,51,55690,55166,681,201,95.0,>1yr,Current,MW,Agent,Federal,T6
RJ1MA3K,47,94593,66514,850,328,105.7,Never,90+,NE,Agent,Consolidation,T2
O8KY7A7,37,106283,11604,819,137,106.9,1-12mo,30-59,NE,Web,Federal,T7
5XVEHT5,40,66505,20269,581,38,106.8,1-12mo,30-59,S,IVR,Consolidation,T7
5XF2M76,27,65347,33938,627,292,98.4,1-12mo,Current,NE,Web,Federal,T4
5TPALY3,46,25664,43599,635,418,106.4,<30d,60-89,NE,IVR,Federal,T2
1YWWE3O,61,26608,23456,748,238,95.6,>1yr,1-29,NE,Web,Federal,T6
ZBU1PG2,50,77397,19930,625,242,110.9,1-12mo,30-59,NE,Agent,Federal,T3
J71C09L,36,73538,4345,598,185,103.0,<30d,Current,MW,IVR,Consolidation,T8
FROEC2U,64,44955,62584,678,388,114.0,1-12mo,60-89,NE,IVR,Consolidation,T2
RMNA16Q,64,28047,69339,709,0,114.4,>1yr,60-89,NE,Agent,Consolidation,T3
WVY9DVY,36,65238,67763,569,0,96.4,<30d,Current,S,IVR,Consolidation,T8
HMK5ITA,38,54760,51466,725,99,101.1,<30d,Current,S,Web,Federal,T8
GUFGE9A,69,64300,28975,570,378,108.8,>1yr,60-89,NE,IVR,Federal,T1
8EGKKZ3,67,23713,21298,665,226,98.7,<30d,Current,S,IVR,Federal,T8
OUGIC66,62,67643,72330,533,120,108.5,1-12mo,30-59,NE,Mobile,Consolidation,T3
PSX59UV,56,49644,60270,670,168,102.8,>1yr,Current,NE,Mobile,Federal,T6
DD6YDB3,64,16642,78496,692,60,97.5,>1yr,Current,W,Mobile,Federal,T6
RPU6B3I,47,80757,11543,697,247,106.8,>1yr,30-59,S,IVR,Consolidation,T6
FP8T973,64,30249,63637,666,142,113.2,Never,60-89,S,Web,Federal,T3
H2UQNWV,66,43891,58135,634,333,100.5,Never,30-59,W,IVR,Federal,T4
H5IQZ27,25,57747,60741,665,210,102.3,1-12mo,Current,NE,Agent,Federal,T7
Q3QWHET,41,68836,19178,616,340,102.2,Never,60-89,NE,Agent,Consolidation,T4
R8DHSK0,52,54916,65994,702,317,105.3,Never,30-59,NE,Mobile,Consolidation,T2
0H7VVHX,52,35329,60870,740,32,99.1,>1yr,Current,W,Agent,Federal,T6
A4T2LUF,27,92673,19295,676,79,114.7,<30d,30-59,MW,Mobile,Consolidation,T3
4HGDHSA,46,53012,36113,747,183,102.4,>1yr,Current,W,Agent,Consolidation,T6
PGX3IFP,38,32035,56132,591,0,112.4,1-12mo,30-59,NE,Agent,Consolidation,T3
FI3AANN,56,56114,49717,642,446,100.8,>1yr,90+,MW,Agent,Federal,T4
3T3MCIM,69,15000,40998,779,211,107.8,1-12mo,90+,S,IVR,Federal,T7
9NLBZ2E,61,109418,75067,616,218,111.4,>1yr,30-59,W,IVR,Consolidation,T3
CUVOU4I,59,49140,34177,697,528,101.4,1-12mo,60-89,S,Agent,Consolidation,T4
JENB2AC,47,15000,64459,653,430,101.7,1-12mo,30-59,MW,Web,Federal,T4
1V14NYD,50,37115,52163,785,277,95.7,>1yr,1-29,W,Agent,Federal,T4
GPM96HL,25,46994,0,684,158,107.8,<30d,90+,S,IVR,Consolidation,T8
IPIR0Y2,57,44632,80628,642,133,99.1,>1yr,1-29,MW,IVR,Consolidation,T6
EZE41QJ,34,72479,38667,648,282,110.0,1-12mo,30-59,NE,IVR,Federal,T2
ORT1JMM,51,64145,58075,707,302,98.7,1-12mo,60-89,W,Web,Consolidation,T4
TYGL59C,32,86928,14913,814,349,105.8,<30d,30-59,W,Agent,Consolidation,T2
Y5I3AGI,33,48328,48154,621,70,103.5,1-12mo,Current,S,Mobile,Consolidation,T7
XHRMPKT,37,50075,59982,730,0,101.1,>1yr,Current,NE,Mobile,Consolidation,T6
W4M26EY,46,35156,30193,718,24,102.9,Never,Current,S,IVR,Federal,T5
0D6ZXTM,44,55028,0,593,388,103.4,<30d,60-89,NE,Agent,Consolidation,T4
FODRJE0,27,53048,16004,669,412,101.3,>1yr,30-59,NE,Agent,Consolidation,T4
4R3BX69,43,41852,39403,649,111,96.4,>1yr,Current,S,Web,Consolidation,T6
HVAF121,59,59598,23943,820,289,111.4,Never,30-59,NE,IVR,Consolidation,T2
VNDDCS3,54,56061,69956,611,41,107.7,1-12mo,30-59,MW,IVR,Federal,T7
4QWULJ2,66,71676,54457,602,85,112.7,<30d,60-89,NE,Web,Federal,T3
KFPM528,30,53576,33302,730,152,113.1,<30d,60-89,W,IVR,Consolidation,T3
IM5WJUK,53,53468,23205,544,273,102.2,1-12mo,1-29,MW,Web,Consolidation,T4
YH7CP48,51,58233,36,626,199,110.8,>1yr,60-89,W,Web,Consolidation,T3
W69J2XO,23,33730,71521,589,624,113.7,Never,30-59,S,IVR,Federal,T1
PSKP7DN,32,35868,46738,658,311,108.6,>1yr,30-59,W,IVR,Federal,T2
SOHBLAL,39,73965,52820,779,106,105.9,>1yr,60-89,W,IVR,Consolidation,T6
96QWQFM,22,72921,45783,723,134,114.1,>1yr,60-89,MW,Web,Consolidation,T3
7VUA157,61,44424,44479,706,82,108.2,1-12mo,30-59,W,IVR,Federal,T3
166IB02,24,27773,53141,547,535,112.7,Never,30-59,MW,Agent,Federal,T1
PNYAQ9E,41,56701,83412,755,49,110.9,<30d,30-59,S,Agent,Consolidation,T3
SDAHDEN,61,53533,73304,756,337,113.3,Never,30-59,W,IVR,Consolidation,T2
TAOHNAG,51,79061,50545,711,99,101.6,<30d,Current,S,Web,Federal,T8
7UVZI3Q,36,64096,89819,628,0,114.2,1-12mo,30-59,MW,Agent,Federal,T3
Z0XH72I,64,86661,69047,681,375,95.6,>1yr,60-89,S,Mobile,Federal,T4
ATZ40VY,70,73671,44870,714,122,108.2,1-12mo,30-59,W,Web,Consolidation,T3
Y7FLMKW,55,92018,75362,625,205,108.7,<30d,60-89,NE,Agent,Federal,T3
PKLU683,43,32936,48283,730,466,106.0,<30d,30-59,S,IVR,Federal,T2
51U8VH1,65,64280,57086,750,253,106.5,>1yr,30-59,W,Web,Consolidation,T2
GYWPYZR,59,51222,59571,732,0,108.0,1-12mo,30-59,MW,Mobile,Federal,T7
KXIXWGU,33,46554,36777,791,231,98.7,>1yr,1-29,W,IVR,Federal,T6
0FCZBJ0,44,68774,96779,813,210,105.2,1-12mo,60-89,W,Agent,Consolidation,T7
UEQPUR0,52,60683,43999,652,0,99.4,Never,1-29,NE,IVR,Federal,T5
KQBCWMQ,56,38208,37962,669,0,108.5,1-12mo,90+,S,IVR,Consolidation,T3
YMMUHCD,65,84855,15575,781,179,111.2,>1yr,60-89,NE,IVR,Federal,T3
USG31MW,22,37120,73279,750,130,99.6,<30d,1-29,NE,Web,Federal,T8
11E1C9R,39,56849,57789,654,82,100.0,1-12mo,Current,S,Web,Consolidation,T7
GIB2C5V,66,52395,28851,644,0,107.9,1-12mo,90+,S,IVR,Consolidation,T7
TADGNS9,70,57557,24645,577,7,105.9,1-12mo,60-89,MW,Mobile,Federal,T7
M6DRQNF,58,21609,50701,666,433,105.8,Never,90+,S,Agent,Consolidation,T2
NU3N51A,27,48849,14208,627,0,99.6,1-12mo,Current,NE,IVR,Consolidation,T7
CUBOCKX,30,52487,23251,647,364,96.0,Never,30-59,W,Web,Consolidation,T4
WLDZD8W,66,75783,60779,673,289,103.6,Never,Current,S,IVR,Federal,T4
6BOPVDY,28,72952,46281,724,279,96.6,1-12mo,Current,NE,Agent,Federal,T4
QS7MZIU,51,60838,44909,572,426,109.3,1-12mo,30-59,S,Mobile,Consolidation,T2
75SZZKE,47,43109,56072,636,103,101.6,Never,1-29,S,IVR,Consolidation,T5
7B8HZSZ,56,45880,63429,564,0,114.0,1-12mo,30-59,S,IVR,Federal,T3
O3X3A45,28,53404,13273,662,179,103.1,<30d,1-29,MW,Agent,Federal,T8
NN99NBX,69,52217,50151,661,266,101.3,<30d,Current,MW,Mobile,Federal,T4
D0N5MRM,31,49772,25111,788,131,104.6,1-12mo,Current,S,Agent,Consolidation,T7
K7TUONX,30,40165,22643,682,112,110.8,>1yr,30-59,MW,Agent,Consolidation,T3
T6POI4L,23,67512,65373,704,13,110.5,>1yr,60-89,MW,Mobile,Federal,T3
VOAOOM3,63,29850,49220,589,154,114.0,1-12mo,30-59,W,Agent,Federal,T3
3A0F48I,22,52709,45879,680,178,99.0,>1yr,Current,S,Mobile,Federal,T6
KEHGAWE,29,73648,60208,641,93,109.2,>1yr,90+,W,Agent,Federal,T3
HY9ULEQ,68,61824,68130,569,204,102.9,<30d,Current,NE,Web,Consolidation,T8
9BPBSE2,36,58987,39865,541,116,96.8,>1yr,Current,MW,Mobile,Federal,T6
G05V8YV,33,31277,93205,639,334,102.2,>1yr,30-59,W,Mobile,Federal,T4
A89M1BD,68,31415,30337,696,178,102.1,1-12mo,1-29,NE,Web,Federal,T7
36U08ZE,68,50368,51323,650,256,101.8,1-12mo,Current,NE,Agent,Federal,T4
4GUUPL2,46,20570,20648,649,304,111.2,Never,30-59,W,IVR,Consolidation,T2
9UQ13G9,34,28531,55997,657,259,112.4,1-12mo,30-59,NE,Agent,Federal,T2
PZ64FV7,66,32442,40886,747,316,101.1,>1yr,90+,S,Web,Consolidation,T4
9M2JF95,54,99262,73131,528,513,96.9,Never,90+,NE,Web,Consolidation,T4
VT3EUKJ,60,58104,44273,645,0,112.9,Never,30-59,NE,IVR,Consolidation,T3
SSYYFT3,36,58684,30347,624,218,104.6,Never,1-29,S,Web,Consolidation,T5
Y6FF4AS,68,66460,83972,751,197,110.6,1-12mo,90+,W,Mobile,Federal,T3
YWH26CI,58,16162,48026,627,0,110.6,<30d,60-89,NE,Mobile,Federal,T3
A5KYXVX,24,42069,28912,650,0,113.5,Never,30-59,NE,Mobile,Federal,T3
3LWGGIT,57,69980,41534,708,43,98.6,1-12mo,Current,W,Web,Federal,T7
NUPTAXU,32,45538,49623,672,157,101.5,<30d,Current,S,Mobile,Federal,T8
0XFHKZO,65,72894,27825,637,51,104.9,>1yr,Current,NE,Web,Federal,T6
F12TR6R,42,32221,0,666,19,96.5,<30d,Current,MW,Web,Federal,T8
0NYLG6H,41,51391,71555,720,0,104.4,<30d,1-29,S,Mobile,Federal,T8
NT3L4TD,65,23479,33253,733,303,110.3,<30d,30-59,S,Mobile,Consolidation,T2
8PIPKP2,60,37848,44770,691,0,104.1,>1yr,1-29,W,Mobile,Federal,T6
47UR4GV,59,92004,68515,650,136,109.8,<30d,60-89,W,IVR,Consolidation,T3
G30D9AE,61,29291,67296,584,340,109.2,>1yr,30-59,NE,Mobile,Federal,T2
0VZBVJF,36,54380,46289,575,14,97.7,<30d,Current,W,Agent,Consolidation,T8
2MLNITD,66,52866,65406,677,101,100.4,Never,Current,S,IVR,Federal,T5
IFP0D2X,40,38632,29727,787,236,101.9,<30d,1-29,S,IVR,Consolidation,T8
E0UXD5L,32,63004,11121,577,214,101.5,<30d,Current,S,Mobile,Federal,T8
H7Y8XIU,67,62881,51554,689,310,111.2,Never,30-59,S,Agent,Consolidation,T2
6M7Y2IR,46,65880,29533,709,0,97.6,<30d,Current,S,Mobile,Consolidation,T8
KT99LKK,31,76451,34173,713,279,96.7,<30d,Current,NE,IVR,Federal,T4
OCK1Z77,56,46266,23135,602,0,99.0,Never,Current,S,IVR,Federal,T5
X8KQ5EZ,35,56659,13157,719,0,100.9,Never,Current,NE,IVR,Consolidation,T5
LMDYPBR,61,64427,21329,760,369,107.6,1-12mo,60-89,W,Mobile,Federal,T2
2F7TU2N,28,55250,38527,650,0,97.5,<30d,Current,W,Web,Consolidation,T8
9GETR9S,34,39561,9541,733,380,96.1,>1yr,60-89,S,Mobile,Federal,T4
FPKDQ17,29,74711,50082,664,291,107.1,<30d,30-59,NE,Agent,Consolidation,T2
QL57XLD,40,58408,77798,696,0,103.0,<30d,Current,S,Mobile,Federal,T8
CYM3IZK,52,48211,77086,602,407,114.6,>1yr,30-59,MW,Web,Federal,T1
GXIM5BC,43,49568,36156,593,151,111.9,1-12mo,60-89,MW,IVR,Federal,T3
D3MIVMA,62,107407,19713,665,129,103.0,Never,1-29,MW,Web,Consolidation,T5
1ECF16G,39,83529,54467,686,0,108.9,Never,90+,NE,Web,Consolidation,T3
V3F9IZD,47,59655,23885,688,315,106.3,>1yr,90+,S,IVR,Federal,T2
E6F2JBE,54,71026,67747,538,101,104.6,Never,1-29,MW,IVR,Federal,T5
B9JPBGZ,44,76651,51467,779,365,104.9,>1yr,60-89,MW,Web,Consolidation,T4
IE1CARQ,33,82382,95824,634,210,96.3,>1yr,Current,NE,IVR,Consolidation,T6
D3E34TQ,65,66936,14225,718,421,114.3,1-12mo,90+,W,Web,Consolidation,T2
FZTKOSH,55,66170,54993,724,318,95.8,<30d,60-89,S,IVR,Federal,T4
6Y84FSK,67,55636,60944,614,177,100.2,Never,Current,W,Web,Consolidation,T5
DXIWTVP,27,43570,71891,667,345,95.2,>1yr,30-59,MW,Agent,Federal,T4
B1VWRDA,67,88683,30988,754,0,114.5,>1yr,60-89,S,Web,Federal,T3
VBZD7QN,24,52933,93233,673,0,99.1,>1yr,Current,MW,Mobile,Federal,T6
GL9016D,44,21934,65654,791,174,100.2,>1yr,1-29,S,Mobile,Federal,T6
Y5854KT,37,50177,66858,601,115,100.2,1-12mo,1-29,MW,Agent,Federal,T7
WVG448I,25,97151,51201,669,0,104.4,>1yr,Current,S,Web,Federal,T6
WWGN5T1,29,74098,72906,709,192,113.8,>1yr,30-59,MW,Web,Federal,T3
U68GY76,28,68939,76496,715,0,109.0,Never,60-89,NE,Web,Consolidation,T3
JIOT63W,34,79916,53450,597,0,98.7,1-12mo,1-29,W,Web,Federal,T7
78T6UO2,64,62503,27742,562,0,99.3,1-12mo,Current,S,Agent,Federal,T7
31486V2,28,61928,63902,680,0,113.1,Never,60-89,S,IVR,Federal,T3
76H4MRG,61,40452,24108,613,177,113.7,Never,30-59,NE,Mobile,Federal,T3
R2XS26Y,23,72675,111915,657,0,103.0,1-12mo,Current,NE,Web,Federal,T7
NFY4OOD,65,54745,54321,746,169,110.1,<30d,30-59,MW,Web,Consolidation,T3
4XH7EW7,29,38166,0,652,307,98.3,>1yr,30-59,MW,Agent,Federal,T4
EWF4XC6,69,62986,9641,553,107,99.2,>1yr,Current,W,IVR,Federal,T6
X1IYOFV,32,56061,53726,701,151,108.2,<30d,90+,NE,IVR,Federal,T3
1I3QCJK,63,80226,46556,615,480,109.5,<30d,30-59,NE,IVR,Consolidation,T2
R6R3H4N,45,77149,58128,708,19,102.2,<30d,Current,W,Mobile,Federal,T8
3ZQ7TTS,52,67771,61984,746,0,106.6,Never,60-89,W,IVR,Consolidation,T5
X874L07,70,34159,25192,631,446,98.4,1-12mo,90+,W,Mobile,Federal,T4
CECPE3V,58,60684,74582,590,159,108.5,<30d,60-89,S,Mobile,Consolidation,T3
L0KRXGQ,51,38970,51503,625,54,110.5,<30d,30-59,S,Web,Consolidation,T3
2W4QFRI,61,69568,27204,638,44,106.2,1-12mo,60-89,W,Agent,Federal,T7
YYYCB7W,58,43216,55046,690,87,106.8,Never,30-59,MW,Web,Consolidation,T5
DTJ5R8J,46,40019,35156,733,213,114.8,>1yr,30-59,NE,IVR,Federal,T3
HU4SP5Y,35,26201,44371,713,31,100.1,1-12mo,1-29,S,IVR,Federal,T7
1G8LRIA,67,38638,22964,647,396,107.2,Never,90+,NE,Mobile,Consolidation,T2
4G46OMF,57,24989,36301,639,0,110.1,1-12mo,90+,MW,Web,Consolidation,T3
L9B0QOJ,70,68170,0,563,150,95.6,>1yr,Current,S,Mobile,Federal,T6
9A1OBFG,45,105170,38174,712,310,110.9,1-12mo,30-59,NE,IVR,Consolidation,T2
4MR197U,33,50980,59505,703,270,95.7,Never,Current,MW,Web,Federal,T4
VA98FDI,34,62821,15225,799,284,101.0,>1yr,Current,NE,IVR,Consolidation,T4
Z89DL6S,41,44311,34817,639,418,104.9,Never,30-59,S,Mobile,Consolidation,T4
REWMM6P,70,31420,20975,668,337,99.6,1-12mo,30-59,NE,IVR,Federal,T4
0JXM0Q7,65,57484,35463,620,203,97.2,>1yr,1-29,MW,Mobile,Federal,T6
J0XDELW,51,15000,77351,686,163,97.2,1-12mo,1-29,W,IVR,Federal,T7
NTD1XGV,36,41135,10552,738,457,102.4,<30d,60-89,NE,IVR,Consolidation,T4
GRBAKNJ,38,65357,7916,796,83,114.4,<30d,90+,MW,IVR,Consolidation,T3
SI2OP9I,59,91123,39209,709,439,99.2,>1yr,30-59,MW,Agent,Federal,T4
J1LKCDU,47,70011,57482,720,212,105.4,Never,90+,S,IVR,Consolidation,T5
1O3HWME,60,72030,22675,726,189,108.0,>1yr,30-59,S,Agent,Federal,T6
P0CV88P,43,44557,95121,575,336,100.2,1-12mo,90+,NE,Agent,Federal,T4
PFWDG4X,58,63126,51057,654,77,112.1,<30d,60-89,W,IVR,Federal,T3
XL1H8TW,23,54461,27261,740,483,96.5,Never,90+,W,IVR,Consolidation,T4
C7QOCXM,39,71246,46082,667,510,99.6,1-12mo,30-59,W,Mobile,Federal,T4
FRVMEB1,29,46172,55161,646,0,112.0,>1yr,60-89,W,Web,Consolidation,T3
CGR0V43,67,83828,61478,634,215,111.3,1-12mo,30-59,W,Mobile,Consolidation,T3
5DL9FJW,64,47190,24245,738,43,98.6,1-12mo,Current,NE,Mobile,Federal,T7
MREOBA9,60,74440,3189,669,144,109.8,Never,30-59,MW,Mobile,Consolidation,T3
NNMNFOD,26,70513,72111,704,89,105.9,<30d,30-59,MW,Web,Consolidation,T8
R11OV1M,66,37692,49315,670,173,113.0,>1yr,60-89,W,IVR,Consolidation,T3
I5VS1TJ,32,59726,39858,714,275,99.2,Never,Current,S,Mobile,Consolidation,T4
JC90O8T,48,60346,42629,784,115,113.1,<30d,30-59,NE,Mobile,Federal,T3
ZX3QLCO,30,52547,0,710,210,95.9,Never,Current,S,Mobile,Consolidation,T5
JFPLDL8,58,67365,56716,755,51,103.4,1-12mo,Current,S,Web,Consolidation,T7
DF6UXEQ,24,83801,79274,712,231,112.8,1-12mo,30-59,NE,Agent,Federal,T3
JN80M98,49,68712,64750,744,177,111.8,<30d,30-59,W,Mobile,Consolidation,T3
H2V6WMF,60,54815,36480,724,0,104.6,Never,1-29,NE,Agent,Federal,T5
70VTM53,23,61163,30939,713,214,105.2,<30d,30-59,NE,Agent,Consolidation,T8
CNN889O,51,39609,32519,569,65,99.0,<30d,Current,S,Mobile,Federal,T8
DU1OY9H,31,55970,63217,591,182,96.3,<30d,1-29,NE,IVR,Consolidation,T8
0XPJYQE,43,83180,1423,606,171,104.0,<30d,Current,NE,IVR,Consolidation,T8
IL8UZZC,27,49648,22815,648,238,107.2,Never,60-89,NE,IVR,Consolidation,T5
EI0BIXK,70,62151,27685,684,57,114.6,<30d,60-89,S,Web,Federal,T3
U3K7E2J,31,54102,45494,733,0,107.9,<30d,60-89,W,Agent,Federal,T8
C2XX9B9,25,63092,43257,738,368,112.1,1-12mo,30-59,S,IVR,Federal,T2
H80GTDT,29,41094,90921,759,371,103.5,<30d,60-89,W,Agent,Consolidation,T4
TY7ZX4A,61,37768,68943,647,112,103.2,Never,Current,MW,Web,Federal,T5
OVWGUNX,52,52638,58745,579,0,98.0,Never,Current,MW,Web,Consolidation,T5
MPY3UBA,40,59062,14946,613,96,103.8,>1yr,Current,NE,IVR,Federal,T6
YJ8HMD9,37,99497,29275,598,348,103.5,>1yr,30-59,S,IVR,Federal,T4
4HNUYUB,29,97185,79282,612,387,109.8,Never,60-89,MW,IVR,Federal,T1
47RSKGH,33,64159,13770,717,386,108.6,>1yr,30-59,W,Mobile,Consolidation,T1
WGMH3JK,48,50904,43325,735,369,101.2,Never,30-59,W,Web,Consolidation,T4
CIUZL7N,62,52907,54139,628,106,110.1,1-12mo,60-89,S,IVR,Consolidation,T3
JDXZMUN,23,24373,35549,704,207,107.9,Never,60-89,NE,Mobile,Consolidation,T5
IB2KJ48,31,65274,73192,727,19,113.8,<30d,60-89,MW,Mobile,Consolidation,T3
AWHZ9IL,34,63564,48362,641,149,113.6,Never,90+,NE,Agent,Federal,T3
ZXC3ULG,52,19522,58038,638,0,105.3,1-12mo,90+,NE,Web,Federal,T7
2LMMZ8E,56,44967,17572,816,381,112.4,<30d,30-59,MW,IVR,Consolidation,T2
770DHBW,29,20348,11508,725,49,98.8,Never,1-29,MW,Mobile,Federal,T5
9D4ZZR0,34,68099,36710,623,241,97.0,>1yr,Current,NE,IVR,Consolidation,T6
OBOI9NW,49,78359,29838,676,209,114.0,<30d,30-59,W,IVR,Consolidation,T3
M6YJXRG,62,65799,46149,528,285,109.6,1-12mo,30-59,S,Web,Consolidation,T2
OQOPOIA,30,67824,23899,666,0,106.2,<30d,60-89,S,Agent,Federal,T8
G9VEZVW,43,83908,77213,708,0,101.0,Never,Current,S,Mobile,Federal,T5
SHQJYDE,68,48822,51138,757,444,100.2,>1yr,90+,S,Agent,Consolidation,T4
TY99A9C,42,86325,48692,720,170,99.2,>1yr,1-29,NE,IVR,Federal,T6
TKU3VTH,61,38641,45767,627,158,108.3,<30d,60-89,MW,Web,Consolidation,T3
LOFKQ6Z,41,50566,58271,659,259,108.7,<30d,60-89,MW,Agent,Consolidation,T2
8AHPIIC,48,52082,29664,683,0,101.2,Never,1-29,MW,Mobile,Consolidation,T5
8IK7YCG,44,40550,46084,710,0,100.3,<30d,Current,S,Web,Federal,T8
83F7DCX,47,94129,40026,678,196,100.2,1-12mo,Current,S,Agent,Consolidation,T7
JO4SBMK,40,73769,20025,662,0,95.5,1-12mo,Current,NE,Agent,Federal,T7
I1RPP1B,43,72189,26818,657,139,112.5,<30d,30-59,NE,Agent,Consolidation,T3
V5DL9BI,32,74058,53591,785,345,99.3,<30d,30-59,NE,Web,Consolidation,T4
TDYKB44,63,57061,26007,675,260,106.3,1-12mo,30-59,NE,Mobile,Federal,T2
YDSWRWP,68,55622,7595,634,0,98.3,>1yr,Current,S,Web,Federal,T6
BMI8TDO,43,81329,52336,738,380,113.2,<30d,60-89,MW,Web,Consolidation,T2
2CIM340,41,77588,82463,693,129,109.9,>1yr,90+,MW,IVR,Consolidation,T3
N2SVY68,29,94500,0,783,336,113.7,>1yr,60-89,W,Mobile,Consolidation,T2
WLM1LXV,22,41370,97259,574,206,95.7,Never,Current,MW,IVR,Consolidation,T5
DEPKFO6,63,55424,76603,607,308,95.5,>1yr,60-89,MW,Agent,Consolidation,T4
KB1PT0Q,66,67919,50125,557,221,98.0,>1yr,Current,S,Mobile,Federal,T6
0T5CTKV,58,73010,18368,784,124,101.5,Never,1-29,NE,Agent,Consolidation,T5
AJHVR63,36,77815,56721,547,184,106.7,<30d,60-89,MW,Mobile,Federal,T8
S61UQF1,22,40714,25543,697,283,111.1,>1yr,30-59,NE,Agent,Consolidation,T2
QYIYJ03,29,62803,34395,594,16,108.8,Never,60-89,MW,IVR,Consolidation,T3
RR09IRY,69,45282,97506,619,0,100.5,Never,1-29,MW,Web,Consolidation,T5
IIFE7XO,60,48538,57903,636,492,104.0,<30d,90+,S,Agent,Consolidation,T4
AYZR88K,46,54701,95545,697,201,107.2,Never,90+,MW,Agent,Federal,T5
QJVAEHY,63,63735,36903,611,137,102.4,<30d,Current,W,Web,Federal,T8
VSBC6SN,31,70312,24627,699,207,114.7,<30d,60-89,NE,Mobile,Federal,T3
TQCM32B,27,58569,64876,624,101,103.3,1-12mo,1-29,NE,Agent,Federal,T7
IZYMKSN,31,15000,68172,690,230,112.6,1-12mo,90+,S,IVR,Consolidation,T3
U6V0Q51,42,74642,23127,747,179,106.3,<30d,60-89,W,Web,Consolidation,T8
BUCLL9P,23,19198,55095,531,253,101.2,<30d,Current,NE,Web,Consolidation,T4
S266SKY,60,43901,91814,741,17,108.7,<30d,30-59,MW,Mobile,Consolidation,T3
UTI3MMY,28,69330,42981,573,249,101.3,>1yr,Current,S,Agent,Federal,T6
HF7C2T9,54,55583,70838,652,271,96.2,1-12mo,Current,MW,Mobile,Consolidation,T4
3JLLUDJ,44,61479,33744,591,381,110.0,1-12mo,30-59,W,Agent,Federal,T2
G16RXJ0,54,107524,22685,716,0,114.6,<30d,30-59,NE,Mobile,Consolidation,T3
9DO39MF,43,34774,27777,775,388,110.0,<30d,30-59,S,Mobile,Federal,T2
JBDTI9K,38,107763,73856,731,184,95.5,>1yr,Current,MW,IVR,Consolidation,T6
QUVQDLM,55,58302,7694,704,73,107.9,1-12mo,60-89,NE,IVR,Consolidation,T7
JXBQZG7,24,64964,5024,651,205,107.3,>1yr,90+,W,Mobile,Consolidation,T6
7RJB413,56,42478,58136,707,153,107.4,1-12mo,60-89,NE,IVR,Consolidation,T7
Z52GIO8,66,47888,44119,702,0,110.1,>1yr,90+,W,Agent,Federal,T3
LJ1974C,34,103449,84029,705,197,98.4,<30d,Current,W,Web,Consolidation,T8
XNLLA4S,27,47788,6686,673,312,110.0,>1yr,30-59,NE,Web,Federal,T2
97UDYWD,28,47247,47849,689,0,95.1,1-12mo,1-29,MW,IVR,Federal,T7
CQXYH1Z,52,52290,1815,717,152,100.4,1-12mo,Current,NE,Agent,Consolidation,T7
WNME7PU,48,79588,38210,827,265,101.6,<30d,Current,W,Mobile,Federal,T4
55XE5O7,55,29936,50902,758,366,107.2,<30d,90+,W,Agent,Consolidation,T2
GRZRJFD,41,69207,20251,718,185,106.3,>1yr,60-89,NE,Agent,Consolidation,T6
KPJD9JA,44,44405,28126,652,483,98.5,<30d,60-89,S,Agent,Consolidation,T4
F8ABLG2,61,74647,70829,643,233,98.9,1-12mo,Current,S,IVR,Federal,T7
OSVQLZQ,28,53267,27932,735,133,109.4,>1yr,30-59,W,IVR,Consolidation,T3
UN7XYR4,46,57910,25298,749,6,113.3,>1yr,30-59,S,Agent,Federal,T3
L73410G,29,42782,27082,659,159,105.1,Never,30-59,W,IVR,Consolidation,T5
75045ZX,42,79968,81141,694,158,103.6,1-12mo,Current,W,Agent,Consolidation,T7
H9KXHZK,37,63389,26157,655,30,96.8,>1yr,Current,NE,Mobile,Consolidation,T6
07JXGY5,60,71977,39609,669,358,96.6,<30d,30-59,S,Web,Federal,T4
462MGW0,25,48381,61837,619,507,95.1,<30d,30-59,S,Mobile,Federal,T4
QGAKBJW,55,34273,32362,558,222,100.6,<30d,Current,S,Mobile,Federal,T8
OKGA44G,54,70928,2247,736,0,103.5,>1yr,Current,MW,Web,Consolidation,T6
40R3QW7,65,63970,48298,649,284,105.6,Never,90+,MW,Mobile,Consolidation,T2
ZK5J4HO,60,39689,60442,677,373,108.8,Never,90+,W,Web,Consolidation,T1
C5QYYLY,55,36536,58318,635,347,114.5,Never,60-89,NE,Agent,Consolidation,T2
CH8UHYV,62,74608,54620,804,196,97.4,<30d,Current,NE,Mobile,Consolidation,T8
U1JC5UH,37,79011,34422,685,48,108.3,>1yr,60-89,MW,Mobile,Federal,T3
R67ZWGI,54,75741,45468,795,131,108.7,>1yr,30-59,MW,Mobile,Federal,T3
3W7856X,57,58653,66877,680,266,100.3,<30d,1-29,MW,IVR,Consolidation,T4
RKZICYW,46,53502,38896,662,255,99.9,Never,Current,MW,Web,Federal,T4
1ZYDDN9,32,27604,23212,665,274,105.1,>1yr,60-89,NE,IVR,Federal,T2
MGN8T1N,42,28728,67422,699,72,100.8,1-12mo,Current,S,IVR,Consolidation,T7
Y0CE747,27,45709,28144,680,346,114.8,1-12mo,30-59,MW,Agent,Federal,T2
Z3T48RI,57,95935,68948,693,350,104.6,<30d,90+,NE,Web,Federal,T4
E0FDDT3,62,33769,1427,577,9,108.8,Never,30-59,S,Web,Federal,T3
8IU364Z,26,66100,13267,597,291,99.5,<30d,Current,W,Web,Consolidation,T4
IJKPCZZ,46,36684,47898,738,313,104.7,1-12mo,30-59,NE,IVR,Federal,T4
NPQLWOK,35,36242,76004,727,44,103.1,Never,Current,S,Agent,Federal,T5
0E7IC7G,37,34499,46093,629,26,113.2,Never,30-59,MW,Mobile,Consolidation,T3
E4QLX7O,35,50524,20945,754,139,97.6,1-12mo,Current,S,Web,Consolidation,T7
3CT8548,47,72697,37109,656,432,112.1,1-12mo,60-89,S,Agent,Federal,T2
D6D7M19,39,37982,93764,707,0,109.0,1-12mo,30-59,MW,IVR,Consolidation,T3
PPFW45E,32,24109,25452,671,367,101.4,<30d,30-59,NE,IVR,Federal,T4
4UE6HOP,50,63864,17794,778,477,104.4,Never,30-59,S,Web,Federal,T4
9JD6S7Z,58,45789,60276,742,185,114.6,<30d,30-59,NE,Agent,Consolidation,T3
9AB3JBG,48,70871,46439,685,123,97.7,1-12mo,Current,MW,Agent,Federal,T7
7JZ33RC,31,70871,30915,647,248,106.0,1-12mo,60-89,W,Agent,Consolidation,T7
Z9I296Q,29,62487,33204,703,240,106.3,>1yr,30-59,S,Agent,Federal,T6
7PEAKKA,51,41319,69060,779,160,111.4,1-12mo,30-59,NE,IVR,Consolidation,T3
PFYKFP9,62,58991,54779,788,385,110.3,<30d,30-59,MW,Web,Federal,T2
G1MT113,39,46567,58244,682,411,98.1,<30d,30-59,NE,IVR,Federal,T4
2AKTTCB,63,53254,43438,621,323,99.7,1-12mo,30-59,S,Web,Federal,T4
CAV5TSO,35,15000,57133,677,161,109.2,>1yr,30-59,MW,IVR,Consolidation,T3
7NKR9P1,65,65017,52794,585,174,96.3,>1yr,Current,MW,IVR,Consolidation,T6
7QS9T35,38,53793,60073,650,0,112.9,>1yr,60-89,W,Mobile,Federal,T3
RVK3V1N,63,50491,55820,599,192,95.1,1-12mo,Current,MW,Web,Consolidation,T7
EN5FC6O,68,22477,34669,648,241,101.5,<30d,Current,NE,Mobile,Federal,T8
UVE2VEZ,40,47608,43651,705,508,98.7,<30d,90+,W,Web,Consolidation,T4
Y21X4JT,52,71494,81602,701,106,96.0,<30d,Current,W,IVR,Consolidation,T8
TL5T64K,41,51022,70010,689,263,110.4,1-12mo,30-59,S,Agent,Consolidation,T2
OIT7843,59,26739,65432,662,34,97.4,>1yr,Current,S,Agent,Consolidation,T6
SAGHYQ4,55,46255,68871,635,344,99.2,1-12mo,60-89,S,Agent,Consolidation,T4
WOUMCPS,26,48336,61234,763,69,100.3,>1yr,Current,W,Agent,Consolidation,T6
L9UJMRG,29,46075,54138,806,234,105.9,<30d,60-89,MW,Agent,Federal,T8
RPOA0WK,54,73685,31002,721,49,99.9,>1yr,Current,S,Web,Consolidation,T6
9E2L08J,24,64670,59490,734,393,114.4,1-12mo,60-89,NE,Agent,Consolidation,T2
391WQ1B,24,58090,8971,562,249,112.7,>1yr,30-59,NE,IVR,Consolidation,T3
Z9PTOVQ,28,71269,33377,688,0,99.9,<30d,1-29,W,IVR,Federal,T8
F6AKEOV,37,32325,53784,559,91,113.0,<30d,60-89,MW,Web,Consolidation,T3
7GO41E9,26,34193,38116,675,0,108.1,Never,60-89,S,Mobile,Federal,T3
3MKJIY0,49,40872,93886,669,0,95.9,Never,Current,S,Web,Federal,T5
GG6XK1R,60,37871,16131,635,54,100.9,>1yr,Current,MW,Agent,Consolidation,T6
LOFWDNW,32,38812,20855,726,132,104.2,>1yr,Current,NE,IVR,Consolidation,T6
9IB49SX,39,36147,18217,603,111,107.2,>1yr,90+,NE,Agent,Consolidation,T6
49ESCEH,25,64896,25867,722,164,98.1,1-12mo,Current,S,Mobile,Consolidation,T7
4FR5ZUI,31,66783,69473,797,172,111.8,Never,90+,W,Agent,Federal,T3
VLHHKT4,32,67118,30316,636,0,98.5,Never,Current,W,Web,Consolidation,T5
G2MQ4RR,44,67162,21122,660,111,113.6,Never,60-89,S,IVR,Federal,T3
IQIUZAJ,66,37052,20296,657,248,113.7,<30d,30-59,NE,IVR,Federal,T3
SCESTHV,27,39589,55188,762,381,99.7,<30d,60-89,W,IVR,Federal,T4
732S9C5,26,57044,49596,614,0,108.1,>1yr,30-59,S,Web,Federal,T3
K9UZIZ4,50,50609,32006,723,45,101.0,<30d,Current,MW,Agent,Consolidation,T8
F17C8VN,48,36355,40504,727,352,96.0,Never,30-59,MW,IVR,Federal,T4
EZDK748,45,55517,28109,714,410,96.9,>1yr,60-89,NE,Mobile,Consolidation,T4
D0Z68WV,44,29900,15046,735,83,111.6,Never,30-59,W,Agent,Federal,T3
9XSDOYG,67,48817,39374,632,0,105.2,<30d,30-59,S,Mobile,Federal,T8
A5OLA88,57,96952,34075,765,0,100.1,1-12mo,Current,S,Web,Federal,T7
RUB9W5E,33,29888,11792,727,0,107.0,1-12mo,30-59,W,Agent,Federal,T7
SDQ7U2V,22,61057,59283,739,0,109.2,>1yr,30-59,S,Mobile,Federal,T3
QHOP8FH,37,59823,57880,626,58,101.5,1-12mo,1-29,MW,Agent,Consolidation,T7
76RGTNS,56,40522,67125,700,46,96.2,1-12mo,Current,NE,IVR,Federal,T7
LGX37C7,48,89273,56598,719,27,110.8,Never,30-59,W,Web,Federal,T3
1PWHDQ8,70,27481,14549,621,211,104.2,Never,Current,W,Mobile,Federal,T5
41765GM,65,87339,28029,599,0,106.1,<30d,30-59,W,Web,Consolidation,T8
AU7Q391,47,48726,72860,834,439,103.2,>1yr,30-59,NE,Web,Federal,T4
K86TJJN,25,68528,45751,711,202,98.7,Never,1-29,NE,Agent,Federal,T5
MM7ZI8B,63,50144,47059,637,15,95.8,>1yr,Current,W,IVR,Consolidation,T6
E0TPBP0,41,35545,27198,691,140,101.6,>1yr,Current,S,Web,Consolidation,T6
PK4EDHD,65,31304,91,700,54,111.4,Never,30-59,NE,IVR,Federal,T3
6NLY8VI,56,61535,71601,594,90,107.6,Never,90+,W,Web,Federal,T5
WD6HOCQ,49,70210,80194,790,230,108.6,<30d,30-59,W,Mobile,Consolidation,T3
1JW0LLP,26,64559,32862,637,131,104.5,>1yr,Current,S,IVR,Federal,T6
GXF7EAV,57,66277,75917,755,332,104.3,Never,60-89,S,Web,Consolidation,T4
WPF50UB,62,54170,31573,680,288,103.5,Never,1-29,S,Mobile,Consolidation,T4
MET4NJ3,31,41356,16725,592,519,98.6,1-12mo,90+,MW,Agent,Consolidation,T4
4CW6O2P,64,57211,45562,716,95,98.6,Never,Current,S,Mobile,Consolidation,T5
5KVFOLC,60,51154,91805,678,93,113.1,1-12mo,30-59,S,Mobile,Federal,T3
12440J5,35,58331,45692,667,175,108.3,1-12mo,90+,W,IVR,Federal,T3
7MQ3GCF,29,28724,62816,657,190,107.5,<30d,30-59,MW,IVR,Federal,T8
HWTTQF3,27,69118,25342,745,261,101.6,1-12mo,Current,MW,Mobile,Federal,T4
8IYFJKO,50,69468,65383,639,36,114.9,<30d,90+,MW,Mobile,Federal,T3
45VYHHS,69,52136,82516,658,242,108.1,<30d,90+,S,Agent,Federal,T3
87Q7VJ3,49,37221,0,681,136,106.6,1-12mo,30-59,NE,IVR,Federal,T7
H7MRZUC,66,55625,0,650,211,104.2,Never,Current,MW,Mobile,Consolidation,T5
DW95L50,58,68771,68215,724,192,95.7,>1yr,1-29,W,Web,Federal,T6
M71G4D2,27,69989,22278,564,85,95.1,<30d,Current,MW,Mobile,Federal,T8
LZLW4D8,52,60163,55986,591,61,97.6,Never,Current,S,Mobile,Federal,T5
PCB910I,24,49274,62929,738,163,104.7,>1yr,Current,NE,Agent,Consolidation,T6
9CRG77E,61,80675,34053,643,70,99.7,1-12mo,Current,S,IVR,Federal,T7
10UJZUT,41,87411,49434,672,154,106.0,Never,30-59,MW,IVR,Consolidation,T5
VV73A2P,49,54834,20331,692,272,99.3,>1yr,Current,MW,IVR,Consolidation,T4
9AKO9MK,60,41688,39100,660,85,112.9,>1yr,30-59,NE,Web,Federal,T3
JX10J9D,42,64128,94265,755,192,110.5,>1yr,60-89,S,Agent,Consolidation,T3
SX3FZFD,55,61112,71777,713,106,101.2,<30d,Current,W,Agent,Federal,T8
066LE98,46,77270,48807,670,129,112.5,1-12mo,30-59,MW,IVR,Consolidation,T3
0X8EQT0,49,35686,46659,754,302,111.4,<30d,30-59,W,Agent,Consolidation,T2
Z3QOW0K,53,65054,0,667,34,98.9,>1yr,Current,S,Web,Federal,T6
ZJ66538,43,31214,11970,692,311,99.0,<30d,60-89,S,IVR,Consolidation,T4
H0OJOSA,44,15000,20358,846,241,95.8,>1yr,1-29,MW,Agent,Consolidation,T6
KHG0VWL,57,69957,25518,611,131,104.5,Never,Current,W,IVR,Federal,T5
IDJY0QT,25,91032,43240,850,48,111.8,1-12mo,30-59,MW,IVR,Federal,T3
80YH5AO,63,51247,41344,649,105,97.3,>1yr,1-29,NE,Agent,Consolidation,T6
6XA06MA,25,47466,51231,711,208,96.8,>1yr,1-29,NE,Web,Consolidation,T6
O4U2JM9,62,76763,33944,803,41,112.3,>1yr,90+,MW,Agent,Federal,T3
SKXGKJK,45,56974,67797,578,408,106.8,1-12mo,30-59,W,IVR,Federal,T2
QBYKFCK,28,34310,56354,580,0,104.3,1-12mo,1-29,MW,IVR,Consolidation,T7
22SUOQ5,22,36458,8616,568,190,102.0,<30d,Current,W,Web,Federal,T8
U1NPY41,36,53818,63261,708,33,105.5,1-12mo,30-59,MW,Agent,Federal,T7
5AZOQLQ,50,67624,50955,651,261,108.6,1-12mo,30-59,NE,Web,Consolidation,T2
PF2N9I7,35,82503,67381,673,106,107.0,>1yr,30-59,S,Web,Consolidation,T6
84LPTDY,44,87159,29226,652,0,111.9,Never,30-59,W,Mobile,Consolidation,T3
5MZ7OKC,26,54435,49623,630,244,96.5,1-12mo,1-29,S,Web,Federal,T7
MHOAHUK,54,61228,45016,697,365,103.0,<30d,60-89,NE,IVR,Federal,T4
N743WPN,48,67778,58632,753,54,101.8,>1yr,1-29,S,Agent,Federal,T6
8H8DW9N,48,42550,35887,632,191,111.8,>1yr,30-59,MW,Mobile,Consolidation,T3
QX5P2U2,31,61592,25658,656,212,113.8,<30d,90+,MW,Agent,Federal,T3
5616B7X,57,68975,70158,681,44,96.5,Never,Current,MW,Web,Consolidation,T5
6V3GCEB,27,76045,15821,653,280,107.5,<30d,60-89,NE,Mobile,Consolidation,T2
61JA6AE,32,84834,10401,737,185,102.2,<30d,Current,MW,Mobile,Federal,T8
23TDNA9,46,63777,58305,596,55,103.2,>1yr,Current,NE,Mobile,Federal,T6
7YH0CGP,69,44400,35009,668,256,107.7,Never,30-59,W,Mobile,Federal,T2
43JKZXY,54,62402,41448,769,106,98.0,1-12mo,Current,MW,Agent,Consolidation,T7
63URMWR,36,114791,30386,636,468,96.5,<30d,60-89,W,IVR,Consolidation,T4
S725OBI,41,24843,85162,701,310,105.7,1-12mo,30-59,W,IVR,Consolidation,T2
OYUCOC1,68,49177,38169,654,0,107.8,1-12mo,30-59,S,Web,Federal,T7
3ADVTZ3,24,58958,60402,774,70,98.9,Never,Current,MW,IVR,Consolidation,T5
SY21SLF,65,76339,93322,688,245,108.2,<30d,30-59,MW,Mobile,Consolidation,T3
7763IIQ,46,31540,97396,642,197,108.5,>1yr,60-89,NE,Agent,Federal,T3
41BN428,22,29798,75164,791,206,105.8,>1yr,60-89,NE,Mobile,Consolidation,T6
PVR4XBX,31,61523,48739,742,249,109.0,<30d,60-89,W,Web,Federal,T3
DINCJM0,36,105382,38577,658,57,101.0,>1yr,Current,MW,Web,Consolidation,T6
AIAR2I6,37,15000,23571,714,233,100.5,1-12mo,Current,MW,IVR,Federal,T7
630QSIY,29,70624,29162,595,240,107.6,1-12mo,30-59,W,Agent,Consolidation,T7
X17BOV1,65,68671,36565,667,344,112.9,Never,30-59,W,Mobile,Consolidation,T2
JVA679N,64,86131,59661,672,101,104.2,1-12mo,Current,W,Agent,Consolidation,T7
FUNVHDY,57,72969,49919,584,59,95.4,<30d,Current,W,Agent,Federal,T8
J4TWEB7,27,59197,49387,689,152,98.0,Never,1-29,NE,Agent,Federal,T5
NOACYRA,68,34708,52568,713,64,106.3,1-12mo,90+,W,Mobile,Consolidation,T7
XZTEWJP,65,62458,40227,682,329,110.6,Never,30-59,W,Agent,Federal,T2
0P0E3K3,42,59881,16686,575,0,104.7,>1yr,Current,MW,Web,Consolidation,T6
0ZLTAW3,32,53891,33759,647,197,97.2,<30d,1-29,W,IVR,Federal,T8
FTDJMGL,47,37759,43432,646,53,102.6,>1yr,Current,S,IVR,Federal,T6
1CKP4ZJ,36,37819,74387,654,388,110.3,1-12mo,30-59,W,Agent,Federal,T2
1GLTGG2,42,42950,55850,679,317,97.8,>1yr,30-59,W,Web,Consolidation,T4
S233GVU,24,47447,7193,647,583,114.3,1-12mo,60-89,MW,IVR,Federal,T2
LLNMC0N,27,65392,47176,640,332,111.3,Never,90+,W,Web,Federal,T2
I6DKXLQ,44,28098,72974,783,74,106.9,>1yr,60-89,W,Agent,Consolidation,T6
JXP91M6,31,48479,91477,666,174,114.5,>1yr,60-89,W,Agent,Federal,T3
4TUDBM9,40,84513,15693,761,413,110.8,Never,60-89,S,IVR,Consolidation,T1
W2B1QDF,65,71019,50110,684,138,105.0,1-12mo,Current,MW,Web,Consolidation,T7
MK3R8C5,30,70793,0,587,161,97.6,1-12mo,Current,W,Mobile,Consolidation,T7
LOI2EXQ,39,51232,62101,655,388,104.1,>1yr,60-89,NE,IVR,Federal,T4
Y3ES9MT,32,68001,87426,693,462,114.6,>1yr,60-89,W,Agent,Consolidation,T1
L969QZC,46,65334,51797,790,138,113.4,1-12mo,60-89,W,IVR,Federal,T3
1K5R8S4,68,26766,26773,563,266,102.1,>1yr,Current,MW,Mobile,Consolidation,T4
SSL5Q6M,44,86800,80408,671,229,114.9,<30d,30-59,NE,IVR,Consolidation,T3
WSMLH0W,64,22873,47959,689,42,112.6,1-12mo,90+,NE,IVR,Consolidation,T3
SCCUBGB,51,31441,13758,683,79,109.4,>1yr,60-89,NE,Web,Federal,T3
4W010B3,62,53548,49275,676,76,113.4,>1yr,30-59,NE,Agent,Federal,T3
NYDKWDN,23,56931,39320,638,264,114.4,<30d,60-89,S,Web,Consolidation,T2
3DLC6LZ,70,64396,58521,736,410,102.3,Never,90+,S,Agent,Federal,T4
DJ28PMS,60,70660,30442,726,54,112.6,<30d,30-59,NE,Mobile,Consolidation,T3
CQ0V57D,44,55577,47172,745,130,96.1,<30d,Current,MW,Web,Consolidation,T8
1EWHMQE,25,61905,42612,586,0,110.6,<30d,90+,NE,IVR,Federal,T3
3D5ALHH,53,15000,21302,645,425,114.8,<30d,30-59,NE,Mobile,Consolidation,T2
GH16F6B,59,28426,37614,686,204,106.6,<30d,60-89,NE,Agent,Federal,T8
W09ZA3H,56,69952,47147,699,238,97.9,<30d,Current,W,IVR,Consolidation,T8
XB0KI6V,30,69648,59268,721,244,99.5,>1yr,Current,NE,Web,Federal,T6
HJSUTQ2,65,78486,55925,750,189,95.6,Never,Current,NE,IVR,Federal,T5
VTS2G74,28,28998,32549,718,42,95.4,Never,Current,NE,Mobile,Federal,T5
CU34OVZ,62,41454,73705,567,243,97.2,>1yr,Current,S,Agent,Consolidation,T6
LOEQ972,69,60584,74320,622,288,113.7,Never,60-89,NE,IVR,Consolidation,T2
9J3QEFQ,33,35005,42044,674,51,111.9,>1yr,60-89,NE,IVR,Consolidation,T3
OBPBZIW,42,74580,41441,799,55,109.9,>1yr,30-59,NE,IVR,Federal,T3
PQE9A2B,59,56335,50286,733,42,104.5,1-12mo,Current,MW,Agent,Federal,T7
1UGV36A,48,50745,45644,578,3,100.2,>1yr,Current,MW,Agent,Consolidation,T6
B012L82,43,61800,26386,668,114,108.9,Never,60-89,NE,Mobile,Consolidation,T3
78VQFBK,35,55015,51411,708,0,114.7,Never,30-59,W,Mobile,Consolidation,T3
H1PTBU0,46,25198,61409,635,275,98.9,1-12mo,Current,MW,Web,Federal,T4
MSRRN7M,44,36773,58077,730,41,111.8,>1yr,30-59,W,Agent,Federal,T3
QGDIIPL,54,58951,32581,609,281,96.2,<30d,Current,S,Agent,Federal,T4
49T5EZI,56,34430,27472,687,223,113.5,1-12mo,30-59,MW,Web,Federal,T3
J3GWW7B,56,57989,77602,686,147,106.7,>1yr,30-59,S,IVR,Federal,T6
BN0945G,51,68375,29570,706,1,98.2,Never,Current,NE,Web,Federal,T5
4Z1U2S2,45,36035,20728,716,123,110.4,1-12mo,90+,NE,Agent,Consolidation,T3
07H85VP,30,68923,62015,677,82,96.6,>1yr,Current,NE,Agent,Federal,T6
OU7GMNT,54,69924,72975,744,0,111.3,>1yr,60-89,S,Agent,Consolidation,T3
NVLEST6,57,59139,34873,635,147,103.8,>1yr,1-29,S,Web,Consolidation,T6
OIRXTWU,54,45012,2780,610,0,101.2,Never,Current,MW,Web,Federal,T5
8OD9W80,60,76631,0,759,466,100.7,<30d,60-89,MW,Agent,Federal,T4
L5YOXZ4,44,73591,58633,648,0,97.6,1-12mo,1-29,NE,Agent,Federal,T7
XYIP8KC,55,29059,47955,636,260,99.3,>1yr,1-29,MW,Agent,Consolidation,T4
57608NR,40,32929,86331,776,337,104.3,1-12mo,60-89,MW,Mobile,Consolidation,T4
6TOENLG,45,67343,44621,631,150,106.0,>1yr,90+,S,IVR,Federal,T6
DLDT9GL,66,80216,70989,607,35,100.8,Never,Current,S,Web,Consolidation,T5
9KOYNHN,43,47380,5742,544,0,103.2,>1yr,Current,NE,Agent,Consolidation,T6
VVYH7JV,31,93375,32791,569,219,100.5,<30d,Current,NE,Web,Federal,T8
RCV09U5,46,31150,55475,646,359,100.6,Never,90+,W,Web,Federal,T4
7DV66ZJ,33,52626,41975,691,0,95.1,1-12mo,1-29,W,Agent,Consolidation,T7
CZDHG4T,30,75995,87839,601,247,100.9,>1yr,Current,S,Web,Federal,T6
1XJ0AR9,67,66995,37638,786,202,111.9,Never,60-89,MW,Agent,Federal,T3
7NJ2R7Q,40,24376,17739,611,0,102.7,<30d,Current,MW,Web,Federal,T8
ODNCFYL,29,49041,32136,544,121,101.1,>1yr,Current,S,IVR,Federal,T6
ZBKRI8M,46,85438,98530,786,231,111.0,>1yr,30-59,S,IVR,Consolidation,T3
60IWF31,60,50062,22072,626,61,112.6,>1yr,30-59,W,Mobile,Consolidation,T3
8B1N52A,31,92485,42878,633,0,114.3,1-12mo,60-89,S,IVR,Consolidation,T3
MY7JJA9,24,51772,68251,613,334,112.4,1-12mo,30-59,W,Web,Federal,T2
L0Q0CVK,43,55172,76546,696,226,108.8,>1yr,60-89,W,IVR,Federal,T3
2Y6F7QL,26,61410,17644,707,177,101.1,<30d,Current,NE,Mobile,Consolidation,T8
M6HBBD1,43,44185,76009,639,11,104.1,1-12mo,Current,W,Agent,Federal,T7
48FIWOE,33,51696,28208,637,172,114.0,>1yr,30-59,MW,Web,Consolidation,T3
3SID6BB,31,67438,5374,767,261,102.2,1-12mo,Current,W,Agent,Consolidation,T4
2T692MJ,61,58773,57242,782,53,95.3,Never,Current,NE,Web,Consolidation,T5
P9LMEBA,41,32057,10688,646,275,107.5,<30d,90+,NE,Agent,Federal,T2
JLO1CNM,31,65437,45226,605,17,96.6,1-12mo,Current,S,Web,Consolidation,T7
4MLQ7HJ,38,75361,51735,741,52,102.1,>1yr,Current,NE,Agent,Consolidation,T6
R6XBYD0,45,36310,22778,795,89,96.7,<30d,Current,NE,Agent,Federal,T8
3OJC8TK,49,40023,43919,616,302,105.9,<30d,30-59,MW,Agent,Federal,T2
DZBMUUF,56,16766,88593,620,336,99.1,<30d,30-59,MW,Mobile,Consolidation,T4
EW5K6SN,37,50742,59230,677,194,102.5,>1yr,Current,W,Agent,Federal,T6
4TPACOV,37,55874,105580,726,131,99.5,1-12mo,Current,W,Agent,Federal,T7
ARJUWQD,62,50883,63234,739,393,107.3,1-12mo,30-59,W,IVR,Consolidation,T2
LD5CYXQ,23,57773,86713,615,375,110.5,>1yr,30-59,W,Agent,Consolidation,T1
VJDHBL4,57,39477,29862,802,290,110.5,1-12mo,60-89,W,Web,Federal,T2
2EO2TT7,63,31354,18024,619,0,113.4,>1yr,60-89,W,Web,Consolidation,T3
TML7G4Y,53,18271,61296,619,384,96.5,1-12mo,30-59,NE,Web,Federal,T4
N7XHI3J,28,23817,0,736,153,110.6,1-12mo,60-89,MW,Web,Federal,T3
57V6C2B,60,62823,5341,725,139,97.0,>1yr,Current,W,Web,Consolidation,T6
BYVKWJP,40,45353,68819,706,226,96.9,<30d,Current,W,Web,Federal,T8
QC8NW70,65,58809,13370,720,0,98.0,1-12mo,Current,S,Mobile,Consolidation,T7
LX9F6O1,34,95544,60511,575,262,101.8,>1yr,Current,NE,IVR,Consolidation,T4
23JQRQS,68,107038,0,703,171,99.6,1-12mo,Current,S,Agent,Consolidation,T7
K4NC2MC,63,35220,26998,659,220,114.2,>1yr,60-89,W,IVR,Consolidation,T3
YJFFU8V,60,53375,65175,587,152,109.8,1-12mo,60-89,MW,Agent,Federal,T3
UHIBX3J,56,80595,30936,600,77,109.0,1-12mo,30-59,MW,IVR,Federal,T3
1ROQTG8,24,85487,32431,790,413,101.7,1-12mo,30-59,W,IVR,Consolidation,T4
JCLFQZQ,37,66668,71519,718,173,107.3,<30d,30-59,S,IVR,Federal,T8
P3D6E8S,70,56584,38208,679,0,101.0,>1yr,Current,NE,IVR,Consolidation,T6
QXOM73L,38,51412,83999,492,242,108.4,>1yr,30-59,W,IVR,Federal,T3
Y7VTQTL,59,78846,46311,617,63,95.2,1-12mo,Current,MW,Mobile,Federal,T7
9VBSH9A,30,54112,77450,723,157,102.0,Never,Current,MW,IVR,Federal,T5
YSOUA14,62,97073,37883,620,177,100.3,<30d,Current,MW,Web,Federal,T8
R274TT7,43,114369,58059,682,0,96.1,Never,Current,S,Mobile,Federal,T5
MN8ANTV,38,15000,3065,719,361,96.7,1-12mo,60-89,NE,Agent,Federal,T4
43EOWL0,31,43944,59573,646,119,105.7,>1yr,30-59,MW,Mobile,Federal,T6
180WSE0,70,35450,19604,681,118,103.7,>1yr,Current,S,Mobile,Consolidation,T6
6LQ2HMK,70,58970,60728,627,224,100.5,1-12mo,Current,S,IVR,Consolidation,T7
L97DNFD,48,52947,56327,633,243,107.0,<30d,60-89,W,Web,Federal,T8
I70JQ3J,47,55028,71497,522,0,113.9,1-12mo,60-89,NE,IVR,Consolidation,T3
W8JDGO5,41,15000,14550,590,73,114.3,1-12mo,30-59,S,Mobile,Consolidation,T3
JW01FBX,40,63421,56527,629,399,100.2,>1yr,30-59,S,Web,Consolidation,T4
12AII9N,22,56111,50559,661,196,99.0,1-12mo,Current,S,Web,Federal,T7
VUH87AT,68,42813,50825,733,83,95.8,>1yr,Current,S,Web,Consolidation,T6
6BKK12Z,57,66709,56219,637,248,99.8,1-12mo,Current,MW,Agent,Federal,T7
BVNMOM2,54,43010,79514,683,199,101.1,<30d,Current,NE,Agent,Consolidation,T8
CNGN66F,68,42328,52151,699,410,101.7,>1yr,30-59,W,Mobile,Consolidation,T4
M9QSGDX,65,66163,11156,788,355,104.9,>1yr,60-89,W,IVR,Consolidation,T4
GEULZGL,50,54158,32009,751,175,105.3,Never,30-59,NE,Mobile,Consolidation,T5
FGYSORO,40,56907,78786,703,144,101.8,<30d,1-29,MW,Mobile,Consolidation,T8
1QRFQ4O,41,31003,28145,690,239,107.8,Never,60-89,MW,Mobile,Consolidation,T5
MS9CPR6,68,57957,23873,813,0,106.8,Never,30-59,S,IVR,Consolidation,T5
S5TTHFI,24,72464,45680,638,128,111.2,<30d,30-59,MW,Web,Federal,T3
ZI6NGPF,54,31625,49023,756,0,105.9,>1yr,60-89,MW,Mobile,Federal,T6
91L973Q,51,50484,53030,702,170,105.8,>1yr,60-89,NE,Agent,Federal,T6
2N127B3,65,86699,33696,641,172,102.5,>1yr,Current,W,IVR,Consolidation,T6
Y25ILEN,37,47871,83214,789,114,98.9,<30d,Current,MW,Agent,Federal,T8
9RHLIK4,43,52161,121490,575,324,112.1,<30d,60-89,MW,IVR,Consolidation,T2
QOH7XCG,70,51768,98101,707,87,104.7,>1yr,1-29,MW,IVR,Consolidation,T6
5MV8H40,63,42200,12301,771,95,114.2,<30d,30-59,NE,Mobile,Federal,T3
8NK54O5,32,15000,64904,619,355,100.2,Never,60-89,NE,Agent,Consolidation,T4
GOT429U,70,45068,66238,569,429,107.2,<30d,30-59,S,Web,Consolidation,T2
XPIJ66E,49,94796,86768,500,75,108.2,>1yr,60-89,NE,Agent,Consolidation,T3
0JN9R31,55,34998,75031,581,253,101.4,<30d,Current,W,Web,Federal,T4
U6SSP6L,23,35448,52835,577,164,108.0,<30d,30-59,NE,IVR,Consolidation,T8
DAT43SI,53,63979,56411,740,0,101.7,Never,Current,W,Agent,Federal,T5
UPLRK5Q,43,78769,59905,687,188,98.9,Never,Current,W,Mobile,Consolidation,T5
LUMPW7C,59,40671,37135,736,348,111.9,1-12mo,90+,S,Agent,Consolidation,T2
4GS299F,30,78713,515,587,0,112.4,<30d,60-89,W,IVR,Federal,T3
A0T0YQR,34,64123,73022,674,137,96.7,1-12mo,Current,NE,Web,Federal,T7
A9BYKCM,35,70084,31241,758,298,101.6,>1yr,Current,MW,Mobile,Consolidation,T4
MS96W9D,22,22421,35033,829,44,108.2,Never,30-59,NE,IVR,Federal,T3
JOV3L9Y,26,50823,66912,623,0,101.8,>1yr,Current,W,Agent,Consolidation,T6
73W01IL,38,49834,0,643,121,108.5,<30d,30-59,NE,Agent,Federal,T3
GKWQWUC,42,41777,50002,572,221,114.7,Never,30-59,W,Web,Consolidation,T3
15HUKQA,33,68189,11679,734,278,98.3,>1yr,Current,NE,Web,Consolidation,T4
NMGM9HI,49,72873,54958,737,344,109.6,>1yr,30-59,W,IVR,Federal,T2
HOEQDIF,64,74690,88571,741,0,114.0,<30d,30-59,W,Agent,Consolidation,T3
ZM4OIXM,48,66178,60272,763,79,100.2,1-12mo,Current,S,IVR,Federal,T7
0CAZHSO,67,42397,26629,582,191,101.1,Never,Current,W,IVR,Federal,T5
TZAONCO,37,80014,90170,676,180,105.0,Never,Current,S,Web,Consolidation,T5
OA65ZA7,45,52910,0,643,258,109.9,<30d,30-59,MW,Agent,Consolidation,T2
7SQW0DX,27,34472,45703,753,507,96.9,Never,30-59,NE,IVR,Federal,T4
MR4GK8H,62,49980,19011,671,208,109.0,>1yr,30-59,S,IVR,Federal,T3
Q39A2KY,68,48485,65889,716,402,112.8,>1yr,30-59,S,Agent,Federal,T1
XCBNECI,26,41670,75292,589,314,100.5,1-12mo,60-89,W,Mobile,Consolidation,T4
12IDVPX,37,50438,36920,613,243,104.3,Never,Current,MW,Web,Consolidation,T5
LTMS1ZM,26,30384,65252,682,180,113.8,>1yr,60-89,MW,IVR,Consolidation,T3
JI8VVKK,26,37512,43240,657,352,98.5,>1yr,30-59,S,Mobile,Federal,T4
SBSFQ6I,45,64487,64755,767,0,109.4,<30d,30-59,MW,IVR,Consolidation,T3
XKHILPS,31,55423,48885,643,75,103.1,Never,Current,W,Agent,Federal,T5
QCGDXTB,29,88194,14250,791,175,113.3,<30d,30-59,NE,Agent,Federal,T3
630AKH5,41,67794,33622,746,186,96.1,Never,Current,W,IVR,Federal,T5
8ALPMTL,50,41976,25100,610,272,108.9,>1yr,30-59,W,IVR,Federal,T2
VKFHRI4,41,21385,17131,723,14,114.1,1-12mo,90+,S,IVR,Federal,T3
KRSHDD5,63,41943,13621,636,184,102.5,Never,Current,NE,Mobile,Federal,T5
7YZAM5Y,67,20980,68391,664,34,97.5,>1yr,Current,S,Web,Federal,T6
VZPDJHH,46,49386,72544,670,239,95.0,Never,Current,S,Agent,Consolidation,T5
YOF77Z0,32,79552,32626,747,0,107.2,>1yr,30-59,MW,Web,Consolidation,T6
5G4NJ3I,55,64485,47266,686,416,114.0,<30d,60-89,MW,Web,Consolidation,T2
D3J1C7D,52,55164,66782,603,355,108.3,Never,30-59,W,IVR,Federal,T1
KFVFINQ,30,63096,72883,679,175,107.6,Never,30-59,MW,IVR,Consolidation,T5
TS8RFVH,37,60414,76354,714,436,108.2,Never,30-59,MW,Agent,Federal,T1
Z7P0QNM,64,39303,45861,638,270,112.3,1-12mo,60-89,S,IVR,Federal,T2
Q6Y45ZN,22,28254,59669,621,234,103.4,<30d,Current,S,Mobile,Consolidation,T8
QKMA5UA,32,50865,59172,633,205,96.2,>1yr,1-29,NE,IVR,Federal,T6
S2IIBEJ,43,72409,33211,636,504,108.5,<30d,60-89,NE,Agent,Consolidation,T2
6FKV0SF,42,50775,28359,638,208,105.7,1-12mo,90+,S,Agent,Consolidation,T7
PEB1TFE,27,34818,78570,638,0,114.0,<30d,90+,MW,Agent,Federal,T3
XHZ3XZH,51,67815,31795,655,0,96.9,1-12mo,Current,NE,Web,Federal,T7
DBLFDMD,31,72284,36623,721,270,96.6,>1yr,Current,S,Mobile,Consolidation,T4
TBFNNV4,22,74418,0,822,214,102.6,>1yr,Current,NE,Agent,Federal,T6
095T03S,38,86955,46363,722,49,100.8,>1yr,Current,NE,Agent,Consolidation,T6
VPA75OZ,37,39113,57018,736,152,98.7,<30d,Current,NE,Agent,Consolidation,T8
UH8GQOQ,27,56041,41311,656,265,105.6,Never,90+,MW,Agent,Consolidation,T2
2DYG96Y,68,56824,71306,648,365,109.0,1-12mo,60-89,NE,Agent,Consolidation,T2
RE88FBO,65,64356,15184,641,0,105.3,Never,90+,W,Agent,Consolidation,T5
1W8040O,22,50739,74500,689,0,115.0,<30d,30-59,S,Agent,Federal,T3
AU56Y42,50,54410,31807,740,174,110.2,1-12mo,30-59,MW,Mobile,Federal,T3
RBW9YRO,58,32701,44927,665,104,108.2,<30d,30-59,S,IVR,Consolidation,T3
T73ZZ71,52,59966,0,742,0,106.0,<30d,60-89,S,Mobile,Federal,T8
PMIG961,55,25721,3572,755,73,96.0,>1yr,Current,W,Mobile,Federal,T6
P0J1V5Y,61,26139,41594,715,0,110.1,Never,90+,NE,Agent,Consolidation,T3
VNH913S,27,78377,67813,639,243,103.3,1-12mo,Current,MW,Mobile,Consolidation,T7
J22W1PX,68,15000,69483,725,95,95.8,1-12mo,Current,NE,Mobile,Federal,T7
LPDB0T9,55,22099,39938,647,443,97.6,>1yr,60-89,S,Web,Consolidation,T4
JCCEAIL,57,35609,31081,755,248,114.7,1-12mo,30-59,W,IVR,Consolidation,T3
6TV5RDB,69,82179,0,607,323,98.7,Never,30-59,MW,Web,Federal,T4
4PNX2MF,56,67001,74862,745,559,102.9,1-12mo,60-89,S,IVR,Consolidation,T4
GG6NW9J,57,77958,14235,593,351,115.0,1-12mo,30-59,MW,Mobile,Consolidation,T2
VRY728U,41,39370,0,572,431,112.5,>1yr,30-59,MW,Mobile,Consolidation,T1
87EFDER,32,67363,66483,757,235,108.1,Never,30-59,MW,Web,Federal,T3
E1QVA2E,25,39071,42382,739,319,108.3,<30d,30-59,NE,IVR,Consolidation,T2
WHWPNM7,50,84955,9321,581,314,104.1,Never,60-89,S,IVR,Consolidation,T4
C1PGCBM,40,79592,0,689,237,105.9,>1yr,60-89,NE,Agent,Federal,T6
KBVU8JN,47,42500,87158,711,411,95.7,Never,60-89,NE,Mobile,Consolidation,T4
PY1HNJ8,25,15000,58924,771,76,114.9,<30d,30-59,S,Mobile,Consolidation,T3
4V00OTK,47,19157,81433,621,283,96.7,Never,Current,S,Mobile,Consolidation,T4
GA4GQMW,40,32259,736,624,17,112.1,>1yr,30-59,S,Web,Consolidation,T3
B187QWI,46,79265,78449,667,298,103.0,<30d,Current,NE,Agent,Consolidation,T4
8I5Q6F4,23,15000,85204,687,93,95.1,<30d,Current,MW,Agent,Federal,T8
DP1BOPX,40,72184,62128,737,127,110.5,1-12mo,60-89,NE,Agent,Federal,T3
HBTVXZB,47,27190,62275,658,180,104.6,>1yr,Current,MW,IVR,Consolidation,T6
12W6RF9,50,47357,68697,706,352,99.0,1-12mo,30-59,S,IVR,Consolidation,T4
U29XI96,27,79148,80262,657,174,99.2,1-12mo,Current,NE,Mobile,Federal,T7
O24OIIT,46,56385,34385,670,0,101.8,1-12mo,Current,W,Web,Consolidation,T7
D7I5JDU,66,56889,105082,613,222,109.7,<30d,60-89,MW,Web,Federal,T3
IJHLHSC,42,61448,20888,673,141,114.5,1-12mo,60-89,MW,IVR,Federal,T3
NONY7BW,32,90685,65591,590,70,104.7,>1yr,Current,NE,Mobile,Federal,T6
POIULKV,54,36890,58316,645,20,114.0,1-12mo,30-59,W,Web,Federal,T3
AQQ3I8O,27,40579,0,670,441,108.2,Never,60-89,MW,IVR,Federal,T1
BXYDT38,40,77577,105485,599,428,102.1,1-12mo,90+,MW,Web,Consolidation,T4
RG07W83,24,87656,25118,759,470,113.8,<30d,30-59,NE,Agent,Consolidation,T2
GSI8OXO,44,20528,42737,604,73,96.5,Never,Current,NE,Agent,Federal,T5
YUKVY38,23,33156,3476,729,305,100.5,Never,90+,W,Web,Consolidation,T4
DG3ZTTG,56,78365,0,647,160,105.2,<30d,30-59,S,Agent,Federal,T8
YEPBCH4,34,74809,97026,680,391,101.5,1-12mo,60-89,S,Web,Federal,T4
MRMX13W,42,66606,10354,680,290,111.7,>1yr,30-59,MW,Agent,Consolidation,T2
NQR75QB,51,39363,26841,630,182,106.0,<30d,60-89,NE,IVR,Consolidation,T8
2DTBHGO,63,55958,77667,736,25,106.6,<30d,30-59,S,Agent,Consolidation,T8
HPK1IJO,27,59041,50058,746,276,107.1,1-12mo,30-59,MW,Agent,Federal,T2
QB8FQRK,56,61903,65259,606,85,99.8,>1yr,Current,W,IVR,Consolidation,T6
LR97MM9,68,55831,54918,654,356,97.1,<30d,30-59,NE,Web,Consolidation,T4
K7U1XTW,59,37775,11182,739,403,107.8,1-12mo,90+,NE,IVR,Federal,T2
EYZ9J1M,65,15000,38510,678,345,103.2,1-12mo,90+,W,Web,Consolidation,T4
DPZ7KO8,64,34927,63551,629,276,113.2,Never,30-59,MW,Agent,Consolidation,T2
GRGJFHD,56,16680,0,618,288,104.1,>1yr,Current,W,Agent,Consolidation,T4
A9N0007,66,46369,48284,634,0,101.4,1-12mo,Current,W,IVR,Consolidation,T7
4DEJTVE,31,24380,47252,772,48,110.5,Never,30-59,NE,IVR,Federal,T3
ULNYDHZ,64,58641,55601,687,269,99.4,<30d,Current,W,IVR,Federal,T4
IKZ5LLQ,53,37096,20566,581,169,97.4,<30d,Current,NE,Agent,Federal,T8
ALLXCFZ,22,40177,83848,603,152,103.7,Never,1-29,S,IVR,Federal,T5
HEX6B5T,39,22957,22937,649,150,97.7,1-12mo,Current,NE,Mobile,Consolidation,T7
MFCXAR2,57,61155,42433,779,377,96.6,1-12mo,30-59,MW,IVR,Federal,T4
IUT2L6W,34,36391,2775,709,401,114.3,Never,60-89,MW,Web,Consolidation,T1
CY9VSM3,63,62755,35268,747,128,96.5,Never,Current,NE,Web,Federal,T5
C7OFC2P,43,47359,0,663,472,114.1,<30d,60-89,NE,Agent,Consolidation,T2
YY3NJMT,23,42173,66821,637,277,96.1,>1yr,Current,MW,Agent,Consolidation,T4
6N63A7P,50,96310,23514,590,0,111.1,>1yr,90+,NE,IVR,Federal,T3
Y4EFCK5,36,32867,80208,704,328,98.7,>1yr,60-89,S,Agent,Federal,T4
P6Y2O24,39,35592,23341,703,343,111.9,Never,30-59,S,Mobile,Consolidation,T2
VHMKWOC,63,82308,91513,662,480,113.0,1-12mo,60-89,W,Web,Consolidation,T2
E3VDFCL,56,78186,26035,582,77,105.8,>1yr,30-59,W,Web,Federal,T6
4A5MNZU,41,33886,35251,542,333,112.6,Never,30-59,MW,Mobile,Consolidation,T2
DDXVDLX,36,56926,22389,590,82,98.7,<30d,1-29,MW,Agent,Consolidation,T8
6FXCOXL,55,62012,3075,695,0,111.8,<30d,60-89,W,Agent,Federal,T3
U8IE9JD,40,28808,84943,672,182,110.2,<30d,60-89,NE,Web,Federal,T3
23XX6Z8,52,50132,36800,671,152,102.6,<30d,1-29,MW,Agent,Federal,T8
XWJ3ZE4,33,52729,24779,693,65,99.3,Never,Current,NE,Agent,Federal,T5
UPP5Z95,68,51121,78399,762,187,100.2,>1yr,Current,MW,Agent,Consolidation,T6
ZO6NEL5,26,39600,67410,592,572,104.0,>1yr,60-89,S,IVR,Consolidation,T4
R3LO9XG,59,42092,39011,701,54,104.8,Never,Current,W,Web,Federal,T5
N329ST2,64,35108,72710,667,131,100.5,<30d,Current,NE,Web,Consolidation,T8
B9879FZ,50,19000,42470,710,459,99.2,<30d,30-59,NE,Mobile,Consolidation,T4
0Q6BY2R,31,60620,95173,732,41,105.6,>1yr,60-89,NE,Mobile,Consolidation,T6
BI2LLPK,47,91282,35453,735,0,106.9,>1yr,30-59,MW,IVR,Consolidation,T6
O4M3RQU,41,38878,31877,663,7,100.0,>1yr,Current,MW,Mobile,Federal,T6
JT9SG1C,53,37554,52795,642,70,105.4,<30d,30-59,W,Agent,Consolidation,T8
XV4EJGF,47,66445,43049,693,38,113.9,<30d,30-59,W,Web,Federal,T3
G30LSBX,44,52068,33131,623,142,108.4,1-12mo,90+,S,Mobile,Consolidation,T3
SSADKLC,25,48875,33851,685,164,96.7,<30d,Current,S,Mobile,Consolidation,T8
KNB9DAE,68,59310,57485,662,539,107.3,Never,60-89,W,IVR,Federal,T2
6YOI8CP,23,74321,45595,649,76,106.7,Never,30-59,MW,Web,Consolidation,T5
NZRCRNT,61,82644,58036,695,192,95.0,<30d,Current,MW,Mobile,Consolidation,T8
O1SUUDI,67,32680,35907,702,227,99.5,1-12mo,Current,MW,Agent,Consolidation,T7
F2XEEMN,28,46961,30390,731,224,114.2,<30d,60-89,S,IVR,Consolidation,T3
GQIF0KR,70,50204,53516,741,0,100.9,1-12mo,Current,NE,Agent,Federal,T7
7UH8ITH,24,43296,25055,620,183,97.7,1-12mo,1-29,MW,Web,Consolidation,T7
SFPV34B,28,43222,18939,698,262,101.0,Never,Current,NE,Agent,Federal,T4
85FBSBJ,23,92130,37495,699,127,96.1,<30d,Current,NE,Agent,Federal,T8
KNYWNGM,70,51865,34713,698,171,99.1,1-12mo,1-29,S,Web,Consolidation,T7
T6X1BM8,42,51464,39410,748,365,100.8,<30d,30-59,S,Agent,Consolidation,T4
ELF12B6,52,49059,48403,657,12,105.0,>1yr,Current,W,Web,Consolidation,T6
YWGCQQV,48,92621,43183,662,171,111.3,1-12mo,60-89,S,IVR,Federal,T3
UPZW32E,26,68395,28259,616,120,97.1,>1yr,Current,NE,Web,Consolidation,T6
9YIHGMC,46,85160,47116,544,228,106.0,Never,30-59,NE,Mobile,Consolidation,T5
ZXBV4W5,25,56094,39026,745,237,98.3,Never,Current,MW,IVR,Consolidation,T5
A4Z9JY6,58,58395,0,654,539,105.7,Never,30-59,MW,IVR,Federal,T2
2X6EKO2,37,92586,58579,718,126,97.3,1-12mo,Current,MW,Web,Federal,T7
0Q94NC2,57,58760,59552,658,258,109.6,<30d,30-59,MW,IVR,Federal,T2
I8GCUOV,23,98798,37224,589,0,114.4,<30d,60-89,NE,Mobile,Federal,T3
RACSNKC,46,43690,104565,627,212,97.5,<30d,Current,MW,Web,Consolidation,T8
3C4K91F,22,58651,49795,655,82,105.5,Never,60-89,S,Web,Federal,T5
TB2L4G5,26,56546,45946,673,93,98.5,>1yr,Current,NE,Web,Consolidation,T6
852LWKW,65,47106,43414,711,40,97.3,<30d,Current,S,Agent,Federal,T8
LT1942V,63,44185,42907,687,128,107.0,>1yr,60-89,NE,Web,Consolidation,T6
YQF64LU,54,59537,29867,635,0,103.4,<30d,Current,W,Mobile,Federal,T8
1N3ERNO,32,80936,47584,642,59,109.8,<30d,30-59,MW,IVR,Consolidation,T3
773KMHO,29,65282,33854,561,233,104.4,>1yr,Current,NE,IVR,Consolidation,T6
I3815G0,53,48485,60140,567,0,108.6,Never,90+,S,Mobile,Federal,T3
DZYP62F,61,57957,11398,734,0,113.0,<30d,60-89,W,IVR,Federal,T3
VNPCWJM,32,55010,41587,670,216,98.2,Never,Current,W,Mobile,Consolidation,T5
U1E8BW1,57,28220,45472,587,90,113.9,1-12mo,60-89,NE,Agent,Federal,T3
7ZHFKCV,51,76724,59265,687,18,105.9,<30d,30-59,NE,IVR,Federal,T8
3OU3V9W,62,15038,19412,644,218,99.1,1-12mo,1-29,S,Agent,Consolidation,T7
FFS04Y8,33,70121,8827,637,0,103.3,<30d,Current,NE,Mobile,Consolidation,T8
GXYW13H,53,84439,56651,774,157,109.1,<30d,90+,MW,IVR,Consolidation,T3
WAE82H1,23,48887,24235,762,279,104.8,>1yr,1-29,W,Mobile,Consolidation,T4
B5ZEBHG,40,53883,93663,770,0,106.9,1-12mo,30-59,NE,Web,Consolidation,T7
U7I03HZ,36,65299,8584,643,170,99.3,>1yr,1-29,S,Mobile,Consolidation,T6
F2XJWY8,37,61287,92267,656,178,100.4,Never,Current,MW,IVR,Federal,T5
6AW85O3,54,66670,45530,695,206,112.7,Never,30-59,NE,Mobile,Federal,T3
EP2X1TR,24,63851,9590,676,260,104.7,<30d,Current,NE,Web,Consolidation,T4
T1KNXCK,27,98734,50721,706,319,96.3,>1yr,30-59,W,IVR,Consolidation,T4
Y6HZXPK,70,71367,84369,701,119,105.6,1-12mo,30-59,W,IVR,Consolidation,T7
0MZKP3D,34,41888,44247,745,3,96.3,>1yr,Current,W,Agent,Federal,T6
WF6HCKV,44,42297,34710,645,369,105.6,1-12mo,60-89,S,Agent,Consolidation,T2
2QVTY16,57,49339,50047,792,95,100.5,<30d,Current,MW,Mobile,Consolidation,T8
UP2T980,62,71351,14502,685,262,114.5,Never,60-89,W,Web,Consolidation,T2
XLDPHJB,30,74065,94101,635,327,114.3,Never,30-59,MW,Mobile,Federal,T2
QVVBRA0,28,31725,48157,707,483,96.9,>1yr,60-89,S,Web,Consolidation,T4
GBIEJSB,64,52843,34594,699,86,100.9,<30d,Current,MW,Web,Federal,T8
DIKM8RY,58,83637,31566,749,0,113.7,>1yr,60-89,S,Mobile,Consolidation,T3
Z9PS18D,46,46012,40639,656,118,98.9,Never,Current,MW,Web,Consolidation,T5
MQKIOZU,24,38363,29756,742,149,103.5,>1yr,Current,S,Mobile,Federal,T6
T0SO8BW,55,56671,69384,652,196,97.3,>1yr,1-29,NE,Mobile,Consolidation,T6
JXKNE4U,24,70711,34264,685,271,98.8,1-12mo,Current,S,Agent,Federal,T4
Q2SPEWV,68,79258,92010,634,0,106.1,1-12mo,30-59,NE,Web,Consolidation,T7
DBRFBBH,64,44811,44220,760,133,109.7,>1yr,90+,S,Agent,Federal,T3
Y2FRUOP,55,42548,64826,679,293,97.1,>1yr,Current,MW,Mobile,Federal,T4
JF6PIWX,45,56763,52844,729,160,107.1,1-12mo,30-59,S,Mobile,Consolidation,T7
R275LYY,57,48318,58894,726,102,97.3,<30d,Current,W,IVR,Consolidation,T8
EQCSVTA,52,85740,8850,724,79,99.7,Never,Current,NE,Mobile,Consolidation,T5
GRMOQLO,48,37190,5405,770,0,96.7,>1yr,Current,NE,Web,Consolidation,T6
2L42ATD,48,49245,52506,681,230,112.3,<30d,30-59,NE,IVR,Consolidation,T3
4LEEBYA,28,45136,17550,732,102,112.1,>1yr,30-59,W,Agent,Federal,T3
J7CG06Q,24,53848,46329,643,158,105.0,<30d,Current,S,Web,Consolidation,T8
S8O1LP2,35,41547,82538,706,399,98.4,1-12mo,60-89,NE,Web,Consolidation,T4
WKD5DUB,41,56175,30833,687,0,106.6,1-12mo,60-89,W,Agent,Consolidation,T7
CFXUWH2,23,74784,15714,609,130,99.6,>1yr,Current,S,Mobile,Federal,T6
2GRBK50,61,66776,51133,710,137,110.5,>1yr,30-59,MW,Web,Consolidation,T3
UY5MR1D,25,45214,26878,587,54,100.6,Never,Current,NE,Mobile,Consolidation,T5
GVHICII,60,30005,67466,622,378,111.5,Never,60-89,MW,Web,Federal,T1
T4P38VS,34,66145,823,720,168,112.7,>1yr,90+,W,IVR,Consolidation,T3
AWOSF2I,61,24160,58912,747,0,106.3,Never,30-59,S,IVR,Consolidation,T5
NA45VGG,57,53581,48733,552,272,106.3,Never,30-59,MW,IVR,Consolidation,T2
1XVGFQY,26,42343,46990,574,79,103.7,1-12mo,Current,MW,Mobile,Federal,T7
HVGUUWX,27,59735,0,678,240,108.3,<30d,30-59,NE,Agent,Federal,T3
S2UUB14,31,45991,18829,571,138,111.7,1-12mo,30-59,MW,Mobile,Federal,T3
4YDGUYN,30,30589,51637,735,138,106.9,>1yr,60-89,MW,Agent,Consolidation,T6
4F13NCI,53,84327,0,597,416,98.1,1-12mo,30-59,S,Agent,Consolidation,T4
2AS81A3,46,24850,33137,689,298,99.5,Never,Current,W,IVR,Federal,T4
2ZHLHYQ,33,25354,68004,810,249,112.6,<30d,30-59,NE,Agent,Federal,T3
3FLN4JL,40,67540,55719,741,229,110.5,Never,30-59,MW,Web,Consolidation,T3
IRW44FU,67,71248,66237,624,382,102.5,1-12mo,60-89,W,Agent,Consolidation,T4
TZZKP9N,44,83191,35491,720,155,97.7,1-12mo,1-29,S,IVR,Consolidation,T7
3FHL8HW,32,15000,27154,743,220,108.4,>1yr,90+,S,Agent,Federal,T3
CEV9B0Z,69,46961,62553,647,0,112.9,<30d,90+,W,Mobile,Consolidation,T3
TLGSAUV,36,51042,61263,645,83,104.7,1-12mo,1-29,NE,Agent,Federal,T7
POJBVIQ,49,75424,39475,788,248,114.5,<30d,60-89,MW,IVR,Consolidation,T3
IJ0UJC3,59,33766,52753,654,222,112.7,1-12mo,90+,MW,Web,Federal,T3
LBZ01E5,33,49275,79808,633,210,102.8,1-12mo,Current,NE,IVR,Consolidation,T7
6CV29Z9,34,47915,58096,647,47,100.1,<30d,Current,W,Mobile,Federal,T8
OYD05V2,22,36788,40591,590,298,114.0,>1yr,60-89,NE,Agent,Federal,T2
U3WB802,28,63137,69023,701,114,112.7,>1yr,30-59,MW,Mobile,Federal,T3
MB2ZDQC,40,59505,10773,785,65,96.3,Never,Current,MW,Web,Consolidation,T5
VAQVLBP,42,81114,22791,692,270,110.8,<30d,30-59,W,Web,Consolidation,T2
0WTI03Y,67,57496,63460,661,197,99.4,<30d,Current,MW,Mobile,Consolidation,T8
AVOZXLP,53,57822,60755,694,0,99.0,Never,Current,S,IVR,Federal,T5
2VQRMX9,40,79348,46064,736,475,100.3,>1yr,60-89,W,IVR,Consolidation,T4
3JNH6O5,58,109986,62138,741,327,96.7,<30d,30-59,MW,Agent,Consolidation,T4
DOQV4J3,30,63486,41852,654,0,100.7,<30d,Current,S,IVR,Federal,T8
2460YQT,43,49581,56346,551,469,112.4,>1yr,30-59,MW,IVR,Federal,T1
IAS9DHE,36,64440,22372,505,0,113.3,Never,30-59,S,Web,Consolidation,T3
XCBMQST,60,38220,15248,666,334,107.3,>1yr,30-59,W,Mobile,Federal,T2
X8EKK2G,48,41107,51026,578,252,96.8,1-12mo,Current,NE,Mobile,Consolidation,T4
HXT2VNN,41,69383,45024,642,254,111.6,>1yr,90+,MW,IVR,Federal,T2
SNU2336,62,80114,82619,764,13,99.5,>1yr,Current,W,Web,Federal,T6
M7R06N0,68,53097,42583,705,164,102.9,<30d,1-29,S,Agent,Federal,T8
TQYR77P,45,98721,65305,639,246,105.9,1-12mo,30-59,W,Web,Consolidation,T7
Y05E9P5,22,73076,14690,544,467,109.3,Never,30-59,NE,Web,Consolidation,T1
MFUI8G0,60,68214,58560,659,184,101.8,Never,Current,NE,Mobile,Consolidation,T5
HPXUP5N,47,33398,40859,641,214,101.3,1-12mo,1-29,W,Mobile,Consolidation,T7
WBCE3H7,70,56952,41137,717,120,98.4,>1yr,Current,S,Mobile,Federal,T6
A0K6EST,27,15000,22850,756,0,112.9,>1yr,30-59,NE,Mobile,Consolidation,T3
MVDO3FC,59,73501,58790,593,92,104.6,<30d,1-29,S,Mobile,Federal,T8
C74H63T,48,25484,59607,625,87,103.3,<30d,Current,NE,Mobile,Consolidation,T8
S4QGPFK,65,28392,82274,699,372,113.5,<30d,90+,S,IVR,Federal,T2
HBR527E,61,38898,19874,782,377,107.5,<30d,60-89,MW,Agent,Federal,T2
JWHO9H6,49,62221,21556,657,214,105.3,1-12mo,60-89,NE,Web,Federal,T7
4QPJHK4,66,23781,42358,688,41,105.3,>1yr,30-59,NE,Web,Consolidation,T6
BHZFKFQ,51,32231,14175,658,255,103.5,1-12mo,Current,S,Web,Federal,T4
S49BRX6,26,62923,19647,814,67,101.3,Never,Current,W,Agent,Federal,T5
DK6APNK,26,71655,90506,641,383,113.0,1-12mo,30-59,NE,Web,Federal,T2
IMKIHVM,28,61773,104561,699,305,105.5,1-12mo,30-59,S,Mobile,Consolidation,T2
O41UPIE,32,40544,39117,697,8,114.9,>1yr,30-59,MW,Web,Federal,T3
D7CXPDW,61,46932,20941,650,232,95.5,Never,Current,NE,Agent,Consolidation,T5
87TWX1N,69,34165,54690,645,11,97.5,>1yr,Current,MW,Mobile,Consolidation,T6
C47CK81,42,60459,25191,717,88,100.1,<30d,Current,W,Web,Federal,T8
5S20O16,44,38731,20798,743,75,105.0,>1yr,Current,W,Agent,Federal,T6
WVDMX7H,66,76519,71473,630,191,113.7,1-12mo,30-59,W,Agent,Federal,T3
2832DQV,55,42242,5182,744,194,107.4,<30d,30-59,MW,Mobile,Federal,T8
MCMHPWX,59,76522,41321,680,126,106.1,1-12mo,30-59,MW,Web,Consolidation,T7
PS9NSO4,37,71477,43421,693,189,100.4,Never,Current,MW,IVR,Federal,T5
OJ8MBDT,60,60464,77612,656,247,96.7,<30d,Current,W,Agent,Consolidation,T8
MDW50SR,61,51795,0,716,241,97.2,>1yr,Current,MW,Agent,Consolidation,T6
J4DXX05,42,79136,17792,649,155,111.6,1-12mo,30-59,MW,Agent,Consolidation,T3
8T36EY4,41,33570,37550,581,18,110.1,1-12mo,60-89,S,Mobile,Federal,T3
IJSO4G7,57,89227,9625,524,303,112.4,>1yr,60-89,NE,Web,Federal,T2
QHPPU7C,49,23493,53458,667,366,112.7,1-12mo,60-89,S,Web,Consolidation,T2
0ESXA31,69,35398,51554,670,165,106.4,<30d,30-59,S,Agent,Consolidation,T8
MYQI5GF,51,68072,0,649,157,109.4,Never,60-89,MW,Mobile,Consolidation,T3
LED4Q53,29,80844,12384,805,4,113.4,1-12mo,30-59,MW,Web,Federal,T3
PUDAF0N,43,69475,8486,720,101,109.7,<30d,30-59,S,IVR,Federal,T3
81GNFXQ,50,61412,0,709,66,113.1,>1yr,60-89,NE,Mobile,Federal,T3
F6H48EZ,62,73596,34908,644,88,112.7,Never,60-89,W,Web,Federal,T3
T0QG81R,38,89701,43056,701,169,100.1,Never,1-29,MW,Mobile,Consolidation,T5
YDW58Y9,24,63708,77833,614,48,109.2,1-12mo,90+,MW,Agent,Consolidation,T3
R4CYYF5,33,70060,50493,691,262,98.8,>1yr,Current,S,IVR,Consolidation,T4
VZQI9CU,47,58816,32514,617,225,99.8,1-12mo,Current,NE,IVR,Consolidation,T7
5MWXQ6O,56,75437,90833,701,214,112.7,>1yr,60-89,MW,IVR,Consolidation,T3
H1ZGUNH,60,35658,22615,701,7,110.4,1-12mo,30-59,W,Agent,Consolidation,T3
4I1EXJW,28,54940,45578,708,386,108.5,Never,30-59,S,Web,Consolidation,T1
3L72FK1,46,38788,49828,664,309,96.8,1-12mo,60-89,MW,Web,Federal,T4
4M7JPDG,51,64420,37732,712,403,111.9,<30d,90+,MW,IVR,Federal,T2
3XHX7D5,58,42697,17424,644,292,113.7,1-12mo,30-59,NE,Mobile,Consolidation,T2
WLYG6B8,38,35250,53770,698,47,96.2,1-12mo,Current,NE,Agent,Consolidation,T7
KIHVPVL,69,56065,55712,667,35,102.7,Never,Current,S,Web,Federal,T5
6FCQEH3,62,59455,53831,738,144,110.6,1-12mo,60-89,MW,Agent,Consolidation,T3
0U6D2ET,66,94984,56110,675,188,114.6,Never,60-89,MW,Web,Federal,T3
5A99C3I,61,38697,39005,594,255,105.9,Never,30-59,S,Web,Federal,T2
G5A4T1S,61,23696,16683,722,344,103.9,Never,60-89,MW,Mobile,Consolidation,T4
NRGJEYM,26,70719,38657,725,347,110.2,>1yr,60-89,MW,IVR,Federal,T2
K8CEEGV,50,35396,31958,669,43,105.0,<30d,Current,S,Mobile,Consolidation,T8
W8NU71W,46,25321,15723,613,32,104.3,>1yr,Current,MW,IVR,Consolidation,T6
OB3W77F,59,70844,22587,766,176,109.3,1-12mo,60-89,MW,Agent,Federal,T3
GDUP207,25,60939,35021,768,109,103.7,1-12mo,Current,NE,IVR,Consolidation,T7
1J5Y6M8,44,67809,25853,667,203,101.9,<30d,Current,MW,Web,Consolidation,T8
5H7VI72,43,64346,43080,675,116,100.8,>1yr,1-29,W,Agent,Consolidation,T6
NLV9PMC,36,72463,36338,641,499,98.5,<30d,90+,MW,Agent,Consolidation,T4
KJ4EAX5,30,15000,19772,730,375,95.9,1-12mo,30-59,NE,Agent,Federal,T4
IIW3O08,43,34015,13888,583,0,99.7,<30d,1-29,S,IVR,Consolidation,T8
4IUIDOB,35,45658,34108,766,69,103.5,>1yr,Current,S,IVR,Federal,T6
DGRLA6X,70,15000,40315,755,121,99.8,>1yr,Current,S,Agent,Federal,T6
6SI3FTF,63,76334,46277,623,94,97.9,1-12mo,Current,MW,Web,Consolidation,T7
PK6CUMP,34,46851,49976,637,261,98.7,<30d,1-29,MW,Agent,Federal,T4
H5DOUJ2,50,107636,73166,637,0,103.6,<30d,Current,MW,IVR,Consolidation,T8
ZTBTSET,24,27033,50931,598,21,98.5,1-12mo,Current,S,Mobile,Federal,T7
Z1J00WC,70,41979,0,717,211,102.3,1-12mo,1-29,S,Web,Federal,T7
VIDPT0O,65,52192,29217,723,230,96.1,1-12mo,Current,NE,IVR,Consolidation,T7
A0YOQ44,63,53198,21733,579,0,105.0,1-12mo,1-29,W,Agent,Consolidation,T7
HAAASEM,59,63904,56774,570,43,106.2,<30d,30-59,NE,Web,Federal,T8
QP5193T,38,50143,83187,600,384,96.2,<30d,30-59,S,IVR,Consolidation,T4
HOT4E5R,59,37959,44936,718,149,113.8,1-12mo,30-59,MW,Mobile,Consolidation,T3
9Q7801T,58,92278,91029,581,90,106.3,1-12mo,30-59,W,Agent,Federal,T7
BBZBTQF,67,63084,53618,662,162,112.9,>1yr,30-59,MW,Agent,Consolidation,T3
WXCDPIF,44,85864,44364,775,326,107.4,>1yr,30-59,MW,Web,Consolidation,T2
MBRIWN3,29,46474,38114,621,145,100.5,<30d,Current,MW,Agent,Federal,T8
6U4B8TU,53,67645,87761,664,56,108.6,>1yr,30-59,W,Mobile,Federal,T3
48LDO0Y,33,58888,58770,648,304,96.6,1-12mo,30-59,NE,Web,Federal,T4
UWGIBU7,25,56481,24285,666,1,107.2,Never,30-59,S,Web,Consolidation,T5
73NFNC3,30,60404,56192,671,265,105.3,<30d,90+,S,Agent,Consolidation,T2
OYE39DV,51,60638,50486,728,498,113.6,<30d,30-59,W,Web,Consolidation,T2
M9UZT8O,49,52876,93047,439,380,113.6,Never,60-89,MW,IVR,Consolidation,T1
V2UTWGO,41,58495,62706,597,219,103.0,1-12mo,Current,W,IVR,Federal,T7
NF24QME,68,67256,76706,636,89,106.5,>1yr,30-59,S,Mobile,Consolidation,T6
5TRLWVQ,57,41425,55993,617,106,108.3,<30d,30-59,MW,Mobile,Federal,T3
QQ76N34,47,45788,15193,665,249,95.8,1-12mo,Current,S,Agent,Federal,T7
PQ3HAYF,58,42555,16905,620,16,113.3,1-12mo,60-89,MW,IVR,Consolidation,T3
M38F772,32,58881,56702,695,256,103.7,>1yr,Current,MW,Mobile,Consolidation,T4
RDQW7Q1,47,38223,26592,766,0,112.8,1-12mo,60-89,S,Web,Federal,T3
GUYQJBW,47,52596,49363,790,416,110.2,>1yr,60-89,MW,Agent,Federal,T1
KJXP1Z8,60,77364,79192,620,80,97.2,Never,1-29,S,Mobile,Federal,T5
K5K4YQ7,57,21500,92809,684,0,109.7,<30d,60-89,W,IVR,Consolidation,T3
X20BFJK,55,58741,38542,728,178,108.5,1-12mo,30-59,S,Web,Federal,T3
MFZ0KVO,60,79981,39025,792,0,112.2,1-12mo,60-89,MW,Agent,Consolidation,T3
JLRD9AS,28,26164,64030,526,86,106.0,1-12mo,90+,MW,IVR,Federal,T7
JXJ6L7R,51,60516,37608,707,76,105.5,<30d,30-59,NE,Mobile,Federal,T8
OC7JNC3,55,15000,71933,748,22,107.1,<30d,30-59,S,Agent,Federal,T8
5WISWGG,25,64247,44852,630,0,114.6,<30d,30-59,S,IVR,Federal,T3
0MPN7HG,54,68922,42267,666,269,106.9,1-12mo,90+,MW,IVR,Consolidation,T2
CSBK7K0,58,78188,69157,705,131,96.4,1-12mo,Current,NE,Agent,Federal,T7
NJRVXNC,62,59197,71148,595,39,107.3,<30d,30-59,W,IVR,Consolidation,T8
C3RFYGZ,70,61381,18397,626,293,95.9,1-12mo,Current,MW,Mobile,Federal,T4
S33NBB1,61,50259,35910,692,308,96.0,>1yr,90+,NE,Agent,Federal,T4
QP9CRGI,68,47892,55665,778,0,107.9,1-12mo,30-59,MW,IVR,Federal,T7
D9RZY7B,30,15000,114065,725,243,110.3,<30d,90+,W,Mobile,Federal,T3
4890T8Y,41,42165,42907,783,374,104.7,<30d,30-59,W,Web,Federal,T4
99Q5CJZ,52,25707,43232,543,201,99.4,<30d,1-29,S,Mobile,Consolidation,T8
UN95GAJ,50,17647,62515,687,0,96.6,1-12mo,Current,W,Web,Federal,T7
CX9E70Q,56,15000,45120,595,79,109.6,>1yr,30-59,MW,Web,Consolidation,T3
PZGEWR9,36,66890,2502,704,423,111.2,>1yr,60-89,S,Agent,Federal,T1
V3QC6DV,23,69027,53496,834,168,98.0,<30d,1-29,MW,Mobile,Consolidation,T8
BAHIII0,63,31964,36598,755,95,102.6,>1yr,Current,NE,Web,Federal,T6
7OHNYO3,42,62643,60959,592,114,113.7,<30d,60-89,MW,Agent,Federal,T3
69XYVFB,35,53341,25862,704,0,101.5,Never,Current,S,Mobile,Federal,T5
TYYTPC6,63,16758,68022,689,316,103.6,>1yr,60-89,MW,IVR,Federal,T4
LJJBBS7,44,56096,60050,576,88,109.4,Never,30-59,W,IVR,Consolidation,T3
03OKJKU,32,15000,58033,731,0,97.8,>1yr,Current,S,Web,Federal,T6
7TPDBI7,70,60840,0,714,115,97.9,1-12mo,Current,NE,IVR,Federal,T7
8WDF47G,66,53324,34415,753,204,106.9,Never,30-59,S,Web,Federal,T5
5LOXMRV,40,62840,52346,694,0,111.5,1-12mo,30-59,S,Agent,Federal,T3
9YPBDJ5,33,72852,0,723,76,114.6,1-12mo,60-89,NE,Agent,Consolidation,T3
FZ3PA94,32,33385,35750,605,306,105.2,>1yr,60-89,NE,IVR,Federal,T2
Z1F8KK7,25,43530,54238,711,486,100.5,>1yr,60-89,S,IVR,Federal,T4
J6Y9J2H,30,82050,90501,712,76,104.3,<30d,Current,MW,Agent,Consolidation,T8
TK7GZJF,49,39357,12082,639,432,109.0,Never,90+,W,Agent,Federal,T1
IVPYP2T,46,39167,30668,606,0,108.7,1-12mo,30-59,W,Web,Consolidation,T3
86RG460,40,99520,45839,753,133,113.4,>1yr,60-89,S,Mobile,Consolidation,T3
ZA5MQIA,66,56230,58190,706,63,97.5,Never,Current,S,IVR,Consolidation,T5
WXZZ5WE,56,82700,43170,656,161,109.1,Never,60-89,MW,Web,Consolidation,T3
7TU8O21,69,34064,14703,850,126,95.6,>1yr,Current,NE,Agent,Federal,T6
JABSYAJ,56,49516,44918,703,0,113.6,Never,30-59,S,Agent,Federal,T3
QL3CEG0,25,76839,38361,662,0,110.7,Never,60-89,W,IVR,Consolidation,T3
0C0OC9A,68,74531,48237,635,215,99.4,1-12mo,Current,W,Agent,Federal,T7
QJRWAYS,27,45703,34580,570,185,107.8,<30d,30-59,S,IVR,Federal,T8
O9B8PVO,44,43309,52345,796,175,103.0,Never,Current,MW,Web,Federal,T5
YJXXC1L,42,33936,56552,677,296,102.6,>1yr,Current,NE,IVR,Consolidation,T4
0AEEDOD,34,43872,0,699,31,109.7,<30d,30-59,MW,Agent,Consolidation,T3
0MXFUFH,29,40089,74751,620,380,111.1,>1yr,30-59,S,IVR,Federal,T1
S7HLH16,32,46791,61935,562,100,102.7,>1yr,Current,W,Web,Federal,T6
SP7FMV8,67,83211,55465,763,0,109.6,>1yr,60-89,MW,Mobile,Consolidation,T3
E3E9LY9,41,66798,74863,660,0,105.0,>1yr,Current,W,Agent,Consolidation,T6
7J65MBV,25,40315,29321,716,304,111.2,1-12mo,30-59,W,IVR,Federal,T2
MPASOLT,62,36858,55424,608,11,104.8,<30d,Current,W,Agent,Consolidation,T8
4PCVOVM,66,46001,21893,771,121,113.0,<30d,90+,W,Mobile,Federal,T3
Q26S3V5,69,62278,47115,682,118,110.8,<30d,30-59,MW,IVR,Consolidation,T3
4TGK1YN,62,29631,58279,724,0,107.5,Never,60-89,W,Agent,Federal,T5
KVYSOB5,27,62009,28631,661,0,98.3,1-12mo,1-29,NE,Web,Federal,T7
3K350Z8,69,55575,15476,594,193,106.1,1-12mo,60-89,S,Mobile,Consolidation,T7
7BOVUGF,52,25082,93946,752,154,102.5,>1yr,Current,MW,Web,Federal,T6
0GN3L7W,57,61665,41757,663,313,99.1,1-12mo,30-59,MW,Mobile,Federal,T4
NKO0U5D,30,37022,52066,560,289,107.9,1-12mo,30-59,S,Mobile,Federal,T2
GINPTAV,62,54819,45777,613,315,103.5,Never,90+,NE,Mobile,Consolidation,T4
FY30L0X,66,65113,57923,601,190,104.8,Never,1-29,W,Mobile,Federal,T5
07LMG56,55,37766,41899,650,57,107.0,>1yr,30-59,W,IVR,Consolidation,T6
S9J5JLU,42,22073,67321,716,435,95.8,<30d,30-59,NE,Mobile,Federal,T4
JOXUWEW,59,55000,38949,718,0,103.8,1-12mo,Current,NE,Web,Consolidation,T7
IK1NA3D,35,29644,70360,733,43,103.5,<30d,Current,NE,Mobile,Federal,T8
8EYPWO7,66,51575,34088,631,278,113.2,>1yr,30-59,MW,Mobile,Federal,T2
NTKWAEP,46,48666,15268,702,0,98.7,Never,Current,MW,Mobile,Consolidation,T5
IG39TBH,24,38532,79302,685,18,114.9,<30d,90+,MW,IVR,Consolidation,T3
053E31V,56,52261,29296,785,184,97.2,1-12mo,Current,MW,Web,Federal,T7
4SQ1NM9,35,53258,39554,647,217,110.1,<30d,30-59,S,Mobile,Federal,T3
IYPJ250,67,68824,55558,557,258,101.7,>1yr,1-29,S,IVR,Consolidation,T4
UAVX9ID,38,22163,70030,731,37,110.9,<30d,90+,S,Web,Federal,T3
DEQOKYH,34,62579,63667,644,29,114.0,<30d,60-89,NE,IVR,Federal,T3
YUC7ZKF,62,39499,31337,655,307,111.5,<30d,30-59,NE,Web,Federal,T2
YDZUZT6,41,68543,65073,712,260,106.1,1-12mo,60-89,MW,Web,Consolidation,T2
78CV34W,43,61313,38355,695,299,105.8,>1yr,90+,MW,Agent,Consolidation,T2
MXSA686,26,56523,54094,573,445,100.8,>1yr,90+,W,Web,Consolidation,T4
H3P847N,30,82949,23687,601,0,102.1,>1yr,1-29,W,Mobile,Consolidation,T6
EN5N9MM,28,21057,85724,675,140,111.0,Never,30-59,MW,IVR,Federal,T3
PNTFPXD,32,20332,29694,554,301,111.9,<30d,30-59,W,Agent,Consolidation,T2
O5HIINL,26,80854,63100,685,430,113.3,Never,90+,MW,Mobile,Consolidation,T1
L71N8UC,61,71719,32062,664,203,107.0,>1yr,30-59,W,Mobile,Federal,T6
7RORM9B,28,82156,24133,701,165,99.0,1-12mo,1-29,W,Mobile,Consolidation,T7
QVEGBA4,27,50838,75424,740,63,101.8,<30d,Current,MW,Web,Federal,T8
RLDM2DF,67,62315,45354,730,229,113.7,<30d,30-59,W,Web,Consolidation,T3
R0BSOVO,41,43807,15804,640,80,100.5,1-12mo,Current,NE,Agent,Consolidation,T7
ABL348L,37,84949,58130,633,0,109.2,<30d,90+,W,Mobile,Consolidation,T3
4P74TD0,39,41091,4955,654,0,98.5,>1yr,1-29,S,Web,Consolidation,T6
LUXLOR7,46,27427,76820,689,236,100.8,<30d,Current,NE,Mobile,Consolidation,T8
450LV7C,61,56207,53111,765,0,108.8,<30d,30-59,MW,Agent,Federal,T3
DNEI5A5,31,66042,23171,589,31,96.3,<30d,Current,MW,Web,Federal,T8
IMA04HV,60,34613,56298,735,306,98.3,1-12mo,60-89,NE,Agent,Consolidation,T4
LY0NV2A,36,86433,31357,690,118,113.5,<30d,30-59,MW,Agent,Consolidation,T3
LNZSLV7,53,76044,15242,814,351,102.0,1-12mo,60-89,MW,IVR,Federal,T4
GLFETZG,61,51182,43878,718,209,114.8,1-12mo,60-89,MW,Agent,Consolidation,T3
3XLNQ90,23,32955,77690,538,139,108.8,>1yr,30-59,MW,IVR,Consolidation,T3
TM0K0GH,51,42991,38014,684,595,98.6,<30d,30-59,MW,IVR,Consolidation,T4
TU8980E,68,53551,61331,694,217,113.5,Never,60-89,S,Web,Consolidation,T3
TIGTSC0,41,47852,45050,596,219,95.1,Never,Current,S,IVR,Federal,T5
PVK6R3J,28,36653,83193,722,169,113.9,1-12mo,30-59,S,Agent,Consolidation,T3
9H2EKP4,58,30748,40985,743,195,102.6,>1yr,1-29,NE,Mobile,Federal,T6
61ESF9T,69,35279,41942,626,0,110.3,<30d,60-89,W,Mobile,Federal,T3
JQEX65P,46,59684,55636,664,3,105.1,1-12mo,90+,S,Mobile,Federal,T7
ALZNHJ9,47,75301,25203,650,71,104.6,1-12mo,Current,W,Web,Federal,T7
GV296VH,52,51449,73314,601,463,110.2,>1yr,30-59,S,IVR,Federal,T1
SMSATXK,22,59678,53201,636,70,98.5,1-12mo,Current,S,Web,Federal,T7
G4AF84M,44,40279,44336,553,218,108.3,1-12mo,30-59,S,Agent,Consolidation,T3
M7BPN0Y,34,75817,35369,647,200,103.6,<30d,Current,MW,Agent,Consolidation,T8
2BISXKK,65,38633,50865,730,145,108.2,<30d,30-59,MW,Web,Consolidation,T3
RVINNUO,61,89664,71888,758,173,112.1,<30d,30-59,W,Mobile,Federal,T3
GPNMWVE,64,34039,69027,597,135,99.6,>1yr,1-29,S,Agent,Consolidation,T6
A5W4QGN,61,40042,65724,736,208,105.8,>1yr,30-59,W,Web,Consolidation,T6
OUYR48H,54,47391,62754,734,386,100.2,<30d,30-59,NE,Web,Consolidation,T4
3CTTYLE,41,63956,21085,701,310,103.2,>1yr,60-89,MW,Web,Federal,T4
0XC7PQF,34,77319,13882,799,207,99.5,<30d,Current,MW,Agent,Consolidation,T8
5QP9DFP,43,44302,53771,676,166,100.0,<30d,1-29,S,Web,Consolidation,T8
VCLJ18Y,63,49117,62125,626,146,102.1,Never,Current,NE,Web,Federal,T5
T61C4DK,56,82518,71541,620,204,107.2,>1yr,30-59,NE,Mobile,Consolidation,T6
G4NQAY7,50,39192,14428,777,282,112.8,<30d,30-59,W,Web,Federal,T2
0FF391E,22,61398,9297,700,64,100.3,1-12mo,1-29,S,Agent,Federal,T7
2DUIXVP,52,36045,39009,715,270,96.8,Never,Current,S,Agent,Consolidation,T4
QX7BWFC,65,60742,60866,707,0,106.3,1-12mo,60-89,S,Agent,Federal,T7
782F04B,62,67493,62264,783,161,102.5,<30d,Current,MW,Agent,Consolidation,T8
XZJXBDM,52,78956,30619,650,318,102.8,1-12mo,30-59,W,Mobile,Consolidation,T4
QSV2CLJ,58,29651,72256,666,143,113.5,1-12mo,30-59,NE,Web,Federal,T3
9AT9UJ3,35,21760,87048,729,179,113.0,>1yr,30-59,S,Agent,Consolidation,T3
MNIHC9W,59,25301,18252,729,231,96.5,Never,Current,W,IVR,Consolidation,T5
O9LO7P5,36,66177,38843,636,76,114.6,<30d,60-89,S,Agent,Consolidation,T3
6QN2JH7,64,43209,57080,597,111,110.7,>1yr,30-59,NE,Agent,Consolidation,T3
T3RJ56M,25,79901,73905,656,72,109.9,Never,30-59,MW,Mobile,Consolidation,T3
XRFAZAY,37,76137,45926,625,12,97.2,>1yr,Current,MW,Web,Consolidation,T6
TA3YHCZ,67,15000,65201,734,276,109.8,>1yr,60-89,S,Agent,Federal,T2
X5OH7OG,65,117122,57693,669,332,100.4,<30d,30-59,MW,Agent,Consolidation,T4
HY62862,54,52288,58184,750,361,98.9,Never,60-89,MW,Web,Consolidation,T4
3LKNEQ3,29,42254,20052,604,19,111.1,>1yr,30-59,S,IVR,Consolidation,T3
HQJZ4PU,52,50982,52165,566,342,109.5,1-12mo,30-59,NE,Agent,Consolidation,T2
1RES1FQ,67,57980,16685,788,256,101.9,Never,Current,S,Web,Federal,T4
K4LOTV4,59,66316,77338,637,74,106.6,<30d,60-89,W,Web,Consolidation,T8
EK7GK5G,25,85166,17390,628,128,104.4,1-12mo,Current,S,IVR,Consolidation,T7
P4PIY5I,23,53019,46114,792,193,102.7,>1yr,Current,S,IVR,Consolidation,T6
BPN0K3E,45,86646,41183,697,111,96.9,>1yr,Current,MW,Web,Consolidation,T6
2E3Z1WH,60,57427,40941,718,60,114.2,1-12mo,90+,MW,Mobile,Consolidation,T3
UD7AYNG,26,86625,28754,650,184,95.7,1-12mo,Current,S,Agent,Consolidation,T7
RJBNXBS,70,49816,68483,677,201,99.4,<30d,Current,S,Mobile,Federal,T8
ZGBF64K,48,31313,59120,699,152,100.1,>1yr,Current,W,IVR,Consolidation,T6
4KLM83R,25,51493,17310,637,61,110.4,<30d,30-59,W,IVR,Federal,T3
E12TN8J,26,65476,54468,609,279,102.0,>1yr,Current,MW,IVR,Federal,T4
5N8KIMD,46,42250,65654,809,399,102.7,Never,60-89,W,Mobile,Consolidation,T4
BG0IUFW,25,46146,26877,549,0,95.2,Never,Current,MW,IVR,Consolidation,T5
FRB2GG0,43,93466,55356,679,231,99.3,>1yr,Current,S,Web,Consolidation,T6
FWOQ6M4,24,62777,59519,643,279,99.6,>1yr,Current,W,IVR,Consolidation,T4
PHT0ZRM,45,57372,57535,672,0,113.4,<30d,30-59,W,IVR,Federal,T3
BFXITP5,54,68320,55727,644,182,95.2,1-12mo,Current,MW,Agent,Consolidation,T7
641NKI1,50,106939,28212,693,0,113.1,Never,60-89,W,Web,Consolidation,T3
BQ72P9W,61,27509,60537,510,162,108.3,>1yr,90+,W,Mobile,Federal,T3
3LLOGIE,65,57995,61893,674,58,97.4,Never,Current,S,Agent,Consolidation,T5
8M9DMYT,57,15000,35765,653,347,95.1,>1yr,60-89,W,Mobile,Consolidation,T4
YDMORPV,31,68435,36396,687,158,97.1,>1yr,Current,MW,Agent,Federal,T6
VN4H8MZ,64,63038,78628,734,1,111.3,>1yr,30-59,W,Agent,Consolidation,T3
PEOE51J,59,62220,68951,562,262,97.6,>1yr,Current,NE,Mobile,Consolidation,T4
L51UTB6,26,81268,34273,680,367,109.6,Never,30-59,S,IVR,Consolidation,T1
6C6BPCD,22,48680,51282,803,130,113.8,>1yr,30-59,MW,Agent,Consolidation,T3
MIEH55H,32,52351,89811,715,0,102.0,>1yr,Current,MW,Mobile,Federal,T6
2NWXLLL,69,53474,58108,578,118,96.4,1-12mo,Current,S,Mobile,Consolidation,T7
ROWO8H7,26,69044,59421,645,396,100.5,>1yr,30-59,NE,IVR,Federal,T4
4CB97RS,66,15000,38668,749,41,107.6,<30d,60-89,NE,IVR,Consolidation,T8
8OQ7ND9,63,28797,62088,722,0,99.5,Never,Current,MW,IVR,Federal,T5
G3BLGWV,69,53051,69819,576,254,95.2,1-12mo,Current,MW,Agent,Federal,T4
97BP2M8,59,58395,42741,618,182,111.3,1-12mo,60-89,W,Web,Federal,T3
0CNTNHD,53,39171,86931,647,564,110.9,<30d,60-89,MW,Agent,Federal,T2
7CQEUFK,42,57133,88279,619,140,99.0,Never,Current,NE,IVR,Federal,T5
K3PFVQT,28,53832,54168,681,179,101.3,<30d,Current,W,Agent,Federal,T8
JRJ0V2S,54,43271,64826,528,117,101.6,1-12mo,Current,MW,Web,Consolidation,T7
X3ENMQL,60,58467,79571,611,301,96.2,>1yr,30-59,MW,Web,Federal,T4
2QSXJGO,39,45222,0,694,295,98.5,Never,Current,S,Agent,Federal,T4
KATA7X6,45,56032,38131,701,178,113.6,<30d,30-59,W,IVR,Consolidation,T3
VECW6FU,57,15000,28990,598,0,100.1,Never,1-29,S,Mobile,Federal,T5
17QIUF2,45,38766,34051,613,392,100.7,Never,30-59,S,Agent,Consolidation,T4
ELUL7OV,27,45162,87428,634,46,95.7,1-12mo,Current,MW,Mobile,Federal,T7
TC950MZ,30,16176,22585,675,66,104.2,Never,Current,W,Mobile,Federal,T5
SABO10F,35,24375,26226,538,329,114.4,<30d,90+,W,Web,Consolidation,T2
LTZPXCX,65,61879,25718,719,104,96.3,>1yr,1-29,MW,Mobile,Consolidation,T6
0CHLHBK,44,48880,43557,666,219,108.9,>1yr,60-89,NE,Web,Consolidation,T3
LWWZH8X,38,76385,50957,663,280,105.5,>1yr,30-59,W,Web,Federal,T2
WKSPJWB,57,92881,57411,613,0,95.7,Never,1-29,W,IVR,Consolidation,T5
IQRR6EK,36,71830,0,733,0,111.2,Never,30-59,W,Web,Federal,T3
4O78JU8,69,114956,44965,674,0,109.2,>1yr,30-59,NE,Agent,Consolidation,T3
0WZFW5V,56,99663,31143,645,71,104.4,<30d,Current,S,Mobile,Consolidation,T8
2K8IAF7,56,42594,8444,746,0,96.6,>1yr,1-29,W,Agent,Consolidation,T6
N12M9ZE,42,37875,34471,697,272,107.7,Never,60-89,S,Mobile,Consolidation,T2
L69H3EO,42,34531,13801,737,398,101.3,1-12mo,30-59,MW,Web,Consolidation,T4
QQXL3PU,34,33988,40297,636,98,105.2,1-12mo,30-59,MW,Agent,Federal,T7
YUIUXJQ,31,55787,30186,722,133,110.6,Never,30-59,NE,Web,Consolidation,T3
PREIJHT,25,55044,6300,575,96,99.1,>1yr,Current,NE,Web,Federal,T6
KY2RRT3,60,89175,0,765,81,98.0,Never,Current,NE,IVR,Consolidation,T5
E89MZHR,23,33278,31945,602,303,105.6,>1yr,60-89,S,Agent,Federal,T2
Z5V5QO4,37,15000,34123,602,124,95.5,Never,Current,NE,IVR,Consolidation,T5
PBX7MC9,25,42369,39137,795,206,114.4,>1yr,60-89,NE,Agent,Consolidation,T3
CD8MI62,31,102925,18552,655,427,101.2,Never,60-89,S,Web,Federal,T4
45V3TDD,68,88535,100209,578,295,112.3,<30d,60-89,NE,Mobile,Consolidation,T2
0LL8CC2,63,71087,35381,716,419,99.3,>1yr,60-89,MW,IVR,Federal,T4
LDS67VA,48,104478,57316,614,256,99.8,1-12mo,1-29,MW,Agent,Consolidation,T4
62SKNY9,39,69859,37904,746,361,103.3,Never,60-89,S,Web,Federal,T4
R8U9W41,35,97109,79547,616,255,107.2,Never,30-59,W,Mobile,Federal,T2
DWES2B7,44,109865,1312,744,15,106.2,1-12mo,60-89,NE,Web,Consolidation,T7
OMFGOCK,62,54503,74730,597,94,98.8,<30d,1-29,W,IVR,Federal,T8
87T88UL,59,69095,42757,669,156,112.7,>1yr,60-89,S,Web,Federal,T3
E4IKZYX,53,15000,56508,645,123,107.0,1-12mo,90+,NE,Web,Federal,T7
XCDCSNV,52,58696,30786,606,70,102.3,1-12mo,1-29,S,Mobile,Federal,T7
TLR0OUY,51,75671,59740,576,434,103.8,>1yr,30-59,W,Web,Federal,T4
VVCQ6VR,38,39827,50257,710,249,95.6,>1yr,Current,W,Mobile,Federal,T6
X7HODL3,38,34574,45946,646,222,95.5,>1yr,Current,MW,Mobile,Federal,T6
A3W4XZH,31,70969,48762,642,0,98.1,1-12mo,Current,MW,Agent,Federal,T7
67ZPGOI,67,73726,68892,725,372,103.7,>1yr,60-89,NE,Mobile,Consolidation,T4
7I8GUXC,33,80301,45127,682,149,112.3,>1yr,60-89,MW,Agent,Federal,T3
9VBOXCM,70,63022,0,644,52,96.2,<30d,1-29,MW,Agent,Federal,T8
ZIR047P,35,64408,73649,706,343,96.8,1-12mo,30-59,MW,Agent,Consolidation,T4
SGT2JS0,58,56283,24315,637,208,111.2,>1yr,30-59,NE,Agent,Federal,T3
I1I50LK,47,50955,56579,696,268,99.8,<30d,Current,NE,Agent,Consolidation,T4
QRKZUOY,26,46237,14279,704,422,99.6,1-12mo,90+,W,IVR,Federal,T4
WZI0VUS,31,80683,36222,595,0,103.0,1-12mo,Current,S,Web,Federal,T7
Q3R1QRM,53,29266,30936,704,101,110.6,<30d,30-59,MW,Web,Federal,T3
S78B1ER,69,39958,12665,697,82,101.3,Never,Current,W,Mobile,Federal,T5
07PND5C,33,37943,49806,676,443,106.1,>1yr,30-59,W,IVR,Federal,T2
CHR7VUH,26,69546,6413,731,187,114.7,>1yr,30-59,NE,Mobile,Consolidation,T3
3BYEII0,30,48694,45123,514,26,106.2,<30d,30-59,NE,IVR,Federal,T8
5O5SVXL,57,15000,61256,620,0,109.2,>1yr,60-89,MW,Agent,Consolidation,T3
MRLWNEC,64,54552,28491,796,184,101.6,1-12mo,Current,S,Agent,Consolidation,T7
1EI912P,43,67558,34225,663,150,112.0,Never,90+,W,Web,Federal,T3
WF8KDZC,55,37563,73278,679,291,108.6,1-12mo,60-89,S,IVR,Consolidation,T2
TAP79OD,68,80221,61101,716,358,107.2,Never,60-89,MW,IVR,Federal,T2
4HCDTPT,51,36590,65449,692,0,114.6,>1yr,90+,S,IVR,Consolidation,T3
2HSA0F8,60,15000,22687,698,0,113.8,>1yr,60-89,S,Mobile,Consolidation,T3
AV8D2VZ,29,89539,32195,721,419,110.0,Never,60-89,NE,Web,Federal,T1
AWUIIAF,52,77396,48144,680,239,99.3,>1yr,Current,S,Web,Consolidation,T6
1TIIL1Y,33,83163,9138,658,219,102.5,Never,Current,S,IVR,Federal,T5
2RRIQ68,24,59320,24002,647,24,95.7,>1yr,Current,W,Agent,Federal,T6
57OO8UT,34,81862,78884,636,225,98.4,Never,Current,MW,Mobile,Consolidation,T5
PIW5TXN,43,71965,61417,693,366,95.5,<30d,60-89,NE,Mobile,Federal,T4
5Q0APMC,31,66064,70591,586,129,105.7,>1yr,60-89,W,Agent,Consolidation,T6
H7CW2OZ,30,52757,15178,655,0,95.2,Never,Current,S,Web,Consolidation,T5
3WC4H9Y,54,34456,25169,651,162,107.4,1-12mo,30-59,MW,Agent,Consolidation,T7
28SCVL8,31,55661,57971,623,425,106.0,1-12mo,30-59,S,Mobile,Federal,T2
M59KYHN,22,40053,26032,657,350,100.3,1-12mo,60-89,W,IVR,Federal,T4
WMX003F,60,72165,85371,618,63,99.4,Never,1-29,MW,Mobile,Federal,T5
ITD35NI,65,44073,13087,603,209,97.5,<30d,Current,MW,Agent,Consolidation,T8
A9GWXSL,22,65225,85294,668,220,98.0,Never,Current,NE,IVR,Federal,T5
I1H874H,47,69836,67039,726,126,98.8,<30d,Current,S,Mobile,Consolidation,T8
NQ9F344,44,81223,37228,662,367,111.1,Never,30-59,NE,IVR,Consolidation,T1
FK8GJI6,38,78190,38941,650,257,98.7,Never,Current,NE,Agent,Federal,T4
CUOBJS3,51,44391,9609,714,21,111.1,1-12mo,60-89,NE,Web,Consolidation,T3
SGVOU8D,33,65632,58196,575,109,99.1,>1yr,Current,W,IVR,Consolidation,T6
0331R10,52,46332,17671,758,516,113.0,Never,30-59,W,IVR,Consolidation,T1
N2HMGTF,32,40645,35972,695,280,101.2,>1yr,Current,MW,IVR,Federal,T4
9WWI3TS,49,44418,39707,676,347,101.8,<30d,30-59,S,IVR,Federal,T4
81Y8367,52,15477,72463,705,267,106.2,<30d,60-89,W,Mobile,Consolidation,T2
VIAZ534,32,48522,23767,610,143,99.3,Never,Current,S,IVR,Federal,T5
J1QAU9S,67,52331,32337,628,69,113.9,Never,30-59,MW,Agent,Consolidation,T3
2WG5FSC,52,47817,6600,634,206,113.7,>1yr,60-89,MW,IVR,Consolidation,T3
QAU2A2S,70,57862,81280,792,77,108.8,Never,30-59,MW,Mobile,Consolidation,T3
M4VDYXQ,51,79652,45403,753,342,97.5,>1yr,30-59,S,Agent,Federal,T4
KFD81MX,50,65261,47932,686,207,105.3,<30d,30-59,W,Mobile,Federal,T8
IMGX4FD,61,40241,11327,711,146,106.7,1-12mo,30-59,MW,Mobile,Federal,T7
19QX6AB,47,84513,45843,794,183,95.6,>1yr,Current,MW,IVR,Consolidation,T6
NNXZWI7,23,43730,4277,780,158,102.2,<30d,Current,MW,Mobile,Consolidation,T8
I5K3N75,62,71807,50683,787,326,96.0,>1yr,60-89,S,Agent,Consolidation,T4
HIK45IF,26,32311,12341,671,281,101.2,1-12mo,Current,S,Web,Consolidation,T4
7UAQ5ZR,23,48340,27867,760,288,110.4,Never,90+,MW,Mobile,Consolidation,T2
4FDXALX,55,44818,58059,723,162,104.0,1-12mo,Current,MW,Web,Consolidation,T7
V04GR2K,60,79425,14785,581,54,109.7,<30d,60-89,S,Agent,Federal,T3
FX50S9B,57,29484,75959,654,0,110.5,1-12mo,30-59,W,Web,Federal,T3
Q29IAM6,60,43547,59621,731,0,109.1,<30d,60-89,NE,Agent,Federal,T3
ULS6RJK,61,40231,2489,764,17,103.5,Never,Current,S,Agent,Consolidation,T5
J1XFFMQ,23,37525,81998,741,191,110.0,>1yr,60-89,MW,Mobile,Consolidation,T3
SBMCZ9I,53,59374,3696,659,223,107.1,>1yr,30-59,MW,Mobile,Consolidation,T6
TEB0IXC,44,39058,47026,695,81,112.2,Never,90+,W,Mobile,Federal,T3
TGTBZB1,64,40315,40535,624,148,113.9,1-12mo,30-59,W,Agent,Federal,T3
OJQPPLL,44,56832,79839,655,248,97.8,Never,Current,MW,Agent,Federal,T5
8N4AYB3,40,78905,76743,762,192,96.5,Never,Current,NE,Mobile,Federal,T5
6E0JZAF,61,84437,68759,649,239,110.9,Never,30-59,MW,IVR,Federal,T3
DE51W7V,40,17690,9019,571,0,100.3,<30d,Current,NE,Mobile,Consolidation,T8
BHQEPO4,50,62984,0,649,1,104.6,1-12mo,Current,S,IVR,Consolidation,T7
V54UNGH,50,15000,783,635,459,106.0,<30d,60-89,MW,Mobile,Consolidation,T2
FLCNP6A,28,28631,68044,619,120,98.1,1-12mo,Current,MW,Web,Federal,T7
UKWSRWZ,29,59826,26498,702,171,111.6,1-12mo,30-59,W,Mobile,Consolidation,T3
C34N0CJ,41,47150,70453,674,174,95.1,Never,Current,W,Agent,Consolidation,T5
NBLCEO6,50,96378,59501,775,367,105.8,1-12mo,60-89,W,Mobile,Consolidation,T2
ASZBDNQ,58,56590,59479,683,254,110.3,1-12mo,30-59,MW,IVR,Consolidation,T2
248Q01F,56,74231,52352,653,316,99.0,<30d,90+,W,Web,Consolidation,T4
MOLXX8Y,36,67877,17042,601,498,104.8,Never,60-89,W,Web,Consolidation,T4
B222UDY,44,52861,565,683,428,101.3,Never,60-89,NE,Mobile,Federal,T4
QFLC5QU,29,27445,50163,685,170,98.1,>1yr,Current,W,IVR,Consolidation,T6
VGH815I,29,65432,34075,718,218,107.7,Never,60-89,S,Web,Federal,T5
MNMELVA,28,26992,58944,609,144,111.0,<30d,60-89,S,Mobile,Federal,T3
IVFQPCH,25,25226,33272,756,43,110.4,1-12mo,90+,W,Agent,Federal,T3
D6XD1FN,35,17314,54579,837,144,112.0,>1yr,60-89,S,Web,Consolidation,T3
SDSCZBR,42,58680,34514,712,106,108.3,>1yr,30-59,S,IVR,Federal,T3
LV7CG06,37,93995,39839,522,219,110.1,<30d,60-89,MW,Agent,Consolidation,T3
RNBYIQ1,57,54901,0,764,663,106.4,Never,60-89,MW,Agent,Consolidation,T2
JRFM6CP,30,51624,46748,665,95,104.0,Never,Current,W,Web,Consolidation,T5
B8GJB2V,51,21242,62265,771,252,95.5,<30d,1-29,W,Web,Federal,T4
9TUZ42M,66,58598,67435,645,41,99.3,>1yr,Current,MW,Mobile,Consolidation,T6
EZJQFJV,70,60923,46198,651,281,103.3,>1yr,Current,S,IVR,Federal,T4
MLCRGRF,35,63734,39955,685,105,110.6,1-12mo,60-89,S,Web,Federal,T3
6N16TZA,52,37290,65173,686,157,96.8,1-12mo,Current,W,Agent,Federal,T7
OYPJBCT,36,72428,71386,674,407,106.7,>1yr,30-59,NE,Agent,Consolidation,T2
772H4IU,45,63047,10913,622,336,97.8,1-12mo,30-59,S,Agent,Consolidation,T4
1VWHC9V,31,53211,42243,629,180,102.7,1-12mo,1-29,MW,Mobile,Consolidation,T7
1A5ZU13,65,62486,32602,636,49,99.5,1-12mo,Current,S,Web,Federal,T7
OFCSH04,26,42166,48679,726,148,105.5,Never,60-89,S,Agent,Federal,T5
PU65S0W,49,72682,36319,666,192,111.4,Never,90+,MW,Web,Consolidation,T3
EQ2LIZF,39,43518,47366,717,269,104.4,1-12mo,Current,MW,Web,Consolidation,T4
PTRTZL4,64,99696,36347,505,169,101.9,1-12mo,Current,S,Web,Consolidation,T7
II8RAS9,68,76327,9527,565,391,112.4,1-12mo,90+,W,Agent,Consolidation,T2
G18XJUH,43,42437,12070,616,283,112.0,<30d,30-59,S,Web,Consolidation,T2
4TPT6C1,44,89908,22741,788,435,107.5,Never,90+,S,Mobile,Consolidation,T2
PIZ48E6,54,63917,64431,598,0,103.1,>1yr,1-29,S,Web,Consolidation,T6
2KBOD6G,36,33490,58052,778,139,99.2,1-12mo,1-29,W,Web,Federal,T7
H6OJ9TM,33,40483,42463,710,438,111.6,<30d,60-89,NE,Web,Federal,T2
7TV8J52,42,24305,39213,697,328,114.6,<30d,60-89,S,Mobile,Federal,T2
H0RTEJR,26,27293,12555,579,206,111.6,<30d,60-89,S,Agent,Consolidation,T3
TW2NUE6,48,34519,27176,651,185,99.6,<30d,Current,S,Agent,Federal,T8
FQGWAVD,48,58598,38460,596,384,109.4,>1yr,60-89,NE,Agent,Consolidation,T1
L401ASQ,66,27061,52480,686,121,115.0,>1yr,30-59,W,Mobile,Federal,T3
PYOR199,69,33110,0,734,354,100.5,Never,60-89,MW,Web,Federal,T4
ZVE727W,65,65483,29131,488,125,97.6,<30d,1-29,MW,Mobile,Federal,T8
YC3WV00,44,90662,57035,656,105,100.5,>1yr,Current,S,IVR,Consolidation,T6
PU6E9JD,51,41575,50609,684,330,112.6,>1yr,90+,MW,Agent,Consolidation,T2
0IRKGGQ,37,43592,6594,602,60,108.6,<30d,30-59,MW,IVR,Federal,T3
UWANTVB,31,86401,64311,580,285,109.6,1-12mo,30-59,S,Agent,Consolidation,T2
X00F98X,62,70667,73904,656,8,103.3,>1yr,Current,NE,Agent,Consolidation,T6
RNU7ZOY,41,82063,68381,706,376,101.4,<30d,60-89,NE,Agent,Federal,T4
POYHOXR,31,88037,23576,478,0,112.2,1-12mo,30-59,NE,Mobile,Federal,T3
4WWBKHY,65,97289,23428,681,0,114.8,>1yr,60-89,W,Agent,Federal,T3
62RP12V,49,67509,12879,627,297,110.7,1-12mo,60-89,NE,Mobile,Consolidation,T2
AHPAVNZ,35,15000,69163,617,0,109.3,>1yr,90+,S,Mobile,Consolidation,T3
8UCA5PG,22,61416,1466,685,106,98.3,1-12mo,Current,W,Web,Consolidation,T7
TIKSLY0,47,59350,46676,796,158,103.9,<30d,Current,S,Mobile,Federal,T8
EQOC2K9,58,69460,78759,697,75,114.3,Never,30-59,W,Mobile,Consolidation,T3
FTDVDK6,67,40060,45402,769,303,98.0,1-12mo,30-59,W,Mobile,Federal,T4
QJ26CIA,64,60105,15148,702,10,97.4,<30d,Current,NE,IVR,Consolidation,T8
V24S019,34,76195,92342,675,236,101.9,Never,1-29,S,Web,Consolidation,T5
BP9KKT2,50,92972,64643,760,90,109.9,>1yr,90+,NE,IVR,Consolidation,T3
3IVS8PE,38,62449,24062,632,166,99.5,>1yr,Current,MW,Agent,Consolidation,T6
VBD395M,46,41241,38929,654,131,95.5,Never,Current,W,Mobile,Consolidation,T5
7FSKSDP,45,45323,73388,689,284,96.4,>1yr,Current,W,IVR,Federal,T4
9IGC9PJ,51,43114,0,698,24,98.5,<30d,1-29,MW,Agent,Consolidation,T8
6RUP4L5,54,43259,66119,623,172,101.2,Never,Current,MW,Web,Consolidation,T5
9ZZHG6B,36,52339,69758,538,118,113.1,<30d,30-59,MW,Agent,Consolidation,T3
OFFG45E,48,63860,61270,745,267,99.3,1-12mo,Current,W,Web,Federal,T4
7PPRTGT,38,15000,26236,637,126,106.7,1-12mo,30-59,MW,Mobile,Consolidation,T7
8UFWHVI,50,42127,85998,741,244,97.0,1-12mo,Current,MW,Mobile,Federal,T7
O88ZFOG,45,50286,90954,646,20,106.7,<30d,90+,NE,Web,Consolidation,T8
U08464G,47,55690,52273,755,254,101.3,>1yr,Current,MW,IVR,Consolidation,T4
OZY11IX,36,34493,46327,725,414,113.5,<30d,30-59,MW,Web,Consolidation,T2
ISYZJLF,66,46742,37020,647,325,113.7,<30d,30-59,S,IVR,Consolidation,T2
86X8BV3,69,50635,84394,684,381,98.6,>1yr,30-59,MW,Mobile,Consolidation,T4
MZZQOZI,46,28088,55344,570,242,114.6,1-12mo,60-89,MW,IVR,Consolidation,T3
Q9IK5P9,31,28246,7049,747,0,101.3,Never,Current,S,Agent,Consolidation,T5
SZ43ZIA,49,41196,67576,582,348,111.4,Never,30-59,NE,IVR,Federal,T2
DMTKKOT,59,68072,59444,700,103,107.5,1-12mo,60-89,NE,Agent,Consolidation,T7
UXCZ0LA,48,62659,47927,541,342,98.7,<30d,30-59,MW,Mobile,Federal,T4
PGZZEB4,48,65710,56172,772,251,99.8,<30d,Current,NE,Web,Consolidation,T4
A289OQU,22,39052,70787,530,148,103.2,<30d,1-29,NE,Mobile,Consolidation,T8
L252AD4,38,64804,53493,685,87,97.5,Never,Current,S,Agent,Federal,T5
ZBXQLT4,52,85924,96678,625,383,105.7,Never,60-89,S,Mobile,Consolidation,T2
ESU8FVO,51,45724,33412,643,200,95.8,1-12mo,1-29,MW,Web,Federal,T7
F84DT6M,25,15000,22926,648,355,100.9,Never,60-89,W,Web,Federal,T4
6EVPG71,59,87404,26977,624,188,101.6,1-12mo,Current,MW,Web,Federal,T7
M9X7ALB,25,47689,58913,605,164,99.6,1-12mo,Current,NE,Agent,Consolidation,T7
DMVH3XC,34,62122,85204,687,289,103.1,1-12mo,Current,W,Mobile,Federal,T4
5V3R8D7,47,29218,37111,708,72,105.3,>1yr,60-89,NE,IVR,Consolidation,T6
LJ2Z8SA,55,109212,51361,649,297,103.0,>1yr,Current,MW,Agent,Federal,T4
WRF0L7N,26,41777,62416,653,37,104.6,<30d,Current,W,Agent,Consolidation,T8
1DUZM0M,39,54249,76669,629,132,107.2,<30d,60-89,MW,IVR,Federal,T8
9MEIE0T,46,58913,56512,839,284,109.0,<30d,30-59,MW,Mobile,Consolidation,T2
FHDM7YW,36,15000,70788,621,278,100.0,Never,Current,MW,Web,Consolidation,T4
9Z5HI0T,59,49050,65256,769,503,97.6,1-12mo,30-59,MW,Mobile,Federal,T4
P71VSKM,47,77398,68984,829,150,106.5,1-12mo,30-59,MW,Agent,Federal,T7
SBFRS6X,59,69090,63389,644,311,112.5,<30d,30-59,S,Mobile,Federal,T2
HKK2JHR,64,36941,67185,620,301,96.4,1-12mo,90+,NE,IVR,Consolidation,T4
EWSCWR8,67,70554,67185,710,39,97.0,<30d,Current,MW,IVR,Federal,T8
QC0W3RQ,22,72143,60912,771,290,99.4,1-12mo,1-29,S,IVR,Federal,T4
7TD8C20,61,46682,35449,610,266,97.7,Never,Current,NE,IVR,Federal,T4
H9KL50J,43,74932,13092,737,201,100.6,Never,1-29,S,Web,Consolidation,T5
B4K59BS,68,77982,30156,716,412,106.8,Never,30-59,W,Agent,Federal,T2
907DK24,52,52302,23271,744,276,103.5,<30d,Current,NE,Agent,Consolidation,T4
9DWWWSS,64,47210,29983,767,153,100.6,Never,Current,S,Agent,Federal,T5
1IUT7TP,41,43112,5658,679,0,99.5,<30d,Current,MW,Agent,Federal,T8
O1AQJU0,38,50869,74975,770,367,109.6,>1yr,30-59,MW,IVR,Federal,T1
48SN1BL,55,52114,33768,691,12,112.2,Never,30-59,S,IVR,Federal,T3
YELHIQC,70,52603,64837,633,106,95.1,>1yr,Current,W,Web,Consolidation,T6
FU3904X,59,45418,45379,750,170,102.1,<30d,Current,S,IVR,Federal,T8
9OYKDY1,41,37187,73098,650,44,95.2,Never,Current,NE,IVR,Consolidation,T5
HX71QPO,22,69302,61078,695,60,107.5,>1yr,90+,W,IVR,Federal,T6
2NT59LE,50,15000,55142,587,273,113.2,Never,30-59,MW,Web,Consolidation,T2
IUBT6SS,28,44276,36693,728,130,102.4,<30d,Current,W,IVR,Federal,T8
Y569HLU,58,74838,48122,577,207,104.2,Never,Current,W,Web,Federal,T5
47HSE0N,36,61872,80044,663,298,108.7,<30d,30-59,S,Agent,Consolidation,T2
1SR49XQ,50,82659,27701,660,241,100.1,<30d,Current,MW,Mobile,Consolidation,T8
VQTUV5F,37,68562,47527,631,380,113.6,<30d,60-89,NE,Web,Consolidation,T2
2LZB5M0,24,89172,24201,701,162,100.5,>1yr,1-29,S,Web,Federal,T6
LJY16WR,58,21534,25363,808,304,96.7,>1yr,30-59,S,Agent,Consolidation,T4
G54YY0Q,50,65479,24189,723,199,102.5,Never,Current,MW,IVR,Consolidation,T5
EL0CE4X,31,73144,59277,695,83,113.1,>1yr,90+,NE,Mobile,Consolidation,T3
NGLM0KQ,62,25959,75551,585,133,109.9,1-12mo,30-59,NE,IVR,Federal,T3
SSC1BG3,70,67526,53169,710,0,108.5,<30d,30-59,W,Mobile,Consolidation,T3
5MNZ0VA,49,69247,2468,741,81,107.6,<30d,30-59,MW,Mobile,Consolidation,T8
ER44Z8J,45,72090,65763,653,170,113.4,Never,60-89,MW,Mobile,Federal,T3
U4DS8IW,68,67904,12060,707,313,95.5,Never,30-59,W,Agent,Federal,T4
50D1W71,44,60140,36733,708,101,106.0,Never,60-89,MW,Web,Consolidation,T5
Y6ZV36A,37,92633,35955,617,22,105.0,<30d,Current,S,Mobile,Consolidation,T8
7XL5K97,53,62515,70304,592,151,108.1,Never,30-59,S,Mobile,Federal,T3
6Q9BQD8,64,52571,50642,705,214,97.3,>1yr,Current,W,Web,Federal,T6
N7NPCTM,68,46386,5085,719,184,106.7,>1yr,60-89,W,Mobile,Federal,T6
TUF2JXO,41,19904,45379,688,68,106.3,Never,60-89,MW,Agent,Consolidation,T5
KNUIS0D,26,55309,2542,577,415,99.6,Never,60-89,S,Mobile,Federal,T4
Y8LGM9F,29,39052,24663,682,48,97.5,Never,1-29,MW,Web,Federal,T5
0BBS6TM,26,47500,48622,700,428,112.0,1-12mo,60-89,NE,Agent,Consolidation,T2
QNF2936,65,31575,48823,745,392,106.3,1-12mo,90+,NE,IVR,Consolidation,T2
HRQ12MB,37,38738,56262,668,0,97.9,<30d,Current,W,Agent,Consolidation,T8
DQQUW9U,24,54160,17596,727,319,105.7,<30d,60-89,S,Mobile,Consolidation,T2
F39G137,38,35760,17863,655,403,98.9,<30d,60-89,W,Agent,Federal,T4
ZDW158I,32,36547,85368,646,0,101.8,<30d,Current,NE,Web,Consolidation,T8
E6W6HFX,35,50765,28100,665,132,98.6,<30d,Current,W,Agent,Federal,T8
POVXSVW,67,54108,41222,685,286,95.7,<30d,Current,S,Agent,Federal,T4
GGHUF2A,62,51423,28284,683,40,103.8,1-12mo,Current,S,Mobile,Federal,T7
RKTFIIE,24,111410,79345,564,0,111.5,1-12mo,90+,MW,Web,Federal,T3
TPBHHTE,31,15000,60517,607,0,99.5,<30d,Current,W,Mobile,Consolidation,T8
P3XE8PS,55,54924,20001,660,0,113.6,1-12mo,60-89,NE,Web,Federal,T3
FSEGZQU,54,15161,31543,664,328,113.3,<30d,30-59,NE,Web,Consolidation,T2
LGQ6S6Q,67,54707,72229,559,184,96.4,<30d,Current,MW,Agent,Federal,T8
8KRQ8FJ,22,65188,19990,596,0,104.1,1-12mo,Current,NE,Agent,Consolidation,T7
M9WYQCE,25,62608,47432,618,340,110.8,1-12mo,60-89,W,IVR,Consolidation,T2
YWL43AV,59,95315,65369,666,0,98.9,<30d,1-29,W,Mobile,Consolidation,T8
JKELCBM,69,45812,33337,690,20,114.3,1-12mo,60-89,MW,Agent,Consolidation,T3
VCFBWW8,43,52891,37668,757,300,110.2,1-12mo,90+,S,Mobile,Consolidation,T2
B4I6Q3H,64,60481,27650,739,393,108.6,1-12mo,90+,S,IVR,Federal,T2
5G5D1U9,36,65547,53779,648,0,103.2,1-12mo,Current,MW,IVR,Federal,T7
7PC80NH,29,55248,44968,629,0,107.1,1-12mo,30-59,S,Agent,Federal,T7
S3UB46D,40,58782,18214,728,239,113.1,>1yr,30-59,W,IVR,Consolidation,T3
QQVJH5D,66,41996,39840,687,447,98.4,<30d,90+,MW,IVR,Consolidation,T4
YXIAP06,59,78535,55756,606,177,108.9,>1yr,60-89,S,Web,Federal,T3
IBTR593,55,46927,18974,780,135,113.0,>1yr,30-59,NE,Mobile,Consolidation,T3
IVG6IB8,31,82889,36126,613,246,99.6,Never,Current,NE,Mobile,Consolidation,T5
2AG7KGI,52,22798,32803,636,102,113.7,1-12mo,90+,NE,Mobile,Consolidation,T3
JNNVPS4,65,51417,31529,595,383,113.4,Never,30-59,MW,Web,Consolidation,T1
DRB71FZ,53,50262,88812,733,0,102.1,Never,Current,W,Mobile,Federal,T5
GMF0RZN,42,94892,73555,663,163,112.4,1-12mo,30-59,NE,Agent,Federal,T3
2VM3S3A,24,79846,27046,657,76,102.3,<30d,Current,MW,Web,Federal,T8
VJ2HX33,28,55910,69762,542,54,96.5,Never,Current,NE,IVR,Federal,T5
18F4SB3,38,69907,38681,733,0,101.3,<30d,1-29,MW,Mobile,Federal,T8
3L7AVR8,41,41985,7132,712,107,96.4,>1yr,Current,S,IVR,Consolidation,T6
RCJ1KDP,56,62377,50739,614,106,112.5,<30d,30-59,MW,Web,Federal,T3
L8U0L3D,51,44683,18407,658,78,103.9,<30d,Current,W,Agent,Federal,T8
O6S0R84,30,91931,66294,671,143,113.8,1-12mo,60-89,MW,Agent,Federal,T3
RYN2W5M,50,43755,50193,645,133,96.3,<30d,Current,MW,Mobile,Consolidation,T8
WAX42HU,56,46147,60863,697,66,110.6,>1yr,30-59,W,IVR,Federal,T3
POMO5GR,70,55216,69949,697,0,99.2,>1yr,Current,NE,Mobile,Consolidation,T6
7BJEJF0,26,59636,5544,805,385,99.7,<30d,60-89,NE,IVR,Consolidation,T4
O3LKDL9,45,51691,65670,685,98,96.2,Never,Current,S,Agent,Federal,T5
A0NRTGA,62,58084,27615,698,342,111.7,1-12mo,60-89,MW,IVR,Federal,T2
4MUUQ7I,35,76553,20627,781,141,100.5,>1yr,Current,W,IVR,Consolidation,T6
MTSHOR9,57,15000,49648,663,255,112.0,1-12mo,30-59,MW,Web,Consolidation,T2
UBCQK0S,28,60815,53886,562,410,99.3,<30d,60-89,NE,Web,Consolidation,T4
UR1UQG2,35,52798,57101,693,49,97.7,<30d,Current,NE,Mobile,Federal,T8
0OGW8BZ,69,56109,19685,568,323,110.9,Never,90+,S,Agent,Consolidation,T2
TM7QTUA,61,79036,11876,681,0,114.4,>1yr,60-89,MW,Agent,Consolidation,T3
8ANCYSZ,48,76963,93527,609,33,109.1,1-12mo,60-89,S,Web,Consolidation,T3
8Z5OE2G,46,26367,52821,735,347,113.6,1-12mo,60-89,NE,Mobile,Consolidation,T2
XZGYQQZ,65,57837,39245,670,21,106.4,>1yr,30-59,S,Mobile,Federal,T6
EREWK1P,42,71775,73152,624,152,113.1,<30d,60-89,NE,IVR,Federal,T3
8P8OVJ6,52,29263,24282,656,335,114.4,1-12mo,60-89,NE,Web,Consolidation,T2
UCMCGP3,49,64588,43261,600,240,103.3,1-12mo,1-29,S,Agent,Consolidation,T7
CA4RGP7,50,80650,70663,684,345,111.5,1-12mo,30-59,NE,Mobile,Federal,T2
I75WC47,51,58682,0,628,48,114.4,>1yr,60-89,S,Web,Consolidation,T3
B6AZ8S5,37,66544,50013,672,553,108.9,>1yr,60-89,S,Web,Federal,T1
ELT2RGJ,44,67682,19001,652,195,114.4,Never,30-59,NE,Mobile,Consolidation,T3
I6BN341,57,54889,41062,741,444,106.3,<30d,30-59,S,Web,Federal,T2
HIVTTPP,69,41190,3036,701,226,114.5,>1yr,30-59,NE,Mobile,Consolidation,T3
3AQQ9P1,52,61343,7261,592,0,100.5,Never,Current,S,IVR,Federal,T5
TZH5SAL,37,91427,22349,668,474,96.0,1-12mo,90+,S,Agent,Consolidation,T4
EZF87SS,26,35455,54598,716,480,114.3,1-12mo,30-59,S,Agent,Federal,T2
XRJSNC1,47,17129,15568,751,442,106.7,<30d,60-89,W,Web,Consolidation,T2
B1A5JED,34,52954,21138,774,102,110.4,<30d,30-59,W,Mobile,Federal,T3
P6GL7XW,55,55003,45053,620,28,110.9,<30d,30-59,S,Agent,Federal,T3
6E2I4OI,62,38776,15819,627,0,104.0,Never,Current,NE,IVR,Consolidation,T5
WHYLQJY,30,58115,38888,732,0,98.4,1-12mo,Current,NE,Web,Consolidation,T7
P3DRVAO,61,64764,46335,635,79,96.1,1-12mo,Current,NE,Agent,Federal,T7
4XSV77S,34,41072,68817,705,417,100.0,Never,30-59,MW,Agent,Consolidation,T4
FUBJ5S7,66,71833,58334,668,76,115.0,>1yr,60-89,NE,Agent,Consolidation,T3
Z4GK1Z5,35,66904,1016,686,428,114.4,1-12mo,30-59,S,IVR,Consolidation,T2
NISG03I,50,87817,35702,632,46,107.9,Never,60-89,NE,Mobile,Consolidation,T5
C0I1PMV,60,65916,33396,689,159,103.9,<30d,Current,MW,Mobile,Consolidation,T8
NQE5MQE,47,92524,28607,726,160,102.5,1-12mo,Current,S,Web,Consolidation,T7
30RMXR3,70,76309,22565,671,194,106.0,1-12mo,30-59,W,Web,Federal,T7
UFW0C35,44,40215,3299,634,404,114.8,>1yr,60-89,S,IVR,Consolidation,T1
IP40QS2,46,48645,43825,620,272,113.5,1-12mo,30-59,MW,IVR,Consolidation,T2
LC1GHPA,43,44158,37290,634,297,112.7,1-12mo,30-59,W,Mobile,Federal,T2
R0RJMSL,60,62982,39428,639,184,113.8,1-12mo,90+,W,IVR,Federal,T3
40B4XY1,41,48601,54403,703,55,101.0,Never,Current,NE,IVR,Federal,T5
XRJNP1M,27,15000,58448,729,329,112.1,<30d,30-59,S,IVR,Federal,T2
O68RQ87,37,37187,117487,696,171,112.5,Never,30-59,NE,Agent,Consolidation,T3
P86PW6Z,47,49690,36823,706,356,109.1,1-12mo,30-59,NE,IVR,Consolidation,T2
TGMYON2,52,69945,35733,824,49,112.3,<30d,60-89,S,IVR,Federal,T3
YUYBF4E,36,58676,32829,751,238,114.2,>1yr,60-89,W,Mobile,Federal,T3
OUMU3S5,50,71550,9967,602,442,95.3,1-12mo,30-59,NE,Mobile,Federal,T4
73BUGF5,49,55668,60944,667,103,103.8,<30d,Current,S,Web,Federal,T8
BM5WF3I,44,37867,22146,576,340,101.9,>1yr,30-59,NE,IVR,Federal,T4
KJVDNQ2,55,82649,19221,687,214,99.9,>1yr,Current,S,Web,Consolidation,T6
Q3Q1HPH,24,39188,14230,657,141,111.9,>1yr,90+,S,Web,Consolidation,T3
FJJJGAT,66,57472,64055,713,111,99.2,>1yr,Current,W,Agent,Consolidation,T6
CCWSXDX,56,59987,85926,734,59,113.0,<30d,30-59,NE,Agent,Consolidation,T3
57YRMCN,45,79459,9695,751,0,105.0,Never,Current,W,IVR,Consolidation,T5
WY6NRQ9,45,51057,37803,684,176,99.3,Never,1-29,NE,Web,Federal,T5
GGVT9NL,56,60845,12501,664,404,100.7,Never,30-59,S,Web,Federal,T4
ANZIUQA,43,50374,3470,615,0,112.1,>1yr,60-89,W,Agent,Consolidation,T3
ZIAMWQZ,33,76331,82762,635,194,101.8,1-12mo,Current,S,IVR,Federal,T7
YZZ0ANM,30,64759,50482,678,58,97.0,>1yr,1-29,MW,Agent,Federal,T6
7TB5WBA,31,47730,48054,769,353,109.0,>1yr,30-59,S,Web,Federal,T1
NHN5NWL,24,62403,0,577,160,110.3,>1yr,30-59,S,Mobile,Federal,T3
23JRE0B,39,63705,43351,671,299,110.8,<30d,90+,NE,Agent,Federal,T2
2XWJLZI,67,15599,39444,759,183,105.5,Never,30-59,MW,Agent,Federal,T5
4KYBR5Q,52,23259,18982,544,336,104.5,Never,90+,W,Agent,Consolidation,T4
VD4NM3L,57,38497,0,640,0,108.1,<30d,30-59,MW,Agent,Federal,T3
LF943JR,65,55518,27100,790,90,96.0,1-12mo,Current,NE,Mobile,Federal,T7
OSQTT26,39,15000,58710,576,384,98.5,>1yr,30-59,NE,IVR,Federal,T4
J6EBXFE,58,27107,15198,675,381,110.5,1-12mo,90+,S,Agent,Consolidation,T2
B72IDNL,43,38222,66675,666,169,99.4,Never,Current,MW,IVR,Consolidation,T5
2XLNO89,48,39883,87174,569,150,102.1,1-12mo,Current,W,IVR,Consolidation,T7
3K9GDAT,35,45228,24338,784,0,104.3,<30d,Current,NE,Web,Consolidation,T8
1OY9OU6,59,34107,49930,681,40,114.9,>1yr,60-89,S,IVR,Consolidation,T3
D9HNM7S,32,43926,36630,632,190,114.1,1-12mo,30-59,W,Mobile,Consolidation,T3
2M5X5KA,52,59489,41206,721,211,106.0,1-12mo,30-59,MW,Agent,Consolidation,T7
E0P2PTZ,62,49243,9079,760,327,98.8,>1yr,30-59,S,IVR,Federal,T4
TDG5MOD,45,77469,107506,552,309,103.2,Never,30-59,S,Web,Federal,T4
TEEXRNU,55,75978,10306,650,90,98.5,>1yr,Current,MW,Web,Federal,T6
G85FAD5,31,61857,46026,755,68,103.0,1-12mo,Current,W,Web,Consolidation,T7
PVP5KR2,24,67407,59167,672,46,110.7,>1yr,60-89,NE,Agent,Federal,T3
6TQ8I3Z,27,73275,47518,828,351,114.2,<30d,30-59,W,Mobile,Federal,T2
WUSHT90,58,56558,46059,745,185,112.7,1-12mo,60-89,S,Mobile,Consolidation,T3
N914VEX,63,44675,61102,500,239,101.9,<30d,Current,S,IVR,Federal,T8
14PPMXR,45,54140,53007,737,141,108.1,Never,30-59,W,IVR,Federal,T3
QJQS0XZ,30,66041,63727,710,120,112.3,Never,60-89,W,IVR,Federal,T3
5O07WIE,39,63449,51397,661,431,110.8,Never,60-89,NE,Mobile,Consolidation,T1
7SZW5YD,28,52086,58868,682,204,112.8,1-12mo,90+,NE,IVR,Federal,T3
S2GY5FJ,32,41310,70205,656,60,113.5,<30d,60-89,S,Mobile,Consolidation,T3
7LIMY0L,37,43961,73358,618,161,105.6,1-12mo,60-89,W,Mobile,Federal,T7
YO2NRYC,56,55625,27519,721,132,110.2,>1yr,30-59,MW,IVR,Federal,T3
W9QUXMW,61,59844,63833,712,0,111.0,Never,30-59,NE,Mobile,Federal,T3
U1XBW9I,46,70375,53223,678,264,103.4,Never,Current,S,Web,Consolidation,T4
8SYTU6A,50,78762,2220,582,0,109.7,1-12mo,90+,MW,Mobile,Consolidation,T3
7GQ5U2X,58,55556,11079,628,144,99.1,<30d,Current,S,Web,Consolidation,T8
X8FNY9D,47,58987,8755,703,478,105.1,<30d,30-59,W,Agent,Federal,T2
XII0KPU,36,41137,23459,583,0,113.1,>1yr,30-59,MW,Agent,Federal,T3
32IFG8B,65,76795,38537,679,231,111.9,>1yr,30-59,MW,IVR,Federal,T3
ZDK98H1,60,72503,83256,706,224,97.1,>1yr,Current,NE,Web,Consolidation,T6
S8S2WSH,48,57545,56923,662,205,98.4,Never,Current,MW,Web,Consolidation,T5
P1T7IJT,24,38632,65776,656,45,114.5,>1yr,30-59,S,Web,Federal,T3
85X69XJ,40,34777,42289,673,6,97.2,Never,Current,NE,IVR,Federal,T5
3O0MKSG,35,76851,58422,713,0,101.8,1-12mo,Current,W,Agent,Consolidation,T7
DXN4J2H,44,61714,25340,736,394,104.7,1-12mo,90+,S,Web,Federal,T4
MMAVC2X,26,75095,4506,680,249,107.1,>1yr,60-89,MW,IVR,Federal,T6
2SJUAEU,43,58978,59860,648,484,98.3,<30d,60-89,S,Agent,Consolidation,T4
ILGAH7B,65,68645,37425,569,442,101.2,<30d,30-59,S,Mobile,Federal,T4
YUG2TBN,26,67535,42531,736,44,110.8,Never,60-89,NE,IVR,Federal,T3
022XNEZ,30,94269,0,516,200,111.9,1-12mo,30-59,MW,Web,Consolidation,T3
AL57FFE,66,94193,22222,670,122,106.5,1-12mo,30-59,MW,Mobile,Consolidation,T7
CZI0MCY,30,81938,61001,624,0,108.6,<30d,90+,MW,Web,Consolidation,T3
RLPA0LD,56,40168,22307,679,127,113.1,Never,30-59,S,IVR,Consolidation,T3
E8QQFIG,48,93264,34429,608,222,107.0,<30d,60-89,MW,Agent,Consolidation,T8
XMX2SS4,44,25433,66188,660,137,114.9,>1yr,60-89,W,IVR,Federal,T3
2RKME68,60,46435,64316,543,40,108.4,>1yr,60-89,W,Mobile,Federal,T3
HPDYZCW,53,40771,29884,712,227,100.7,>1yr,Current,W,Agent,Consolidation,T6
9D1UTJO,33,40485,31407,707,128,110.4,>1yr,90+,S,Agent,Federal,T3
JZN7V58,57,50397,56962,615,321,108.6,>1yr,60-89,NE,IVR,Federal,T2
BPBBMFA,62,31075,44385,652,244,103.9,Never,Current,NE,Mobile,Federal,T5
LN8T8V0,30,33672,73820,708,334,112.5,>1yr,30-59,NE,Web,Consolidation,T2
5TKNZK9,50,57975,39541,737,237,98.6,Never,1-29,S,Web,Consolidation,T5
QBKYXUR,63,49658,102127,734,467,98.2,Never,60-89,S,IVR,Consolidation,T4
VZLSQZT,45,87534,98630,695,28,95.6,>1yr,1-29,S,Web,Federal,T6
CTK0RMA,56,47424,36985,691,184,100.1,Never,1-29,MW,Web,Federal,T5
P0ANUWS,54,15451,13481,642,359,103.3,Never,60-89,MW,IVR,Federal,T4
97M3OBV,37,57444,39816,685,101,111.1,>1yr,60-89,NE,Mobile,Consolidation,T3
76DZ703,63,50511,50732,715,27,111.1,<30d,90+,NE,Agent,Federal,T3
6DUE9L5,28,62186,34326,666,51,97.2,Never,Current,NE,IVR,Consolidation,T5
0YM68AW,49,15000,87992,754,342,109.9,>1yr,30-59,S,IVR,Consolidation,T2
S55TO8P,35,38718,35355,595,52,97.6,>1yr,Current,W,Mobile,Consolidation,T6
F8PWCFH,24,88619,58412,772,272,95.2,Never,1-29,W,Agent,Consolidation,T4
HK9UX94,42,59562,34365,770,69,114.2,>1yr,90+,S,Web,Federal,T3
51Z4D2H,46,46175,51245,625,326,112.2,1-12mo,90+,W,Web,Consolidation,T2
19CFOO4,60,106029,32760,753,74,110.8,Never,30-59,S,Web,Consolidation,T3
GHMMSUY,54,71494,67563,663,181,104.3,<30d,Current,NE,Web,Federal,T8
NS0RATR,23,62442,20729,649,443,95.1,>1yr,30-59,NE,IVR,Consolidation,T4
QD86QXM,60,43934,77527,810,46,113.6,>1yr,30-59,NE,Agent,Federal,T3
50MV9I8,54,37727,56816,718,225,112.3,>1yr,30-59,NE,Web,Federal,T3
M2ZMPW9,42,50957,24376,699,273,96.5,Never,Current,NE,Mobile,Consolidation,T4
P1HISJV,42,70159,19625,482,41,110.3,1-12mo,30-59,W,Agent,Federal,T3
XQTMELH,29,70197,85679,731,169,96.5,>1yr,Current,NE,Web,Consolidation,T6
OAA0TTF,30,32813,36492,706,0,108.5,>1yr,60-89,S,Agent,Consolidation,T3
L3ISCVK,34,39942,76405,765,290,109.4,Never,60-89,MW,IVR,Federal,T2
QA486AM,51,67534,87906,714,282,111.4,1-12mo,30-59,W,Agent,Federal,T2
8BQNO1K,65,86630,93407,649,192,105.2,>1yr,30-59,S,Agent,Federal,T6
PUAX89K,47,36795,7714,732,1,104.6,1-12mo,Current,NE,Web,Consolidation,T7
LCYUBZP,65,62299,45098,664,76,99.7,Never,1-29,MW,IVR,Consolidation,T5
JAAVBX1,53,63176,86268,730,42,102.8,1-12mo,Current,MW,IVR,Federal,T7
72YZR3X,49,105714,76844,730,125,113.1,<30d,60-89,S,Mobile,Federal,T3
A0B3ZYO,31,19774,34472,700,158,97.4,1-12mo,Current,NE,Mobile,Consolidation,T7
MOYYORO,57,59959,54236,652,0,104.1,<30d,1-29,S,IVR,Consolidation,T8
QQBDFOA,44,54176,61581,685,275,97.9,>1yr,1-29,W,Agent,Federal,T4
CO731VF,56,33382,74911,562,421,103.6,>1yr,30-59,S,Mobile,Consolidation,T4
GYF39M6,40,35262,41790,635,122,98.8,1-12mo,Current,S,Agent,Consolidation,T7
WEKL6V0,25,43756,54634,645,103,103.5,>1yr,1-29,W,Agent,Federal,T6
LXCJWT4,38,93035,24756,663,0,112.3,Never,60-89,MW,Agent,Federal,T3
Z78K2EJ,37,86581,73282,654,191,103.4,<30d,Current,W,Web,Consolidation,T8
VZGIFJ9,34,74757,11222,571,137,111.7,<30d,90+,W,IVR,Consolidation,T3
5HH4F9O,65,38562,23917,744,323,101.4,<30d,90+,MW,Mobile,Federal,T4
3RO845V,70,69773,74225,660,248,109.7,Never,30-59,S,Web,Consolidation,T3
E4WF4JY,48,37507,69027,744,318,107.9,<30d,90+,NE,Web,Consolidation,T2
0Y10PCO,46,75414,14612,731,316,100.8,1-12mo,60-89,S,Web,Consolidation,T4
6A7JHUW,66,68803,78312,625,316,102.8,1-12mo,60-89,S,Agent,Federal,T4
G2KSAUP,61,37773,28651,720,102,104.0,<30d,Current,W,Agent,Federal,T8
1NE2ZNS,46,88675,54383,614,339,101.0,1-12mo,30-59,MW,IVR,Consolidation,T4
3DUDDOF,59,59543,105998,815,0,114.3,Never,60-89,S,Mobile,Federal,T3
JIY9U6L,59,26224,39605,641,403,100.4,>1yr,60-89,W,IVR,Consolidation,T4
XN5ODB5,63,47494,52445,650,269,110.8,>1yr,60-89,MW,IVR,Federal,T2
01LMUQR,69,70703,30510,593,78,112.0,Never,60-89,MW,Web,Federal,T3
AWUQV2U,51,15000,11966,656,75,102.8,1-12mo,1-29,S,Web,Consolidation,T7
O91DGMP,37,43612,19332,689,322,96.5,>1yr,90+,S,Agent,Federal,T4
NUIYWQA,65,42327,93210,776,0,100.4,1-12mo,1-29,W,Mobile,Federal,T7
GIHE1J3,60,34720,67769,686,274,106.1,1-12mo,60-89,W,Mobile,Federal,T2
KQRPTKN,38,66741,30924,724,0,114.0,<30d,90+,MW,Agent,Federal,T3
EDMZAQL,34,52773,34844,718,0,104.3,Never,Current,MW,Agent,Consolidation,T5
PVBBGRX,40,61349,69306,691,157,101.6,Never,Current,MW,Mobile,Federal,T5
ZKGQB5B,40,40680,6279,622,286,110.1,1-12mo,30-59,W,IVR,Federal,T2
ZWIVWU1,46,48638,19992,733,440,110.6,>1yr,30-59,S,IVR,Federal,T1
BCQFDQ8,69,36288,73116,643,75,102.0,1-12mo,Current,W,Agent,Consolidation,T7
67ITJPL,25,87393,67791,704,127,107.1,Never,60-89,W,IVR,Consolidation,T5
3TVCIUN,68,64551,0,637,339,101.8,Never,30-59,MW,Mobile,Consolidation,T4
BUX6ZSY,33,92823,57698,729,305,104.5,1-12mo,30-59,NE,IVR,Consolidation,T4
WB3KQZQ,37,49388,23587,670,49,109.0,1-12mo,60-89,MW,Web,Consolidation,T3
3YQP9FL,57,39724,69403,671,53,106.2,<30d,90+,S,Mobile,Federal,T8
XGMJO71,66,38837,0,645,249,112.7,<30d,60-89,NE,IVR,Consolidation,T3
DH5DQPN,34,38886,22063,593,346,97.6,Never,60-89,NE,Web,Consolidation,T4
033Y6YH,51,36128,57026,516,155,114.3,Never,30-59,NE,Web,Consolidation,T3
KLDMB3J,27,52029,41060,677,43,113.4,Never,30-59,W,Agent,Federal,T3
L5MDIY0,28,65549,69562,752,48,106.2,Never,60-89,MW,Web,Consolidation,T5
7ZAXHS0,55,55960,56451,773,0,112.2,<30d,60-89,S,Agent,Federal,T3
7NRT8YQ,39,28935,33248,640,280,113.7,Never,30-59,NE,Mobile,Federal,T2
HJ2ZKSZ,42,25969,34393,609,63,104.1,<30d,1-29,S,IVR,Consolidation,T8
ZZB11IV,47,31395,54659,622,299,96.6,>1yr,Current,S,Agent,Consolidation,T4
J4DLEVE,54,40093,22956,581,266,99.3,>1yr,Current,S,IVR,Consolidation,T4
PY1TX76,33,91354,47244,728,113,114.6,>1yr,30-59,NE,IVR,Federal,T3
7VVU1ZV,28,85107,31435,672,0,111.9,>1yr,60-89,NE,Agent,Federal,T3
R9V018N,43,46976,91242,711,594,112.9,>1yr,60-89,MW,Agent,Consolidation,T1
M831NYB,67,36920,15216,652,24,105.6,<30d,30-59,S,IVR,Federal,T8
FDVBXUE,55,61282,35203,690,132,103.8,Never,Current,W,IVR,Consolidation,T5
AR81TI8,43,39777,74798,765,325,95.9,1-12mo,30-59,W,Mobile,Federal,T4
71JB7N2,30,49466,65359,753,0,108.8,<30d,60-89,W,Web,Consolidation,T3
C44HBXT,22,44346,87954,687,160,98.3,<30d,Current,NE,IVR,Federal,T8
K7R6N5R,69,23378,48933,832,66,97.9,Never,1-29,MW,IVR,Federal,T5
79P54AO,22,78291,5517,672,50,113.5,<30d,30-59,NE,Mobile,Consolidation,T3
G072A0B,36,89964,20392,653,0,95.7,Never,1-29,NE,Web,Consolidation,T5
4A6JJ2K,49,29502,33435,746,440,103.7,<30d,30-59,NE,IVR,Consolidation,T4
ABIKTRH,29,36776,13209,690,380,99.2,Never,90+,NE,Agent,Federal,T4
P77QJT3,47,53021,52600,645,554,100.5,Never,30-59,MW,Mobile,Federal,T4
85T7TYD,66,54586,1807,667,278,100.4,>1yr,Current,W,Web,Federal,T4
04LZQQ1,44,64500,19755,707,52,98.1,<30d,Current,MW,Agent,Consolidation,T8
XBI23DO,47,83340,68049,764,207,110.1,Never,60-89,NE,Agent,Consolidation,T3
7JLG3YK,43,67323,33898,631,29,95.8,<30d,Current,W,Web,Consolidation,T8
2AZJ1PU,35,53075,34603,632,42,113.1,>1yr,30-59,S,IVR,Consolidation,T3
2F3XDMI,48,51564,27637,573,376,107.0,>1yr,60-89,MW,Mobile,Consolidation,T2
QPTIPWE,60,46540,46597,567,0,95.2,1-12mo,Current,NE,Agent,Consolidation,T7
LBRORFT,67,48325,31491,634,379,115.0,<30d,30-59,S,IVR,Consolidation,T2
6WP5SU2,28,36043,54605,747,245,101.4,>1yr,Current,MW,Mobile,Consolidation,T6
VVJ9TB2,28,15000,33628,627,338,110.4,<30d,30-59,MW,Agent,Consolidation,T2
XYPNSUE,33,15000,0,710,308,113.6,1-12mo,30-59,NE,IVR,Consolidation,T2
S1MLOZ4,42,63718,45121,744,27,111.7,>1yr,30-59,S,IVR,Federal,T3
CCNJ61V,29,92336,5008,704,209,96.4,<30d,1-29,W,Agent,Federal,T8
5CCJZPE,45,24537,56498,676,245,97.5,<30d,1-29,MW,Mobile,Federal,T8
5SUC3GK,50,72864,65992,755,120,110.0,>1yr,30-59,MW,IVR,Consolidation,T3
6Z839R9,32,56969,40252,702,0,99.0,1-12mo,1-29,S,Agent,Consolidation,T7
T11LSSX,58,36435,100551,755,284,101.8,Never,1-29,NE,Agent,Consolidation,T4
D1EY637,69,77907,57058,598,0,104.1,1-12mo,1-29,W,Agent,Consolidation,T7
5SMR6V5,31,49538,0,732,492,111.6,<30d,60-89,NE,Web,Consolidation,T2
YP8ACCO,23,83573,61666,708,238,101.3,1-12mo,Current,S,Web,Consolidation,T7
8NACFAF,40,56263,29970,758,283,104.5,>1yr,Current,MW,IVR,Consolidation,T4
42HO7HI,31,62900,53855,612,502,106.7,Never,60-89,NE,Web,Consolidation,T2
2URYCTO,23,72225,49588,791,336,104.3,>1yr,30-59,MW,IVR,Consolidation,T4
6F9NQ54,53,42053,54343,637,380,97.1,<30d,30-59,NE,Web,Consolidation,T4
6MGT606,55,46262,61417,619,135,98.5,>1yr,Current,S,Web,Consolidation,T6
FJNLRVG,29,27672,0,766,119,114.8,Never,30-59,MW,IVR,Consolidation,T3
EES5NLS,62,55846,34046,695,283,96.8,1-12mo,Current,NE,Web,Consolidation,T4
VUUB771,23,72120,41338,708,131,114.1,Never,30-59,MW,Mobile,Federal,T3
5ML75U2,57,79310,35884,670,46,101.3,Never,Current,MW,Mobile,Federal,T5
WW0GEIS,61,72487,0,680,7,95.2,1-12mo,Current,W,Mobile,Consolidation,T7
DNGMWSB,54,54784,32359,692,220,100.7,<30d,Current,NE,Mobile,Federal,T8
A3U7YDI,50,52594,68273,608,276,101.4,<30d,Current,NE,Mobile,Consolidation,T4
EQ5BZEO,49,36213,23505,790,0,109.7,Never,30-59,S,Agent,Federal,T3
OYTRJUU,68,71215,155,682,530,108.9,1-12mo,60-89,NE,Agent,Consolidation,T2
0S99IEE,62,25250,66021,653,88,113.6,1-12mo,90+,MW,Web,Federal,T3
AGUAHWT,36,77811,36042,594,294,101.1,1-12mo,Current,W,IVR,Federal,T4
JV3QNTV,60,61267,40146,672,214,104.2,Never,Current,W,Mobile,Consolidation,T5
2WIOW6X,24,56206,60384,578,359,100.9,<30d,30-59,W,IVR,Federal,T4
VM82757,54,57800,62740,609,157,108.3,Never,30-59,MW,Web,Federal,T3
MM183V8,40,17105,78955,644,198,114.5,<30d,30-59,MW,Mobile,Consolidation,T3
MDHH96U,29,21219,28475,728,227,107.5,<30d,30-59,NE,Web,Consolidation,T8
92HWKNT,45,59483,80725,650,236,99.3,1-12mo,1-29,W,Web,Consolidation,T7
5JEQCXP,34,43920,29554,675,97,102.0,Never,Current,NE,IVR,Consolidation,T5
K4DZ4NP,50,21946,98513,751,188,104.6,>1yr,Current,W,IVR,Consolidation,T6
NDPBV3N,64,65492,57959,692,176,110.3,<30d,30-59,S,Agent,Federal,T3
SG7W4WX,70,30041,36661,769,513,114.5,1-12mo,90+,NE,IVR,Federal,T2
JUEFHR9,48,78876,51845,628,333,114.1,Never,90+,NE,Mobile,Consolidation,T2
UITLOV2,68,32345,81254,578,352,99.2,1-12mo,30-59,S,Agent,Consolidation,T4
1R944OP,58,80305,87221,619,187,104.6,>1yr,Current,NE,Agent,Federal,T6
0O2319D,48,15000,43615,744,237,113.3,1-12mo,30-59,W,Mobile,Federal,T3
ABZHNNR,64,95256,81642,621,427,114.8,>1yr,60-89,S,IVR,Federal,T1
OANO7SF,22,48021,60627,694,319,112.6,Never,30-59,MW,Web,Federal,T2
UAP82EA,37,65431,6709,536,273,97.1,Never,1-29,MW,Web,Consolidation,T4
Z0Z1HX2,47,58338,70089,617,49,104.0,Never,1-29,MW,Agent,Federal,T5
Q78PUM5,44,80824,50225,647,0,102.4,1-12mo,Current,W,IVR,Federal,T7
JUNPFDC,48,25395,78886,573,61,102.4,>1yr,Current,S,Web,Federal,T6
IMEVIEV,24,57927,43444,643,234,104.6,Never,1-29,W,Agent,Federal,T5
LVQX7BU,48,82393,36648,731,0,107.2,<30d,30-59,W,Web,Federal,T8
TTRGYLV,39,46378,74052,671,0,104.5,<30d,Current,S,Web,Federal,T8
WJ9B3X3,25,63317,13261,680,42,105.5,<30d,30-59,MW,IVR,Consolidation,T8
XG17VLM,49,41902,11729,651,54,100.8,<30d,Current,MW,Agent,Consolidation,T8
44JHJ6A,35,89458,57404,702,661,111.0,<30d,90+,NE,IVR,Federal,T2
7KRN7FQ,24,43122,57238,632,41,110.3,1-12mo,90+,NE,Web,Federal,T3
APYIIQ4,61,66417,43757,632,259,104.0,Never,1-29,MW,Agent,Federal,T4
HCLGW88,48,110852,66483,625,256,95.8,>1yr,Current,NE,Web,Federal,T4
CZCNW3H,56,64452,30893,594,214,103.8,<30d,Current,NE,Web,Federal,T8
Q2QC8KG,69,58803,29328,749,115,108.2,1-12mo,30-59,MW,IVR,Consolidation,T3
VSAUHLV,42,39227,17532,605,382,99.1,<30d,60-89,NE,Mobile,Federal,T4
MHXBF60,52,23346,3331,668,146,106.5,1-12mo,30-59,NE,Web,Federal,T7
SUT44GZ,53,99083,83109,819,502,108.5,>1yr,30-59,W,Web,Consolidation,T1
F4FTLIG,40,61769,68311,719,44,108.8,>1yr,30-59,W,Mobile,Federal,T3
4CTYF8J,69,56075,16919,703,170,96.9,Never,Current,W,Web,Federal,T5
W443GVK,45,86593,51745,645,0,107.0,1-12mo,90+,MW,IVR,Federal,T7
7S7SPW8,36,30535,60019,706,149,114.2,1-12mo,60-89,NE,Web,Federal,T3
QYFLA84,46,79792,40417,626,306,107.0,<30d,60-89,MW,Web,Consolidation,T2
CQ788C6,57,64525,58905,696,155,108.7,1-12mo,30-59,MW,IVR,Consolidation,T3
DGJULFD,70,43605,58205,489,239,99.7,1-12mo,Current,S,Agent,Consolidation,T7
XMF18HF,27,57596,51392,595,162,111.2,>1yr,60-89,MW,Web,Consolidation,T3
AGIANUQ,45,43690,67667,683,89,110.2,1-12mo,30-59,S,Agent,Federal,T3
T7Q8P8L,59,22613,58910,804,0,103.6,1-12mo,Current,MW,IVR,Federal,T7
B59RCPD,58,47361,49912,566,140,102.4,<30d,Current,S,Mobile,Consolidation,T8
PBVSRQT,50,27212,36188,695,47,95.3,<30d,Current,W,Agent,Federal,T8
TT9YIBN,65,27026,76569,674,77,106.3,>1yr,30-59,MW,Agent,Consolidation,T6
RCAPYLK,24,36359,20338,731,428,108.5,>1yr,60-89,W,Web,Consolidation,T1
MHJQ036,40,97535,26321,581,240,109.8,1-12mo,30-59,S,Web,Federal,T3
U6VVN18,54,43978,23872,836,437,108.2,>1yr,60-89,NE,Web,Consolidation,T1
G9TK9YI,36,49219,18103,720,147,100.2,Never,1-29,NE,Mobile,Consolidation,T5
16G6EFL,46,84287,41804,651,259,109.8,<30d,60-89,NE,Web,Consolidation,T2
DOC6CP8,58,84304,0,723,157,104.4,1-12mo,Current,W,Web,Federal,T7
9S9F7GI,22,50428,45840,768,390,100.1,1-12mo,30-59,MW,Mobile,Consolidation,T4
U36EWMJ,35,56063,33590,664,167,107.3,>1yr,60-89,W,Agent,Federal,T6
XRKL6IF,44,57501,43559,806,248,105.4,Never,30-59,MW,Web,Consolidation,T5
4MA9DQR,66,39330,38189,537,401,99.9,Never,90+,NE,IVR,Federal,T4
GZE02FX,66,24971,51213,702,134,103.9,>1yr,Current,MW,Web,Federal,T6
6R2VH7J,62,42677,61616,767,223,104.4,<30d,Current,W,Web,Consolidation,T8
A6ZODB9,59,40998,26592,611,94,95.4,<30d,Current,S,Web,Federal,T8
9QS65CO,58,15000,86566,574,84,112.0,1-12mo,60-89,S,Mobile,Federal,T3
W7E8PZZ,24,60434,40153,843,0,109.4,>1yr,90+,S,Web,Federal,T3
NMIU2LG,28,55385,44881,730,148,99.5,>1yr,Current,MW,Agent,Consolidation,T6
ZT4MZP9,34,44265,56350,679,340,112.5,>1yr,60-89,W,Mobile,Consolidation,T2
TE5S8ON,57,46772,97998,720,564,99.2,>1yr,90+,MW,Web,Consolidation,T4
XH29UYP,51,72155,11389,727,100,102.8,>1yr,Current,NE,Mobile,Consolidation,T6
2ER3ZLR,70,49853,44990,731,210,97.7,Never,Current,MW,Mobile,Consolidation,T5
RF16I66,51,85366,55729,718,0,97.1,<30d,Current,MW,Mobile,Federal,T8
EY15LAB,37,20939,46184,701,72,110.1,>1yr,90+,MW,Agent,Consolidation,T3
9F7OF01,65,35361,23217,652,270,98.3,<30d,1-29,MW,Mobile,Consolidation,T4
NFYUWSP,64,37888,43036,653,97,100.8,>1yr,Current,S,Web,Federal,T6
XLSKSEK,28,62083,134391,692,234,97.8,Never,Current,NE,Mobile,Consolidation,T5
RI25ZPD,67,41489,61143,681,74,95.6,<30d,Current,MW,Mobile,Federal,T8
2OQ6A9Z,70,37688,67648,777,78,112.9,<30d,90+,NE,Agent,Federal,T3
W007PCG,33,70141,45909,628,106,105.6,<30d,30-59,NE,Web,Consolidation,T8
PKIYV1R,52,57753,5937,680,430,99.8,Never,30-59,NE,Agent,Consolidation,T4
HEOV72W,52,80058,55259,802,231,98.1,>1yr,1-29,S,Agent,Consolidation,T6
6YQ72OE,67,55430,23661,743,137,100.0,<30d,Current,S,Agent,Consolidation,T8
TJFH6G2,30,32624,31769,674,0,109.5,<30d,90+,W,IVR,Federal,T3
GYRZKOZ,61,44089,36787,794,273,108.9,1-12mo,30-59,MW,Web,Federal,T2
0L8UF97,62,78394,40791,755,0,99.4,>1yr,1-29,W,Agent,Consolidation,T6
JHI5T4P,70,69138,73856,557,4,112.8,1-12mo,30-59,S,Agent,Federal,T3
GLSS5IY,50,17328,54873,741,248,103.8,>1yr,1-29,NE,IVR,Federal,T6
SHHHD81,33,100474,35522,672,44,112.0,>1yr,30-59,W,Mobile,Consolidation,T3
L47MLKI,30,52398,0,605,144,97.4,Never,Current,NE,Mobile,Federal,T5
FRVGTFH,54,43410,62016,717,185,107.6,Never,30-59,MW,IVR,Consolidation,T5
HPTODJP,45,37666,45286,620,316,109.5,>1yr,30-59,NE,Agent,Federal,T2
38L12U6,57,77788,29333,736,341,107.9,Never,30-59,S,Web,Consolidation,T2
D47OVE1,42,40846,46701,649,0,106.5,<30d,30-59,S,Mobile,Federal,T8
V9LLWHD,26,39436,10026,574,309,106.2,1-12mo,30-59,MW,Agent,Federal,T2
65GQXKO,32,60136,62933,697,189,106.1,<30d,30-59,NE,Agent,Federal,T8
OIJSY7D,26,77357,32350,698,331,104.4,<30d,30-59,S,Web,Federal,T4
VOC4R2B,64,51392,42372,641,264,109.3,1-12mo,60-89,MW,IVR,Consolidation,T2
NMIQLYN,44,37218,20651,635,0,107.8,Never,30-59,NE,Agent,Federal,T5
GE9HS4H,65,74062,76892,809,265,112.9,>1yr,90+,S,Mobile,Federal,T2
T6QP167,39,59437,3263,663,100,97.5,Never,1-29,S,Mobile,Federal,T5
E873SFN,38,17505,68496,671,276,102.0,<30d,Current,NE,Mobile,Federal,T4
5O5HJ7Y,31,56445,54265,697,199,110.6,<30d,60-89,MW,Mobile,Federal,T3
HEX77G1,65,34921,41360,735,147,113.7,>1yr,30-59,W,Agent,Consolidation,T3
8KPVZCG,62,72501,75074,765,68,95.6,>1yr,1-29,MW,Agent,Federal,T6
L4UI04P,39,65094,61268,596,0,104.9,1-12mo,Current,NE,Mobile,Consolidation,T7
QOPHO9N,60,41617,8123,639,0,112.1,<30d,60-89,NE,Agent,Consolidation,T3
FZP6MCG,57,39186,34654,813,247,102.6,Never,Current,MW,Agent,Consolidation,T5
OMV6CTQ,47,59488,43794,612,34,114.1,Never,60-89,S,Web,Consolidation,T3
T6MF7QV,37,75470,67400,642,213,99.7,Never,Current,W,IVR,Federal,T5
S8LXCVK,35,66779,61868,636,88,105.5,Never,60-89,NE,Agent,Federal,T5
8GX2595,62,59244,3889,727,0,96.8,<30d,Current,S,Web,Federal,T8
KR5KBHV,58,60614,36201,690,209,102.3,>1yr,Current,MW,Web,Federal,T6
SQG778E,54,52516,54842,711,4,113.8,Never,90+,MW,Web,Federal,T3
U2IOGCD,27,73078,35454,640,356,98.6,1-12mo,30-59,S,Agent,Federal,T4
VP09XFT,67,45511,66650,630,0,101.0,<30d,1-29,NE,Agent,Federal,T8
F2S1RIJ,24,31814,110504,662,142,97.2,1-12mo,Current,S,Agent,Federal,T7
L4HL7ZJ,25,67821,55027,802,42,105.4,1-12mo,30-59,NE,Web,Federal,T7
VE1U67Y,27,36922,62775,536,275,107.4,<30d,30-59,S,Web,Federal,T2
9811POF,26,52178,60784,531,442,108.0,>1yr,60-89,MW,Web,Consolidation,T2
4UJLWIJ,35,91078,29997,557,0,97.9,Never,1-29,NE,Mobile,Consolidation,T5
9SLY2BY,38,15000,65678,645,276,109.9,1-12mo,60-89,W,IVR,Consolidation,T2
T7QJ9NJ,40,48538,47626,759,173,101.7,<30d,Current,S,Web,Federal,T8
XZQPDR8,28,22279,74157,628,0,110.8,1-12mo,60-89,MW,IVR,Federal,T3
YN90046,50,39122,89510,654,378,110.7,Never,60-89,S,Mobile,Consolidation,T1
W39OR8D,22,50362,65963,585,119,95.6,>1yr,1-29,S,IVR,Federal,T6
7K8ROD7,59,62245,6971,728,76,95.7,<30d,Current,W,Mobile,Consolidation,T8
AB3YSU1,42,66678,64088,659,434,113.5,Never,90+,NE,IVR,Federal,T1
F21CX27,64,67021,10704,748,79,112.2,>1yr,30-59,MW,Agent,Federal,T3
TONJ1QI,54,58652,18039,754,37,98.6,1-12mo,1-29,W,IVR,Consolidation,T7
JYEJTJG,41,67713,15122,696,0,108.4,>1yr,90+,W,Web,Federal,T3
KKVE0XU,54,49697,42795,630,36,102.4,<30d,Current,W,Agent,Consolidation,T8
YFLXELT,48,63786,67251,560,308,98.1,<30d,30-59,W,Web,Federal,T4
76RNZYD,62,74171,17446,622,447,108.0,Never,90+,NE,Mobile,Federal,T2
2IMBX77,58,74816,0,691,54,114.3,1-12mo,30-59,NE,Mobile,Consolidation,T3
HECRLXA,39,31621,76031,712,134,100.1,>1yr,Current,NE,Web,Federal,T6
MT0SSO2,33,50484,41512,618,128,109.9,<30d,60-89,W,IVR,Consolidation,T3
K1F1Y76,65,41848,97852,623,283,100.5,<30d,Current,W,IVR,Consolidation,T4
91PAM2F,32,74105,43134,706,50,102.4,<30d,Current,MW,Web,Consolidation,T8
LVDJLK7,27,76112,31127,669,118,112.8,>1yr,30-59,MW,Web,Federal,T3
DLAL9W5,57,62709,35604,611,69,99.9,Never,Current,S,Agent,Consolidation,T5
0CGRL60,36,35164,42662,677,395,104.7,>1yr,30-59,NE,Web,Consolidation,T4
AALJ9WC,55,20477,51037,662,197,99.8,<30d,Current,W,IVR,Federal,T8
Y2T6BXD,70,47804,28884,675,241,97.7,Never,Current,NE,Mobile,Consolidation,T5
OCBYR0H,33,50239,96251,706,395,108.7,Never,90+,W,Agent,Consolidation,T1
R2J0F2D,40,30078,89235,774,419,112.9,>1yr,60-89,S,IVR,Consolidation,T1
2Z1OJG1,40,60757,23411,721,340,111.7,>1yr,30-59,W,Web,Federal,T2
ZSLJGXY,52,22231,28173,622,108,110.3,Never,30-59,MW,Web,Federal,T3
539LQKX,46,54132,66412,719,239,106.5,>1yr,30-59,NE,Agent,Federal,T6
TF6B734,29,65526,3101,650,358,114.0,1-12mo,60-89,MW,Agent,Consolidation,T2
XGJXCT6,43,52196,35807,577,214,98.4,>1yr,Current,W,Agent,Federal,T6
CZ66MFQ,54,81006,33784,620,0,108.6,1-12mo,30-59,S,Agent,Federal,T3
M3BDACX,51,52249,58530,588,140,97.5,<30d,Current,W,IVR,Federal,T8
SXUMW76,41,31938,34070,639,162,100.6,<30d,Current,MW,Web,Consolidation,T8
CVDCIF5,49,80701,70108,692,179,105.7,<30d,30-59,W,Mobile,Federal,T8
D5QIRBQ,57,66005,19413,758,303,111.3,1-12mo,30-59,NE,Agent,Consolidation,T2
2OSW2WZ,70,66833,26934,750,0,114.8,Never,30-59,W,Agent,Consolidation,T3
ZFDGP3V,65,85522,93659,723,453,104.9,1-12mo,30-59,S,Mobile,Consolidation,T4
PTKYT40,31,68153,11256,751,194,98.3,<30d,1-29,NE,Web,Federal,T8
P3JK6EZ,69,43068,100037,713,312,95.6,<30d,30-59,NE,Agent,Consolidation,T4
O7P5FUN,47,81445,45482,794,0,106.6,<30d,60-89,MW,Agent,Federal,T8
AXRGY2D,29,85231,77530,621,116,113.3,Never,30-59,S,Mobile,Consolidation,T3
UMJGEVH,27,38773,98900,676,455,106.8,1-12mo,30-59,W,Agent,Consolidation,T2
Q5JQXO6,33,54258,37416,606,84,105.8,1-12mo,60-89,S,IVR,Federal,T7
JVD3GJF,23,63795,46274,689,132,105.8,<30d,60-89,S,Agent,Consolidation,T8
KV38J14,46,51600,59816,698,208,98.6,>1yr,Current,S,Mobile,Consolidation,T6
K28JMF5,40,38445,46253,622,113,112.4,Never,30-59,NE,IVR,Consolidation,T3
XH175C6,61,62787,52308,626,269,97.2,1-12mo,Current,W,IVR,Consolidation,T4
HYH7YK0,59,33636,13256,716,181,108.9,<30d,30-59,S,Agent,Federal,T3
2AAD2EN,31,50774,61251,635,129,111.3,1-12mo,60-89,NE,IVR,Federal,T3
XQD9255,46,52850,60757,741,0,110.5,1-12mo,30-59,W,Mobile,Federal,T3
EBFF4OH,45,65231,20651,655,63,103.5,Never,1-29,S,IVR,Federal,T5
63IDTN6,39,54008,78289,692,185,104.1,Never,Current,W,Mobile,Consolidation,T5
CEBQ8OE,36,61700,64291,723,112,105.5,1-12mo,30-59,W,Web,Consolidation,T7
VG7X01P,64,44177,21386,560,155,100.7,<30d,1-29,S,Agent,Consolidation,T8
5PYBBPB,53,41140,8935,757,50,97.6,Never,Current,MW,Agent,Federal,T5
UCGTFMQ,34,47286,67051,687,125,97.3,>1yr,Current,S,Web,Federal,T6
38Y5USV,45,46162,78875,649,104,105.7,>1yr,30-59,NE,Agent,Consolidation,T6
GPQT4TT,41,44186,58893,718,476,113.0,Never,60-89,W,Web,Federal,T1
7J2QMXW,34,89877,68003,668,233,100.6,1-12mo,Current,S,Agent,Federal,T7
T584PL5,54,43352,38500,741,302,97.4,>1yr,30-59,W,Agent,Consolidation,T4
78XA6OV,66,56600,53409,648,0,104.3,Never,Current,MW,IVR,Consolidation,T5
J301CB2,62,50629,73339,761,255,106.9,1-12mo,90+,S,Web,Federal,T2
2T1ZL85,52,52669,13865,735,235,100.8,>1yr,Current,W,IVR,Consolidation,T6
AW0SA3A,33,33882,55116,735,194,108.7,<30d,30-59,MW,Mobile,Federal,T3
FM4UIKD,36,64430,40185,735,132,96.6,1-12mo,Current,S,Mobile,Federal,T7
HURBVZU,41,59113,30649,734,206,104.3,1-12mo,Current,W,Agent,Consolidation,T7
F3C861Q,62,36772,46678,807,195,98.1,>1yr,Current,W,Agent,Federal,T6
7L76K8W,31,48231,57915,681,247,110.7,1-12mo,30-59,S,Agent,Federal,T3
6PA340W,68,72279,21038,749,0,102.5,<30d,Current,W,IVR,Federal,T8
Z4ZUKAB,55,87661,96357,671,97,112.4,1-12mo,30-59,NE,Agent,Consolidation,T3
VDUJNUS,67,16307,56538,705,586,107.6,Never,30-59,MW,Agent,Consolidation,T2
DF6AGWS,67,91834,15300,661,217,106.3,<30d,30-59,NE,Agent,Federal,T8
M79UH8D,27,65425,6855,719,0,101.1,Never,Current,NE,IVR,Federal,T5
KEAS1FD,44,67525,30768,699,270,96.0,<30d,1-29,S,Agent,Federal,T4
H98840P,36,50762,26558,677,69,96.4,>1yr,Current,NE,IVR,Consolidation,T6
OBHK69C,67,69525,31541,749,0,114.9,<30d,90+,MW,Web,Federal,T3
L5M6WIE,34,52669,60281,737,0,95.5,Never,1-29,NE,Web,Consolidation,T5
9QFTREK,26,70044,77325,652,59,107.1,>1yr,60-89,W,Mobile,Federal,T6
MZWY9BH,45,15000,57896,716,138,107.9,1-12mo,30-59,NE,Agent,Consolidation,T7
FJGQOJV,35,111098,44372,578,303,106.1,Never,90+,S,Agent,Federal,T2
0PEBJNC,58,32511,54409,561,253,95.7,Never,Current,W,Web,Consolidation,T4
BHHBHR2,60,63877,44137,574,16,99.7,>1yr,1-29,NE,Mobile,Federal,T6
ZPRDMIW,41,81915,49502,713,253,106.1,<30d,90+,S,Agent,Consolidation,T2
5IPTZRX,69,33374,55482,652,120,96.0,<30d,Current,NE,Mobile,Consolidation,T8
9CPYSX8,55,68900,37820,586,0,96.1,Never,1-29,MW,IVR,Federal,T5
FHBVHKE,33,64681,55848,652,310,111.4,Never,90+,S,Agent,Federal,T2
VA95PS5,56,64355,90960,699,378,97.2,1-12mo,30-59,S,Mobile,Consolidation,T4
VKAU9QH,39,43812,50609,641,504,104.1,1-12mo,60-89,W,IVR,Federal,T4
8TD7WXJ,32,24349,50694,850,64,114.6,1-12mo,60-89,NE,Mobile,Consolidation,T3
85SP8NI,66,37867,17020,686,287,112.1,>1yr,60-89,W,IVR,Consolidation,T2
FNK1C7H,42,75642,30263,621,366,102.3,Never,90+,NE,IVR,Consolidation,T4
MA9B5NE,29,23272,78045,751,198,114.5,>1yr,30-59,S,IVR,Federal,T3
8J624LA,59,62794,34791,516,124,104.7,>1yr,Current,MW,Web,Federal,T6
14VP0NB,22,87093,49080,714,0,114.6,1-12mo,30-59,W,Web,Federal,T3
4ZJAJ5W,28,46321,62324,621,189,101.1,<30d,Current,S,Agent,Federal,T8
GNEIXGJ,59,49758,89824,850,71,114.8,>1yr,90+,S,Agent,Federal,T3
TGX9BYF,49,28890,6129,581,548,99.4,>1yr,60-89,S,IVR,Federal,T4
7YLSMO1,25,83705,61311,741,350,96.7,1-12mo,30-59,MW,Web,Consolidation,T4
6QUFOE4,29,48923,14992,716,396,99.6,1-12mo,90+,S,IVR,Federal,T4
NJMNSH4,48,66858,40739,552,236,99.5,1-12mo,Current,MW,Web,Federal,T7
Y63VC7C,57,30524,27293,600,98,112.7,<30d,30-59,MW,Mobile,Consolidation,T3
C1MXYZP,43,59086,38249,752,279,107.4,<30d,60-89,S,Web,Federal,T2
PHTS3EQ,40,73222,30864,617,63,109.5,>1yr,60-89,W,Web,Consolidation,T3
XFR8WBB,69,63761,72542,726,227,112.1,1-12mo,30-59,W,Web,Federal,T3
08W5FB2,49,65301,65985,585,343,114.2,>1yr,90+,S,Web,Federal,T2
08S5G44,58,83996,14182,673,420,112.8,>1yr,30-59,S,IVR,Federal,T1
YYWJQO5,26,63992,67246,644,514,98.6,<30d,90+,MW,Mobile,Federal,T4
X9FCEVV,47,37362,78629,737,230,113.5,Never,30-59,MW,IVR,Federal,T3
Z9XCBQ9,56,42404,42553,668,292,103.5,<30d,Current,NE,Web,Federal,T4
WE1AVHP,31,72972,84171,716,51,99.8,1-12mo,Current,MW,Web,Consolidation,T7
7RRPL1B,42,57331,56904,625,601,101.2,>1yr,60-89,MW,Mobile,Federal,T4
F0R6LEV,24,31275,64823,635,131,108.5,Never,90+,W,Agent,Federal,T3
SL34R3O,69,43689,27063,621,217,97.8,Never,Current,MW,Web,Consolidation,T5
ABNSQUZ,63,55426,69620,780,279,103.7,>1yr,Current,W,Mobile,Consolidation,T4
FRA6RN0,55,64272,51617,541,0,114.8,<30d,90+,MW,Web,Federal,T3
A8CZTUO,30,15000,54633,666,185,109.9,>1yr,60-89,W,Web,Consolidation,T3
TZVG8EB,49,65012,23639,724,100,106.8,1-12mo,90+,NE,Agent,Consolidation,T7
0XETHJA,62,71974,43680,637,262,101.0,<30d,Current,MW,Mobile,Federal,T4
CRXA7MY,29,15000,8719,789,79,111.5,<30d,30-59,MW,Web,Consolidation,T3
0EHOJOX,22,43948,64506,640,57,98.1,<30d,Current,NE,Mobile,Consolidation,T8
29WWGP6,62,53163,53018,555,237,113.9,>1yr,90+,MW,Agent,Federal,T3
6OKNU19,46,63713,50044,580,471,98.3,<30d,30-59,S,Mobile,Consolidation,T4
FY91AA0,41,51414,95788,685,0,101.3,>1yr,Current,S,Agent,Consolidation,T6
P4NF4T0,27,50344,61723,818,0,110.1,>1yr,30-59,W,Agent,Consolidation,T3
XX46PE1,45,106354,48147,612,111,108.1,>1yr,30-59,W,Web,Consolidation,T3
USH7SM5,22,45787,61966,625,160,102.7,Never,1-29,NE,IVR,Federal,T5
27OMYI9,44,68288,45879,703,147,113.8,>1yr,30-59,W,Agent,Consolidation,T3
Q90L09O,52,88454,45683,625,486,112.9,Never,90+,S,Web,Federal,T1
5VYSWWG,36,49447,49857,605,179,100.1,1-12mo,Current,MW,Web,Consolidation,T7
2MZP95Z,32,50055,32182,812,233,111.0,>1yr,90+,MW,Agent,Consolidation,T3
YUC4TB0,46,69312,10089,712,378,109.2,1-12mo,30-59,W,Agent,Consolidation,T2
C172CXL,53,32660,80614,686,423,99.1,1-12mo,30-59,S,Web,Federal,T4
4W9CSEV,51,68789,40175,681,258,107.0,<30d,30-59,NE,Mobile,Consolidation,T2
K6DJGME,70,36381,79317,620,254,103.2,Never,Current,W,IVR,Consolidation,T4
B57S6IR,33,57447,41712,645,135,105.8,1-12mo,30-59,S,IVR,Federal,T7
D6L8ACE,23,65735,46776,806,146,113.4,>1yr,90+,W,Agent,Consolidation,T3
6FX5T9Z,30,51355,4628,718,189,113.2,Never,90+,S,Web,Federal,T3
EZNSM3X,58,51528,36044,644,41,110.7,Never,90+,NE,Mobile,Federal,T3
AFUZ0QC,31,63168,91152,707,302,104.7,Never,60-89,S,Web,Federal,T4
132WAYR,64,49895,0,696,161,109.0,Never,30-59,MW,Mobile,Federal,T3
D7V7J3F,39,15000,30129,550,162,100.9,>1yr,Current,MW,Mobile,Federal,T6
9BQL5N7,22,84464,48255,645,217,109.1,>1yr,60-89,NE,IVR,Consolidation,T3
F8LPQUK,44,41090,72935,697,186,107.6,1-12mo,30-59,S,IVR,Federal,T7
X9K2BNE,56,32452,41554,626,76,106.4,>1yr,30-59,S,Web,Federal,T6
YVPXJMH,57,43594,59465,746,396,98.7,1-12mo,60-89,MW,Mobile,Federal,T4
CACEE4U,64,44164,55261,695,0,110.3,Never,30-59,MW,IVR,Consolidation,T3
1TIEEHP,68,74687,57026,559,209,110.1,Never,60-89,W,IVR,Federal,T3
12PHHH8,50,30255,46356,678,154,108.6,Never,90+,W,Agent,Federal,T3
CLWIQ0F,50,47708,37617,697,24,101.6,>1yr,Current,W,Web,Consolidation,T6
SE0B0E5,36,37420,16663,739,201,103.1,<30d,1-29,W,Web,Consolidation,T8
453YMYE,37,76727,51715,695,395,96.8,1-12mo,30-59,NE,IVR,Consolidation,T4
5CJ1VYO,31,40834,55909,725,39,95.7,Never,Current,W,Web,Federal,T5
5W8FUD1,42,80880,53291,708,0,110.0,<30d,30-59,S,Mobile,Federal,T3
RPEDM45,46,63496,74492,723,157,99.7,<30d,Current,NE,IVR,Federal,T8
6MVRNBE,63,44760,48243,634,134,102.1,<30d,Current,S,Web,Consolidation,T8
YVIOK30,36,25543,64389,619,184,97.5,Never,Current,S,IVR,Federal,T5
OUMM617,46,33481,60981,719,54,108.6,<30d,30-59,MW,Mobile,Federal,T3
JNZCD8Y,38,27911,30895,697,0,104.9,>1yr,Current,W,IVR,Federal,T6
MMIKJAL,26,37447,55602,594,203,104.3,<30d,1-29,W,Agent,Federal,T8
9B0GZRO,59,35746,50181,686,378,101.0,>1yr,30-59,W,Web,Consolidation,T4
U1FF0MW,47,44374,64494,634,90,105.6,Never,90+,W,Web,Consolidation,T5
188SPGL,27,46217,29674,690,297,111.4,<30d,30-59,NE,Web,Federal,T2
YOM9CWX,48,60528,64111,642,434,96.5,>1yr,30-59,W,Mobile,Consolidation,T4
Y1ZQ5I1,37,53917,68579,514,0,110.8,1-12mo,30-59,NE,Agent,Federal,T3
CVTNIMX,23,56775,66923,802,0,108.9,>1yr,30-59,MW,Agent,Consolidation,T3
7CCX8FG,58,63961,38226,664,137,97.8,Never,Current,NE,Agent,Federal,T5
ZE4PZWS,55,41396,56953,605,180,104.3,Never,1-29,MW,IVR,Consolidation,T5
5O1QUQF,45,56951,38752,677,265,101.7,Never,Current,MW,IVR,Consolidation,T4
EK93ICE,41,69361,35013,724,198,104.2,>1yr,Current,NE,IVR,Consolidation,T6
TP1F642,31,40377,42507,739,237,107.0,<30d,90+,NE,Agent,Consolidation,T8
OAYIXHC,23,48963,76311,637,325,101.8,>1yr,30-59,MW,Web,Federal,T4
26E2V34,59,61112,30957,745,474,105.6,Never,30-59,MW,IVR,Federal,T2
22CSXXB,34,63751,43098,619,116,107.1,1-12mo,90+,W,Agent,Federal,T7
SGOQXYE,38,20712,48290,758,0,95.3,>1yr,Current,MW,Agent,Consolidation,T6
JU9SJIG,26,45116,89090,739,159,101.5,>1yr,1-29,NE,Agent,Federal,T6
7JAKYHG,29,53694,42263,641,208,95.1,<30d,1-29,S,Web,Consolidation,T8
HC00VVR,60,51996,53775,689,226,99.0,<30d,1-29,W,Web,Consolidation,T8
FM9JCIB,62,89038,29247,777,0,99.5,<30d,Current,MW,Agent,Federal,T8
GWHL27A,25,63354,19537,625,179,100.0,1-12mo,1-29,S,Mobile,Federal,T7
MZJBB7N,25,37596,29555,664,0,106.7,1-12mo,30-59,NE,Web,Consolidation,T7
5REE60C,38,68465,25308,631,392,110.7,1-12mo,30-59,S,Agent,Federal,T2
FV9ZC3L,40,69224,73588,640,89,101.0,1-12mo,Current,MW,Mobile,Federal,T7
PIOC6Q0,44,53463,16485,674,177,110.2,<30d,30-59,S,Web,Consolidation,T3
CTOXWPQ,65,58352,75344,627,226,104.3,<30d,Current,MW,Mobile,Consolidation,T8
Z6EXUHW,63,44420,42196,540,315,100.3,Never,60-89,MW,IVR,Federal,T4
6FCPWFU,64,66418,63005,787,173,101.2,<30d,Current,S,Agent,Consolidation,T8
UKU2JDB,49,60610,33580,741,231,111.2,1-12mo,30-59,W,Mobile,Federal,T3
Y1IGM2X,23,58547,31837,534,384,104.3,Never,90+,W,Agent,Consolidation,T4
AILORIY,60,88035,45895,695,325,114.5,>1yr,60-89,NE,IVR,Federal,T2
W263G9B,46,46367,13671,585,255,113.0,<30d,60-89,S,Web,Consolidation,T2
JCYUU8W,34,15000,67794,850,320,96.6,Never,30-59,W,Mobile,Consolidation,T4
ZFY0HBA,61,53404,42467,725,136,103.3,Never,Current,W,Web,Consolidation,T5
RTU60FB,41,49167,14790,689,127,102.8,<30d,1-29,W,Web,Consolidation,T8
HNQ8UOW,52,17678,30295,757,207,102.8,1-12mo,Current,S,Web,Consolidation,T7
OG1BRIR,48,71209,35103,697,97,101.3,>1yr,Current,W,IVR,Federal,T6
L62E259,65,80637,52375,736,102,100.7,1-12mo,Current,MW,Mobile,Federal,T7
MUBHPST,65,65650,14558,767,30,101.0,Never,Current,MW,Web,Consolidation,T5
H662XXC,47,35881,23883,618,337,96.3,1-12mo,30-59,NE,IVR,Consolidation,T4
I7L11BY,46,67606,70585,642,84,112.0,<30d,30-59,MW,Agent,Federal,T3
G0FDS52,55,42703,36203,671,200,101.7,Never,Current,W,IVR,Federal,T5
Z6U7HAR,38,30001,7777,638,31,100.1,Never,1-29,MW,Mobile,Consolidation,T5
J9LZHMK,27,44192,19511,659,136,113.1,>1yr,30-59,S,Agent,Consolidation,T3
ZQD7TJZ,49,61543,75061,690,137,96.8,>1yr,Current,W,Mobile,Consolidation,T6
T60AUIE,36,22473,34102,745,291,99.9,>1yr,Current,NE,Agent,Federal,T4
A25RIT5,30,72043,35081,710,64,108.8,<30d,60-89,S,IVR,Consolidation,T3
I9J9BY1,69,25618,52516,701,77,106.9,>1yr,60-89,MW,Web,Consolidation,T6
ZQ7IXQX,63,86350,78447,676,436,104.0,>1yr,60-89,S,IVR,Federal,T4
5NULWND,26,74219,64841,695,98,101.5,1-12mo,Current,W,IVR,Consolidation,T7
BYWRSO6,36,57714,42928,679,204,108.9,Never,90+,S,Web,Consolidation,T3
TPEV3JD,43,55418,58856,662,203,114.5,1-12mo,60-89,NE,Agent,Federal,T3
DL6WEBC,50,66196,28192,615,264,95.9,>1yr,Current,W,Mobile,Federal,T4
U4HWXG4,62,68833,63786,719,127,111.2,Never,90+,NE,Web,Federal,T3
1J6JH6B,42,51415,81322,701,31,105.9,1-12mo,30-59,W,Agent,Federal,T7
FY71N5O,61,72749,18746,677,294,107.4,<30d,60-89,MW,Agent,Consolidation,T2
F9YPG0K,49,62305,30064,788,261,108.1,>1yr,60-89,W,Mobile,Federal,T2
UE2CWKL,54,68964,45029,698,340,104.8,>1yr,30-59,MW,IVR,Federal,T4
C6R7FYV,64,89914,30570,602,27,112.7,1-12mo,60-89,W,Web,Federal,T3
VUE84YW,33,43001,0,610,177,104.4,>1yr,Current,MW,Mobile,Federal,T6
LH6XCOC,23,33728,42997,679,386,105.9,<30d,30-59,MW,Agent,Federal,T2
SBQAIGK,25,79275,65281,608,274,112.6,<30d,30-59,W,Web,Federal,T2
GKQWBFZ,38,68516,11269,671,656,107.0,Never,90+,S,IVR,Consolidation,T2
66H6ZIY,29,83116,37586,631,69,100.5,>1yr,Current,NE,Agent,Federal,T6
YNPZ054,65,48683,20943,691,73,107.2,<30d,30-59,W,Mobile,Federal,T8
VCFKI64,32,60557,64610,694,408,112.2,<30d,30-59,W,Mobile,Consolidation,T2
P74BLNL,39,32091,51628,638,0,104.0,>1yr,Current,MW,IVR,Consolidation,T6
TQ063W1,37,69762,54224,535,114,105.0,Never,1-29,W,IVR,Federal,T5
J77G5ZG,48,51565,42757,665,180,114.3,>1yr,30-59,NE,Agent,Federal,T3
I9QLRO5,29,15000,41762,617,545,109.2,Never,30-59,NE,Web,Consolidation,T1
26FPRY5,46,38770,45227,783,0,95.8,<30d,Current,S,IVR,Consolidation,T8
M4RPAFF,65,39078,29673,635,73,103.7,1-12mo,Current,W,Agent,Consolidation,T7
HHH28K3,59,55086,8411,630,132,110.3,<30d,90+,MW,Mobile,Consolidation,T3
2N2VRKI,61,57397,59147,617,149,98.6,>1yr,Current,MW,IVR,Federal,T6
EVN3UFL,43,48647,57908,622,141,109.5,>1yr,60-89,S,Web,Consolidation,T3
5G6JAD1,67,64339,20695,706,161,99.7,>1yr,Current,NE,Web,Federal,T6
4HGPVBV,48,15000,62039,600,544,96.3,<30d,90+,S,Web,Federal,T4
W7LJSH7,59,39020,67990,742,232,110.4,<30d,30-59,MW,Mobile,Consolidation,T3
DAUIWJY,45,63707,64544,665,172,107.2,>1yr,30-59,W,Mobile,Federal,T6
E646I1B,47,28861,52416,661,117,114.1,<30d,30-59,MW,IVR,Consolidation,T3
ZM31PMH,28,61151,67260,677,136,97.1,Never,Current,MW,Agent,Federal,T5
ZVAM1M1,63,58970,59165,578,0,98.2,Never,Current,W,IVR,Consolidation,T5
GTXYYZV,28,66350,55112,645,289,100.2,<30d,Current,MW,Mobile,Consolidation,T4
DDX63IQ,66,60117,69554,662,358,95.8,1-12mo,90+,W,IVR,Federal,T4
MYOMZRV,30,55323,42253,650,327,98.0,1-12mo,90+,W,Mobile,Consolidation,T4
NIAE537,22,41628,56727,803,0,96.3,<30d,Current,W,Web,Federal,T8
MD5GKAE,39,79042,61448,669,25,105.6,1-12mo,30-59,NE,Web,Consolidation,T7
S61NZY1,40,15000,79123,725,0,114.4,>1yr,60-89,S,Web,Consolidation,T3
C2H7OVG,46,23932,77418,559,221,103.8,Never,1-29,NE,IVR,Federal,T5
GFMU4QX,41,75383,34428,525,0,108.9,Never,60-89,MW,IVR,Consolidation,T3
4FGVMKA,22,39378,38077,620,16,113.6,Never,30-59,MW,Web,Federal,T3
PBLS4V9,27,55386,86634,669,285,113.7,Never,60-89,W,Web,Consolidation,T2
AECDQBH,23,42835,67181,810,13,114.8,>1yr,90+,MW,IVR,Federal,T3
SVDPGEO,52,58957,48589,658,372,100.1,1-12mo,60-89,MW,Web,Consolidation,T4
ZYB1W3M,47,44561,33632,675,0,96.0,>1yr,Current,NE,Mobile,Consolidation,T6
3GYIH74,30,58083,75823,657,0,112.2,Never,60-89,MW,IVR,Consolidation,T3
WS4ULN4,43,65431,34600,623,272,103.3,<30d,1-29,S,Mobile,Federal,T4
FHQ3WID,38,42872,36574,613,0,98.6,1-12mo,Current,NE,Agent,Federal,T7
F4CTDPG,46,49014,77598,602,321,103.2,>1yr,30-59,W,Mobile,Federal,T4
K04HGG4,41,60952,66803,540,0,111.8,Never,60-89,MW,Agent,Federal,T3
UELXGKI,35,47068,77167,680,108,105.8,<30d,90+,NE,Mobile,Federal,T8
M6O8HYU,50,73126,53151,718,125,98.3,<30d,Current,NE,Web,Consolidation,T8
BL996HQ,28,34729,30579,710,0,102.5,Never,Current,MW,Mobile,Consolidation,T5
M54XQB8,61,72072,4357,675,0,98.9,Never,Current,NE,Mobile,Federal,T5
OUPCTRJ,33,67011,55478,552,311,95.8,<30d,30-59,S,Web,Consolidation,T4
MBQNOGP,54,76090,47326,620,377,108.1,1-12mo,30-59,NE,Mobile,Consolidation,T2
AZHODXU,24,36476,55993,650,137,98.1,1-12mo,1-29,S,Web,Federal,T7
ZXH8EH6,35,43858,21384,680,74,106.2,<30d,60-89,S,Mobile,Consolidation,T8
E4VZFFC,49,15000,43632,697,207,110.9,Never,60-89,W,Web,Consolidation,T3
U3UOA2U,35,17400,21367,747,99,110.5,Never,60-89,NE,Web,Consolidation,T3
U75ERT6,44,42117,109734,537,0,101.5,1-12mo,Current,W,IVR,Consolidation,T7
NGV4XEA,41,48458,10710,598,243,107.8,1-12mo,30-59,W,Agent,Consolidation,T7
BF6JP7V,47,62794,52987,612,0,113.0,<30d,30-59,NE,Web,Federal,T3
Y7VXTT7,44,67985,54725,732,461,104.8,<30d,60-89,NE,Mobile,Federal,T4
9ODUBQT,33,29275,76188,681,0,96.1,<30d,1-29,MW,Agent,Consolidation,T8
U155XY3,50,55027,55311,598,171,109.9,Never,90+,S,Agent,Federal,T3
B651WAC,26,88507,11493,646,0,112.1,<30d,30-59,MW,Web,Federal,T3
ZCWVH1V,55,72292,41091,669,0,103.8,Never,Current,S,Agent,Federal,T5
OMEIPVU,56,63484,5378,698,221,108.2,<30d,60-89,MW,Agent,Federal,T3
1FCVZKI,32,30173,49686,766,170,99.3,1-12mo,1-29,MW,IVR,Consolidation,T7
TVT26R1,47,48856,0,669,180,99.4,>1yr,Current,S,Mobile,Federal,T6
OZW3EVN,59,56585,29798,712,216,96.5,1-12mo,1-29,NE,Web,Federal,T7
N32KHEJ,25,63418,40461,680,116,99.2,<30d,Current,W,Agent,Consolidation,T8
AKRT8LM,24,56107,36197,743,56,113.9,<30d,30-59,MW,IVR,Federal,T3
3NTBDC8,57,33702,44797,691,236,113.1,1-12mo,30-59,W,IVR,Consolidation,T3
KRR9YDG,32,63369,44055,687,332,109.8,<30d,30-59,NE,Web,Federal,T2
ZGNDEMX,67,54514,57867,759,306,97.2,1-12mo,30-59,NE,Mobile,Federal,T4
MJAPTJS,52,38903,3160,701,28,96.8,<30d,Current,NE,Agent,Federal,T8
O3UH54W,23,29623,30864,718,0,99.7,Never,1-29,S,Agent,Federal,T5
C8KRBP0,70,83370,13310,616,0,103.6,>1yr,Current,NE,Mobile,Consolidation,T6
TI62QOG,33,67072,46746,673,37,95.2,>1yr,Current,MW,IVR,Consolidation,T6
A60TW36,44,38721,55618,620,147,112.1,<30d,30-59,NE,Mobile,Consolidation,T3
EV6Y377,65,62006,25715,638,406,100.8,1-12mo,30-59,W,Web,Consolidation,T4
VB55DL2,46,58354,34349,646,27,98.0,>1yr,1-29,W,Agent,Consolidation,T6
R8X4V6Y,56,73575,25315,610,259,112.2,<30d,60-89,MW,Web,Consolidation,T2
NA2W6KB,34,43532,39929,610,33,112.6,>1yr,90+,NE,Web,Federal,T3
C7WYPTJ,60,53335,72876,605,94,98.9,Never,1-29,W,Agent,Consolidation,T5
L14LPSF,44,71757,60100,584,0,101.3,>1yr,Current,W,Mobile,Consolidation,T6
IX4PTC4,49,66747,101797,636,123,107.5,1-12mo,60-89,NE,Agent,Consolidation,T7
ZM5HRLP,58,49899,25459,649,0,96.1,1-12mo,Current,NE,IVR,Federal,T7
THKJ9AH,63,43225,15709,682,96,109.3,Never,30-59,NE,IVR,Consolidation,T3
A3R80RV,60,53742,63541,713,114,105.4,Never,60-89,W,IVR,Consolidation,T5
WLBGOZL,66,47330,27325,676,110,112.8,>1yr,30-59,MW,IVR,Consolidation,T3
TGB0N2A,47,47360,84827,695,176,106.8,1-12mo,30-59,MW,Web,Consolidation,T7
OHAKC7F,65,70890,55078,675,187,97.1,<30d,1-29,W,Web,Consolidation,T8
VGQ4IJ5,34,20640,87438,732,267,109.7,<30d,30-59,W,Agent,Federal,T2
7BRHARG,58,49502,56539,674,422,107.6,Never,30-59,S,Mobile,Federal,T2
VQGAFF1,40,35377,24151,692,450,99.9,Never,30-59,W,IVR,Consolidation,T4
BM6SPO2,55,58437,48644,719,0,98.9,1-12mo,Current,W,Web,Consolidation,T7
287DOFW,67,95249,30666,698,15,109.5,<30d,60-89,MW,Web,Consolidation,T3
0P9JGW1,35,39236,62442,641,0,96.7,1-12mo,Current,W,IVR,Consolidation,T7
05NV86U,59,22693,44693,662,236,112.1,1-12mo,30-59,W,IVR,Federal,T3
SMQVQG6,37,37880,25786,653,0,108.9,>1yr,30-59,S,Mobile,Federal,T3
1UK5FII,67,33363,37962,777,0,112.2,<30d,30-59,S,IVR,Consolidation,T3
5T8BE4F,31,35061,32593,643,253,107.5,>1yr,60-89,W,Agent,Consolidation,T2
P2RA9J2,39,52250,69303,681,0,114.7,>1yr,60-89,S,Mobile,Federal,T3
CEUL0GJ,64,16749,42683,726,104,100.2,>1yr,Current,NE,Agent,Federal,T6
SDRRUFP,41,42388,19181,636,273,98.7,Never,Current,S,Web,Consolidation,T4
M4W1CGM,22,81504,33975,709,215,109.0,Never,60-89,NE,Mobile,Consolidation,T3
Y9VFFNK,69,40221,8962,720,398,112.5,<30d,30-59,MW,Web,Consolidation,T2
RPVM2TP,61,80110,45350,725,91,105.7,Never,90+,W,IVR,Federal,T5
HL5WF52,44,60961,86309,546,151,113.3,Never,30-59,S,IVR,Federal,T3
1D5LPGZ,36,51877,57338,594,0,101.5,<30d,Current,MW,Mobile,Consolidation,T8
YXOI32B,61,60187,58433,650,73,97.9,>1yr,1-29,W,Web,Federal,T6
4ONHD51,29,52339,21755,691,170,112.4,>1yr,60-89,W,IVR,Federal,T3
3QD5AN0,56,43859,56952,533,191,106.7,1-12mo,90+,W,Agent,Consolidation,T7
UF41NL6,63,53454,53277,685,35,109.2,>1yr,30-59,S,IVR,Federal,T3
OOWB4EW,40,69588,10674,651,21,107.8,1-12mo,30-59,NE,IVR,Federal,T7
NT2HF7C,31,15000,18753,750,334,98.2,>1yr,30-59,S,IVR,Federal,T4
AG8RJH9,39,56876,51125,648,190,106.8,>1yr,30-59,NE,Agent,Consolidation,T6
F2QSM6W,37,92616,34422,768,206,102.4,Never,Current,W,IVR,Federal,T5
KNWT7Z8,60,42217,66165,702,111,95.5,<30d,1-29,MW,Mobile,Federal,T8
PZYN7O7,41,64149,62337,706,123,104.8,>1yr,Current,MW,Agent,Consolidation,T6
AUEN61W,32,62934,27964,675,254,102.4,Never,Current,S,Mobile,Federal,T4
8UHAWEC,70,71011,12282,622,411,99.2,1-12mo,60-89,NE,Web,Federal,T4
PMEMM9Z,52,42357,93557,594,243,104.2,>1yr,Current,MW,Mobile,Consolidation,T6
76FM4X4,45,51955,0,491,241,102.6,Never,Current,W,Agent,Consolidation,T5
TZ8KK6Y,63,90788,23470,757,102,105.3,<30d,60-89,S,Mobile,Federal,T8
QGFBTHK,52,51685,63367,717,0,96.8,>1yr,Current,MW,Web,Consolidation,T6
FJIIEIP,56,55439,32137,532,257,103.7,<30d,1-29,MW,IVR,Federal,T4
NWE1HEU,41,77111,46515,510,40,99.1,<30d,Current,S,Web,Consolidation,T8
WZJW9U1,45,42505,31358,656,318,108.2,1-12mo,30-59,MW,Web,Consolidation,T2
VQQNF5L,24,72048,35819,660,109,100.5,<30d,Current,MW,Mobile,Consolidation,T8
KU38CBQ,52,84714,15121,554,0,96.7,<30d,1-29,NE,IVR,Consolidation,T8
POI2P4O,69,57337,23048,817,290,107.2,Never,30-59,NE,Agent,Consolidation,T2
MH9YFRI,63,54255,88279,598,0,103.0,<30d,Current,W,Mobile,Consolidation,T8
H0HWR0M,22,32944,77204,701,143,101.9,<30d,Current,W,Agent,Consolidation,T8
COW5SL5,41,64959,37088,624,0,109.8,<30d,30-59,MW,Agent,Federal,T3
GJ3PETB,64,68907,31072,560,165,110.5,Never,60-89,NE,IVR,Federal,T3
BZEYTW1,41,53482,57038,686,0,97.0,Never,Current,S,Web,Consolidation,T5
JR2LIXJ,69,63352,26960,702,0,103.5,>1yr,Current,S,Agent,Consolidation,T6
EUV5M80,36,60727,34861,702,0,105.9,1-12mo,60-89,MW,Web,Federal,T7
4RVNJ6F,66,66375,77758,626,6,109.0,1-12mo,30-59,W,Web,Consolidation,T3
4HRE11G,55,79011,7053,689,25,113.6,1-12mo,30-59,W,Mobile,Consolidation,T3
QH77UOF,28,54305,35176,763,333,103.3,<30d,60-89,W,Web,Federal,T4
9WNDAVZ,63,60413,89104,689,0,96.2,<30d,1-29,MW,Mobile,Consolidation,T8
CV7F6PW,22,63169,19696,664,165,97.0,Never,Current,W,IVR,Consolidation,T5
TPMJP4I,24,66693,38139,732,255,95.1,Never,Current,S,Agent,Federal,T4
V9SXNJ7,38,52142,67706,753,400,108.9,>1yr,30-59,MW,IVR,Federal,T1
5T3CZOG,27,84938,33346,678,172,109.3,1-12mo,30-59,S,Web,Federal,T3
JUPKQJ9,58,72001,17027,699,127,103.9,>1yr,Current,MW,Mobile,Federal,T6
FHO86HV,39,85607,89034,482,127,96.1,1-12mo,1-29,W,Web,Federal,T7
7L305AO,52,87619,82591,619,0,108.9,<30d,30-59,NE,Web,Federal,T3
GA01452,53,91182,13718,706,262,114.0,>1yr,30-59,MW,Mobile,Federal,T2
XOLDH3O,65,98199,37209,614,218,114.7,1-12mo,30-59,MW,Web,Consolidation,T3
GSFPFS2,64,77130,44463,657,207,112.0,Never,30-59,W,Mobile,Federal,T3
9FD5ZQP,53,29682,44076,686,318,96.6,Never,90+,W,Web,Consolidation,T4
HOCM6TY,50,69755,52075,654,556,107.8,1-12mo,60-89,W,IVR,Federal,T2
A9DO9RJ,37,40936,57978,643,0,98.6,>1yr,Current,NE,Mobile,Consolidation,T6
RV41O3N,31,63197,61504,635,364,112.0,Never,60-89,S,IVR,Federal,T1
TOHVTCR,69,67732,37342,676,373,112.9,>1yr,30-59,S,Web,Federal,T1
SFKW983,61,39858,51163,619,259,97.2,Never,Current,W,Web,Consolidation,T4
5E9RI4X,48,37263,36127,704,271,106.9,>1yr,60-89,S,Web,Consolidation,T2
REDJRAZ,66,45916,53397,713,0,106.3,1-12mo,90+,W,Mobile,Federal,T7
K2C39IX,62,41730,75975,549,92,107.4,<30d,30-59,MW,Agent,Federal,T8
JJNUTK7,22,69475,17575,657,397,104.4,Never,30-59,MW,Agent,Federal,T4
EGUG4HM,66,81159,74257,732,222,97.7,>1yr,Current,S,Mobile,Federal,T6
G1BCF70,36,48415,58768,610,280,96.0,1-12mo,Current,S,IVR,Federal,T4
3N1DWK5,37,76951,27570,760,123,102.0,Never,Current,NE,Web,Consolidation,T5
MF7ZB42,41,52586,31748,779,423,108.6,>1yr,30-59,NE,IVR,Consolidation,T1
ZH6VTZY,29,35683,30670,761,267,109.5,<30d,60-89,MW,IVR,Federal,T2
WKDLHE9,57,47798,41348,689,203,108.9,<30d,90+,NE,Mobile,Federal,T3
26Y2UO2,23,68599,69652,718,168,112.7,1-12mo,30-59,NE,IVR,Federal,T3
NV6USD3,26,70603,60190,661,45,102.0,1-12mo,1-29,S,IVR,Federal,T7
1EV9W7P,49,61872,26360,739,144,101.4,<30d,Current,NE,Agent,Federal,T8
83RXZ09,62,43153,23995,699,88,97.6,>1yr,Current,S,Mobile,Consolidation,T6
VAA2QGO,61,39009,53907,659,295,105.1,1-12mo,60-89,NE,IVR,Federal,T2
6SJCU7K,36,74143,70502,724,119,98.1,1-12mo,1-29,NE,Web,Federal,T7
EBNZ3UY,35,43117,17694,658,375,103.2,1-12mo,60-89,MW,Mobile,Consolidation,T4
QWHEYPB,55,40235,50975,742,391,95.8,>1yr,30-59,NE,IVR,Federal,T4
7YLJPKU,52,55540,77192,694,157,97.0,>1yr,1-29,S,Agent,Federal,T6
EQQ64ZO,44,37431,37354,612,333,108.0,>1yr,60-89,NE,Mobile,Consolidation,T2
HC1U7OW,56,48870,35714,621,203,103.4,<30d,Current,S,Agent,Federal,T8
JTH4X2W,44,29092,61437,703,0,114.1,Never,90+,W,IVR,Consolidation,T3
NCNJZQQ,54,66846,10967,760,0,105.6,1-12mo,60-89,NE,Agent,Federal,T7
DN88D56,59,55361,67670,798,359,103.4,>1yr,30-59,W,Mobile,Federal,T4
XGN1VUE,45,31271,80269,643,0,112.8,Never,60-89,NE,Web,Consolidation,T3
T1OEJFJ,66,60288,40263,651,431,98.0,1-12mo,60-89,MW,Agent,Federal,T4
DVVR9G8,65,88906,39365,664,391,112.0,<30d,60-89,NE,Web,Federal,T2
Y1OAMQA,37,49353,32891,702,242,97.3,>1yr,1-29,W,Web,Federal,T6
05A5LBW,36,57462,38150,709,455,102.3,>1yr,30-59,W,Mobile,Consolidation,T4
KCQL071,50,65290,46377,719,27,98.2,>1yr,Current,NE,Mobile,Consolidation,T6
8PTXE9J,43,22515,67339,568,0,106.1,Never,30-59,NE,IVR,Federal,T5
27KKQ5H,39,86729,99241,656,325,98.8,Never,30-59,NE,Mobile,Federal,T4
5HKZ8H0,55,66121,39432,681,101,108.5,Never,60-89,MW,Mobile,Federal,T3
062BSFT,56,39622,53981,700,21,111.5,Never,60-89,S,Web,Consolidation,T3
2TS8I6H,59,56812,87053,682,76,99.4,>1yr,1-29,S,Mobile,Federal,T6
ENREO59,37,93212,27754,613,137,110.0,Never,60-89,MW,Web,Federal,T3
RU1WQ9Y,43,61361,73562,633,402,95.2,>1yr,60-89,S,Mobile,Consolidation,T4
PO3LH2O,60,71140,62614,639,0,97.7,1-12mo,Current,S,Mobile,Federal,T7
T8N5CI5,30,72938,71461,712,348,104.5,Never,90+,W,IVR,Federal,T4
Y1J2IGF,68,38887,65441,746,288,106.6,1-12mo,30-59,NE,Mobile,Consolidation,T2
YZ3B1DP,63,74382,40816,771,213,114.7,<30d,30-59,W,Web,Consolidation,T3
VTJLKOO,62,77331,37091,643,312,106.7,<30d,30-59,NE,IVR,Consolidation,T2
M7PNSUC,61,45914,32426,658,165,107.2,Never,60-89,S,Mobile,Consolidation,T5
J9G98ES,40,65323,62184,745,238,107.1,<30d,30-59,S,Agent,Federal,T8
0C7N543,70,49539,5163,686,0,112.2,1-12mo,30-59,S,Agent,Federal,T3
3WGHYTI,50,74559,58705,790,317,108.8,Never,60-89,S,IVR,Federal,T2
6DLQZ25,62,53605,0,598,509,104.4,Never,30-59,S,Agent,Consolidation,T4
OHW6K8C,65,67945,59068,622,36,113.6,>1yr,90+,MW,IVR,Federal,T3
7IGYF06,46,61573,7352,630,284,98.7,>1yr,Current,NE,Web,Consolidation,T4
T6Q9SGO,30,44731,28854,766,204,114.1,1-12mo,30-59,W,Mobile,Federal,T3
HQMQL73,32,72451,71463,694,620,114.1,1-12mo,30-59,S,Mobile,Federal,T2
GRHTLSM,29,68998,20571,762,348,104.3,<30d,30-59,MW,Agent,Federal,T4
AOB89ZV,36,15000,78858,717,0,114.5,<30d,30-59,MW,IVR,Consolidation,T3
Q4YMPI6,57,72713,45403,673,211,103.5,1-12mo,1-29,S,Mobile,Consolidation,T7
B7Q6FSP,63,61077,60001,638,135,111.9,1-12mo,30-59,MW,IVR,Federal,T3
OY46MSY,67,85385,36710,624,253,111.6,1-12mo,60-89,MW,Web,Federal,T2
J2UFFDC,56,60196,44078,683,197,98.5,1-12mo,Current,NE,IVR,Federal,T7
ZUVL03G,43,63386,69439,712,143,107.7,>1yr,30-59,W,Agent,Federal,T6
8UOOACL,61,66615,56096,646,80,96.7,<30d,Current,W,Mobile,Federal,T8
9H7E5T7,51,65462,44901,608,248,98.5,Never,Current,S,Agent,Consolidation,T5
UUPQ9UT,63,64837,71322,679,92,109.6,>1yr,60-89,W,Mobile,Consolidation,T3
AED1G7K,48,34667,3007,775,0,112.3,1-12mo,30-59,S,Web,Federal,T3
JO8JFTZ,69,38317,50968,613,223,105.9,1-12mo,60-89,W,Agent,Consolidation,T7
8ISV1IM,25,42559,15069,716,216,109.3,1-12mo,30-59,S,IVR,Consolidation,T3
P18B9LH,27,43925,71819,678,371,108.5,>1yr,30-59,S,IVR,Federal,T1
TZBTFFM,67,15000,61944,680,31,101.5,<30d,Current,W,IVR,Consolidation,T8
ED5XLCE,51,46842,32766,811,0,102.4,<30d,Current,NE,Web,Consolidation,T8
MKPGGNM,40,82708,58677,693,458,106.1,<30d,30-59,MW,Agent,Federal,T2
RHWMMO4,43,39983,33563,788,44,114.9,>1yr,90+,MW,Mobile,Consolidation,T3
2AH4728,52,79789,51795,513,0,99.5,<30d,Current,W,Mobile,Consolidation,T8
N5NIZED,60,43948,28226,595,382,112.3,1-12mo,30-59,W,Web,Consolidation,T2
KW1KL62,46,55772,56035,714,287,113.2,<30d,60-89,MW,Agent,Federal,T2
P8KZYIO,29,27141,52225,701,231,107.5,<30d,60-89,MW,Agent,Consolidation,T8
QG022SU,43,64407,74495,587,21,99.2,1-12mo,Current,W,Web,Consolidation,T7
4C80UT3,57,32609,27565,659,84,109.9,>1yr,30-59,MW,IVR,Consolidation,T3
L3JH8U4,56,47680,78358,585,66,112.5,1-12mo,30-59,S,Mobile,Consolidation,T3
MZJDGLI,34,82631,48829,740,188,105.0,<30d,Current,W,Agent,Consolidation,T8
EWNVJMG,48,94453,54687,759,11,104.3,>1yr,Current,MW,Mobile,Consolidation,T6
NLACIAN,57,60522,101074,691,292,105.5,<30d,30-59,MW,Mobile,Federal,T2
ETC7Z9K,63,15000,54098,725,231,109.0,Never,30-59,S,Mobile,Federal,T3
7HBNB8H,33,15511,72555,592,51,107.6,>1yr,30-59,W,IVR,Federal,T6
W3WOR9Y,34,46399,12509,703,269,103.1,Never,Current,NE,IVR,Consolidation,T4
CMQ682D,29,45186,61710,591,179,104.6,Never,Current,NE,Mobile,Consolidation,T5
NOZKGI5,28,67780,46422,676,35,100.7,Never,Current,W,IVR,Consolidation,T5
5ZY37CO,57,21383,0,626,118,106.3,Never,30-59,S,Agent,Federal,T5
L6MH8YA,59,62864,49821,651,268,111.2,>1yr,60-89,NE,Web,Consolidation,T2
N08A4H7,40,24951,31754,607,258,100.1,>1yr,1-29,NE,Mobile,Consolidation,T4
1QR5QN6,27,65022,30104,638,414,109.7,1-12mo,30-59,S,Web,Federal,T2
HD2JFTE,41,44104,46105,704,544,108.6,>1yr,30-59,NE,IVR,Consolidation,T1
JSH0HOG,69,61013,7789,687,215,97.9,Never,Current,MW,Agent,Federal,T5
JVRW4MJ,46,36205,45188,705,231,100.2,1-12mo,Current,NE,Web,Federal,T7
MB0S8Q2,65,69848,40024,650,251,95.4,<30d,1-29,W,Agent,Federal,T4
FYY7JYG,51,82694,34230,727,172,109.7,Never,30-59,MW,Web,Consolidation,T3
JVJ0HV0,43,59768,48098,760,182,97.0,Never,Current,S,Agent,Consolidation,T5
BLKLVFM,54,60718,21552,668,35,111.1,Never,30-59,W,Mobile,Federal,T3
1TO6W8O,57,53910,80140,670,477,104.9,Never,60-89,W,Mobile,Consolidation,T4
S5390B5,31,84613,0,608,169,104.6,<30d,Current,W,IVR,Federal,T8
USH3453,62,33964,37860,632,373,97.0,<30d,90+,NE,Agent,Consolidation,T4
8H5L1D9,49,71318,73496,654,234,114.7,<30d,60-89,W,Agent,Consolidation,T3
F07R54U,34,40538,89387,576,142,103.7,>1yr,Current,S,IVR,Consolidation,T6
WTR7GNO,36,41494,64710,609,57,104.6,1-12mo,Current,MW,Mobile,Consolidation,T7
X55PRVL,43,54856,35324,619,167,112.3,Never,30-59,MW,Agent,Federal,T3
RPPVJA9,68,54481,67274,631,320,104.0,<30d,30-59,NE,Agent,Federal,T4
G1ORZDI,65,52593,100477,610,0,97.1,<30d,Current,S,IVR,Federal,T8
T7KQF7B,24,95028,17163,663,340,98.2,>1yr,30-59,NE,Web,Federal,T4
4XW0G5J,64,39222,54549,632,160,96.6,1-12mo,1-29,MW,Agent,Consolidation,T7
M9JN8MX,38,61586,28978,603,95,104.4,1-12mo,Current,NE,IVR,Federal,T7
R3VPYND,35,37195,58311,586,51,106.6,1-12mo,60-89,S,Agent,Federal,T7
TE4LB5Y,50,22566,53345,639,290,99.2,>1yr,Current,MW,Mobile,Consolidation,T4
ZW2MEC5,37,61807,51918,703,146,113.2,1-12mo,30-59,W,Mobile,Federal,T3
BIQ21SS,45,43596,0,756,230,101.1,<30d,Current,MW,Mobile,Federal,T8
EDICKOP,31,57814,4457,673,0,97.0,>1yr,Current,MW,IVR,Consolidation,T6
1TJIFVT,35,22412,17053,678,94,107.8,Never,30-59,S,Mobile,Federal,T5
GGTFRVI,44,47167,17538,546,52,111.0,1-12mo,60-89,MW,Agent,Consolidation,T3
IIC9ZI3,53,15000,87805,642,0,114.9,<30d,90+,W,Agent,Consolidation,T3
28M6E9F,31,22536,38760,649,74,104.6,<30d,Current,MW,Mobile,Consolidation,T8
DCCSY4I,35,58506,56897,712,79,98.5,>1yr,Current,S,IVR,Consolidation,T6
O25MMSA,50,61780,52099,659,451,97.1,1-12mo,60-89,S,Agent,Consolidation,T4
APAZXQP,69,34767,84750,634,327,96.8,<30d,30-59,S,Agent,Federal,T4
LKGU8OR,40,29180,16999,695,121,108.4,1-12mo,60-89,MW,Agent,Federal,T3
IO9F193,38,35663,18962,544,295,97.6,<30d,1-29,MW,Agent,Consolidation,T4
VIMG30E,62,62135,0,770,162,97.8,1-12mo,Current,W,IVR,Consolidation,T7
J9TRVS9,34,62214,64253,660,150,103.5,<30d,1-29,NE,Agent,Consolidation,T8
KNMUOY9,39,40841,55211,553,222,107.0,1-12mo,30-59,NE,Mobile,Consolidation,T7
1LUUVB0,70,49584,62609,827,164,104.7,>1yr,Current,MW,Agent,Consolidation,T6
8GGTXFH,35,54278,49117,697,118,98.2,<30d,Current,NE,Agent,Consolidation,T8
QN6EY6B,64,58551,42444,568,341,96.4,1-12mo,30-59,MW,Agent,Federal,T4
YTMTTKX,47,72709,19592,642,157,108.6,Never,60-89,S,Web,Consolidation,T3
E9LMPBM,49,56427,86303,633,29,109.4,1-12mo,30-59,S,Web,Consolidation,T3
59P40GA,63,30601,58028,699,6,108.0,1-12mo,30-59,S,Agent,Federal,T7
9D73O73,30,28359,58221,658,310,100.9,<30d,60-89,W,IVR,Federal,T4
UW4UWSG,60,44901,12556,671,314,110.7,1-12mo,30-59,S,Web,Consolidation,T2
DJ8XNF3,28,97324,15723,662,205,101.6,Never,1-29,S,Agent,Consolidation,T5
E35SC7T,69,71833,22566,533,251,110.4,Never,60-89,NE,Agent,Federal,T2
IWDYOAS,49,68109,57026,758,326,105.4,<30d,30-59,NE,Mobile,Federal,T2
Q1PXRNQ,26,64239,77394,665,61,112.8,1-12mo,60-89,W,Agent,Consolidation,T3
DYMH2AV,30,15000,52297,744,0,104.6,1-12mo,Current,MW,IVR,Consolidation,T7
VU9Y5SS,36,39158,85011,731,107,111.1,>1yr,30-59,W,Agent,Consolidation,T3
82U3NLR,47,37686,55263,724,244,113.8,1-12mo,30-59,MW,IVR,Consolidation,T3
28PPFQQ,35,39977,43792,749,140,107.5,1-12mo,90+,MW,Mobile,Consolidation,T7
NMDGIKM,34,59955,96860,683,0,96.3,<30d,Current,NE,Agent,Consolidation,T8
CEZ8IKP,43,37009,76590,692,440,113.7,>1yr,60-89,W,Mobile,Federal,T1
KYEQPGJ,24,55940,41353,666,193,102.6,Never,Current,S,Mobile,Federal,T5
C51F7UE,30,51828,50963,728,161,105.1,>1yr,90+,S,Mobile,Federal,T6
2JCDUYY,34,46265,57940,716,488,108.2,1-12mo,90+,NE,Mobile,Consolidation,T2
UP5KSOV,22,104141,91271,573,211,96.5,>1yr,Current,MW,Web,Federal,T6
TEE9Z8O,25,93066,40201,686,318,100.4,1-12mo,90+,S,Web,Federal,T4
WRV8MF5,25,70310,49408,709,0,108.6,1-12mo,60-89,NE,Web,Consolidation,T3
NAD3Q2W,25,55483,75843,651,229,104.6,>1yr,Current,W,Mobile,Consolidation,T6
GJAU3OF,60,70340,68722,669,349,102.9,>1yr,60-89,W,Web,Federal,T4
3TUVMD5,57,67227,44496,614,122,112.2,1-12mo,30-59,W,Mobile,Consolidation,T3
4R4RAYZ,37,59387,100863,790,311,99.1,1-12mo,90+,MW,Mobile,Federal,T4
AU7PY0X,43,36492,63619,737,249,107.1,>1yr,30-59,S,Web,Federal,T6
CFVRY5N,28,53282,67800,716,57,113.2,<30d,60-89,MW,Web,Consolidation,T3
HXCK0YK,29,71052,71635,607,379,113.9,Never,30-59,S,IVR,Federal,T1
7B6GOYY,31,52485,83734,666,124,95.6,>1yr,Current,NE,Web,Consolidation,T6
E4Q0J6I,59,61526,35905,670,284,104.5,<30d,Current,MW,IVR,Federal,T4
JLTWAE3,49,60534,63334,732,77,96.6,>1yr,Current,W,Agent,Federal,T6
UA37LIY,56,61913,133358,626,395,108.7,>1yr,30-59,NE,IVR,Federal,T1
UMJX5O8,25,78684,70178,602,351,110.0,<30d,30-59,W,IVR,Consolidation,T2
USEJKKH,31,84659,31607,700,302,108.5,>1yr,60-89,MW,IVR,Consolidation,T2
MXBH0C7,47,59879,71283,617,243,114.2,<30d,60-89,S,Web,Federal,T3
WH3ASUG,25,42611,12353,665,100,97.3,1-12mo,1-29,NE,Web,Consolidation,T7
VQHJK66,43,71714,30311,802,61,102.8,>1yr,Current,NE,Agent,Consolidation,T6
B58R2G6,46,23138,69508,720,192,109.3,<30d,30-59,W,Agent,Federal,T3
2H21WCE,64,64228,78538,514,302,101.3,1-12mo,60-89,W,Agent,Consolidation,T4
ZL3JI88,50,49982,0,727,37,96.8,>1yr,1-29,S,Agent,Consolidation,T6
T5J3QB5,62,69123,0,768,374,104.1,>1yr,30-59,NE,IVR,Consolidation,T4
0ZL80N4,63,75920,3284,631,0,99.1,Never,Current,W,IVR,Federal,T5
BSC102S,62,35548,23932,595,311,107.0,1-12mo,30-59,MW,Agent,Federal,T2
VVFAR22,54,40053,48815,764,188,102.8,>1yr,Current,S,Agent,Consolidation,T6
TWZKXCW,26,43507,71545,657,421,106.0,Never,60-89,NE,Agent,Consolidation,T2
0XNFB5A,66,43454,72881,745,268,114.3,>1yr,30-59,S,Mobile,Federal,T2
48P8JFC,52,78691,78879,756,105,103.1,<30d,Current,W,Agent,Consolidation,T8
RSSY1CG,48,55539,54183,679,184,105.9,1-12mo,60-89,W,IVR,Consolidation,T7
W3A3PAU,38,71135,36294,546,143,96.5,>1yr,Current,S,Web,Consolidation,T6
MNBRK31,30,38347,38331,765,403,96.8,>1yr,30-59,S,IVR,Federal,T4
EINF68B,44,72290,76534,606,314,113.2,>1yr,30-59,NE,Mobile,Consolidation,T2
PE7GPT0,27,59440,36489,620,181,109.9,>1yr,30-59,NE,Agent,Consolidation,T3
S9S08TR,23,92407,71578,648,35,109.0,>1yr,30-59,W,Agent,Federal,T3
P3H1151,62,29609,38353,716,148,103.7,1-12mo,Current,NE,IVR,Federal,T7
6JD88ZR,67,23371,3767,660,207,98.7,<30d,1-29,W,Web,Federal,T8
FWEHEA6,23,32160,48182,588,50,103.2,Never,1-29,S,Web,Consolidation,T5
VSY9OTT,53,27840,33649,724,105,113.1,<30d,60-89,W,Agent,Federal,T3
5AS17EA,30,19329,49157,632,384,114.1,Never,60-89,S,IVR,Federal,T1
LIMRG1V,61,28876,32900,654,124,95.9,Never,Current,S,Web,Federal,T5
571PRDK,58,71217,82803,687,6,110.3,<30d,90+,W,Web,Consolidation,T3
T5HQD81,66,54044,93796,621,360,99.4,>1yr,60-89,S,IVR,Consolidation,T4
93X2D8C,30,43450,61077,729,110,112.8,>1yr,30-59,NE,IVR,Consolidation,T3
ZFVPNKK,55,42478,52640,647,144,104.6,1-12mo,Current,S,Web,Federal,T7
SAL6I7J,68,42963,53979,581,454,96.3,<30d,90+,S,Agent,Consolidation,T4
UJLXPF4,66,44029,54692,732,522,103.3,>1yr,30-59,MW,Web,Federal,T4
PNESWQJ,49,32706,15367,731,222,96.3,>1yr,Current,W,Mobile,Consolidation,T6
2VLQMF7,49,51458,15865,715,208,110.2,<30d,30-59,NE,Agent,Federal,T3
SNAKR8E,37,61035,63084,658,65,95.7,Never,Current,W,Mobile,Consolidation,T5
ZC8YM3L,41,98975,44817,528,311,110.8,1-12mo,90+,MW,Mobile,Consolidation,T2
0ANIEO3,39,73725,62182,764,277,104.3,1-12mo,Current,NE,IVR,Federal,T4
M3WGBUF,67,79320,42016,627,277,111.2,1-12mo,60-89,S,Agent,Consolidation,T2
O0X8YCP,70,21266,0,623,353,108.8,Never,30-59,S,Mobile,Consolidation,T1
RUJO62I,44,54887,74590,584,0,106.3,>1yr,30-59,NE,Agent,Consolidation,T6
2KP4XNW,23,55920,58873,790,198,109.3,>1yr,30-59,W,Mobile,Consolidation,T3
OWIC5F0,47,15000,49192,675,109,98.3,<30d,Current,W,IVR,Consolidation,T8
3EHJMTU,37,44932,48425,692,133,107.7,>1yr,60-89,NE,Agent,Federal,T6
Q1N7RGU,26,73557,0,626,114,111.3,>1yr,30-59,MW,IVR,Consolidation,T3
R2JVDIG,50,59209,56325,679,0,111.1,<30d,90+,W,Mobile,Consolidation,T3
ZAAHX8E,67,35816,51311,699,150,98.5,Never,Current,S,IVR,Federal,T5
W1H7TL3,61,52500,64926,686,224,109.3,<30d,60-89,MW,Web,Federal,T3
NFO0DGX,33,41507,40713,573,0,103.5,1-12mo,Current,S,Mobile,Consolidation,T7
8SWWZI4,38,55221,40247,627,77,96.6,1-12mo,Current,NE,Agent,Consolidation,T7
4OG6KXA,63,41981,27224,668,36,104.2,<30d,1-29,S,IVR,Federal,T8
LCGXOQH,54,75522,56281,634,165,101.6,Never,Current,W,IVR,Federal,T5
ALXQNG0,22,43464,65583,679,415,107.6,1-12mo,30-59,MW,Mobile,Federal,T2
R35AFXB,50,71942,66356,638,96,110.9,Never,30-59,NE,Mobile,Consolidation,T3
W3A8Y8I,30,77431,90131,674,233,110.3,<30d,30-59,S,Web,Federal,T3
DCD1XD4,32,41547,62303,593,388,98.4,1-12mo,60-89,S,Mobile,Federal,T4
54VW770,43,64228,50270,562,18,111.7,<30d,30-59,S,Web,Consolidation,T3
8W5QPCM,34,61142,61038,652,263,97.5,1-12mo,Current,S,Mobile,Federal,T4
20I9K10,48,42646,79696,709,248,111.4,<30d,30-59,S,Web,Federal,T3
B3C2GM2,36,84441,73275,641,0,111.5,>1yr,30-59,W,Agent,Federal,T3
JNWDGKH,45,64335,71599,674,294,108.7,<30d,90+,NE,IVR,Consolidation,T2
52I5CXG,50,30742,30925,587,327,96.3,>1yr,90+,MW,Web,Consolidation,T4
QP06QZU,39,41756,23006,603,0,114.7,>1yr,30-59,NE,IVR,Consolidation,T3
KAF9Q0S,61,72437,24671,702,86,98.7,<30d,Current,NE,Agent,Consolidation,T8
669JYRP,41,82816,33959,663,296,105.9,<30d,60-89,S,Web,Consolidation,T2
MPAME5H,39,76788,8402,661,319,101.5,Never,60-89,W,IVR,Consolidation,T4
5RSY3VR,65,66823,20761,710,136,95.1,Never,Current,W,Agent,Federal,T5
M6T7GKM,58,64622,45244,737,78,96.2,>1yr,1-29,MW,Agent,Federal,T6
9I3DI7Q,65,66764,98424,758,121,113.8,<30d,30-59,W,Web,Consolidation,T3
QWIJXY7,59,40494,68226,581,384,104.8,>1yr,90+,S,Agent,Consolidation,T4
SIDFYOI,49,73820,32768,632,521,101.3,1-12mo,30-59,MW,Agent,Consolidation,T4
VT2MNB0,40,48604,75067,686,0,109.9,1-12mo,30-59,MW,IVR,Consolidation,T3
NXWXIC0,25,50359,22596,645,225,100.7,<30d,1-29,W,Web,Federal,T8
0MOTQYO,69,73916,43742,722,127,105.6,>1yr,30-59,MW,Mobile,Consolidation,T6
RQQJKAF,62,25622,81421,696,431,108.4,Never,60-89,S,Agent,Federal,T1
H8ZRD1L,37,85208,56938,563,333,114.8,Never,30-59,NE,IVR,Consolidation,T2
9E8PQ1H,52,65648,36290,766,0,99.8,<30d,Current,MW,Mobile,Consolidation,T8
UTGQ7J4,31,37821,56425,582,380,110.2,Never,60-89,S,Web,Federal,T1
KDEDBC2,32,37619,22015,736,188,113.5,<30d,30-59,S,Web,Consolidation,T3
7OBZYWS,63,64193,52112,669,148,95.7,>1yr,Current,NE,Agent,Federal,T6
5JJXHDQ,68,65508,38938,684,34,105.4,1-12mo,30-59,NE,Mobile,Federal,T7
HUDSBPY,38,64803,69142,739,288,114.0,>1yr,30-59,W,Agent,Federal,T2
1YDG7WE,48,34633,36646,605,148,100.2,<30d,Current,NE,Agent,Consolidation,T8
R03A4NP,51,61305,45919,744,114,114.4,>1yr,90+,MW,Web,Consolidation,T3
X260YIC,22,61746,35444,695,245,101.9,Never,1-29,W,IVR,Federal,T5
J2XYV43,30,38595,23216,628,474,95.5,Never,60-89,MW,Mobile,Consolidation,T4
H1WCAAB,36,56583,50466,708,84,109.6,Never,30-59,S,IVR,Consolidation,T3
N2ENI52,67,17943,54651,738,145,100.5,Never,Current,W,Web,Federal,T5
Q5S8R7R,24,68249,15762,635,158,109.6,Never,60-89,MW,Mobile,Federal,T3
JGZ38TF,40,62436,54894,693,0,102.9,1-12mo,1-29,NE,Mobile,Consolidation,T7
RHKPK0B,31,58563,34001,685,194,98.8,>1yr,Current,S,IVR,Consolidation,T6
53O5VJQ,29,74607,38509,579,284,110.9,<30d,30-59,W,Agent,Federal,T2
Z4NNFIG,53,81036,95782,599,282,106.9,>1yr,30-59,S,Web,Consolidation,T2
Q83BI9Z,31,46340,38641,623,22,106.7,>1yr,30-59,MW,Agent,Consolidation,T6
JQN721L,48,42645,35580,700,235,109.3,>1yr,30-59,S,Agent,Federal,T3
OG9RNX8,33,96062,43235,626,156,95.6,>1yr,Current,W,Mobile,Consolidation,T6
6RJMZJ6,22,71030,34311,770,195,99.5,>1yr,1-29,MW,Agent,Federal,T6
3UV9IIW,62,46362,50105,581,119,114.4,<30d,30-59,MW,Web,Consolidation,T3
BA542KM,60,60373,12852,626,73,96.6,<30d,Current,NE,Mobile,Consolidation,T8
6ZYVVD4,25,42863,56226,770,42,110.2,>1yr,30-59,NE,Web,Federal,T3
D77RL75,37,61322,31936,658,67,104.8,1-12mo,1-29,NE,Mobile,Consolidation,T7
OV8YO4W,59,76546,48189,726,257,113.9,1-12mo,30-59,W,Agent,Federal,T2
JIE4I8W,25,87002,64462,644,398,102.5,1-12mo,30-59,MW,IVR,Consolidation,T4
Z57V818,25,57245,54076,728,342,114.9,Never,30-59,W,Web,Federal,T2
NZW9LG2,26,54890,17287,745,0,104.7,1-12mo,1-29,MW,Mobile,Consolidation,T7
W0J301E,27,53522,5439,684,140,113.0,1-12mo,30-59,NE,Web,Consolidation,T3
JPY6JMQ,63,77546,571,615,302,112.7,Never,60-89,MW,Mobile,Consolidation,T2
18WZDKC,38,67019,68264,709,277,98.8,<30d,Current,NE,Mobile,Consolidation,T4
D1ZDM95,65,54485,44829,514,326,99.0,Never,30-59,MW,Agent,Consolidation,T4
MMSK258,25,83645,51675,834,456,102.5,<30d,30-59,S,IVR,Federal,T4
R1TACZF,66,110817,12534,655,434,100.1,>1yr,30-59,W,Agent,Federal,T4
TJ95ETE,36,53874,28057,604,682,112.9,1-12mo,30-59,S,Agent,Federal,T2
FQ80Z4Q,53,28710,63823,666,387,111.2,Never,90+,NE,Mobile,Federal,T1
2DC06DW,29,76908,21164,644,181,110.8,Never,30-59,MW,Agent,Consolidation,T3
U19LZDQ,46,84384,90580,604,63,111.2,Never,30-59,MW,IVR,Federal,T3
F5EJ666,68,82991,31687,597,0,98.8,Never,1-29,S,Agent,Federal,T5
YRH9UIG,54,43059,57059,604,36,105.5,>1yr,90+,S,IVR,Federal,T6
D2URM1S,42,29429,61893,726,80,96.6,1-12mo,Current,MW,Mobile,Consolidation,T7
E48QMHM,61,69864,84992,764,92,109.2,<30d,30-59,S,Agent,Consolidation,T3
9LJ7RQ7,66,50987,52170,714,77,102.0,1-12mo,Current,S,Mobile,Consolidation,T7
DU0H4EB,39,60387,23027,779,70,99.2,<30d,1-29,S,Mobile,Federal,T8
US9AAF8,55,36022,85527,598,206,104.2,Never,Current,NE,Web,Federal,T5
273KRU0,61,55364,14360,627,371,102.5,>1yr,30-59,W,Web,Consolidation,T4
LT0HCAA,28,77167,26668,683,0,109.7,<30d,30-59,NE,Mobile,Federal,T3
VEPGOPW,64,25330,19711,837,342,95.8,<30d,30-59,W,Agent,Consolidation,T4
G0H3K84,59,50177,0,717,0,99.7,>1yr,Current,NE,Web,Consolidation,T6
MS5K07U,25,67392,58038,644,511,104.2,>1yr,30-59,S,Mobile,Consolidation,T4
ONJKTMI,59,93478,15227,630,133,97.9,Never,1-29,MW,Web,Consolidation,T5
9IWAPGR,48,83494,56795,627,0,114.3,>1yr,30-59,NE,Mobile,Consolidation,T3
VV9O1C6,38,61205,41695,595,61,99.5,Never,Current,W,Agent,Federal,T5
IY2BX6R,27,65191,51366,744,102,104.6,1-12mo,1-29,W,IVR,Consolidation,T7
ZPMVJXQ,68,46216,18373,731,372,107.0,>1yr,30-59,W,Web,Consolidation,T2
HF23SM0,28,68224,49897,625,265,103.1,Never,Current,MW,IVR,Federal,T4
Y9BHDHW,44,69623,66070,794,263,112.7,1-12mo,30-59,S,Agent,Federal,T2
3OJEQ2Z,52,54655,48866,637,0,101.6,<30d,1-29,MW,Web,Federal,T8
TPMGHY8,66,52318,57167,725,325,105.2,1-12mo,30-59,NE,Web,Federal,T2
K742Q1Q,29,98502,68464,653,208,100.5,<30d,Current,MW,IVR,Federal,T8
ATCGIBQ,44,50364,14647,680,354,103.3,>1yr,30-59,MW,Web,Federal,T4
TUVCZBC,39,88151,32290,674,100,112.7,>1yr,30-59,S,IVR,Federal,T3
1NUZY96,31,104798,72139,850,319,96.1,1-12mo,30-59,MW,Mobile,Consolidation,T4
Y0TP2P7,60,76937,56857,626,443,103.6,Never,90+,S,Agent,Consolidation,T4
RNPAJVN,29,15000,33841,726,0,110.3,<30d,30-59,NE,Agent,Consolidation,T3
A6KXYMJ,22,25148,85681,707,280,110.1,<30d,60-89,NE,IVR,Federal,T2
WNA3W9V,44,55277,29456,710,335,102.2,Never,90+,NE,Mobile,Federal,T4
YV7Y2V3,42,46518,77536,736,194,98.3,1-12mo,Current,W,IVR,Federal,T7
1YRUCBG,32,47910,70707,694,0,102.9,>1yr,Current,S,Mobile,Consolidation,T6
8ZIHRKT,68,66735,73685,748,87,103.8,Never,1-29,W,IVR,Federal,T5
CLUW1I9,41,59368,0,648,367,107.0,<30d,60-89,MW,Mobile,Consolidation,T2
0OFLDEQ,63,36525,72000,779,454,104.9,1-12mo,30-59,S,IVR,Federal,T4
QBV6CYU,32,61143,70078,705,376,97.8,1-12mo,60-89,NE,Agent,Consolidation,T4
4OLH5HC,30,49522,19634,571,218,114.1,1-12mo,60-89,MW,Mobile,Consolidation,T3
T6V5MDU,62,46557,19159,698,164,107.7,<30d,30-59,S,Mobile,Federal,T8
U9533SS,23,51067,51614,653,154,110.1,<30d,60-89,NE,Agent,Consolidation,T3
8CDSPOE,70,61599,30059,666,321,104.5,>1yr,60-89,W,Agent,Consolidation,T4
8B2IEUJ,53,60605,60759,768,253,113.4,<30d,90+,MW,Mobile,Consolidation,T2
0L9CT06,52,55864,52875,618,154,106.9,1-12mo,30-59,S,Web,Consolidation,T7
OF1JO2N,52,73939,59142,751,263,108.0,>1yr,90+,W,Mobile,Federal,T2
QKLTJL0,66,57624,48359,719,47,111.5,1-12mo,60-89,S,Web,Federal,T3
AJICE4W,30,69764,14545,662,0,100.8,>1yr,Current,MW,IVR,Consolidation,T6
AN9DJP2,30,64779,80109,647,32,97.8,Never,Current,MW,Mobile,Federal,T5
EJ1HW4M,63,46031,76888,692,253,110.9,<30d,90+,S,Agent,Consolidation,T2
Q6CEI8N,45,33118,65107,676,0,96.1,Never,Current,W,Agent,Consolidation,T5
NBLRIKJ,36,75938,64500,622,177,104.1,>1yr,Current,W,Agent,Consolidation,T6
6XIWXIH,24,52453,52296,779,162,105.9,>1yr,30-59,S,Agent,Federal,T6
8TCUKUJ,57,56758,6108,653,12,96.3,<30d,Current,NE,Agent,Consolidation,T8
TFUEFU0,61,22607,33885,589,115,104.7,>1yr,Current,S,Web,Consolidation,T6
YAPIBPY,27,103749,34480,755,0,105.5,1-12mo,90+,S,Mobile,Federal,T7
1W0O9AK,44,54403,58605,603,199,96.6,<30d,Current,MW,IVR,Consolidation,T8
Y43FBZ3,51,22418,45730,565,406,96.0,1-12mo,60-89,MW,IVR,Federal,T4
QUJO0DQ,47,52956,28425,712,255,105.7,Never,30-59,MW,Web,Federal,T2
HE61QY8,36,72795,37024,744,267,109.0,1-12mo,30-59,MW,Agent,Federal,T2
UQDDJVD,28,38105,14431,597,39,96.7,<30d,1-29,MW,Web,Consolidation,T8
IXN6LFS,30,15000,30515,698,22,95.1,<30d,Current,MW,IVR,Federal,T8
Z9T8M0L,45,76933,14360,739,233,102.7,>1yr,Current,MW,Agent,Consolidation,T6
7PCTAXN,26,67640,22336,654,78,99.7,>1yr,Current,NE,Mobile,Federal,T6
X3FGB2P,69,49793,30476,516,0,104.2,Never,Current,S,Agent,Federal,T5
J9Z15HS,52,76454,86091,612,121,99.8,1-12mo,1-29,W,Mobile,Consolidation,T7
XQQQ1DJ,28,91586,7691,675,346,103.5,<30d,90+,W,Agent,Consolidation,T4
FUCERMP,27,15233,85289,719,368,98.3,<30d,60-89,MW,Agent,Consolidation,T4
2M16X7D,32,59735,27131,676,254,96.3,>1yr,Current,MW,Web,Federal,T4
U59HZ0B,36,82336,63143,639,0,95.6,<30d,Current,NE,Mobile,Consolidation,T8
UZNCVXC,62,66417,48128,634,161,113.3,1-12mo,30-59,MW,IVR,Federal,T3
KO8VT8B,53,38300,103977,752,240,114.4,<30d,60-89,S,IVR,Consolidation,T3
ZCJ69SY,31,51761,0,717,51,108.8,<30d,30-59,S,Mobile,Consolidation,T3
O4DIQAV,58,92573,66523,633,276,99.4,Never,Current,MW,IVR,Federal,T4
5O9G07H,44,39939,51823,710,415,95.1,Never,60-89,W,IVR,Consolidation,T4
W5TET7I,39,67140,59304,622,222,98.1,Never,Current,NE,Mobile,Federal,T5
3FG6DIX,57,33616,56082,549,0,113.1,Never,30-59,W,Web,Federal,T3
RAWRB00,59,98367,54204,612,197,106.3,1-12mo,60-89,W,Agent,Consolidation,T7
01KCXHW,62,52786,40107,521,18,100.5,1-12mo,Current,S,Web,Federal,T7
CB50CRM,60,101590,63069,627,177,113.7,>1yr,30-59,MW,IVR,Consolidation,T3
US0Y2ZK,64,57086,25542,754,133,105.6,1-12mo,90+,W,IVR,Consolidation,T7
25BYY0M,41,53714,108787,662,290,97.8,Never,Current,W,Web,Consolidation,T4
A2FZ2RI,23,27914,36529,637,268,111.0,Never,90+,W,Mobile,Federal,T2
601ZLQZ,47,43741,29696,541,252,112.0,>1yr,60-89,W,IVR,Federal,T2
C5XKA7B,23,38481,47354,667,0,102.4,<30d,Current,MW,IVR,Federal,T8
WNXHW54,56,52918,26026,761,280,95.4,<30d,1-29,MW,Mobile,Federal,T4
N5ZP965,28,47226,19474,678,169,101.6,Never,Current,W,IVR,Federal,T5
NFQ4QI4,67,71198,21322,615,396,99.4,Never,60-89,W,Web,Consolidation,T4
I3JNV0O,48,37514,39755,653,166,106.7,>1yr,60-89,NE,IVR,Consolidation,T6
1H7JDI7,34,57014,20447,659,0,112.8,<30d,30-59,S,Mobile,Consolidation,T3
BWMF198,40,59051,109773,608,8,104.1,<30d,Current,MW,Web,Consolidation,T8
2V26ETY,46,40190,25882,747,88,102.4,>1yr,Current,NE,IVR,Federal,T6
TQFS2KA,69,83518,47393,624,59,105.1,Never,90+,NE,Web,Consolidation,T5
XIP55V4,62,35915,56005,744,348,102.5,Never,60-89,S,Web,Consolidation,T4
CMTCHH3,49,49314,102590,699,202,104.4,>1yr,Current,MW,IVR,Federal,T6
W96BNJG,37,39776,64762,553,0,96.6,1-12mo,Current,W,Web,Consolidation,T7
JFYL55G,31,76751,43561,633,0,95.1,Never,Current,S,Mobile,Federal,T5
JE6BDRP,57,45991,24555,710,209,98.7,Never,Current,MW,IVR,Federal,T5
8BQWLQY,37,55760,16064,648,249,103.8,Never,Current,W,Agent,Federal,T5
RBDFDGW,54,53898,97231,683,251,102.0,Never,Current,MW,Mobile,Federal,T4
O76INNN,49,73617,25491,831,245,101.8,>1yr,1-29,NE,Web,Consolidation,T6
N4L6AFQ,39,50666,28372,714,214,106.0,Never,30-59,MW,Mobile,Federal,T5
UKZTH5U,45,63079,0,686,248,108.8,Never,90+,S,Web,Federal,T3
GFMKGJS,40,18520,98626,675,355,107.4,<30d,30-59,NE,Mobile,Federal,T2
XH3EFLE,25,74318,42036,564,180,102.2,1-12mo,Current,NE,Web,Federal,T7
P53VAZ8,31,76877,70372,673,305,98.0,1-12mo,60-89,MW,Agent,Federal,T4
YC9S7CY,40,63690,46008,524,225,108.5,>1yr,60-89,W,Mobile,Federal,T3
UX213UZ,43,89712,46677,763,51,113.0,Never,30-59,MW,Agent,Consolidation,T3
RIH0U1G,45,84877,31783,649,199,103.3,1-12mo,Current,W,Agent,Consolidation,T7
Q8H9I6Q,66,36571,41477,684,0,112.1,Never,90+,NE,IVR,Federal,T3
INDSCB6,57,47838,68004,706,325,113.9,<30d,90+,W,Web,Federal,T2
PL8QW1Y,55,89157,51643,659,78,101.3,>1yr,1-29,NE,Mobile,Consolidation,T6
QNQLYV8,53,53513,57337,644,191,106.4,Never,60-89,MW,Mobile,Federal,T5
PW11308,61,53014,35095,687,110,106.1,<30d,30-59,MW,IVR,Federal,T8
T7QPQR7,24,31933,11451,609,0,100.1,>1yr,Current,NE,Agent,Federal,T6
661E44S,67,48935,49522,711,284,107.3,1-12mo,30-59,MW,Agent,Federal,T2
QMQCPTZ,64,65536,26340,610,148,95.5,Never,Current,W,Mobile,Consolidation,T5
23V5XN8,28,59283,8794,703,101,100.5,Never,Current,S,Agent,Federal,T5
5GK2OVD,37,56870,33330,710,86,103.4,>1yr,Current,MW,Mobile,Consolidation,T6
X2RMOXE,23,46158,22713,775,141,108.8,<30d,60-89,NE,Agent,Federal,T3
HH2KGPW,34,67822,103692,651,393,114.5,1-12mo,90+,W,Mobile,Federal,T2
3YVWXHD,50,15000,34093,728,324,110.2,>1yr,30-59,NE,Web,Consolidation,T2
ZOVVZ7U,63,53391,71019,619,238,100.1,>1yr,Current,S,Agent,Consolidation,T6
KUR08Y2,47,65471,26739,593,7,105.6,<30d,60-89,MW,Web,Federal,T8
5FPKF1O,39,43245,19459,597,0,101.6,<30d,Current,W,Agent,Federal,T8
UTF1LQZ,39,43891,20614,643,0,103.6,Never,Current,W,Agent,Federal,T5
1MHD432,23,74494,30271,560,244,108.4,1-12mo,30-59,NE,IVR,Consolidation,T3
OZEOANY,43,51453,30970,644,122,113.5,Never,30-59,S,Web,Consolidation,T3
9459A6W,40,66785,56230,499,322,113.8,1-12mo,90+,NE,Mobile,Consolidation,T2
7WJ4V3S,63,52988,60727,671,352,99.9,>1yr,60-89,MW,Agent,Federal,T4
486IA6D,28,63234,0,576,0,95.9,>1yr,Current,MW,Mobile,Consolidation,T6
JYZLQKU,25,20993,23714,704,438,112.7,>1yr,30-59,W,IVR,Consolidation,T1
L0L66UN,54,70046,52256,474,361,113.8,<30d,60-89,S,Agent,Consolidation,T2
AEY77QW,47,73497,41537,762,188,98.1,>1yr,Current,MW,Mobile,Consolidation,T6
UHGTIQF,33,49442,51414,787,373,108.5,1-12mo,90+,NE,Web,Federal,T2
K7Y34GS,56,39615,43302,576,370,109.4,>1yr,60-89,S,Mobile,Consolidation,T1
VO5SYBP,53,63107,78723,745,239,100.4,Never,Current,W,Agent,Federal,T5
FIAOGX3,59,59508,75454,664,382,105.3,>1yr,90+,W,Web,Federal,T2
RAW1IPN,44,42440,40018,563,238,107.9,>1yr,60-89,MW,Mobile,Consolidation,T6
5LWGPYG,27,66371,49998,611,458,96.7,>1yr,60-89,S,IVR,Federal,T4
BVY3NJ0,22,81042,43098,684,220,99.0,>1yr,Current,MW,Web,Consolidation,T6
5MRJEUE,41,72175,34604,677,130,106.0,Never,30-59,W,Agent,Consolidation,T5
2CEJ7ZI,27,72277,71377,764,95,99.8,<30d,1-29,S,IVR,Federal,T8
LST7Y39,37,58560,57153,653,46,97.4,<30d,Current,MW,Web,Consolidation,T8
TUEFWKX,53,68858,47640,748,528,102.7,1-12mo,90+,W,Mobile,Federal,T4
ZPNKN81,44,57177,121312,659,135,114.2,>1yr,60-89,NE,IVR,Consolidation,T3
1RO539B,58,36000,58232,752,0,107.4,>1yr,30-59,NE,Mobile,Consolidation,T6
KJ152ES,59,54440,778,610,110,102.9,Never,Current,NE,IVR,Consolidation,T5
L469NQW,37,75190,74827,781,556,96.8,1-12mo,30-59,W,IVR,Federal,T4
YFOF5SH,45,48694,33549,705,358,113.7,<30d,30-59,NE,Mobile,Federal,T2
MIP7KH2,34,44621,62620,539,126,113.6,1-12mo,30-59,MW,Agent,Federal,T3
S9HKUU7,69,40669,123046,564,74,108.9,<30d,30-59,S,IVR,Consolidation,T3
ID3FGG4,42,63016,67778,565,103,108.7,>1yr,90+,W,IVR,Consolidation,T3
PCRYT7I,63,32820,83518,560,206,100.6,Never,Current,S,Mobile,Federal,T5
WFDCLFB,39,32400,45161,533,181,108.1,<30d,30-59,S,IVR,Consolidation,T3
462LXP7,54,29561,47853,789,179,101.6,1-12mo,Current,MW,Agent,Federal,T7
8QJL8MI,56,67042,49856,561,0,100.2,>1yr,1-29,MW,Mobile,Consolidation,T6
E7V1JZ9,57,62523,19138,691,216,98.2,>1yr,Current,W,Mobile,Consolidation,T6
0C3OIL6,59,42838,57133,669,180,111.2,<30d,60-89,S,IVR,Federal,T3
0BNR5E5,64,60528,41702,667,245,105.5,1-12mo,30-59,S,Web,Federal,T7
1EDT04C,63,46911,48983,821,0,102.1,1-12mo,Current,W,IVR,Consolidation,T7
NKHY25X,25,58141,34845,690,106,107.1,1-12mo,60-89,S,Web,Consolidation,T7
2FHKK07,47,42648,61225,678,331,114.3,<30d,60-89,MW,Web,Consolidation,T2
SFK6M5H,33,47798,40500,706,144,109.8,Never,30-59,W,Agent,Consolidation,T3
EY2WBOA,60,22220,12197,633,0,103.5,Never,Current,NE,Mobile,Federal,T5
6B7BO4O,46,67991,30117,657,474,109.3,1-12mo,30-59,W,Mobile,Federal,T2
QR7V6HY,54,48046,69362,734,376,96.9,<30d,30-59,W,Agent,Federal,T4
UHN7YI8,54,71028,49239,750,111,97.9,1-12mo,Current,MW,Agent,Federal,T7
X5TH8DR,51,27575,58322,765,386,114.3,>1yr,90+,W,Mobile,Consolidation,T1
E9F75PK,55,50115,15003,815,221,95.5,1-12mo,Current,W,Mobile,Consolidation,T7
YS4KYWE,65,45096,30004,747,318,98.8,1-12mo,30-59,S,Web,Consolidation,T4
YQUMGR4,61,93557,68446,591,45,103.3,<30d,Current,S,Mobile,Consolidation,T8
9ELATRN,39,42312,38718,585,242,100.9,1-12mo,Current,MW,IVR,Federal,T7
XEI35HU,68,44996,66178,772,42,104.7,1-12mo,1-29,NE,IVR,Consolidation,T7
VAEPYIW,47,38902,43213,794,274,108.8,>1yr,30-59,W,Agent,Consolidation,T2
9W7UBLW,36,53458,71643,706,177,105.2,<30d,30-59,S,IVR,Federal,T8
U7GJOS8,62,47057,13481,828,117,106.7,>1yr,30-59,MW,Agent,Federal,T6
8DVGVVB,56,38503,17742,698,128,101.6,<30d,Current,W,Agent,Federal,T8
SYNRF16,40,35610,39424,798,131,99.1,Never,Current,NE,Web,Consolidation,T5
33Z1CKS,48,65121,15437,599,147,97.3,Never,Current,W,Web,Federal,T5
J3BY16N,30,20584,37671,710,493,108.7,1-12mo,90+,MW,Web,Consolidation,T2
D3647LW,47,28106,55770,732,143,95.4,<30d,1-29,MW,Web,Consolidation,T8
F8MPP36,69,38650,72617,725,154,109.3,1-12mo,30-59,W,IVR,Federal,T3
J97N6RW,47,29652,8304,716,319,104.5,>1yr,60-89,W,IVR,Federal,T4
IB60EC0,66,58660,86324,680,224,103.2,<30d,1-29,MW,Agent,Consolidation,T8
0AX2Z4Y,44,65424,63326,661,229,107.7,1-12mo,30-59,S,IVR,Federal,T7
GCN67QU,65,64771,42702,638,316,102.8,Never,30-59,NE,Web,Consolidation,T4
LY6Y14T,26,45547,66107,734,0,105.2,>1yr,60-89,MW,Mobile,Federal,T6
T9MZAO1,27,40073,7793,545,291,111.6,1-12mo,60-89,MW,IVR,Consolidation,T2
WEGDXN7,34,56001,7056,691,304,112.6,<30d,30-59,NE,IVR,Federal,T2
D3H0JC8,41,59107,30725,457,77,95.1,<30d,Current,MW,Mobile,Federal,T8
M24KCI1,44,73142,101052,752,296,101.2,Never,Current,MW,Agent,Consolidation,T4
OK53THN,45,53486,35114,626,0,113.7,1-12mo,30-59,W,IVR,Consolidation,T3
62JBBP6,53,73762,48395,665,296,113.2,<30d,30-59,W,Web,Federal,T2
NOCMMMT,46,15000,24948,691,3,96.1,<30d,1-29,S,Agent,Consolidation,T8
R19FQP9,38,67041,60737,710,139,110.1,Never,60-89,NE,IVR,Consolidation,T3
95C2HB0,60,55521,7961,718,265,113.0,Never,60-89,NE,Agent,Consolidation,T2
SWKS9PR,38,43420,60940,714,307,113.9,<30d,60-89,NE,Agent,Federal,T2
4O76VYW,45,63763,76300,602,80,113.1,>1yr,60-89,W,IVR,Consolidation,T3
SVBDTC1,37,31359,117643,590,370,96.0,>1yr,90+,S,IVR,Consolidation,T4
QB1AWGX,70,48160,45283,670,258,101.9,>1yr,Current,NE,Mobile,Federal,T4
2FQWCU6,42,51291,66755,709,32,114.1,1-12mo,30-59,NE,Agent,Federal,T3
YGMECVZ,30,56864,30785,686,300,109.5,<30d,60-89,MW,Mobile,Consolidation,T2
YFIZFWE,51,74834,72574,821,220,107.0,<30d,90+,S,Web,Consolidation,T8
3HGHT6M,36,75936,55990,766,27,112.2,1-12mo,60-89,S,IVR,Federal,T3
79TJLBT,31,69803,58664,662,162,95.1,Never,1-29,NE,Agent,Consolidation,T5
LY02GS8,62,66407,64408,606,0,100.9,1-12mo,Current,S,Agent,Consolidation,T7
FHW5LOR,37,40948,48615,668,165,104.7,1-12mo,Current,NE,Web,Consolidation,T7
BZEBRAC,26,71077,10059,621,133,98.2,>1yr,1-29,S,Agent,Consolidation,T6
P4DDQHY,69,79252,7073,562,201,109.6,1-12mo,60-89,S,Mobile,Federal,T3
GLAR763,31,26026,10915,604,242,95.8,1-12mo,Current,MW,Mobile,Consolidation,T7
4AH6Q9O,48,46541,60485,669,389,96.1,>1yr,90+,NE,Agent,Federal,T4
VKIMI00,36,17714,56074,779,122,112.9,Never,90+,S,IVR,Federal,T3
EYRZECJ,47,28895,0,564,0,104.5,<30d,Current,MW,Agent,Consolidation,T8
66QC1Y1,41,75318,26048,850,0,107.8,>1yr,60-89,S,Mobile,Federal,T6
1X1G5MV,37,15000,71625,755,92,104.2,>1yr,Current,W,Mobile,Federal,T6
GGIITZA,29,78214,32706,668,136,108.3,Never,60-89,MW,Agent,Consolidation,T3
4Y97CRY,62,40628,11878,690,42,99.1,<30d,1-29,S,IVR,Federal,T8
SN4775I,57,54275,26719,560,168,107.2,>1yr,60-89,W,Mobile,Federal,T6
UXYSWGV,47,59475,61333,714,26,99.9,1-12mo,Current,NE,Mobile,Consolidation,T7
DLVRRY1,56,58660,51412,647,219,110.3,1-12mo,90+,MW,Mobile,Federal,T3
3PLQ4UC,63,61707,87085,584,158,110.4,<30d,30-59,W,Web,Consolidation,T3
UJWZ1O3,51,53327,0,613,352,99.3,Never,60-89,NE,Web,Consolidation,T4
FO6JYB2,35,33092,16252,717,233,104.3,1-12mo,1-29,NE,Agent,Federal,T7
8G3NSTX,61,41263,32255,586,589,101.9,<30d,90+,S,Agent,Consolidation,T4
WSUE4YQ,63,43150,65170,661,347,103.8,Never,60-89,NE,Agent,Federal,T4
F3VPZFR,57,35709,58516,584,87,113.9,<30d,30-59,S,IVR,Federal,T3
SYHYAKB,70,40987,84195,696,155,99.2,>1yr,Current,W,Mobile,Federal,T6
HRXX1AH,56,15000,47717,655,182,96.3,1-12mo,Current,MW,IVR,Consolidation,T7
1H0YCCG,68,79711,36848,708,0,104.1,<30d,Current,W,IVR,Federal,T8
I597VHX,31,40837,34503,747,255,105.3,1-12mo,60-89,MW,IVR,Consolidation,T2
A4X5YXJ,32,51600,49268,613,199,109.5,>1yr,60-89,S,IVR,Federal,T3
7JP6HQB,41,24157,55535,678,429,103.5,<30d,90+,S,Web,Federal,T4
V934ALT,27,44548,54189,559,57,114.6,Never,60-89,MW,Web,Consolidation,T3
S2R092J,36,79960,55859,646,271,96.7,Never,1-29,MW,IVR,Federal,T4
TIAF9B3,39,66405,41399,776,0,111.2,>1yr,90+,MW,Web,Federal,T3
IA8D5BY,43,79631,44740,785,247,95.7,<30d,Current,MW,Mobile,Consolidation,T8
WJ99XZJ,43,40130,100715,654,24,114.4,<30d,30-59,NE,Mobile,Federal,T3
P8A610I,42,56729,44627,683,113,98.5,>1yr,Current,W,Web,Federal,T6
KRSZYTL,46,57540,39258,676,226,99.0,<30d,1-29,NE,Web,Federal,T8
3A1GGPO,63,62954,32312,715,0,98.8,1-12mo,Current,S,IVR,Federal,T7
RP8OSGM,46,46826,29585,641,0,100.1,1-12mo,1-29,W,Mobile,Federal,T7
TD6JB8N,25,50633,63108,777,161,96.5,Never,Current,NE,IVR,Consolidation,T5
6D70EQW,39,52034,25798,657,241,114.4,>1yr,30-59,W,IVR,Consolidation,T3
CRAGPZX,56,66194,0,735,286,112.6,<30d,90+,S,IVR,Federal,T2
1UD2BP8,64,51315,358,591,4,95.3,>1yr,Current,W,Web,Federal,T6
VU20UNI,44,26094,77040,640,424,99.8,Never,30-59,S,Mobile,Consolidation,T4
VYXURQ3,62,43671,31713,583,406,97.7,1-12mo,90+,MW,Mobile,Consolidation,T4
23BAML2,62,43952,38278,720,393,111.6,1-12mo,30-59,W,Web,Federal,T2
9M7D806,56,70972,31269,682,0,95.5,<30d,Current,MW,Agent,Consolidation,T8
ONKTFKT,32,53607,57205,585,73,112.6,1-12mo,30-59,W,IVR,Consolidation,T3
8BWTRXO,63,39120,46347,813,138,95.6,<30d,Current,MW,IVR,Federal,T8
PF0GKGR,54,66316,42281,752,80,105.9,Never,30-59,MW,Web,Consolidation,T5
LQTB7I9,34,23943,54467,663,0,107.0,>1yr,30-59,S,Agent,Consolidation,T6
PSOXLIL,57,96702,48253,600,163,103.7,<30d,Current,MW,Web,Consolidation,T8
XZS7OKP,68,72536,45368,773,182,105.9,1-12mo,60-89,NE,IVR,Consolidation,T7
WDLUWQB,47,68129,51291,746,0,97.8,1-12mo,Current,MW,Web,Consolidation,T7
I5VF0W4,62,15416,20581,583,403,106.2,<30d,30-59,MW,Mobile,Consolidation,T2
WNPJ2NM,28,87355,69500,651,128,99.2,1-12mo,Current,NE,Web,Federal,T7
B74HOFS,50,56026,70664,573,108,112.9,>1yr,60-89,NE,Agent,Federal,T3
YDELWPG,34,80058,21136,627,274,98.9,>1yr,Current,W,Mobile,Consolidation,T4
SO77H1P,67,20947,49850,671,0,100.7,>1yr,Current,W,Mobile,Federal,T6
HBO6BDV,65,81359,71440,661,121,109.1,1-12mo,30-59,MW,Agent,Federal,T3
STDOE1E,36,43704,76988,581,362,103.6,Never,30-59,NE,Mobile,Federal,T4
8ALHY50,70,55316,63326,584,410,104.5,<30d,90+,NE,Mobile,Consolidation,T4
AUYXQXJ,68,86084,12293,631,141,100.3,>1yr,Current,NE,Agent,Consolidation,T6
G5750R6,37,57266,63008,612,213,104.9,<30d,Current,MW,Agent,Consolidation,T8
20FI5AS,48,61257,121,762,340,95.6,1-12mo,30-59,S,Mobile,Federal,T4
PX364QP,29,56372,67664,761,0,106.2,>1yr,30-59,W,IVR,Federal,T6
YIYQ4A1,30,45092,28977,644,340,98.2,Never,30-59,MW,IVR,Federal,T4
IATJKJE,32,56977,75153,714,222,113.0,<30d,90+,S,Mobile,Consolidation,T3
WV0MUIA,31,73647,50761,609,460,114.3,1-12mo,30-59,S,IVR,Federal,T2
0Z4TX4M,28,53798,42011,610,213,102.0,<30d,Current,MW,IVR,Consolidation,T8
VKQY30R,68,15000,93023,633,195,111.0,<30d,60-89,S,IVR,Consolidation,T3
7Y2T7PB,26,51122,64488,591,13,100.1,1-12mo,Current,MW,IVR,Consolidation,T7
U2A2U86,55,95451,74646,699,302,99.7,Never,30-59,MW,Agent,Consolidation,T4
AZZJZW8,55,53104,3198,645,205,105.8,1-12mo,60-89,W,Agent,Federal,T7
RM51Z66,36,55655,25642,675,403,113.3,>1yr,60-89,NE,Agent,Consolidation,T1
RYWOTO8,61,69100,0,722,251,105.9,Never,90+,NE,Agent,Federal,T2
NXPWPDZ,68,74968,41093,713,89,108.6,<30d,90+,S,Mobile,Consolidation,T3
7B1D4Z4,35,29040,83252,717,238,111.8,Never,30-59,W,Mobile,Consolidation,T3
ZZ1HEBS,55,25181,69090,712,206,104.3,Never,Current,MW,IVR,Consolidation,T5
FIFZ3BC,63,79234,60587,592,127,106.9,<30d,30-59,NE,IVR,Federal,T8
TEEL8U7,23,84300,9083,501,383,103.7,1-12mo,30-59,W,Mobile,Consolidation,T4
4Q0YCO7,33,42783,48891,516,117,109.8,Never,60-89,S,IVR,Federal,T3
J20HTDL,53,84624,37149,666,60,99.2,>1yr,Current,W,IVR,Federal,T6
REQA9U6,64,58141,63592,686,392,106.5,1-12mo,60-89,W,Agent,Consolidation,T2
ECFWPYD,54,55543,46325,667,312,102.3,1-12mo,30-59,MW,Agent,Federal,T4
HQYL9E4,33,33545,69150,648,153,100.1,<30d,Current,S,IVR,Consolidation,T8
CND2ZK0,22,36416,78988,703,0,104.0,<30d,Current,W,Mobile,Federal,T8
CMRGQMF,24,60033,46235,677,141,107.0,>1yr,60-89,S,Agent,Consolidation,T6
W8U01GY,43,33363,39485,668,283,106.3,<30d,90+,S,IVR,Federal,T2
M3S33CZ,55,53740,58025,690,106,109.6,1-12mo,30-59,S,Web,Federal,T3
YCQLHMW,50,99223,43135,684,192,100.6,>1yr,1-29,S,Web,Consolidation,T6
L0GFJJZ,51,61496,100466,733,364,100.5,1-12mo,30-59,W,Mobile,Consolidation,T4
CLLDNNO,29,98732,42971,587,63,96.2,<30d,Current,MW,Agent,Federal,T8
ROP6Q0K,46,63142,37030,691,5,101.3,>1yr,Current,MW,IVR,Federal,T6
NSQAE3Q,53,42609,54324,621,319,111.4,<30d,60-89,NE,IVR,Consolidation,T2
YZHYFI2,55,54738,30105,664,372,98.9,<30d,30-59,NE,IVR,Consolidation,T4
94VEMZS,44,57568,53288,653,0,102.7,Never,Current,MW,Agent,Consolidation,T5
CC2NEGJ,45,34661,60828,677,0,114.6,>1yr,30-59,MW,Mobile,Consolidation,T3
19AF14F,32,71996,23011,779,311,108.0,1-12mo,60-89,NE,Mobile,Federal,T2
BNKWJQB,64,39522,21576,592,291,95.6,1-12mo,Current,MW,Web,Federal,T4
ZWD6IEZ,55,56805,41825,701,134,102.9,<30d,1-29,MW,Web,Consolidation,T8
P2WIA6P,70,68832,64522,724,203,105.1,>1yr,30-59,S,Agent,Federal,T6
JOH0EQ1,29,61740,40597,712,149,98.4,1-12mo,Current,W,Web,Federal,T7
22VS8N5,52,74340,6877,728,0,113.9,Never,60-89,NE,IVR,Consolidation,T3
PMPOXXK,55,36485,54832,601,129,113.2,>1yr,30-59,MW,IVR,Federal,T3
414O9EF,66,51333,50387,516,74,113.3,>1yr,60-89,NE,Web,Consolidation,T3
6983Y2G,58,85021,33290,790,467,103.2,<30d,30-59,S,Mobile,Federal,T4
LS444AA,47,59975,10179,697,44,95.7,1-12mo,Current,W,Agent,Consolidation,T7
8ACCBM8,57,70423,89424,727,294,107.9,>1yr,30-59,MW,Agent,Federal,T2
H0J7Z0Y,28,39750,53947,580,149,99.4,<30d,Current,MW,Agent,Consolidation,T8
XJY28XH,56,72929,26972,633,139,102.4,<30d,1-29,S,Agent,Consolidation,T8
HGGM8FO,27,63283,11996,610,259,99.7,<30d,Current,MW,Agent,Federal,T4
XIM4YYU,43,87891,89878,763,113,102.4,<30d,Current,S,Web,Federal,T8
8CL8K02,51,24288,31629,732,0,101.9,1-12mo,1-29,S,IVR,Federal,T7
XVM9LAD,64,21427,7996,665,195,102.4,1-12mo,1-29,S,Mobile,Federal,T7
4C6U4LF,27,60618,40799,618,0,102.9,1-12mo,1-29,MW,Mobile,Consolidation,T7
NX6ECSE,60,77889,0,659,142,97.3,1-12mo,Current,NE,Mobile,Federal,T7
YSVAUYC,26,63966,18704,785,425,111.6,1-12mo,30-59,S,IVR,Consolidation,T2
5PLQXBJ,50,42461,6140,622,264,101.7,Never,Current,NE,Agent,Consolidation,T4
IMHURJQ,30,41902,43738,726,254,102.9,1-12mo,Current,S,Agent,Federal,T4
TH3JLOR,55,42284,65710,845,213,106.7,<30d,90+,W,IVR,Consolidation,T8
PVLTYNH,22,68682,55896,806,0,97.1,<30d,Current,MW,Web,Federal,T8
D8G313S,32,81082,37872,643,0,95.1,<30d,Current,NE,Agent,Consolidation,T8
CX8W7EW,44,59391,17074,698,184,100.7,Never,Current,W,Mobile,Consolidation,T5
YKYV7QR,62,41326,39819,668,446,102.9,1-12mo,90+,W,Web,Consolidation,T4
VGMBFOE,39,82858,32851,705,204,108.5,<30d,30-59,NE,Agent,Federal,T3
3NJC6O6,28,63262,29063,591,315,101.4,Never,30-59,MW,Mobile,Federal,T4
9QTB34G,23,62688,74466,689,406,106.8,Never,30-59,MW,Mobile,Consolidation,T2
K0I8BIV,61,69971,6418,724,0,97.4,1-12mo,Current,S,Agent,Consolidation,T7
9ZBA2F1,68,69355,68378,713,0,102.7,1-12mo,1-29,W,Mobile,Federal,T7
TFM8GHY,35,53549,21558,581,39,112.0,Never,30-59,NE,Web,Consolidation,T3
9H28ZJY,63,105801,61448,704,242,101.0,<30d,Current,S,Mobile,Federal,T8
OA662OZ,70,20913,52431,662,259,101.5,Never,Current,MW,Mobile,Consolidation,T4
ZWYA0J4,44,35984,64251,627,426,104.8,Never,30-59,W,Web,Federal,T4
JN97XWM,28,27841,55414,672,122,104.1,>1yr,Current,MW,IVR,Federal,T6
2JM6DM7,51,55496,0,711,343,111.6,<30d,60-89,S,Agent,Consolidation,T2
3H6366D,31,64951,39541,730,0,102.6,Never,1-29,S,Mobile,Consolidation,T5
R55SWI0,69,67355,14247,750,208,97.1,1-12mo,Current,MW,Agent,Consolidation,T7
BX18XDA,35,75291,37875,728,0,96.0,1-12mo,1-29,S,Agent,Consolidation,T7
ZKG33Z0,28,52325,25302,604,399,103.6,>1yr,60-89,S,IVR,Consolidation,T4
SFN4ATL,57,61029,8983,689,278,98.2,>1yr,Current,MW,Mobile,Consolidation,T4
BW3XG8G,49,42868,59025,677,198,103.1,Never,Current,NE,Web,Federal,T5
O7T4I3N,62,61887,46740,755,176,111.3,Never,30-59,MW,IVR,Federal,T3
2A425DL,58,23185,36670,707,0,95.1,1-12mo,1-29,S,Web,Federal,T7
ZVEOL9B,49,37011,18785,648,114,95.2,1-12mo,Current,S,Mobile,Federal,T7
FUSG41B,60,15000,43899,747,0,97.6,Never,Current,W,Agent,Consolidation,T5
8OJGFIW,36,65080,60733,660,109,107.0,Never,60-89,W,Web,Consolidation,T5
MA3X7OJ,46,61681,77755,631,0,99.9,Never,Current,W,Mobile,Federal,T5
Y9QZZSL,68,48907,44544,736,297,107.9,Never,90+,MW,Mobile,Consolidation,T2
P9OE1F8,63,37280,41542,708,0,104.9,>1yr,Current,W,IVR,Consolidation,T6
7ADFYG2,37,66187,90599,684,0,110.0,Never,30-59,S,IVR,Consolidation,T3
KEP8Z70,66,56350,89970,751,122,107.4,Never,30-59,W,Agent,Consolidation,T5
9QSM5GD,47,72594,117112,645,222,110.8,<30d,30-59,S,Web,Federal,T3
GH3EK4C,45,39894,1278,666,0,97.8,<30d,Current,W,Agent,Consolidation,T8
9ZFU4VO,36,62971,38628,619,7,109.7,1-12mo,30-59,MW,IVR,Federal,T3
16EMUK8,56,36689,29342,645,1,108.9,<30d,60-89,W,IVR,Consolidation,T3
MFRRZNV,26,64510,57530,635,319,114.7,<30d,30-59,NE,Agent,Consolidation,T2
SZIY64Y,63,51058,32868,689,0,103.4,<30d,1-29,NE,IVR,Federal,T8
LDBJXY4,69,62045,7954,627,525,96.5,1-12mo,30-59,S,Mobile,Consolidation,T4
GY5AXS5,32,77351,45075,689,205,96.4,<30d,1-29,S,IVR,Federal,T8
RR4LPH4,26,45472,42105,720,225,109.4,<30d,30-59,S,Web,Consolidation,T3
EUER16A,46,89083,64339,779,307,100.1,Never,90+,NE,Web,Federal,T4
K7HSY72,23,78388,37821,569,227,107.8,<30d,30-59,MW,Web,Federal,T8
86TSLKP,51,60336,4788,633,102,101.1,Never,Current,S,Mobile,Consolidation,T5
ZGWYNZJ,57,46697,15132,735,100,105.8,<30d,30-59,W,IVR,Consolidation,T8
00EHGES,47,42645,67415,474,259,102.0,<30d,1-29,MW,Agent,Consolidation,T4
5I3D7DY,64,55919,64007,675,427,100.3,<30d,60-89,S,Agent,Consolidation,T4
QPZDWDT,54,63679,46721,746,204,100.4,Never,Current,W,Agent,Consolidation,T5
MYZDEJN,54,38939,61248,686,42,107.1,<30d,60-89,MW,Agent,Federal,T8
DIN537Q,35,71476,30397,703,158,98.5,>1yr,1-29,NE,Agent,Consolidation,T6
3ZVEENV,39,57901,45596,639,192,110.4,>1yr,30-59,MW,Agent,Federal,T3
DCQGFQ1,69,66534,29740,674,226,95.8,<30d,Current,S,IVR,Federal,T8
NV8ZM3C,29,60270,38457,675,603,111.1,<30d,30-59,NE,Mobile,Federal,T2
BQA2BOL,46,32256,23674,711,228,103.3,>1yr,Current,W,IVR,Federal,T6
UJ693VE,34,72393,49267,583,306,101.4,1-12mo,30-59,W,Web,Federal,T4
NB6Z00V,25,55081,73753,749,59,99.2,<30d,1-29,MW,IVR,Federal,T8
K9SYDOX,54,67829,103087,619,243,110.8,>1yr,60-89,NE,Agent,Consolidation,T3
MPU1QD0,26,32626,81591,762,120,96.5,Never,1-29,S,Mobile,Federal,T5
4W4AD7W,39,43806,47181,707,56,101.7,>1yr,Current,NE,Web,Consolidation,T6
4D85UCO,35,59560,76990,692,0,110.3,1-12mo,90+,MW,Mobile,Federal,T3
CI21IS2,31,32552,40337,629,561,108.6,>1yr,60-89,W,IVR,Consolidation,T1
EWETDKQ,41,15000,41109,789,217,100.1,Never,Current,MW,Mobile,Consolidation,T5
TSW1ZZ3,29,84208,56328,655,148,108.9,<30d,30-59,S,Agent,Consolidation,T3
KMHQIAO,32,80570,23894,658,31,101.4,1-12mo,Current,W,Agent,Federal,T7
T5JHWID,70,30671,70331,605,0,98.2,<30d,1-29,NE,Mobile,Federal,T8
2UG7436,34,59423,39640,620,76,114.2,>1yr,30-59,W,Web,Consolidation,T3
99ZR742,66,33532,20953,615,67,102.7,<30d,Current,NE,Web,Federal,T8
6N2DLFA,66,59813,64808,668,0,104.5,<30d,Current,S,Agent,Consolidation,T8
6B5A08L,66,66006,42574,552,214,97.1,>1yr,Current,S,IVR,Federal,T6
5WA2I2H,33,60479,47832,721,168,100.7,1-12mo,Current,NE,Web,Federal,T7
CS0MESA,41,40024,94400,681,216,97.4,1-12mo,Current,MW,Web,Federal,T7
MJIYQU6,41,47627,58071,659,104,111.5,>1yr,90+,NE,IVR,Consolidation,T3
94ZP359,57,51448,65166,594,254,98.2,Never,Current,MW,Web,Consolidation,T4
DGYETSZ,61,62761,47410,666,328,104.7,<30d,60-89,NE,Web,Federal,T4
1YWU4UC,27,69976,95195,678,407,109.4,<30d,30-59,W,Web,Consolidation,T2
SSYG4PE,39,35339,0,735,257,96.2,>1yr,Current,S,Mobile,Consolidation,T4
27U5G9J,60,44085,55260,679,423,107.9,<30d,60-89,S,IVR,Consolidation,T2
WG795RL,22,49416,73825,686,85,111.8,Never,30-59,NE,Web,Consolidation,T3
YY8ICSH,37,48848,63900,739,415,96.2,<30d,60-89,W,IVR,Federal,T4
424ZBTA,68,38027,74976,598,263,107.8,<30d,30-59,MW,IVR,Federal,T2
FHIW3JV,60,65597,45769,689,433,114.3,1-12mo,30-59,W,IVR,Consolidation,T2
615ABGB,27,45208,54506,701,225,112.1,<30d,30-59,W,Web,Consolidation,T3
F32IGG0,65,58018,94429,657,490,103.6,>1yr,60-89,W,Web,Federal,T4
IEWZ23E,38,43008,35675,644,326,95.4,1-12mo,30-59,W,Agent,Consolidation,T4
4LWY0UH,37,47799,20286,705,11,106.4,1-12mo,90+,NE,Agent,Federal,T7
JMSWJH2,32,106576,51091,691,303,103.8,1-12mo,60-89,S,Agent,Federal,T4
0GXAD0F,39,75574,65218,710,92,111.4,<30d,30-59,W,Web,Consolidation,T3
NNTDH5F,35,58904,27265,743,298,114.0,>1yr,30-59,NE,Web,Consolidation,T2
L2XWA9Q,36,57353,45755,659,137,98.3,1-12mo,1-29,S,Agent,Federal,T7
HSF1D96,47,34637,35006,671,61,112.7,<30d,60-89,NE,Agent,Consolidation,T3
B2P3VTO,41,45783,33965,676,10,111.2,1-12mo,30-59,W,Agent,Consolidation,T3
UWCG2T0,44,48928,92520,661,306,100.3,>1yr,60-89,S,Mobile,Federal,T4
EZALUUP,45,37262,60409,689,413,112.5,1-12mo,60-89,W,Mobile,Consolidation,T2
FKSCIKM,67,79805,23586,691,96,109.0,1-12mo,60-89,W,Web,Consolidation,T3
3CO057O,25,73097,78075,674,332,101.2,>1yr,30-59,MW,IVR,Federal,T4
T2JTASM,37,69577,26750,667,158,108.0,1-12mo,60-89,S,Mobile,Federal,T7
6WWAKXC,54,53005,33314,647,178,95.1,1-12mo,Current,W,IVR,Consolidation,T7
0L5CKJM,28,37922,22525,615,0,112.1,1-12mo,30-59,W,IVR,Consolidation,T3
QI698SF,67,67770,58738,622,152,109.1,1-12mo,30-59,W,IVR,Federal,T3
S40SQDU,58,29573,21149,708,139,109.6,1-12mo,90+,W,Mobile,Consolidation,T3
M5AKIG1,62,15000,72404,716,0,111.7,1-12mo,30-59,NE,IVR,Federal,T3
D5O4Z99,60,59367,5489,695,179,105.6,Never,30-59,NE,IVR,Consolidation,T5
PF9R766,66,80149,23950,648,0,97.3,1-12mo,1-29,W,Web,Consolidation,T7
714RNF3,48,39923,47775,651,255,110.2,Never,60-89,W,IVR,Federal,T2
WIMU6GI,52,49864,54634,707,0,104.9,Never,Current,MW,Agent,Federal,T5
7ADJL29,26,54122,20881,674,0,103.7,>1yr,Current,NE,Web,Consolidation,T6
BRH44CU,56,93501,67350,586,298,112.8,<30d,30-59,W,Mobile,Consolidation,T2
A4FFW3Q,54,33187,58448,611,55,112.5,Never,60-89,NE,Mobile,Federal,T3
8W5GOKR,59,57701,28977,675,0,106.0,>1yr,30-59,W,Web,Consolidation,T6
R3SFMUZ,42,77286,52364,706,184,113.1,>1yr,60-89,S,Mobile,Federal,T3
K290E9P,28,60978,22399,632,46,99.9,>1yr,Current,W,Agent,Federal,T6
BQ3YT4N,47,15000,70161,636,177,102.3,1-12mo,Current,MW,Agent,Federal,T7
DQ6NJNN,65,76013,0,765,0,101.2,>1yr,Current,NE,IVR,Federal,T6
MQQUKIC,33,62771,14518,655,322,114.0,1-12mo,60-89,S,IVR,Consolidation,T2
6LZ77LB,38,45737,38358,580,0,99.7,<30d,Current,NE,Agent,Consolidation,T8
NCAXOG5,66,15000,34966,644,248,113.8,<30d,60-89,MW,Agent,Consolidation,T3
Q889CE9,26,74744,85202,546,131,95.4,<30d,Current,W,IVR,Consolidation,T8
298PYM7,53,58342,48405,694,0,114.0,<30d,30-59,W,IVR,Federal,T3
8CG7I7G,45,40452,499,684,208,106.3,Never,30-59,S,Web,Consolidation,T5
YXI6X98,22,58620,64429,589,271,101.1,1-12mo,1-29,W,Agent,Consolidation,T4
8ZQNYZZ,41,75389,81056,726,140,108.6,Never,30-59,S,Mobile,Consolidation,T3
T1DD1CR,59,54182,72406,617,201,107.5,Never,30-59,MW,Agent,Federal,T5
CO0P4R7,37,52700,77058,727,169,112.1,1-12mo,30-59,W,Agent,Consolidation,T3
44WIWZC,67,48167,27545,571,417,101.6,1-12mo,90+,S,Agent,Federal,T4
CB4EIRF,68,64174,19118,798,90,104.0,>1yr,Current,W,Agent,Consolidation,T6
1T5ZGLQ,49,54133,35957,663,137,104.5,1-12mo,Current,MW,Web,Federal,T7
544Z65S,68,35401,56712,673,143,100.0,>1yr,Current,W,Mobile,Federal,T6
FMIP7YD,70,57679,44311,556,189,111.2,>1yr,30-59,W,Web,Federal,T3
ZU5GNO7,68,68416,49113,691,337,100.2,>1yr,90+,W,Mobile,Consolidation,T4
7DLEG5N,60,60931,975,529,509,103.1,>1yr,60-89,S,Mobile,Consolidation,T4
3PNCNL9,38,76515,35704,703,251,98.4,1-12mo,1-29,NE,Web,Federal,T4
RU9UEKM,33,77722,0,708,127,98.0,>1yr,Current,MW,Agent,Federal,T6
TC8LLBR,38,63986,51576,680,0,100.5,Never,Current,W,Mobile,Federal,T5
OYVAPZG,45,67591,4661,755,176,97.7,>1yr,Current,NE,Agent,Federal,T6
K2UB3T9,45,96865,81284,755,450,112.0,>1yr,60-89,W,Agent,Consolidation,T1
9LUD6MR,65,82969,107963,730,250,111.3,<30d,90+,NE,Agent,Federal,T3
ODNPD46,35,66573,54863,663,283,101.9,Never,Current,MW,Web,Consolidation,T4
6K2N4O5,35,54218,49146,667,289,114.4,<30d,30-59,NE,IVR,Federal,T2
LAUARPP,56,38466,28146,730,102,99.8,<30d,1-29,S,Mobile,Consolidation,T8
OKSIFVU,42,72814,10397,627,86,108.2,>1yr,30-59,NE,Agent,Federal,T3
BVVN9LA,44,17925,52271,681,32,111.4,<30d,30-59,NE,IVR,Consolidation,T3
ASZWOFI,59,33312,27556,692,204,106.8,>1yr,30-59,W,IVR,Consolidation,T6
VSSCEVY,26,72405,10682,649,191,112.8,1-12mo,60-89,MW,IVR,Federal,T3
4P9CI97,38,46541,27597,633,507,96.8,Never,30-59,NE,Agent,Federal,T4
41X3TTH,64,26663,43099,751,410,105.7,<30d,30-59,NE,Mobile,Federal,T2
K5SRC4I,68,68895,3492,630,85,107.4,Never,60-89,NE,Web,Federal,T5
SH4JE2N,68,84476,25141,742,195,106.2,Never,60-89,NE,Web,Consolidation,T5
UDQ1CJQ,62,59785,41084,683,185,97.5,1-12mo,Current,W,Web,Federal,T7
G0ZWU2E,33,55043,27221,658,108,96.9,1-12mo,Current,W,Web,Federal,T7
JK1O29X,30,68607,40333,682,12,99.3,>1yr,Current,MW,Web,Federal,T6
R7MA39J,29,48601,80786,634,187,105.7,>1yr,30-59,NE,Mobile,Federal,T6
MATZOE2,31,53345,13013,632,0,99.8,1-12mo,Current,S,Web,Federal,T7
7EG87G2,69,66268,35684,850,322,112.4,>1yr,90+,MW,IVR,Federal,T2
8J5ZDKU,26,40764,66578,803,153,108.6,>1yr,60-89,NE,Web,Federal,T3
O0HALM1,66,76746,38215,599,302,100.9,1-12mo,30-59,NE,Mobile,Consolidation,T4
VRUBW0P,40,32870,65405,727,387,110.3,1-12mo,90+,NE,Web,Consolidation,T2
FDAMKGM,28,15000,78161,665,202,98.0,1-12mo,Current,MW,Mobile,Federal,T7
9ZIDT72,35,46259,59191,690,0,105.1,>1yr,60-89,W,IVR,Federal,T6
5X2WA5S,70,50683,40373,692,231,113.8,>1yr,30-59,S,IVR,Consolidation,T3
5GFARPP,39,71837,71196,701,0,97.7,>1yr,Current,MW,Web,Consolidation,T6
LDSRZVJ,37,58894,1745,728,323,96.1,<30d,60-89,W,IVR,Consolidation,T4
SVYY7QQ,34,43649,14050,678,94,98.9,>1yr,Current,W,Agent,Federal,T6
7DKXVGO,26,53542,55928,740,5,100.2,1-12mo,Current,MW,IVR,Consolidation,T7
NV7LLER,47,61675,20337,791,322,99.8,1-12mo,30-59,MW,Web,Consolidation,T4
X84DFT1,39,35730,31611,741,140,103.9,>1yr,Current,NE,Agent,Consolidation,T6
H04BII2,22,64692,40791,681,204,96.7,1-12mo,1-29,W,IVR,Consolidation,T7
BVVTCUS,62,70648,76877,712,99,113.6,<30d,60-89,MW,IVR,Federal,T3
NFZEMNW,65,66294,48316,698,282,113.9,>1yr,30-59,NE,IVR,Consolidation,T2
GZBH6BY,45,37241,72649,686,140,111.7,<30d,60-89,W,Agent,Federal,T3
ASAL04W,38,88697,19548,737,0,105.6,Never,30-59,NE,IVR,Federal,T5
KIFRNVY,58,81197,53139,642,0,110.4,<30d,30-59,W,IVR,Consolidation,T3
R49HKUC,51,24634,32327,642,267,103.8,Never,Current,W,Mobile,Consolidation,T4
7Q40T2B,55,50593,48186,539,68,103.9,1-12mo,Current,NE,IVR,Consolidation,T7
QMSTEOR,24,71197,36765,780,243,99.1,Never,Current,MW,Agent,Consolidation,T5
GJK6MH0,22,42378,28061,674,125,102.7,>1yr,Current,NE,Mobile,Consolidation,T6
8I52Y2G,58,15313,44085,676,10,109.2,>1yr,90+,S,Web,Federal,T3
SIMPVCE,42,52186,26615,658,344,106.4,<30d,90+,W,IVR,Federal,T2
RB8HYM7,53,55737,44923,641,0,96.4,Never,Current,S,Agent,Federal,T5
H8Q3PX8,32,67222,75580,650,238,95.5,1-12mo,Current,NE,IVR,Consolidation,T7
791NVRR,65,38174,10349,657,414,106.1,1-12mo,90+,NE,Mobile,Federal,T2
O3Q8XCG,62,81643,37775,562,88,111.3,Never,60-89,NE,Web,Federal,T3
WQ6QK8J,67,30749,0,708,165,98.7,<30d,Current,S,IVR,Consolidation,T8
QY2C371,49,53065,57255,722,58,95.3,Never,Current,W,Mobile,Federal,T5
XRTYW0Q,28,80091,69125,778,194,105.8,1-12mo,30-59,MW,Web,Consolidation,T7
ZJPP2LV,26,42758,62140,658,0,108.7,<30d,30-59,W,Agent,Federal,T3
8BOMFY2,36,59207,15302,622,254,99.7,<30d,1-29,NE,IVR,Federal,T4
T7JOH79,29,55238,100012,655,95,114.1,1-12mo,60-89,NE,Agent,Consolidation,T3
TC41AK4,34,52900,10238,625,141,107.2,>1yr,60-89,S,Agent,Federal,T6
GNXSZIR,24,68700,79063,717,301,114.6,Never,30-59,S,IVR,Consolidation,T2
JSVQZ5C,53,33790,17681,697,338,107.8,<30d,90+,S,Agent,Consolidation,T2
0KH9EZC,44,51496,42104,747,116,113.4,1-12mo,60-89,W,Agent,Federal,T3
06F5Y06,43,35539,46369,695,154,98.0,1-12mo,Current,MW,IVR,Consolidation,T7
XFEZPON,28,25737,99295,597,338,97.1,Never,90+,W,IVR,Consolidation,T4
GH659YV,40,25608,65976,739,166,109.8,>1yr,30-59,S,Mobile,Federal,T3
SNVAP83,24,43291,44487,672,7,96.0,1-12mo,Current,NE,IVR,Consolidation,T7
VSYYS70,36,94555,46623,715,179,95.7,>1yr,Current,MW,Web,Federal,T6
VNQUP9H,63,56828,51770,744,371,108.4,<30d,30-59,S,IVR,Federal,T2
LBSJDQ8,28,62847,28838,653,255,101.3,Never,1-29,S,Agent,Consolidation,T4
FMSEV2C,24,40591,62415,574,106,100.4,>1yr,Current,W,Web,Consolidation,T6
ZJWV24L,57,20383,53245,652,112,108.0,1-12mo,30-59,S,Mobile,Federal,T7
LLCLQZM,59,43725,62236,653,99,104.3,<30d,Current,W,Web,Consolidation,T8
27KNEFW,62,92925,9501,731,275,114.2,>1yr,60-89,W,Mobile,Consolidation,T2
VT1QWLC,40,91641,90252,669,255,113.8,Never,30-59,MW,Mobile,Federal,T2
NDKDONZ,66,84860,42270,673,115,114.0,1-12mo,60-89,W,IVR,Federal,T3
NYM897L,66,88665,31187,629,472,110.6,>1yr,90+,S,IVR,Consolidation,T1
HG76LLM,39,67582,75252,695,297,110.5,1-12mo,60-89,W,Web,Consolidation,T2
D7QIXU4,38,46475,29469,769,181,106.2,>1yr,60-89,NE,Mobile,Federal,T6
R2J95AX,39,44965,63473,708,0,107.4,>1yr,30-59,NE,Web,Consolidation,T6
BCCMF8D,39,76020,80621,668,34,111.2,Never,60-89,S,Mobile,Federal,T3
NR5BMUQ,69,59738,26087,619,350,109.7,>1yr,30-59,S,Agent,Federal,T2
EU78HGB,58,34207,50241,595,224,112.7,1-12mo,30-59,NE,Agent,Federal,T3
93VEWQH,56,67771,72155,699,294,95.5,Never,Current,S,IVR,Consolidation,T4
UMW6JG9,63,51434,46032,693,0,104.5,1-12mo,1-29,S,Mobile,Consolidation,T7
7MHMKNY,65,44780,11301,778,248,108.7,<30d,90+,W,IVR,Federal,T3
915EMQS,32,90570,18035,682,130,98.7,<30d,1-29,NE,IVR,Federal,T8
JULP6E0,43,66415,70032,601,121,104.1,<30d,Current,W,Mobile,Consolidation,T8
NL45VXO,47,67670,43914,643,307,95.6,<30d,60-89,W,IVR,Consolidation,T4
A5HDMXK,56,24496,30749,850,100,95.2,>1yr,Current,S,Agent,Consolidation,T6
FTW4PGA,56,71370,20222,677,74,106.9,>1yr,30-59,MW,Agent,Consolidation,T6
Y0KS14O,61,57630,55712,656,397,108.7,>1yr,90+,W,Web,Consolidation,T1
6M9WOL6,37,78920,63659,644,108,97.6,Never,1-29,S,IVR,Consolidation,T5
WZJFPP3,36,57915,33135,684,32,105.6,1-12mo,60-89,S,Agent,Federal,T7
URBERLW,51,60804,41358,625,63,111.9,<30d,60-89,NE,Mobile,Consolidation,T3
9163AHS,67,80161,50742,705,423,105.9,<30d,30-59,W,Mobile,Federal,T2
4K235BK,36,58469,28230,688,0,110.6,Never,30-59,NE,IVR,Federal,T3
ZVKSZRC,70,54033,43225,738,278,103.2,<30d,Current,W,Mobile,Consolidation,T4
BM3PGRD,65,62500,36889,640,176,106.0,1-12mo,60-89,NE,Agent,Federal,T7
WYUJX3M,42,69404,78136,596,293,110.1,<30d,30-59,MW,IVR,Consolidation,T2
EYMC045,35,28305,61046,725,236,107.1,<30d,30-59,MW,IVR,Consolidation,T8
Q7ZQFUO,67,36560,42003,690,0,108.8,<30d,30-59,W,Mobile,Consolidation,T3
MFX4PXB,41,15000,62898,737,0,105.0,1-12mo,Current,W,Agent,Consolidation,T7
L1N6Z5P,70,39498,53525,675,317,108.7,1-12mo,90+,W,Mobile,Consolidation,T2
CMAYZJL,29,65297,46018,667,239,113.0,Never,30-59,NE,Agent,Federal,T3
PEZ0DWZ,22,60321,69322,517,93,97.6,<30d,Current,W,Mobile,Consolidation,T8
Y84PA5K,39,68785,35563,702,47,106.4,>1yr,60-89,NE,IVR,Federal,T6
7JO7O5J,62,55666,22272,638,437,110.3,>1yr,30-59,S,Web,Consolidation,T1
1VU6263,53,34559,53587,819,63,102.1,>1yr,Current,S,Mobile,Federal,T6
65ISUY8,49,64985,0,589,151,103.4,Never,Current,MW,Mobile,Federal,T5
RMJWAGC,40,89472,51217,675,72,112.6,<30d,60-89,NE,Web,Federal,T3
LG4EPHI,46,60112,16364,656,222,102.1,Never,1-29,W,Agent,Federal,T5
ULTNIGD,23,60227,8617,645,103,105.3,Never,60-89,MW,IVR,Federal,T5
ZC9HSQC,58,29646,74806,764,138,111.5,<30d,30-59,NE,IVR,Federal,T3
LVMXF1H,43,35408,69874,655,308,108.3,>1yr,90+,S,IVR,Consolidation,T2
B92SHCL,37,61285,48650,688,346,102.4,1-12mo,30-59,S,Mobile,Consolidation,T4
U3X8EX1,46,40970,31762,779,0,114.7,<30d,30-59,S,Mobile,Federal,T3
TFDBTYW,23,48467,31267,687,0,109.0,<30d,30-59,S,Agent,Consolidation,T3
T8RHB82,56,39848,1991,769,243,97.6,1-12mo,Current,S,Mobile,Consolidation,T7
D18ELXX,56,74768,7936,716,215,102.1,>1yr,Current,MW,IVR,Consolidation,T6
L1GXJBI,38,60772,49122,632,208,103.3,>1yr,1-29,W,IVR,Consolidation,T6
Y2ETR4C,23,78080,40974,731,262,109.3,1-12mo,30-59,MW,Mobile,Federal,T2
M2L6IY2,22,71814,40187,639,256,102.7,1-12mo,Current,S,Agent,Consolidation,T4
8MH6WAC,53,87541,75584,599,281,103.5,Never,Current,W,Web,Federal,T4
O94FR7U,23,61441,26655,702,234,107.9,1-12mo,90+,S,Mobile,Consolidation,T7
DO6E72I,67,52948,65816,702,140,98.2,Never,1-29,MW,Mobile,Consolidation,T5
9EOMK4E,25,58222,11763,503,194,97.1,1-12mo,1-29,MW,Agent,Federal,T7
O8AQTWZ,23,49287,46460,647,0,103.7,>1yr,Current,S,Agent,Federal,T6
LBNVBBR,55,56047,84426,744,329,114.5,>1yr,60-89,NE,Agent,Consolidation,T2
GFJCWG1,58,86690,43441,649,511,96.6,Never,30-59,NE,IVR,Federal,T4
F2DBXQ6,57,27799,0,737,304,108.2,<30d,60-89,MW,IVR,Federal,T2
43AWIY2,31,82891,41177,654,126,105.9,>1yr,30-59,NE,Web,Federal,T6
CL7LYAR,66,51982,13836,696,159,110.1,>1yr,30-59,W,IVR,Federal,T3
8Z59A42,38,105108,42798,727,0,98.6,1-12mo,Current,NE,Mobile,Consolidation,T7
1HIGT89,47,51868,36282,735,222,113.8,1-12mo,90+,NE,Web,Consolidation,T3
6G2UIC6,42,45210,73683,743,139,105.2,<30d,60-89,W,Agent,Federal,T8
KM7USJF,35,96201,72692,646,63,111.9,1-12mo,90+,MW,Agent,Consolidation,T3
KWUZQ8T,38,84481,0,580,195,100.0,1-12mo,Current,NE,Mobile,Consolidation,T7
ZW8RNV7,42,54673,17915,749,193,109.9,<30d,90+,MW,Web,Federal,T3
IEILJ4N,51,77917,20106,676,0,106.9,>1yr,30-59,W,Agent,Consolidation,T6
EZJ2D1B,45,49032,53356,579,135,105.2,>1yr,30-59,W,IVR,Consolidation,T6
3A93V1J,59,45949,2563,780,109,111.3,<30d,90+,MW,Mobile,Consolidation,T3
INNX3NW,23,53442,41298,723,23,107.9,>1yr,90+,W,Web,Consolidation,T6
N1FOKJP,44,55301,75784,668,133,100.0,>1yr,Current,NE,Agent,Federal,T6
9TE1BY4,60,75549,88980,595,0,95.6,Never,Current,S,IVR,Consolidation,T5
3AC294O,46,77389,0,606,47,102.7,Never,Current,S,Mobile,Federal,T5
CSDZINE,49,56732,39613,657,252,98.4,Never,Current,MW,Web,Federal,T4
VLJLSZU,59,56275,12252,641,36,113.2,Never,90+,MW,Mobile,Consolidation,T3
N1LAGEX,22,40546,61095,655,464,97.7,<30d,60-89,S,Web,Consolidation,T4
999GGPK,58,72937,39463,638,101,100.8,Never,Current,S,IVR,Consolidation,T5
AU9Y93X,34,41979,102169,644,152,98.4,1-12mo,Current,S,Web,Consolidation,T7
CMP7S58,57,47616,32475,683,0,109.2,<30d,60-89,S,Agent,Federal,T3
LLLQFDU,52,59397,70474,653,290,107.1,1-12mo,90+,MW,IVR,Consolidation,T2
UPPOQS4,47,56520,37761,699,360,113.4,<30d,30-59,W,Mobile,Consolidation,T2
19H9B0Z,39,60103,8393,697,64,106.4,<30d,60-89,S,IVR,Consolidation,T8
DAZI2PI,43,70481,26656,748,342,103.8,1-12mo,60-89,MW,Web,Federal,T4
97CBXK2,45,37188,20641,547,314,101.3,>1yr,30-59,S,IVR,Federal,T4
M1HH3VV,22,51363,30844,746,0,108.4,Never,90+,S,Agent,Consolidation,T3
4UCE4AK,39,69188,3030,639,194,113.6,1-12mo,30-59,MW,Agent,Federal,T3
O21TZR4,51,59940,63771,687,82,104.9,>1yr,Current,NE,Agent,Consolidation,T6
H1GERQZ,30,59324,80548,719,374,108.4,Never,90+,W,IVR,Consolidation,T1
IA331QI,26,53259,12167,619,269,113.9,<30d,30-59,NE,IVR,Federal,T2
22W5UIL,35,40804,22950,590,265,108.3,<30d,60-89,MW,Mobile,Federal,T2
72CVKK5,57,46758,100351,522,17,114.0,Never,60-89,S,IVR,Consolidation,T3
MHKQ4H5,67,22706,71573,749,94,104.1,>1yr,1-29,S,Agent,Federal,T6
FO8UFY7,52,96818,4930,781,476,112.1,Never,60-89,MW,IVR,Federal,T1
EN7OFXM,29,56398,78280,662,445,114.0,1-12mo,30-59,S,Agent,Consolidation,T2
7M7FZ8G,67,65702,22378,734,182,99.0,Never,Current,W,Web,Federal,T5
QQSIMSX,53,78467,73892,684,220,108.8,1-12mo,30-59,MW,Web,Consolidation,T3
UJZ7Z5T,63,74121,68701,603,297,102.6,<30d,1-29,MW,Web,Federal,T4
VVV555F,36,70200,64098,752,9,103.0,>1yr,Current,NE,Mobile,Federal,T6
9DNYY58,62,15697,43350,644,294,99.3,<30d,1-29,MW,Web,Consolidation,T4
55JR1QJ,69,74009,64127,668,141,101.3,1-12mo,Current,S,Web,Federal,T7
U6NXRO0,63,30857,44710,610,29,113.1,1-12mo,60-89,NE,IVR,Federal,T3
JJPN3T4,52,40589,5563,606,262,105.5,>1yr,60-89,NE,Agent,Federal,T2
LCZX1H7,42,79812,51395,685,43,113.6,<30d,30-59,NE,IVR,Federal,T3
C12NO84,39,53896,33794,603,273,114.2,1-12mo,30-59,W,Mobile,Federal,T2
P8D65M7,40,64116,45499,782,0,96.5,1-12mo,Current,MW,Mobile,Consolidation,T7
6KSHSFD,35,97937,57109,660,0,99.0,<30d,1-29,S,Mobile,Federal,T8
LV20L1H,51,48484,22737,705,341,114.3,<30d,60-89,NE,Mobile,Consolidation,T2
RACK9Y1,22,48983,46714,637,27,108.0,1-12mo,30-59,W,Mobile,Federal,T7
NAG0KVA,39,88307,20408,600,378,107.7,1-12mo,60-89,S,Agent,Federal,T2
KEHRQ6H,57,68274,37090,607,380,112.3,1-12mo,30-59,MW,Agent,Federal,T2
VCXNVCB,28,72024,43437,676,101,95.2,Never,Current,NE,Mobile,Federal,T5
DJQUOAZ,33,53261,70998,687,56,114.0,<30d,60-89,W,IVR,Federal,T3
ZWHRGMI,59,61017,50319,661,115,100.3,<30d,Current,S,Mobile,Federal,T8
IGCN954,57,78541,70431,801,0,108.7,Never,60-89,MW,Web,Consolidation,T3
RHF1ZUL,25,58430,43718,642,0,108.8,Never,30-59,S,Agent,Consolidation,T3
S8PQ671,48,37016,36898,679,301,101.4,<30d,30-59,S,IVR,Consolidation,T4
H2MD8FN,25,69411,39423,623,93,98.0,<30d,Current,MW,Web,Federal,T8
MP9FW5T,37,43867,12907,684,522,96.8,1-12mo,60-89,MW,Agent,Consolidation,T4
ULNUIX5,53,17427,37910,573,0,112.3,<30d,30-59,S,Agent,Federal,T3
VRQAZHO,68,49176,91636,696,0,100.6,>1yr,Current,W,Web,Consolidation,T6
TPNOTFH,42,50756,46043,623,84,98.7,<30d,Current,S,Web,Federal,T8
LBT4UEX,62,63569,73167,668,62,99.0,>1yr,Current,S,IVR,Federal,T6
OCXUT6Q,60,66346,52368,701,250,112.1,Never,30-59,MW,IVR,Federal,T3
ZG6XXYF,42,46675,48357,632,250,112.0,Never,60-89,S,Mobile,Federal,T3
R2GSBR7,66,59807,71506,759,258,96.9,Never,1-29,MW,Agent,Federal,T4
KVLIXNL,49,37295,37675,614,0,104.8,1-12mo,1-29,W,Web,Federal,T7
47OZ43V,49,50037,21847,625,162,102.4,Never,Current,S,Mobile,Federal,T5
WL7R21V,64,47808,45181,520,76,99.8,<30d,1-29,NE,Web,Federal,T8
XIQQP0K,27,72206,75490,653,0,99.2,Never,Current,W,Agent,Consolidation,T5
9FA6E4L,36,34362,15847,717,165,103.5,1-12mo,Current,MW,Agent,Federal,T7
HBAPMWW,41,73827,71392,751,160,107.4,1-12mo,60-89,NE,Agent,Consolidation,T7
KP7V3CI,61,49308,57593,609,296,96.1,1-12mo,1-29,NE,Web,Consolidation,T4
9Z0M98W,26,71410,21505,756,354,104.2,1-12mo,60-89,MW,Agent,Consolidation,T4
UG3PQ4Y,25,42611,0,706,164,105.5,1-12mo,60-89,W,Agent,Consolidation,T7
S4U5SZP,34,40461,55045,708,33,98.1,>1yr,1-29,W,Web,Consolidation,T6
KWGVH8A,69,50823,43165,619,211,98.2,<30d,1-29,NE,Web,Consolidation,T8
F42FPL5,47,42998,81589,625,292,95.7,1-12mo,Current,NE,Agent,Consolidation,T4
S7PU97F,69,65117,29586,651,160,108.1,Never,60-89,W,Mobile,Federal,T3
DCWMGRE,69,65285,45811,622,183,100.7,<30d,1-29,MW,Mobile,Consolidation,T8
PUUUPW9,38,47886,58389,827,230,110.5,1-12mo,30-59,S,Web,Consolidation,T3
K7GO1YG,68,54094,84694,679,7,96.3,<30d,Current,NE,Mobile,Federal,T8
80Q3E8H,61,21197,42118,681,48,111.2,>1yr,60-89,MW,Mobile,Consolidation,T3
LFNECOR,67,74238,23359,606,168,98.3,Never,Current,NE,Agent,Federal,T5
D40H7EV,67,88669,43270,688,214,96.1,<30d,Current,S,Mobile,Consolidation,T8
PHIRWY2,44,37092,55441,681,386,95.7,>1yr,30-59,NE,IVR,Federal,T4
3UZDH5J,43,67998,92602,747,0,96.8,Never,1-29,MW,IVR,Consolidation,T5
GZHY1AK,46,59133,77584,692,284,96.1,<30d,Current,S,Web,Consolidation,T4
LI8MAMV,65,75080,45024,779,274,96.3,>1yr,Current,MW,Web,Federal,T4
U88RRTP,44,55041,54777,658,295,97.0,<30d,Current,MW,IVR,Federal,T4
TSBLE6C,61,37996,55500,655,66,99.9,1-12mo,1-29,S,Agent,Consolidation,T7
1DRAKLQ,44,87670,90639,532,12,101.2,<30d,Current,NE,Agent,Federal,T8
OVBXCVH,70,36550,29566,718,0,101.3,<30d,1-29,S,Mobile,Consolidation,T8
N4AX7HJ,28,44817,0,613,130,95.1,<30d,Current,S,IVR,Consolidation,T8
ENS7FEP,59,62105,25334,715,76,97.8,>1yr,Current,NE,Web,Consolidation,T6
PLPJ7RG,38,77892,67709,659,113,107.5,<30d,30-59,MW,Mobile,Federal,T8
FCFXO4S,64,58885,33140,665,326,96.7,<30d,30-59,MW,IVR,Federal,T4
UOSJK5M,46,47044,47234,850,53,110.2,>1yr,60-89,S,Mobile,Consolidation,T3
X1C6J1R,28,35706,43945,780,289,99.3,>1yr,1-29,NE,Web,Federal,T4
FFQQNO8,26,66869,11603,684,77,105.9,<30d,60-89,W,Mobile,Consolidation,T8
39Z11VM,70,35874,37734,683,0,107.6,>1yr,30-59,W,IVR,Federal,T6
0SHUZ8L,47,38104,82391,662,285,96.3,>1yr,1-29,S,Mobile,Consolidation,T4
TALH45X,44,43843,51809,652,133,103.9,1-12mo,Current,MW,Agent,Consolidation,T7
VVADZG8,36,60980,15256,607,258,109.6,1-12mo,60-89,S,Mobile,Federal,T2
BPRWNCQ,52,58074,9385,524,153,101.5,>1yr,1-29,MW,IVR,Consolidation,T6
P6EV9OK,41,75600,51893,566,228,102.7,<30d,1-29,W,Mobile,Federal,T8
T6D64HM,28,49906,66901,739,11,111.7,1-12mo,30-59,S,IVR,Federal,T3
USTEFSN,22,34958,55010,649,319,107.9,>1yr,60-89,MW,IVR,Federal,T2
QE9WG86,40,28583,58192,640,0,111.6,Never,30-59,S,IVR,Federal,T3
ZDHF5D1,68,55740,78235,643,106,111.4,<30d,60-89,W,Web,Federal,T3
YH65SBK,53,55094,12544,663,184,103.3,<30d,Current,MW,IVR,Consolidation,T8
VHSMOM7,62,54831,4976,635,84,105.2,>1yr,60-89,S,Agent,Consolidation,T6
2DSR26H,34,20169,61439,569,101,108.3,1-12mo,30-59,W,Web,Federal,T3
HGF6FLZ,63,64324,11256,680,416,109.2,<30d,30-59,S,Web,Federal,T2
XSAOEU9,28,61946,43388,566,314,107.0,1-12mo,30-59,NE,IVR,Consolidation,T2
MXLLPO6,28,57788,51918,634,327,112.5,<30d,30-59,W,Web,Consolidation,T2
ZHF1A07,37,58856,46576,655,608,102.3,1-12mo,90+,NE,IVR,Consolidation,T4
BF1HARI,36,62207,33865,642,4,98.6,<30d,1-29,W,Agent,Consolidation,T8
S3A60FN,69,43405,31600,712,154,95.3,Never,Current,NE,Agent,Federal,T5
83R9BBG,63,49509,50987,572,245,113.3,<30d,90+,MW,Web,Federal,T3
T6C8IGE,60,53300,57478,772,0,104.5,1-12mo,Current,S,Mobile,Consolidation,T7
UVSDSC2,36,43359,8647,667,139,114.7,Never,90+,NE,Agent,Consolidation,T3
9PCEXZV,35,60546,31026,631,84,113.0,>1yr,60-89,S,Agent,Consolidation,T3
JADXBRY,28,69141,66097,643,105,106.1,<30d,60-89,S,Mobile,Consolidation,T8
C6HH3OG,35,53512,46025,578,525,113.9,Never,60-89,MW,IVR,Consolidation,T1
8UEOKCV,28,76857,39808,794,0,95.3,Never,1-29,NE,IVR,Federal,T5
ZV5G4S8,53,35862,56344,744,230,101.4,<30d,1-29,W,Web,Federal,T8
MHJ9RP0,45,58970,87712,703,0,97.3,1-12mo,Current,S,Agent,Federal,T7
SNOESR6,65,24184,79074,568,6,110.5,>1yr,90+,S,Web,Federal,T3
Z0LYPMM,27,78019,82265,661,557,96.4,Never,30-59,MW,Web,Federal,T4
YLXM0WK,33,59930,37006,706,253,99.2,Never,Current,W,IVR,Federal,T4
LB5T2SF,28,45585,41447,704,310,113.9,>1yr,30-59,W,Web,Consolidation,T2
XNMWEZW,50,41424,58138,711,0,114.0,1-12mo,30-59,MW,Mobile,Federal,T3
I38A6V1,37,72459,41798,575,60,106.6,>1yr,30-59,MW,Mobile,Consolidation,T6
KP2MUE8,32,31201,65133,722,0,108.9,1-12mo,30-59,NE,IVR,Consolidation,T3
R2KIOME,34,67770,62358,604,88,114.0,>1yr,30-59,NE,Mobile,Federal,T3
IOYGNGL,68,39306,56803,708,356,108.5,Never,30-59,S,Web,Federal,T1
WD9HE59,23,30780,24072,650,120,97.9,<30d,Current,S,Web,Federal,T8
XM8619T,50,39200,21829,587,197,105.5,1-12mo,30-59,W,Mobile,Federal,T7
9KOJS1F,58,71974,91781,666,0,99.2,1-12mo,Current,S,Web,Federal,T7
UWVE8SJ,64,65508,63283,740,191,102.2,1-12mo,1-29,W,IVR,Consolidation,T7
9TSVK9F,37,66912,61406,683,146,107.9,Never,90+,MW,Mobile,Consolidation,T5
68V74EZ,26,68584,52019,640,0,114.3,>1yr,30-59,S,Agent,Consolidation,T3
2I32J6S,24,46571,29796,684,257,97.5,<30d,Current,W,Mobile,Federal,T4
VO3Q71Y,38,75924,54078,714,186,97.6,<30d,Current,NE,Agent,Federal,T8
VQN1X97,35,79593,41304,619,220,110.7,1-12mo,30-59,MW,Mobile,Federal,T3
FXQ7MPM,25,20473,70307,720,170,109.2,Never,60-89,S,Web,Consolidation,T3
I1FNVOD,60,59933,35972,608,80,114.0,>1yr,30-59,W,Web,Consolidation,T3
Q05WTJK,42,59303,61730,781,61,112.4,Never,90+,MW,Mobile,Federal,T3
LN3KBX8,52,60019,33897,730,115,108.5,>1yr,30-59,NE,Agent,Federal,T3
TUGDJJR,26,64629,99016,811,303,113.0,>1yr,30-59,MW,Mobile,Federal,T2
HXSV96A,25,81697,38925,595,479,112.5,Never,60-89,NE,IVR,Consolidation,T1
Q9UO9T6,66,55354,61752,620,194,103.6,<30d,Current,MW,IVR,Federal,T8
XKDHY4Y,29,61234,59961,651,0,111.1,<30d,60-89,W,Web,Federal,T3
S1TI3TH,44,80523,20006,667,78,112.4,1-12mo,60-89,W,Agent,Federal,T3
WBCJOJW,45,21094,0,570,210,104.2,>1yr,Current,S,Mobile,Federal,T6
H0TYGDF,68,38306,37975,703,182,105.9,Never,60-89,NE,IVR,Consolidation,T5
ZDJEC2F,60,48292,54688,728,257,95.7,1-12mo,Current,NE,Mobile,Federal,T4
Y25DMZV,40,41270,36480,684,453,107.1,Never,60-89,NE,Agent,Federal,T2
0DSPBQE,26,76785,89615,610,115,108.0,<30d,30-59,MW,Web,Consolidation,T8
DD9Y775,55,80296,44135,757,354,103.6,>1yr,90+,W,Agent,Consolidation,T4
QE9E6TU,46,73923,11274,597,339,110.6,<30d,60-89,W,Web,Consolidation,T2
93U6S9T,49,27187,26943,677,220,95.8,Never,Current,NE,Web,Federal,T5
9C4VIZY,55,54795,39587,644,105,101.9,>1yr,Current,MW,Web,Consolidation,T6
QG7Y5OR,34,51005,25202,733,205,100.3,<30d,1-29,MW,Mobile,Federal,T8
B1OARAU,61,83665,68513,653,75,104.5,<30d,Current,S,IVR,Consolidation,T8
GJHOI9E,57,70742,58612,646,217,96.7,1-12mo,Current,MW,Mobile,Federal,T7
F5PZGNE,26,25726,42462,647,195,100.0,>1yr,Current,W,IVR,Consolidation,T6
5QAX3VI,27,50917,69265,649,0,102.1,1-12mo,Current,S,Agent,Federal,T7
VDIFEOC,42,64971,80610,694,167,105.6,1-12mo,60-89,MW,Agent,Federal,T7
19JKSAW,66,70350,58571,733,0,95.7,1-12mo,1-29,W,Agent,Federal,T7
L9Q4S4W,30,15159,23575,691,0,105.5,>1yr,30-59,NE,Web,Federal,T6
O77KRJH,40,62752,48504,653,73,102.5,1-12mo,Current,W,Agent,Consolidation,T7
TIZXXTK,47,15000,47762,706,0,104.6,1-12mo,Current,MW,Web,Consolidation,T7
Z88AESS,25,67062,43494,696,353,105.8,>1yr,30-59,NE,Web,Federal,T2
7ZGHVHT,37,61916,72662,733,466,113.6,Never,30-59,S,Web,Federal,T1
HWOU6AR,69,83923,60781,658,242,107.7,1-12mo,60-89,MW,Agent,Federal,T7
EAQ59UH,47,52553,90431,618,178,110.6,>1yr,60-89,S,Agent,Federal,T3
6OAB2BM,47,63032,0,711,317,113.7,Never,30-59,W,IVR,Consolidation,T2
OYWY24J,62,67641,59962,664,97,97.9,>1yr,Current,S,Mobile,Consolidation,T6
QHYOYLI,26,71432,65023,754,396,112.4,<30d,60-89,S,Mobile,Consolidation,T2
A4MH2S6,36,73137,60441,643,173,97.2,<30d,Current,S,Web,Consolidation,T8
S9HG8CB,31,43932,18022,550,0,98.5,>1yr,Current,S,Mobile,Consolidation,T6
OLGDG98,38,79973,75902,739,133,114.3,Never,60-89,MW,Web,Consolidation,T3
HE5230C,36,84448,14498,658,452,104.7,Never,30-59,MW,Agent,Federal,T4
VGQ49JN,65,68338,62361,634,46,114.8,1-12mo,60-89,S,Web,Consolidation,T3
BPB1ONT,62,64730,20700,651,179,95.6,Never,Current,NE,Mobile,Federal,T5
IKHQDAN,29,39968,94909,752,267,98.2,Never,Current,NE,IVR,Federal,T4
2J1CUAL,68,63729,42220,677,139,107.3,Never,30-59,MW,Web,Consolidation,T5
415UXBK,56,52773,79329,695,227,109.3,>1yr,60-89,NE,Agent,Federal,T3
3L1VK5Y,22,79635,103268,667,116,104.7,1-12mo,Current,NE,Web,Consolidation,T7
4ON64RU,32,51349,8630,741,174,108.8,1-12mo,60-89,S,IVR,Consolidation,T3
2WWXOLA,22,52547,37861,724,157,110.6,1-12mo,60-89,W,Mobile,Consolidation,T3
FA45BK2,62,49710,58349,773,339,110.9,1-12mo,60-89,NE,Agent,Consolidation,T2
8O8NKE8,54,48780,32859,695,205,112.5,<30d,60-89,MW,IVR,Federal,T3
D6PHYHG,46,53517,31544,631,208,106.2,>1yr,60-89,S,Web,Federal,T6
3S59HXW,36,66715,30680,730,286,102.3,1-12mo,Current,NE,Agent,Federal,T4
EG6TABW,66,84074,44813,674,0,98.5,<30d,Current,MW,IVR,Consolidation,T8
7VOMSFG,31,33986,41651,682,385,114.2,Never,60-89,W,Web,Consolidation,T1
5X50QYW,68,63614,42808,698,36,100.6,<30d,1-29,S,IVR,Consolidation,T8
R5R5SSF,53,61959,52538,759,317,99.7,>1yr,60-89,W,Web,Federal,T4
2A2067C,52,55802,17813,827,199,96.6,<30d,1-29,W,Web,Federal,T8
GSIEYF8,39,58155,10555,721,144,109.7,<30d,60-89,NE,IVR,Federal,T3
5DXY8SR,31,53562,42449,681,196,107.1,1-12mo,30-59,W,IVR,Federal,T7
VW3TX50,69,21302,45402,576,630,114.5,Never,30-59,W,Web,Consolidation,T1
AV7Q7V0,50,46550,82748,646,429,104.7,>1yr,30-59,W,IVR,Consolidation,T4
SWUW5X7,27,88803,75917,652,101,108.8,Never,30-59,MW,IVR,Federal,T3
68I5V0G,70,61336,59862,671,147,97.4,1-12mo,Current,MW,Agent,Federal,T7
UUBQ8US,38,85516,43089,698,281,98.8,Never,Current,W,Mobile,Consolidation,T4
REFOSV1,44,61588,24984,665,268,102.3,<30d,Current,MW,Mobile,Federal,T4
WMCSQE4,29,24894,45736,595,195,101.0,>1yr,Current,W,IVR,Federal,T6
LN9ROMB,45,46825,9254,761,108,105.3,1-12mo,30-59,W,Agent,Federal,T7
YKV75XG,53,36976,19052,736,192,113.8,<30d,30-59,MW,Web,Federal,T3
N27Y5VD,24,60372,73237,725,0,101.5,<30d,Current,W,Web,Consolidation,T8
KG4NBN4,44,58319,66920,595,248,105.1,1-12mo,30-59,W,IVR,Federal,T7
0XTZ2UY,66,53151,81177,663,373,105.1,<30d,30-59,W,IVR,Federal,T2
1EANVYU,70,81764,0,759,219,108.6,1-12mo,30-59,MW,Web,Federal,T3
U6S5O4I,47,33148,23423,652,307,106.7,Never,60-89,S,Web,Federal,T2
SEUUGK4,64,52259,73581,616,0,113.1,Never,30-59,S,Agent,Consolidation,T3
APYL1O1,57,58425,57359,478,258,105.6,1-12mo,30-59,S,Mobile,Consolidation,T2
SLZEG76,38,80742,37397,627,266,113.5,Never,90+,NE,Web,Consolidation,T2
UY9II1K,52,45327,49858,704,342,106.5,<30d,30-59,W,Web,Consolidation,T2
2SBKT1G,60,50654,50237,655,58,108.6,<30d,30-59,NE,Mobile,Federal,T3
MWWI8XM,62,49259,40675,614,343,114.3,<30d,30-59,NE,Web,Consolidation,T2
NOX89BT,24,41244,74660,543,534,102.6,1-12mo,60-89,MW,Agent,Consolidation,T4
BYW6WMK,46,42055,26452,741,354,96.5,1-12mo,60-89,W,IVR,Consolidation,T4
QCP304Q,57,89283,28232,682,270,101.1,Never,Current,NE,Web,Federal,T4
3ZSO4LH,25,103450,71501,628,71,101.1,Never,Current,S,Agent,Federal,T5
JOJUVUT,58,86446,40677,719,32,96.9,Never,1-29,S,Web,Federal,T5
X3OJJVE,49,56650,68565,692,116,95.8,Never,Current,W,Web,Federal,T5
M1XX6TP,56,110203,92249,824,169,106.8,1-12mo,60-89,W,Agent,Federal,T7
5P06V0H,52,49585,54206,629,8,106.6,<30d,60-89,S,Mobile,Consolidation,T8
DGOXFMB,22,50964,18845,581,190,111.1,1-12mo,60-89,NE,Web,Consolidation,T3
SKF8EXL,65,39160,13337,708,186,111.8,>1yr,30-59,NE,Mobile,Federal,T3
J8T5ZHV,41,82219,27331,705,276,96.7,1-12mo,1-29,S,Web,Federal,T4
AKQRUCA,35,16660,30214,583,265,102.4,1-12mo,Current,MW,Mobile,Consolidation,T4
190DMZB,25,27098,26373,723,279,108.5,1-12mo,30-59,S,IVR,Federal,T2
FN3BKY3,32,36155,23127,700,0,100.4,1-12mo,Current,W,IVR,Federal,T7
7V5MZ6D,27,15000,54353,527,0,105.6,<30d,60-89,NE,Web,Federal,T8
TQYSZ3S,51,64333,43344,739,318,103.2,<30d,90+,S,Web,Consolidation,T4
VNTW4KF,53,44968,16801,687,0,110.5,1-12mo,30-59,NE,Mobile,Consolidation,T3
SRST65W,55,36545,45830,654,29,105.4,1-12mo,30-59,S,Agent,Federal,T7
WWGE1TS,37,80806,0,643,224,95.4,1-12mo,1-29,MW,Mobile,Federal,T7
3SKKF4K,42,62528,74338,708,242,108.0,>1yr,30-59,S,Agent,Consolidation,T6
15JMZ0U,36,75598,9684,657,307,104.4,<30d,60-89,NE,Agent,Federal,T4
FOLVOKJ,62,66282,38770,671,365,107.5,<30d,60-89,NE,IVR,Federal,T2
DORD6NI,32,64038,38576,683,134,113.1,1-12mo,30-59,MW,IVR,Consolidation,T3
57UAXEK,46,15000,42059,635,89,103.9,Never,Current,S,IVR,Consolidation,T5
EHS7TKP,47,61396,41822,636,213,102.1,<30d,Current,NE,IVR,Federal,T8
GY02AWG,22,41663,54903,615,83,102.5,Never,Current,S,Agent,Federal,T5
XHZDN3V,43,50560,46088,561,45,97.4,>1yr,1-29,W,IVR,Federal,T6
HJJXOZ4,28,68788,61803,732,0,112.4,1-12mo,60-89,S,Agent,Federal,T3
DDM0QTU,68,41509,22995,600,66,114.3,1-12mo,30-59,W,Agent,Federal,T3
K33C95Y,25,41943,15572,572,236,103.4,1-12mo,Current,MW,IVR,Consolidation,T7
I2V8QOG,63,53842,64324,639,208,97.5,Never,Current,W,Agent,Federal,T5
PZ0JS82,38,50459,37849,739,96,113.4,>1yr,30-59,MW,Web,Federal,T3
3O4ESXB,38,72502,55882,655,406,110.8,Never,30-59,W,Mobile,Federal,T1
UZGAM3Y,69,89340,288,648,180,104.3,1-12mo,Current,S,Mobile,Consolidation,T7
GRYA0DT,60,18561,46089,771,0,95.6,>1yr,Current,NE,Mobile,Consolidation,T6
TGMAIXD,61,66327,42450,688,471,100.5,<30d,30-59,NE,Web,Federal,T4
YUHU7AL,28,50124,60770,705,0,106.3,Never,90+,W,Mobile,Consolidation,T5
O1IRKLA,32,52171,719,604,212,114.9,1-12mo,60-89,W,Mobile,Consolidation,T3
BR8CSXJ,69,22346,64840,654,437,112.3,>1yr,60-89,W,Web,Federal,T1
1PGODBI,59,66536,41168,624,460,107.7,>1yr,60-89,MW,Mobile,Consolidation,T2
ESTBEWN,58,99671,69984,739,142,97.1,Never,Current,S,Mobile,Consolidation,T5
0XEZMVP,59,29498,30579,608,162,102.3,>1yr,Current,S,IVR,Federal,T6
9SK5DXV,35,94471,51606,762,446,103.5,<30d,30-59,W,Agent,Consolidation,T4
GECRSRE,51,39399,34016,537,210,104.1,1-12mo,Current,W,IVR,Federal,T7
VX6TB1Z,56,56200,33012,650,199,114.6,1-12mo,30-59,S,Mobile,Federal,T3
8TR9PV6,22,50883,42422,720,0,95.8,<30d,Current,NE,Agent,Federal,T8
YBKE1RK,37,52140,51868,688,176,104.5,<30d,Current,MW,IVR,Federal,T8
SMPSNIY,34,58658,84928,675,339,107.7,<30d,60-89,MW,Mobile,Consolidation,T2
5YSOFAV,38,84026,83088,727,211,110.6,<30d,30-59,S,IVR,Consolidation,T3
JMJ9RA2,41,19126,55761,715,226,98.9,>1yr,Current,NE,IVR,Consolidation,T6
4XY7KK0,70,72739,10218,556,574,112.2,<30d,60-89,NE,Agent,Consolidation,T2
G1JXDOJ,36,30985,79769,516,257,96.4,1-12mo,Current,MW,Web,Federal,T4
B8NNYC1,54,91427,53151,666,118,107.4,>1yr,60-89,W,Mobile,Consolidation,T6
UJ9NAPO,47,40003,0,748,0,114.5,Never,60-89,MW,Mobile,Federal,T3
FN9ZYSN,33,72646,17196,616,256,104.5,<30d,Current,NE,IVR,Federal,T4
1BMNIXF,24,45656,55163,615,43,111.2,<30d,90+,MW,IVR,Federal,T3
QCG89SC,47,57896,43618,750,210,101.3,Never,Current,W,Agent,Federal,T5
SGXU88W,61,86774,85100,614,540,96.6,<30d,30-59,NE,Mobile,Federal,T4
CA7T418,51,51754,2355,675,165,100.3,<30d,1-29,NE,Agent,Consolidation,T8
HNHF4AD,41,49374,80071,630,310,107.4,<30d,30-59,MW,Mobile,Federal,T2
2QM98DQ,67,55793,63518,634,360,104.9,>1yr,30-59,S,IVR,Consolidation,T4
HAHED3B,37,45098,67550,635,212,112.9,<30d,60-89,W,Mobile,Consolidation,T3
IF16O3K,47,52540,68296,709,364,106.3,>1yr,30-59,W,IVR,Consolidation,T2
VSTFQ0F,28,59264,53482,706,132,101.9,1-12mo,Current,NE,Web,Consolidation,T7
POKEXAM,44,30435,58588,757,0,100.9,Never,Current,S,Web,Federal,T5
4LJGG45,68,54437,42379,627,193,99.8,<30d,Current,MW,Mobile,Federal,T8
AVRO9L1,47,48016,0,598,330,109.1,Never,30-59,MW,Web,Consolidation,T2
TOZA0KT,38,80010,42039,747,132,97.5,1-12mo,Current,W,IVR,Federal,T7
TZAIXG5,63,52007,49863,668,65,102.9,Never,Current,MW,Mobile,Consolidation,T5
W2LGEC2,48,47069,18295,660,161,108.4,1-12mo,30-59,MW,Agent,Federal,T3
7QNLZHA,54,65464,53038,633,226,113.7,1-12mo,30-59,W,Mobile,Consolidation,T3
UQ0K7CO,29,54382,426,576,0,110.5,>1yr,30-59,MW,Web,Federal,T3
003AHUA,45,41570,41615,602,160,113.2,<30d,30-59,NE,Mobile,Consolidation,T3
D84RCXZ,67,35181,30290,673,120,108.6,<30d,90+,S,Mobile,Federal,T3
9ZPEAZP,32,48611,0,726,269,111.9,Never,60-89,W,Web,Consolidation,T2
HUR8Y41,36,35055,28088,686,6,106.0,Never,30-59,S,Agent,Consolidation,T5
4J6X4L5,70,75686,48701,701,164,107.3,<30d,90+,W,Agent,Consolidation,T8
JTCJ3IS,51,71877,14199,622,424,98.6,<30d,60-89,NE,IVR,Consolidation,T4
I1N0TLS,26,63150,10542,708,142,102.7,<30d,Current,NE,Mobile,Federal,T8
G1VAD4K,62,30986,62524,685,247,113.9,Never,90+,W,IVR,Federal,T3
25ZEOAA,68,17411,61367,696,270,101.2,<30d,Current,W,Mobile,Federal,T4
G0VOKS2,41,62191,35701,677,58,108.6,<30d,30-59,MW,Agent,Consolidation,T3
OWGTGUX,49,26980,0,711,289,102.7,>1yr,Current,NE,Agent,Federal,T4
O1GAA3W,33,84464,16243,634,0,106.2,1-12mo,30-59,W,Mobile,Consolidation,T7
NAWUK6P,44,65226,62334,612,376,110.9,1-12mo,30-59,W,Mobile,Federal,T2
YL37X16,51,46341,9659,734,15,113.4,<30d,90+,NE,Agent,Consolidation,T3
TMGWQUR,35,40842,88013,627,0,110.1,<30d,90+,NE,Agent,Federal,T3
9GEAEL8,35,49445,46954,642,68,114.7,1-12mo,90+,W,IVR,Federal,T3
AHDN6Q2,47,25576,50638,689,369,97.2,>1yr,60-89,NE,Agent,Consolidation,T4
AXD6LJT,23,78550,42261,613,95,108.4,1-12mo,90+,S,IVR,Federal,T3
1E2TYYI,32,55585,20471,674,43,109.0,<30d,90+,NE,IVR,Consolidation,T3
WOMGE04,27,64129,68527,624,468,98.4,<30d,60-89,S,Agent,Consolidation,T4
FF6D1V7,43,51266,57757,649,0,105.9,1-12mo,30-59,S,Mobile,Consolidation,T7
ZHTBUM6,51,34461,21844,654,230,114.6,1-12mo,30-59,W,Mobile,Consolidation,T3
1PBP8PH,41,45597,29635,694,97,112.2,>1yr,30-59,S,Web,Federal,T3
394NHRV,55,84502,54190,628,212,103.4,<30d,Current,MW,Mobile,Consolidation,T8
1D6RWFX,39,57433,52391,648,282,109.8,<30d,60-89,NE,IVR,Consolidation,T2
ZEQ1RF5,41,73198,60505,681,282,106.6,>1yr,30-59,NE,Web,Consolidation,T2
47CDLSZ,24,71931,15428,682,0,105.5,Never,30-59,S,Agent,Federal,T5
P925CYP,40,39336,52982,630,28,112.7,>1yr,90+,S,Agent,Federal,T3
FLECQ0X,31,68049,32385,748,224,97.5,1-12mo,Current,W,Web,Federal,T7
Z76ILLY,29,90983,26012,668,293,105.1,<30d,60-89,W,Web,Consolidation,T2
HW7HN1K,23,43058,39849,640,43,99.3,Never,1-29,MW,Agent,Consolidation,T5
7I2E2C1,48,26065,51863,637,172,99.2,>1yr,Current,NE,Agent,Federal,T6
QGFM371,51,104572,73736,620,34,104.5,1-12mo,Current,W,Agent,Consolidation,T7
8YEB4UX,55,80267,73891,699,185,104.0,Never,Current,S,Agent,Federal,T5
3GTVPJM,65,75269,61226,694,203,97.0,>1yr,Current,MW,Agent,Consolidation,T6
QUP92K6,23,51629,29555,691,242,112.4,Never,30-59,MW,Mobile,Consolidation,T3
DT9JOZW,22,31776,64824,759,249,107.8,1-12mo,30-59,W,Agent,Federal,T7
XF8SWH6,42,67050,19339,701,223,110.5,Never,60-89,MW,Agent,Consolidation,T3
KXXM65C,57,48611,70045,633,38,97.7,1-12mo,1-29,S,Agent,Federal,T7
AIEMOBH,22,113026,53889,712,178,103.3,1-12mo,Current,W,IVR,Federal,T7
TJGS38O,64,40048,22191,684,448,100.5,>1yr,90+,W,Mobile,Consolidation,T4
80Q9TEL,68,18677,31596,640,0,98.9,Never,1-29,S,Web,Consolidation,T5
TTG1EP2,22,49528,11604,735,91,104.6,1-12mo,1-29,S,Agent,Federal,T7
E71ZV47,41,54450,51639,611,104,97.5,1-12mo,1-29,W,Web,Federal,T7
4NY19KW,34,24378,48425,565,228,97.7,>1yr,Current,S,Mobile,Consolidation,T6
3XPDJVE,29,63580,84237,725,352,98.1,1-12mo,30-59,S,Mobile,Consolidation,T4
0MICBOT,69,74443,82054,727,0,98.3,1-12mo,Current,S,IVR,Federal,T7
HQMPM3U,24,24306,11586,655,208,111.4,1-12mo,30-59,W,Mobile,Consolidation,T3
7G3J2NU,60,71702,33088,578,0,102.6,>1yr,Current,MW,Mobile,Federal,T6
JDVAV65,70,91964,0,678,416,95.9,>1yr,30-59,S,Mobile,Federal,T4
VMJ7FXH,52,64801,31208,651,0,114.2,1-12mo,30-59,W,Web,Federal,T3
63ITI4B,45,97666,31968,664,92,104.9,<30d,Current,MW,IVR,Federal,T8
6DJ1I5M,41,78197,0,745,146,109.8,1-12mo,30-59,W,Web,Federal,T3
PSQKBPP,37,32068,27473,710,135,96.3,1-12mo,Current,S,Mobile,Consolidation,T7
5E58M2Z,31,34461,60768,627,42,100.3,<30d,1-29,W,Mobile,Federal,T8
LLP4DCI,66,64042,47780,741,367,96.6,Never,60-89,MW,IVR,Consolidation,T4
NG2D01F,25,75109,71153,631,320,113.9,<30d,30-59,S,IVR,Federal,T2
EAU566O,62,34523,16033,614,171,107.5,>1yr,30-59,MW,Agent,Federal,T6
S8UVTH8,60,45355,22857,690,491,107.8,>1yr,60-89,S,Web,Federal,T2
E900VQH,51,39424,29792,612,336,111.6,>1yr,30-59,S,Mobile,Consolidation,T2
TR1IXT5,28,68416,31170,606,466,112.5,1-12mo,60-89,S,IVR,Consolidation,T2
D4PLX4V,56,34563,51608,730,230,100.2,<30d,Current,W,IVR,Consolidation,T8
1GWUQWY,23,47251,80351,619,86,114.4,Never,60-89,W,Agent,Federal,T3
UCT59IB,36,58210,76179,661,219,101.4,<30d,Current,S,IVR,Consolidation,T8
0UURKJ1,32,33429,47623,667,387,108.4,Never,90+,W,Mobile,Federal,T1
GQJHOWR,63,40787,85123,712,19,96.0,Never,Current,W,Web,Federal,T5
2C81SMU,33,71200,47057,670,55,107.4,1-12mo,60-89,MW,Web,Consolidation,T7
XZVB25G,49,30817,29406,728,357,107.3,>1yr,60-89,S,Mobile,Federal,T2
419XO44,64,51302,48711,485,0,105.0,1-12mo,1-29,W,Web,Federal,T7
4S9RRG8,24,61875,43539,615,60,102.7,>1yr,Current,W,IVR,Consolidation,T6
KJRPDEC,41,19562,47518,625,187,112.5,1-12mo,30-59,S,Web,Federal,T3
2J3PZSS,38,37257,9242,694,70,111.9,1-12mo,30-59,MW,Agent,Consolidation,T3
0K5EGN8,47,69918,43915,637,0,101.7,1-12mo,Current,S,Mobile,Federal,T7
BQFQRAD,38,61541,79466,738,21,112.6,Never,30-59,MW,Mobile,Federal,T3
PDUIZMA,26,90954,43494,703,313,114.6,>1yr,30-59,W,Mobile,Consolidation,T2
7XFAUTO,29,71542,18350,621,161,98.9,>1yr,1-29,NE,Agent,Federal,T6
Q0Y1AL1,47,41113,0,732,282,108.7,<30d,60-89,S,Web,Consolidation,T2
OW6CAT8,26,47196,16246,689,322,96.8,Never,90+,W,IVR,Federal,T4
ZJ43F0N,46,54451,59320,612,414,103.0,<30d,30-59,MW,Mobile,Federal,T4
PVJWR22,22,68908,54519,672,0,96.7,1-12mo,Current,W,Web,Consolidation,T7
BG9IR62,40,61148,35646,664,296,101.9,<30d,Current,MW,Web,Federal,T4
L8F6JYW,48,66662,61203,723,48,112.8,>1yr,30-59,NE,Mobile,Federal,T3
V79OVML,36,36114,36542,801,0,96.3,Never,Current,NE,IVR,Federal,T5
NWIJVPZ,51,53616,25496,661,19,102.1,>1yr,Current,NE,Agent,Federal,T6
PD3X157,33,32194,42698,648,39,111.9,>1yr,30-59,MW,Agent,Federal,T3
5ZAFUT4,32,15000,35275,742,478,108.5,Never,30-59,MW,Web,Consolidation,T1
RA6UX8K,42,44977,55455,732,180,105.8,1-12mo,30-59,NE,Mobile,Consolidation,T7
E6E6ZGE,57,99134,81863,818,216,110.1,>1yr,30-59,MW,Mobile,Consolidation,T3
CHI37IR,70,53463,34488,622,326,96.3,Never,30-59,MW,Web,Federal,T4
RCR9CJ3,65,87318,52272,610,84,99.7,Never,Current,MW,Web,Consolidation,T5
IRUOB2R,41,47810,25535,759,343,106.3,<30d,30-59,MW,IVR,Federal,T2
SYXBEAQ,35,35261,0,655,314,105.7,Never,30-59,W,Agent,Federal,T2
G58ZGBD,28,42490,18624,543,53,102.8,>1yr,Current,W,Agent,Consolidation,T6
Y8PJHTU,37,15000,18012,615,13,114.4,>1yr,30-59,NE,IVR,Federal,T3
NHFWADU,53,86721,21499,836,260,108.7,<30d,60-89,W,Agent,Federal,T2
P51W86J,31,77160,25552,725,113,98.5,<30d,Current,W,Agent,Consolidation,T8
BVURJQ2,69,61459,57326,776,227,97.7,1-12mo,Current,MW,Mobile,Federal,T7
2H6P0CK,30,17330,39349,624,177,109.8,>1yr,60-89,S,Web,Consolidation,T3
5TTP7UT,26,81274,26944,602,126,97.0,1-12mo,Current,NE,IVR,Federal,T7
96T30YN,32,64931,6251,582,402,95.6,1-12mo,60-89,W,IVR,Consolidation,T4
BFQJJEI,57,19113,27611,628,353,110.6,>1yr,90+,W,Mobile,Consolidation,T1
A34RXHK,31,76175,56173,632,180,113.0,Never,60-89,W,Mobile,Federal,T3
OGA7R0L,24,48704,26467,515,0,112.5,1-12mo,90+,W,IVR,Consolidation,T3
ELMPKKR,26,67508,34573,631,506,99.6,Never,60-89,NE,Web,Federal,T4
UYFBIOV,26,59091,46562,711,100,99.6,<30d,1-29,S,IVR,Consolidation,T8
MMWNIN0,31,47424,14662,730,69,110.7,>1yr,30-59,MW,Agent,Consolidation,T3
TQBCZ3W,52,58803,74654,748,435,97.9,>1yr,60-89,W,IVR,Federal,T4
0X9LLEN,44,43349,0,690,191,109.4,>1yr,60-89,NE,Web,Federal,T3
WB48Z8T,55,86296,85272,747,0,99.7,Never,1-29,S,Web,Consolidation,T5
WJ97H4B,70,57199,43429,557,267,106.7,Never,30-59,W,Agent,Federal,T2
3R35SDO,44,67813,68185,715,0,109.4,1-12mo,30-59,S,IVR,Federal,T3
JHYV2ZU,70,78633,80948,637,160,102.8,Never,Current,W,Agent,Federal,T5
DSCSAKG,70,25321,39805,507,78,111.0,Never,30-59,W,Agent,Consolidation,T3
G2YAQZ7,43,47509,27513,636,207,110.4,Never,30-59,MW,Web,Federal,T3
YSCCGVW,54,40045,9098,730,161,95.5,<30d,Current,NE,Web,Consolidation,T8
S8CICL1,23,104427,21518,504,523,103.1,<30d,60-89,NE,Web,Federal,T4
5MFBNHM,46,41275,73687,580,142,101.1,1-12mo,Current,W,Web,Consolidation,T7
9AXDUO1,55,49272,17835,590,401,113.4,Never,30-59,MW,Agent,Consolidation,T1
16Q2NSK,34,65506,51795,739,193,109.0,<30d,30-59,S,Web,Federal,T3
7UINY8O,51,71403,30735,681,102,111.3,>1yr,60-89,MW,Mobile,Consolidation,T3
HPC7SKT,35,44686,85070,647,50,104.1,>1yr,1-29,W,IVR,Consolidation,T6
KL66UXX,37,16117,86412,610,211,105.0,Never,Current,S,Web,Consolidation,T5
EVBOLH7,53,73348,59696,633,276,95.1,1-12mo,1-29,MW,Web,Consolidation,T4
H3P5M78,43,56252,49422,701,231,106.5,1-12mo,30-59,MW,Web,Federal,T7
2JPL2OZ,28,62491,94895,741,0,107.0,Never,90+,NE,IVR,Federal,T5
YS6CQ9J,50,73005,41353,765,92,107.7,<30d,60-89,W,IVR,Consolidation,T8
PTBN56C,62,47416,111724,631,62,95.2,Never,1-29,W,IVR,Consolidation,T5
PTFC779,53,51795,55356,645,91,110.9,1-12mo,30-59,MW,Agent,Consolidation,T3
9EA1MFD,70,66977,33475,617,391,100.5,<30d,30-59,S,Mobile,Consolidation,T4
F5PMLCI,56,77791,28903,517,134,102.9,Never,Current,W,IVR,Federal,T5
SYSF4D9,55,61911,33092,688,214,111.9,<30d,30-59,S,IVR,Consolidation,T3
6OK3E35,38,57216,57339,655,160,107.7,Never,30-59,MW,Agent,Consolidation,T5
S8TNZT3,27,66667,52407,641,456,108.7,1-12mo,60-89,W,Agent,Federal,T2
ATA3KTT,22,57382,59138,693,0,102.7,>1yr,1-29,NE,Mobile,Consolidation,T6
R43HVFE,57,81369,34049,634,299,108.6,1-12mo,90+,MW,Web,Federal,T2
DAMPZOD,67,61551,53462,781,321,102.9,1-12mo,90+,W,Mobile,Consolidation,T4
DSCJ4PF,25,18789,5776,798,380,95.2,Never,90+,W,IVR,Federal,T4
EMIXZ1P,23,47636,64302,619,0,104.2,<30d,Current,MW,IVR,Consolidation,T8
ZZ2SV6O,25,35248,37390,785,242,104.7,1-12mo,Current,MW,Mobile,Federal,T7
49J1RHD,46,25830,87456,686,198,109.9,Never,30-59,S,Mobile,Consolidation,T3
XBX0QQG,53,30582,52689,617,266,103.8,>1yr,1-29,NE,Agent,Consolidation,T4
QS3FKCV,60,46597,43526,754,0,114.1,Never,30-59,W,Mobile,Federal,T3
1RSD2NF,42,93786,60260,574,6,95.5,<30d,Current,W,Web,Consolidation,T8
88BEOBP,60,56627,90381,665,150,114.1,Never,30-59,S,Web,Federal,T3
27K9ZIY,26,60563,49539,531,271,106.8,Never,90+,NE,Web,Federal,T2
ZZBCWDZ,60,51434,37308,592,283,112.7,Never,30-59,MW,Web,Consolidation,T2
ZXH9XS0,38,78825,0,630,318,97.5,Never,60-89,W,Agent,Federal,T4
KKUMJ0L,36,49029,70333,654,615,103.7,<30d,60-89,NE,Mobile,Federal,T4
6RLGW7E,64,57885,42911,555,132,105.3,1-12mo,30-59,W,Mobile,Federal,T7
L3H3FLQ,48,55055,26679,664,328,108.0,1-12mo,90+,MW,IVR,Consolidation,T2
9S1M7ST,45,40545,82545,682,278,98.0,Never,1-29,S,Mobile,Consolidation,T4
FA940ZP,40,75896,50090,589,0,102.0,>1yr,Current,W,Web,Federal,T6
PSEX3CU,64,78371,39554,619,15,98.8,>1yr,Current,MW,Agent,Federal,T6
ATELKQ7,50,93897,39310,651,320,99.3,>1yr,60-89,MW,Mobile,Federal,T4
QVTZMUQ,52,39650,74534,682,11,104.5,Never,Current,NE,Web,Consolidation,T5
7PTS809,44,73157,79843,669,190,103.3,1-12mo,Current,MW,Web,Federal,T7
WR82NB2,70,32386,22134,720,389,106.6,Never,60-89,NE,Web,Consolidation,T2
9V7FLZL,49,23052,11632,762,284,105.6,<30d,30-59,W,Web,Consolidation,T2
IPNPGX5,29,62855,25517,694,0,108.6,1-12mo,60-89,NE,Web,Consolidation,T3
MNSVESC,26,57703,57248,703,0,102.2,Never,Current,MW,Web,Federal,T5
OD6N252,61,44542,22842,629,35,110.9,>1yr,60-89,MW,IVR,Federal,T3
5M4552M,54,33764,43129,712,317,103.5,>1yr,60-89,MW,Agent,Consolidation,T4
9V5JLPW,64,87472,52687,803,152,100.5,Never,Current,NE,Agent,Consolidation,T5
F79CY1C,69,100822,86400,656,469,98.3,1-12mo,30-59,NE,Mobile,Consolidation,T4
ALPKJ8L,46,33785,79649,598,522,113.3,<30d,30-59,NE,IVR,Consolidation,T2
8094PX5,32,69918,38453,628,330,104.3,>1yr,30-59,NE,IVR,Federal,T4
BOP8UTP,53,52666,32420,653,0,103.2,1-12mo,Current,W,Web,Consolidation,T7
8YLW5KK,63,32802,61123,686,242,97.4,Never,Current,S,Web,Federal,T5
AJ9S7HV,68,58235,22244,713,157,106.7,1-12mo,60-89,NE,Mobile,Consolidation,T7
HH1WAA0,65,34753,29206,698,162,104.0,Never,1-29,NE,Mobile,Federal,T5
YDES92Y,69,43896,19276,770,0,109.9,>1yr,30-59,NE,Agent,Federal,T3
MF7M106,39,70833,78837,776,213,104.5,<30d,Current,W,IVR,Federal,T8
N1S41EA,48,58281,55156,707,90,96.2,1-12mo,Current,S,Agent,Federal,T7
DHMU5Y4,54,76328,31301,730,187,96.2,>1yr,Current,W,Web,Federal,T6
98V7VHS,69,60681,65079,604,344,110.0,1-12mo,90+,NE,Agent,Consolidation,T2
VQSWWO6,44,45309,47781,626,298,96.0,>1yr,Current,S,Mobile,Federal,T4
90BVHKZ,59,68204,57144,636,0,113.3,>1yr,30-59,NE,Agent,Federal,T3
1FK4JOX,40,37950,54346,692,217,103.4,1-12mo,Current,S,IVR,Consolidation,T7
H4YN502,31,15000,82628,681,218,110.0,Never,30-59,W,Mobile,Federal,T3
7349V7W,59,64270,62438,657,0,103.2,1-12mo,Current,S,Mobile,Federal,T7
215XHF4,45,45930,35840,782,184,110.8,1-12mo,90+,NE,IVR,Consolidation,T3
3FBOJFT,61,46164,27532,706,400,110.0,1-12mo,30-59,NE,Agent,Consolidation,T2
YUOQZRK,62,67819,57788,687,352,97.0,<30d,60-89,NE,IVR,Federal,T4
SN9U7PM,66,66434,39387,567,193,96.7,<30d,Current,NE,Agent,Federal,T8
L42M7W3,34,62271,39207,664,446,113.8,Never,60-89,W,Agent,Consolidation,T1
IF8THYR,25,26155,27759,640,154,96.1,<30d,Current,NE,Web,Consolidation,T8
4MCPT1R,31,73065,51569,713,234,111.7,1-12mo,90+,NE,IVR,Federal,T3
3EDXO4C,54,67175,41818,583,0,95.1,1-12mo,Current,S,Mobile,Consolidation,T7
LDCAT2N,27,60305,25785,674,41,97.7,Never,Current,MW,Web,Federal,T5
SANERT6,59,41600,69048,640,92,105.3,1-12mo,30-59,S,Agent,Consolidation,T7
MIU6GSZ,52,95070,65193,730,328,108.0,Never,30-59,S,Agent,Consolidation,T2
Q6XNY64,59,44016,111032,648,83,100.5,>1yr,1-29,S,Agent,Federal,T6
EDFPN9J,23,31523,47763,793,122,106.8,1-12mo,30-59,MW,Web,Consolidation,T7
3BN6KBO,61,73434,72141,772,133,114.8,<30d,30-59,NE,Mobile,Federal,T3
9APVM8V,22,29439,43679,729,253,105.8,>1yr,60-89,MW,IVR,Consolidation,T2
YPEYP2T,69,17577,75127,640,167,103.7,>1yr,Current,W,IVR,Consolidation,T6
408JPNQ,49,15000,35031,667,265,102.7,>1yr,Current,MW,Web,Consolidation,T4
Y2O6OKS,69,51060,37203,611,162,101.6,1-12mo,1-29,W,IVR,Federal,T7
MC25KUG,59,15000,78106,755,71,100.3,>1yr,Current,MW,Mobile,Consolidation,T6
UXYMJWZ,32,54161,72768,727,0,107.1,Never,90+,MW,Agent,Federal,T5
K0W87C6,37,83254,38380,693,231,106.8,Never,90+,NE,Agent,Federal,T5
QWUXO4T,41,44815,42733,678,433,103.1,1-12mo,30-59,W,Agent,Consolidation,T4
FLJ5SW9,61,56825,20808,742,0,106.1,Never,90+,W,Mobile,Consolidation,T5
FVGW6TM,63,61432,0,648,134,114.4,>1yr,30-59,MW,IVR,Consolidation,T3
KG91M4A,62,51427,23144,745,182,100.5,1-12mo,1-29,S,IVR,Consolidation,T7
UZKC5ZM,23,70804,17896,736,214,101.2,1-12mo,1-29,MW,Agent,Federal,T7
VGP5973,41,41936,35404,705,179,106.8,>1yr,30-59,MW,Web,Federal,T6
UY8LDHJ,33,16548,42334,702,419,107.5,Never,30-59,W,Web,Consolidation,T2
BTP7JHS,55,58835,39230,573,0,112.9,<30d,30-59,NE,Agent,Consolidation,T3
YTZANY7,46,65677,25147,743,127,98.5,>1yr,1-29,W,Web,Federal,T6
FVV7TTP,34,54387,64170,649,330,105.6,>1yr,60-89,MW,Web,Federal,T2
R3V60Y0,45,60413,64247,736,381,113.5,Never,30-59,W,IVR,Consolidation,T1
YT7IO5N,58,61675,14783,615,386,97.3,<30d,30-59,W,Mobile,Consolidation,T4
NRWLM5U,53,60490,30223,760,178,113.5,>1yr,30-59,NE,Web,Consolidation,T3
9M09L9Z,50,89863,91162,710,0,105.7,<30d,90+,MW,IVR,Consolidation,T8
XOGITBX,39,59890,39332,599,163,102.9,>1yr,Current,NE,Agent,Federal,T6
A6KM26N,48,58696,48684,701,358,108.7,1-12mo,60-89,W,Web,Federal,T2
RN44DJJ,69,65495,26007,816,125,106.4,Never,90+,S,Mobile,Federal,T5
2X5GLAK,36,83379,86424,595,375,110.5,<30d,30-59,W,Web,Federal,T2
91IFF5K,35,42501,64865,756,436,109.7,1-12mo,30-59,NE,IVR,Consolidation,T2
OKOT3ON,62,83106,57468,673,138,105.8,<30d,60-89,MW,Agent,Consolidation,T8
GF6IKC1,46,90412,39532,441,268,110.8,1-12mo,30-59,NE,IVR,Consolidation,T2
U5V82A6,65,52006,41028,773,74,101.1,>1yr,1-29,W,Mobile,Consolidation,T6
8VY2X7E,39,70140,18680,641,321,114.6,>1yr,30-59,S,Web,Federal,T2
SI50IKG,49,66867,66489,647,94,109.7,<30d,60-89,NE,Mobile,Consolidation,T3
P0ZG89R,70,82026,108745,744,224,110.4,>1yr,60-89,NE,Agent,Federal,T3
1VSH069,53,26404,33519,699,367,104.6,Never,60-89,NE,IVR,Consolidation,T4
NORE9U9,57,69467,8183,671,260,103.0,Never,Current,NE,IVR,Federal,T4
TJ78BGC,51,29114,3840,642,375,100.0,Never,60-89,S,Web,Federal,T4
V66824L,63,63879,22164,630,108,108.0,<30d,30-59,NE,IVR,Federal,T8
HNNPBUC,41,52529,11569,684,0,106.2,Never,30-59,W,Agent,Consolidation,T5
9QF72Z7,54,57100,5191,749,232,105.3,Never,90+,S,IVR,Federal,T5
IJO7OY6,32,32067,50177,681,158,96.6,Never,Current,W,Mobile,Federal,T5
UW3CHPV,22,42570,35087,703,165,111.1,Never,60-89,S,Mobile,Consolidation,T3
L4E9MPV,26,82312,20617,640,96,104.7,1-12mo,Current,W,Web,Consolidation,T7
RJFF74A,58,58898,22635,580,119,110.6,1-12mo,60-89,NE,Web,Federal,T3
ICQM2AI,62,56751,60826,623,125,100.8,Never,1-29,MW,Mobile,Federal,T5
0MURC88,49,65624,7974,780,429,107.0,1-12mo,60-89,W,IVR,Federal,T2
6SM5R5R,61,61004,51931,826,0,96.0,<30d,Current,NE,Web,Consolidation,T8
DCIVKPZ,54,15000,43819,606,0,103.8,>1yr,Current,MW,Agent,Federal,T6
LM2F4HA,38,25369,8724,680,232,109.3,>1yr,60-89,NE,Mobile,Consolidation,T3
AP0MKKE,65,65657,26911,654,98,112.1,>1yr,30-59,S,IVR,Consolidation,T3
GEP6LAD,67,59625,65878,646,289,103.6,<30d,Current,S,IVR,Consolidation,T4
VSVU21D,34,46873,36282,607,290,110.0,1-12mo,60-89,NE,IVR,Consolidation,T2
7P4RCZG,42,61034,75064,716,249,96.8,Never,1-29,S,IVR,Consolidation,T5
FDX93LM,48,50073,88229,730,147,104.5,Never,Current,W,Web,Consolidation,T5
T0VRGXP,64,58353,5278,684,0,108.1,<30d,60-89,W,Mobile,Consolidation,T3
EYSM52A,49,29200,55040,617,59,99.3,<30d,Current,MW,IVR,Consolidation,T8
1O0GVU7,59,33919,35031,597,306,99.5,>1yr,30-59,MW,Mobile,Federal,T4
FGZ4HSJ,40,54840,60729,685,19,103.8,1-12mo,1-29,W,Agent,Federal,T7
2DCAMDY,29,76666,69916,629,336,112.8,<30d,90+,W,Web,Consolidation,T2
028WCHL,34,79499,43857,526,80,103.9,<30d,Current,NE,Web,Consolidation,T8
LLASO6P,35,83917,24638,743,0,112.2,>1yr,30-59,MW,Mobile,Consolidation,T3
BTTY5ZS,23,69597,48202,647,233,114.5,Never,30-59,W,IVR,Consolidation,T3
9V70339,59,48959,52215,634,13,110.3,1-12mo,30-59,MW,Mobile,Consolidation,T3
H4NZRKP,39,41162,24784,699,50,109.9,>1yr,90+,S,Agent,Consolidation,T3
JRVGK4N,41,79562,76086,679,155,105.2,1-12mo,30-59,W,IVR,Federal,T7
GF0XKLJ,47,39299,33877,595,55,106.2,>1yr,30-59,S,Web,Federal,T6
SZ4H8WH,54,50393,19833,617,105,95.5,>1yr,Current,MW,IVR,Consolidation,T6
Q290BYV,53,75367,68100,720,316,111.2,>1yr,30-59,NE,Mobile,Consolidation,T2
OC3XMW8,59,58227,19717,574,399,108.9,Never,30-59,NE,Agent,Consolidation,T1
M9PHTBF,28,56327,40447,668,303,95.1,<30d,30-59,S,Web,Consolidation,T4
NOIY3HO,48,33578,103310,730,198,100.9,Never,1-29,NE,IVR,Federal,T5
3DNUQT3,34,35016,28920,656,290,109.5,<30d,30-59,S,Web,Federal,T2
2RAIOFT,45,74920,46991,688,206,100.7,<30d,1-29,S,Web,Consolidation,T8
ZFGE8N1,39,55533,68027,639,101,98.5,<30d,Current,NE,IVR,Federal,T8
9HTIAK6,28,72614,2732,636,106,100.6,Never,Current,MW,Mobile,Federal,T5
JWU17N4,27,88527,93895,612,230,96.4,<30d,Current,NE,Mobile,Consolidation,T8
T3880KX,53,35582,63046,720,34,106.3,Never,30-59,MW,Web,Federal,T5
KLHUIB3,46,78288,73402,696,330,110.6,Never,60-89,MW,IVR,Federal,T2
3RYB0IV,52,48659,72426,639,136,105.8,1-12mo,30-59,NE,IVR,Consolidation,T7
8UDKYR7,61,53767,58932,605,254,110.3,<30d,60-89,MW,Mobile,Consolidation,T2
NO59JFJ,34,68194,41930,782,214,96.7,<30d,Current,S,Mobile,Federal,T8
7QOUGTD,22,56723,70827,728,256,107.1,1-12mo,60-89,NE,IVR,Consolidation,T2
SU7Q18D,42,48527,33768,603,68,111.0,1-12mo,30-59,NE,Mobile,Federal,T3
0LK9SS8,61,44048,76149,742,358,108.7,<30d,90+,S,Agent,Federal,T2
OTVFT9A,65,58219,27182,651,204,98.9,Never,Current,S,Mobile,Federal,T5
H6LTB4K,42,37529,60415,632,151,101.9,Never,Current,S,IVR,Consolidation,T5
BPZMYD0,43,76857,69435,583,429,106.7,Never,30-59,S,IVR,Consolidation,T2
9SO9IOU,45,20933,9937,767,336,98.7,<30d,30-59,NE,Web,Federal,T4
GWR6G6S,42,57129,31593,601,67,109.1,Never,30-59,S,IVR,Consolidation,T3
ZB7A7O1,53,104558,16885,773,0,96.4,1-12mo,1-29,S,IVR,Federal,T7
F8WANML,48,63065,90777,793,38,99.4,1-12mo,Current,MW,Web,Federal,T7
66TJ9UE,35,45478,31425,631,285,101.2,>1yr,Current,MW,Mobile,Federal,T4
8VICADE,64,41951,64199,712,96,98.7,>1yr,1-29,MW,Mobile,Consolidation,T6
AU57FT8,55,62241,55939,723,123,110.7,<30d,60-89,MW,Web,Federal,T3
CS6DNPP,44,77721,53163,669,225,100.8,1-12mo,Current,NE,Web,Federal,T7
4ML34YM,27,19822,82516,529,0,107.6,1-12mo,30-59,MW,Agent,Consolidation,T7
2EHXQK7,50,30474,56652,568,192,100.6,Never,Current,NE,Web,Consolidation,T5
8ZHDI7S,27,32343,32020,726,106,101.8,Never,1-29,W,Web,Consolidation,T5
D8FZE5D,64,41515,42779,689,209,110.9,<30d,30-59,MW,Mobile,Consolidation,T3
EWK0WD7,39,97540,84940,625,99,107.9,Never,60-89,S,Mobile,Federal,T5
HAXAUEM,59,58006,65123,633,0,107.5,1-12mo,30-59,MW,Agent,Consolidation,T7
VUSI6KG,65,57574,42822,720,132,103.2,<30d,1-29,S,Agent,Federal,T8
PIJDJ6O,65,51782,41684,765,6,99.7,<30d,Current,NE,Web,Federal,T8
52K4R2V,26,27346,61748,641,0,110.1,>1yr,30-59,W,Web,Consolidation,T3
UNL328C,29,42995,0,770,139,105.6,1-12mo,30-59,MW,Agent,Federal,T7
9VWW0AA,25,55362,25392,750,60,101.0,Never,1-29,S,Web,Federal,T5
JY7H4Q1,37,74099,806,604,181,96.3,<30d,Current,NE,Web,Consolidation,T8
3CLH84B,38,71702,25120,653,0,108.5,Never,30-59,MW,IVR,Federal,T3
XLU0T57,65,26629,16894,665,382,100.7,1-12mo,30-59,S,Web,Federal,T4
6EM9VOV,34,87337,46595,698,189,104.6,<30d,Current,NE,Mobile,Federal,T8
OQOSW0D,53,73767,25653,633,119,114.1,>1yr,60-89,MW,IVR,Consolidation,T3
QXV908Z,40,23255,26716,747,0,112.0,<30d,60-89,W,Mobile,Federal,T3
IAKB2WK,63,15000,54983,740,252,110.4,>1yr,60-89,W,Mobile,Federal,T2
W6ZRCKJ,45,15000,45525,687,401,102.3,>1yr,90+,W,IVR,Consolidation,T4
KQLKZV5,67,28601,2077,675,100,108.3,Never,30-59,W,Agent,Federal,T3
FL540X9,23,15000,72219,602,279,111.7,>1yr,30-59,NE,Mobile,Consolidation,T2
F3Z4IWF,60,66276,1977,590,35,95.8,>1yr,Current,NE,Web,Consolidation,T6
NYJIN7P,62,48013,16282,494,159,111.3,>1yr,30-59,MW,Web,Consolidation,T3
HJIRFU4,50,74744,48370,758,238,108.2,>1yr,90+,W,Agent,Consolidation,T3
UEU0QQN,45,26645,57631,632,108,101.4,>1yr,Current,MW,Mobile,Consolidation,T6
56CE3P2,62,67609,63330,618,424,109.8,>1yr,60-89,W,Web,Federal,T1
X18J201,37,81145,72590,625,0,107.4,1-12mo,30-59,MW,Mobile,Consolidation,T7
SMT73V0,22,61882,58096,706,265,100.6,Never,Current,W,Agent,Consolidation,T4
BDIV4X9,23,41565,44879,712,209,108.9,Never,30-59,MW,Agent,Federal,T3
O70VJ1Q,23,73147,76955,683,95,105.0,Never,Current,MW,Agent,Consolidation,T5
GX2BF4G,42,51880,46726,716,0,105.5,1-12mo,60-89,W,IVR,Consolidation,T7
7UZ34U7,68,60149,61670,735,441,101.0,Never,30-59,MW,Mobile,Consolidation,T4
A67MGLV,40,32077,28462,689,126,111.9,<30d,30-59,S,Web,Consolidation,T3
OVZEMGD,40,69425,10232,663,0,104.3,>1yr,Current,W,Web,Consolidation,T6
P91G9KG,53,90390,50176,640,47,100.8,>1yr,Current,MW,Web,Consolidation,T6
HFHURJ3,50,59278,822,745,424,104.9,<30d,30-59,S,IVR,Consolidation,T4
44BC0R6,46,60610,0,706,184,109.6,<30d,30-59,NE,Web,Consolidation,T3
0FUAM4Q,52,53079,59496,729,343,103.0,1-12mo,30-59,W,Web,Consolidation,T4
2SSMRX6,55,47152,10505,696,187,105.8,>1yr,30-59,NE,IVR,Federal,T6
MNZ6WHN,37,89518,32450,737,45,97.5,Never,Current,NE,Mobile,Federal,T5
603RGKB,45,29057,68677,617,73,103.7,Never,1-29,MW,Web,Consolidation,T5
L3WIOCT,56,47369,18024,560,131,109.0,Never,60-89,W,Agent,Federal,T3
KT5C4UN,65,60561,59517,501,375,95.2,>1yr,60-89,W,Agent,Federal,T4
J3YBF52,30,22235,40811,624,63,113.4,Never,30-59,S,Web,Consolidation,T3
FRSPGF3,51,47687,56840,732,246,101.5,>1yr,1-29,NE,Web,Federal,T6
WPUNKRP,55,62083,30845,657,75,104.9,>1yr,Current,NE,Web,Consolidation,T6
P8I7S2H,45,69694,35722,712,37,99.8,>1yr,Current,W,Mobile,Consolidation,T6
01Y37IP,27,72285,56554,665,24,96.8,<30d,1-29,MW,IVR,Consolidation,T8
CQ72Z77,66,33389,26168,718,313,104.8,>1yr,60-89,NE,Web,Federal,T4
DVNXRVV,52,80171,5597,607,0,109.8,>1yr,60-89,S,Agent,Federal,T3
S463Q50,32,62323,30990,705,0,111.2,>1yr,30-59,MW,Web,Consolidation,T3
T6CH6D0,61,46122,38451,622,162,97.7,<30d,Current,MW,IVR,Consolidation,T8
QMSKFWO,47,61495,82637,694,157,112.7,Never,30-59,S,Web,Federal,T3
2Q5ORUZ,70,90185,70823,653,186,108.0,>1yr,30-59,NE,IVR,Federal,T6
9C9AFOX,69,66262,61776,740,170,110.7,1-12mo,60-89,MW,IVR,Consolidation,T3
MYDROMB,61,53281,0,649,0,114.9,Never,60-89,W,Web,Federal,T3
MV66UYL,69,61667,0,847,100,114.2,Never,30-59,MW,IVR,Federal,T3
XQR4W19,40,41392,72867,635,180,104.7,1-12mo,Current,MW,IVR,Federal,T7
6E3O7YS,40,87012,61517,728,472,114.7,1-12mo,30-59,MW,Agent,Federal,T2
50XASJK,31,35682,63790,610,373,96.3,1-12mo,90+,NE,IVR,Consolidation,T4
73GG8FR,65,63167,37289,726,407,110.5,>1yr,30-59,S,Web,Federal,T1
XFBO3NG,39,25912,30249,650,80,111.7,Never,30-59,MW,Agent,Federal,T3
PFIBXRF,53,26799,95823,675,212,109.3,<30d,30-59,S,Agent,Federal,T3
JAJJ8DA,59,42944,41643,834,0,113.4,Never,60-89,MW,Web,Federal,T3
7KEPIT9,60,56568,51634,758,0,102.9,Never,Current,NE,IVR,Consolidation,T5
XL2DUIU,49,48012,51379,662,92,114.8,>1yr,90+,MW,Agent,Consolidation,T3
VLX6967,30,90568,66705,648,134,102.5,1-12mo,Current,NE,IVR,Consolidation,T7
HXC78WL,40,102247,34663,716,217,107.0,1-12mo,30-59,MW,Agent,Federal,T7
OLNMSBB,36,40275,100641,684,324,112.3,Never,60-89,MW,Mobile,Federal,T2
IGED20J,46,45870,54769,752,62,104.8,<30d,Current,S,Web,Federal,T8
7PBY3XV,39,62554,88871,768,0,105.3,Never,30-59,NE,Mobile,Federal,T5
FTKAS9Q,57,44620,29639,726,269,112.1,Never,60-89,NE,Agent,Consolidation,T2
9LNJUNR,58,46050,90902,619,12,106.5,Never,60-89,MW,Agent,Federal,T5
LC3J7SX,51,50117,39186,613,284,107.5,Never,90+,NE,IVR,Consolidation,T2
X5922RO,50,38414,25460,617,0,103.1,<30d,Current,NE,IVR,Consolidation,T8
W07L1PO,23,66175,57754,679,0,107.2,1-12mo,30-59,MW,Mobile,Federal,T7
N7N56S7,41,52782,40995,713,52,107.0,Never,90+,W,Web,Consolidation,T5
QKQ1A73,64,59242,59039,613,375,110.7,Never,90+,NE,IVR,Consolidation,T1
R5C4XTO,60,61413,14679,722,132,110.0,1-12mo,60-89,NE,Mobile,Federal,T3
I625COL,33,36647,12937,699,203,108.2,>1yr,60-89,S,Web,Federal,T3
YC325G2,23,53273,55375,596,11,112.0,1-12mo,60-89,NE,Mobile,Consolidation,T3
OBHQUQ4,39,65815,23310,762,0,97.3,Never,Current,S,Web,Federal,T5
0FZNNAK,67,29068,55521,604,277,109.1,<30d,90+,S,Web,Consolidation,T2
SPD663Z,46,48277,2204,725,303,100.5,Never,90+,NE,Mobile,Federal,T4
640SGU0,41,66096,0,786,277,96.5,>1yr,1-29,NE,Web,Federal,T4
EQ6CIUM,53,44024,78338,813,356,103.1,Never,60-89,W,Web,Consolidation,T4
067NBTA,46,96492,57874,642,521,95.2,<30d,90+,S,Agent,Federal,T4
LQ513US,22,87700,12872,734,53,110.8,1-12mo,90+,W,Agent,Consolidation,T3
NZEQC8S,54,73026,41333,750,486,114.5,1-12mo,30-59,MW,Mobile,Federal,T2
R3TCTCJ,59,59617,0,685,253,114.6,<30d,30-59,MW,Web,Federal,T2
HKY0TFM,31,52277,32525,615,267,103.1,<30d,1-29,MW,IVR,Federal,T4
4RAWSGJ,25,24711,9253,772,226,105.5,1-12mo,90+,S,IVR,Federal,T7
QYJZ2I0,54,59139,24546,648,350,103.6,Never,30-59,S,Web,Consolidation,T4
LSWFGKE,46,66755,47402,657,205,111.4,<30d,30-59,MW,Agent,Consolidation,T3
MMLQLY7,54,28202,40231,717,344,110.5,1-12mo,60-89,W,Agent,Federal,T2
35ZKHLA,67,52367,71794,590,49,106.4,<30d,30-59,S,IVR,Consolidation,T8
XJ8CYBU,67,81491,34900,749,137,106.0,Never,60-89,NE,Web,Federal,T5
XN3EOTK,46,35497,13588,756,281,99.7,>1yr,Current,MW,IVR,Federal,T4
6DWMP0F,38,51461,45352,665,239,96.9,Never,Current,NE,Agent,Federal,T5
4EUOTL7,59,78344,60092,706,235,110.7,<30d,30-59,S,Agent,Consolidation,T3
DI00M5F,26,47683,44327,584,149,98.4,Never,Current,MW,Agent,Federal,T5
OPGBKZ6,68,37213,0,629,223,114.4,Never,30-59,W,Mobile,Federal,T3
9MKNFE4,55,27973,95430,666,186,113.5,<30d,90+,NE,IVR,Federal,T3
Q5WQJTS,52,25784,22968,624,130,108.3,>1yr,30-59,NE,Mobile,Consolidation,T3
PGALRHD,43,24262,10689,747,96,109.2,Never,90+,MW,Mobile,Consolidation,T3
K6T0WYT,39,68388,53654,674,33,105.8,1-12mo,90+,S,Agent,Consolidation,T7
R2YCWJC,62,22383,69783,637,84,110.2,Never,30-59,S,Web,Consolidation,T3
K3GKVTO,37,44912,41900,754,421,106.9,<30d,90+,NE,Web,Federal,T2
NEKSWP2,69,53795,64412,664,398,101.4,<30d,90+,S,Mobile,Federal,T4
7RBEGV2,59,32517,40875,633,305,103.4,<30d,30-59,W,Mobile,Federal,T4
LJ1XEZ5,44,19231,10735,640,92,112.8,1-12mo,60-89,S,Agent,Federal,T3
XPBRFDA,56,79088,52607,661,191,104.0,Never,1-29,W,IVR,Federal,T5
13D2HHT,42,28058,33995,649,197,100.6,>1yr,Current,S,IVR,Federal,T6
LY5N9K5,29,63861,44168,599,89,105.8,<30d,60-89,NE,Agent,Federal,T8
O1U22LM,69,23565,62250,628,132,97.2,Never,Current,NE,Agent,Consolidation,T5
MXOS64N,31,79286,44577,719,319,105.1,<30d,30-59,S,Web,Federal,T2
I8TSL5S,46,62318,98331,646,280,112.4,<30d,30-59,S,IVR,Federal,T2
I8M6VN4,66,61880,81149,689,407,105.6,<30d,90+,MW,Mobile,Federal,T2
K1P4WHJ,46,54738,57774,745,325,113.2,Never,60-89,NE,Agent,Consolidation,T2
H584ZXF,39,34184,31707,652,115,111.0,1-12mo,30-59,MW,Web,Federal,T3
ZARKVAH,68,51888,39901,666,367,111.6,Never,60-89,W,IVR,Consolidation,T1
N1ATVK4,50,64312,59134,804,0,97.6,<30d,Current,NE,Agent,Federal,T8
73NWH0X,29,77437,54228,680,225,110.8,>1yr,30-59,S,Web,Federal,T3
CWVR03W,61,54996,84296,740,306,98.8,>1yr,90+,W,Agent,Federal,T4
HW7PXBT,69,48351,29391,831,194,98.9,Never,Current,NE,Mobile,Consolidation,T5
GSNUKXP,32,87287,29400,721,290,105.9,<30d,90+,NE,IVR,Consolidation,T2
3KI7ASM,40,45358,48958,724,134,108.6,>1yr,60-89,S,Mobile,Consolidation,T3
PN6XZML,52,35874,38648,647,130,102.6,Never,Current,W,Mobile,Federal,T5
6PDLHT3,39,18882,72562,691,0,111.4,>1yr,30-59,NE,IVR,Federal,T3
GDC4TAM,56,91006,76766,598,270,100.1,>1yr,Current,MW,Agent,Federal,T4
ZTI8ZCW,60,45314,29571,700,203,104.5,<30d,Current,W,Mobile,Federal,T8
XISCE3Q,31,35757,53430,709,144,100.1,<30d,Current,S,Agent,Federal,T8
DCX6TO4,59,69891,57176,640,0,114.2,Never,90+,NE,Mobile,Federal,T3
GC5DK92,68,43447,52300,638,39,112.3,Never,60-89,S,IVR,Consolidation,T3
ERPIQ9M,47,33120,60262,696,91,113.1,>1yr,30-59,MW,Agent,Federal,T3
XVALMXD,32,69119,8086,719,14,112.5,>1yr,60-89,MW,Agent,Federal,T3
GRW0PFW,49,70296,50013,717,338,98.1,>1yr,30-59,MW,IVR,Federal,T4
HWTUN68,63,79022,24819,648,317,97.6,Never,60-89,NE,IVR,Federal,T4
GXD1S7V,69,48320,57982,841,254,111.5,1-12mo,30-59,W,Web,Federal,T2
LT9HXQW,25,50892,49794,612,209,98.1,Never,Current,W,Mobile,Consolidation,T5
JWNVYNC,39,59738,50133,590,273,97.1,Never,Current,MW,IVR,Federal,T4
ZIRO0GZ,30,26205,88531,708,252,109.4,>1yr,30-59,S,Agent,Federal,T2
QZ9YG7M,63,59418,38999,715,154,101.9,1-12mo,Current,W,Mobile,Federal,T7
UF5VEUV,62,77908,87007,603,187,95.7,Never,1-29,S,Web,Federal,T5
AV8H3KB,68,41449,33796,730,221,99.3,1-12mo,Current,MW,Agent,Consolidation,T7
DAYM8T3,41,48533,11654,645,216,100.7,<30d,Current,W,Agent,Federal,T8
8KE9PUN,53,38455,55875,664,86,106.7,<30d,90+,NE,Agent,Consolidation,T8
4Z4CDO3,23,77947,34051,704,210,96.4,>1yr,Current,NE,Mobile,Federal,T6
N7R5CNZ,44,53369,58366,719,151,106.0,Never,30-59,NE,IVR,Consolidation,T5
IQQ0EUK,61,62516,51031,707,333,114.2,1-12mo,30-59,MW,Agent,Federal,T2
EOQUT0M,59,54694,43706,633,338,113.9,>1yr,60-89,S,Agent,Consolidation,T2
00B2NFC,64,28700,49801,678,45,105.0,1-12mo,Current,NE,Mobile,Federal,T7
QVOHCHW,44,82059,39248,682,81,108.4,>1yr,60-89,NE,Web,Federal,T3
LM9OJYD,48,57877,47686,681,234,96.5,>1yr,Current,NE,Mobile,Federal,T6
FI32ST0,28,33885,19309,636,56,98.4,1-12mo,Current,W,Web,Federal,T7
JTF1A34,25,21001,48244,675,243,99.9,1-12mo,1-29,NE,IVR,Consolidation,T7
EU52QJQ,64,48649,62686,726,289,109.5,<30d,90+,MW,Web,Consolidation,T2
IOEC67M,45,35711,46470,612,88,110.3,Never,60-89,W,Mobile,Consolidation,T3
ZAPDYQ1,22,61634,67613,755,384,111.7,1-12mo,30-59,NE,Mobile,Consolidation,T2
0I538Q9,23,36313,61338,680,400,105.9,1-12mo,30-59,NE,IVR,Federal,T2
GRQ4RBB,33,59737,41060,655,299,103.1,1-12mo,Current,NE,Web,Consolidation,T4
QMQLAER,58,24988,51702,692,134,97.6,Never,Current,S,IVR,Consolidation,T5
YYDBGKG,41,51886,34094,716,352,114.1,Never,30-59,S,Web,Federal,T1
TCQLF7O,51,50731,86571,637,23,111.9,1-12mo,60-89,MW,Web,Consolidation,T3
3CGM3PR,47,62539,12867,643,348,103.9,1-12mo,30-59,MW,Web,Consolidation,T4
VKGZCIU,63,44683,61204,777,192,110.6,>1yr,30-59,NE,Web,Federal,T3
LDVDISB,24,63086,83287,775,0,102.8,>1yr,Current,NE,Web,Consolidation,T6
JPCQEDV,62,34355,8048,628,333,97.9,1-12mo,30-59,NE,Agent,Consolidation,T4
8Y1NVND,50,39435,47819,681,110,113.8,>1yr,60-89,MW,IVR,Federal,T3
BNZMONM,52,43730,17443,547,578,99.3,<30d,60-89,S,Agent,Consolidation,T4
4ZYSY01,28,40870,27115,677,232,114.4,Never,30-59,W,Mobile,Federal,T3
5Y7BQTS,46,15000,49765,780,208,96.9,Never,Current,S,Web,Consolidation,T5
IU1NMWK,51,48807,67945,634,125,101.0,1-12mo,Current,W,Agent,Federal,T7
86RH2UF,28,50151,44091,632,88,112.6,<30d,60-89,S,IVR,Federal,T3
RMTAMP0,33,42257,40900,824,362,108.4,>1yr,30-59,MW,Mobile,Federal,T1
8QQL3VM,48,28390,64817,590,177,108.8,<30d,30-59,W,Mobile,Federal,T3
OR1Q0BR,50,73926,30320,639,232,99.9,<30d,1-29,S,IVR,Consolidation,T8
Z67KL8W,41,31801,73740,698,0,104.8,1-12mo,Current,NE,Agent,Consolidation,T7
YOXNXLY,33,37847,60189,705,285,98.9,<30d,Current,MW,Web,Federal,T4
92E0KQT,32,42101,0,576,241,100.6,1-12mo,Current,W,IVR,Federal,T7
G1APOUV,32,62428,62045,718,340,100.1,Never,90+,MW,IVR,Federal,T4
EL03JX1,40,34858,24692,712,48,108.6,<30d,60-89,W,Agent,Consolidation,T3
JHSY299,46,39955,63344,619,357,97.0,1-12mo,60-89,W,Web,Consolidation,T4
8BA100X,62,53434,98051,643,260,110.6,>1yr,30-59,MW,Agent,Consolidation,T2
UEZS375,69,38214,4902,620,117,100.5,1-12mo,1-29,MW,Web,Federal,T7
1Q5R39A,69,53791,71851,676,145,106.1,>1yr,90+,MW,Mobile,Consolidation,T6
TR222MC,67,59953,37142,747,0,113.2,Never,30-59,NE,IVR,Consolidation,T3
O8KSWU9,47,19042,57219,723,0,108.6,1-12mo,60-89,S,IVR,Federal,T3
GX8WWHC,40,15000,81991,569,128,99.0,Never,Current,W,IVR,Consolidation,T5
72PJE1Q,44,41739,31261,774,278,111.0,<30d,30-59,S,Web,Federal,T2
PTI85JZ,29,53985,47038,789,53,95.5,<30d,Current,S,Agent,Federal,T8
AN5GNYS,55,85210,84149,746,42,106.8,1-12mo,90+,W,Mobile,Consolidation,T7
Z7OFKZK,48,45952,73937,695,63,96.2,1-12mo,Current,W,Mobile,Consolidation,T7
AK530RY,62,43786,28982,614,308,102.6,1-12mo,60-89,NE,Agent,Consolidation,T4
8ZDAAU1,63,64084,52865,715,170,103.7,>1yr,Current,NE,IVR,Consolidation,T6
OHQWBH8,30,76096,16312,616,189,100.6,>1yr,Current,S,Mobile,Consolidation,T6
Q415JKK,32,80699,46962,671,238,103.5,<30d,Current,MW,Agent,Federal,T8
TX7MMH0,47,54087,50389,790,354,111.2,<30d,90+,NE,IVR,Consolidation,T2
72Y0JD8,22,64491,17175,769,0,104.1,<30d,Current,MW,Web,Consolidation,T8
5Z3J88A,32,65085,44221,711,135,103.8,Never,Current,S,Web,Consolidation,T5
3K6IU3G,67,59072,36985,725,437,111.7,<30d,30-59,W,IVR,Consolidation,T2
ZRQN7ZJ,35,47136,47004,649,101,100.0,>1yr,1-29,W,Mobile,Consolidation,T6
8VN3PEX,48,61482,23202,750,108,100.4,1-12mo,Current,NE,Agent,Federal,T7
A9WMI2R,29,52113,69562,565,140,99.4,1-12mo,Current,S,Mobile,Federal,T7
8553R81,67,58824,76258,623,74,104.9,<30d,Current,NE,Web,Consolidation,T8
02RKUWU,46,79269,38360,627,277,96.5,<30d,Current,NE,IVR,Consolidation,T4
G9JAKK3,48,96339,38658,755,0,103.2,1-12mo,Current,W,Agent,Federal,T7
AWIX0NL,56,39639,21935,711,76,99.6,>1yr,Current,S,Mobile,Consolidation,T6
8P4BI9N,66,63401,76954,605,0,99.2,<30d,Current,W,IVR,Consolidation,T8
ILE52E6,69,62600,40224,629,224,95.1,Never,Current,MW,Agent,Consolidation,T5
BQLQ6G8,63,63517,21977,632,383,102.0,1-12mo,60-89,S,Mobile,Consolidation,T4
2K9WY9H,63,76965,12468,734,0,112.5,Never,90+,MW,IVR,Federal,T3
RQ824SE,49,60714,78163,717,76,99.9,<30d,Current,MW,Web,Federal,T8
RWC8PSV,44,55359,59922,689,203,95.6,<30d,1-29,S,IVR,Federal,T8
MNX4RTT,65,51273,30600,691,21,101.7,>1yr,1-29,NE,Agent,Consolidation,T6
V2HLJP4,65,59288,63632,670,398,101.4,1-12mo,30-59,NE,Mobile,Consolidation,T4
UUJ68LM,39,53388,47938,645,300,113.4,1-12mo,60-89,S,Mobile,Consolidation,T2
JULXBYF,25,62415,0,668,389,109.7,>1yr,30-59,NE,Agent,Consolidation,T1
K2MJAGV,55,46732,63730,728,76,96.8,>1yr,Current,W,Mobile,Consolidation,T6
SWWGQ4Q,57,59673,67383,691,238,96.4,1-12mo,Current,S,Mobile,Consolidation,T7
1BZ09UH,40,36977,74723,625,156,102.9,Never,Current,W,Web,Federal,T5
2Q62R44,25,68444,30072,625,181,110.6,<30d,30-59,W,Mobile,Consolidation,T3
9POYQQK,40,47194,32954,742,17,114.4,Never,30-59,MW,Mobile,Federal,T3
EW71EUD,28,33212,29462,736,297,103.1,>1yr,Current,NE,IVR,Consolidation,T4
TJ65NON,24,27500,36013,762,133,99.8,Never,1-29,NE,IVR,Consolidation,T5
30OESKW,47,68391,45129,697,187,110.3,Never,90+,MW,Mobile,Consolidation,T3
9MAXGBX,53,61191,70238,672,166,101.1,1-12mo,Current,MW,Web,Consolidation,T7
BQA8NV4,47,56554,51026,555,69,112.1,<30d,90+,S,IVR,Consolidation,T3
IU3THDF,47,82470,55154,590,387,105.3,<30d,30-59,S,Mobile,Federal,T2
2EWA47L,46,40068,48337,646,0,114.6,1-12mo,30-59,W,Mobile,Consolidation,T3
I7N0868,46,16143,41218,556,173,101.0,1-12mo,Current,W,Web,Federal,T7
ESXFPC1,33,78815,70143,698,258,102.8,1-12mo,Current,S,IVR,Consolidation,T4
7W7Y85O,55,64668,74506,654,156,113.5,1-12mo,30-59,S,Web,Federal,T3
E0SIGF0,66,77721,69418,619,396,106.0,Never,30-59,NE,Agent,Federal,T2
R0TG1S5,49,38774,14668,556,304,113.2,>1yr,30-59,W,Agent,Federal,T2
6Z8S09C,65,64013,50402,706,256,106.4,>1yr,60-89,MW,IVR,Consolidation,T2
J3T2IGF,59,52685,16428,624,408,101.4,<30d,60-89,S,IVR,Federal,T4
64N3HN8,64,55930,61098,642,529,100.4,<30d,30-59,NE,IVR,Federal,T4
QXYEYYS,27,60789,79124,681,317,106.7,1-12mo,60-89,W,IVR,Consolidation,T2
6G6LN5J,23,53201,3512,667,325,95.9,>1yr,90+,MW,Mobile,Federal,T4
IHRWS7X,61,81869,73584,775,0,100.4,1-12mo,Current,NE,Mobile,Consolidation,T7
8R4OEYR,56,46639,99389,733,258,104.6,Never,Current,NE,Agent,Consolidation,T4
JX1UEI0,23,79072,113089,665,318,100.2,1-12mo,60-89,NE,Mobile,Consolidation,T4
IE62WMJ,30,60787,53862,754,134,105.8,>1yr,30-59,NE,Web,Consolidation,T6
H8FZIGU,28,67770,0,658,372,106.9,Never,30-59,W,Mobile,Consolidation,T2
4S3690P,35,45850,32315,777,49,108.1,<30d,30-59,MW,Web,Consolidation,T3
JYBXCZM,53,71919,54704,479,183,113.9,<30d,30-59,S,Web,Federal,T3
8DYJYXC,38,43109,81991,713,141,100.2,>1yr,Current,MW,IVR,Consolidation,T6
U4WST6T,31,73236,78468,576,397,108.0,1-12mo,30-59,W,Web,Federal,T2
MUF9E0C,53,80987,26437,649,59,99.5,>1yr,Current,MW,IVR,Federal,T6
OBA0B1M,49,81554,18795,761,25,114.4,>1yr,30-59,S,Agent,Consolidation,T3
XS5UXU0,43,35056,25075,732,180,102.7,>1yr,Current,NE,Mobile,Federal,T6
ZRVL6YR,54,51710,28040,684,294,103.6,>1yr,Current,MW,Mobile,Federal,T4
0B98C6P,31,46862,79156,700,472,106.8,1-12mo,60-89,W,Mobile,Consolidation,T2
YHMXT7R,47,54517,70622,577,43,113.1,>1yr,60-89,MW,Mobile,Federal,T3
VJE4QSL,31,18054,79612,741,240,108.6,>1yr,90+,MW,Web,Federal,T3
UD81LPP,34,37847,88901,709,0,96.3,<30d,Current,MW,Web,Federal,T8
7GXDCE9,42,66615,18056,775,296,97.0,<30d,Current,S,IVR,Consolidation,T4
SPM946I,41,38269,80047,637,64,108.7,Never,30-59,NE,IVR,Federal,T3
S1Z75SF,67,51944,59016,650,203,97.5,1-12mo,Current,MW,Mobile,Consolidation,T7
TPVKBA3,56,55397,77307,597,309,97.3,<30d,60-89,NE,Agent,Consolidation,T4
DHPOTKY,27,56202,20551,846,118,101.7,Never,Current,S,Mobile,Federal,T5
RS74O4G,38,69286,19693,696,158,99.8,1-12mo,Current,W,IVR,Federal,T7
UJRUKVV,66,59966,38725,630,424,97.3,>1yr,30-59,W,IVR,Consolidation,T4
WET7Z21,23,34218,20001,692,290,101.9,>1yr,Current,S,IVR,Federal,T4
UVCX950,37,47353,61821,733,315,107.0,<30d,90+,NE,IVR,Consolidation,T2
HZQJOG0,67,46101,58476,566,246,112.6,>1yr,30-59,W,Agent,Consolidation,T3
4WK7HAJ,31,77975,17458,744,173,96.5,1-12mo,Current,S,IVR,Federal,T7
O8W3O92,36,46657,38702,678,309,101.8,Never,30-59,NE,Web,Consolidation,T4
B7LQ99O,34,55485,34016,775,306,113.1,>1yr,90+,NE,Web,Consolidation,T2
L0W449I,50,24027,58349,774,112,98.1,>1yr,1-29,NE,IVR,Consolidation,T6
U4HDBK4,45,30997,56528,716,86,98.6,1-12mo,Current,W,Agent,Federal,T7
2FWJ0L9,63,56328,72484,625,254,113.0,Never,60-89,W,IVR,Consolidation,T2
SYLCE29,69,34479,56060,756,166,101.7,1-12mo,1-29,W,Mobile,Federal,T7
RRX8KPD,43,55639,66005,682,188,108.8,<30d,30-59,NE,Mobile,Consolidation,T3
5LYQ51Z,47,47979,17275,659,90,105.5,>1yr,60-89,W,IVR,Federal,T6
FA4F52X,47,41613,23606,774,514,113.4,>1yr,90+,NE,Web,Federal,T1
9127PTF,37,43995,71804,694,123,108.8,Never,60-89,NE,Web,Federal,T3
GD6I58N,45,50920,48687,686,195,109.9,Never,60-89,S,IVR,Consolidation,T3
6Q8TN1G,67,60789,66211,703,0,111.8,1-12mo,60-89,NE,IVR,Federal,T3
DI7O4AA,50,66990,55432,678,281,110.1,Never,30-59,NE,Agent,Consolidation,T2
PM7WHQA,44,57141,51299,721,565,114.1,Never,30-59,W,Web,Consolidation,T1
DS75I61,41,52063,36852,659,156,109.9,>1yr,30-59,MW,Web,Consolidation,T3
ME2KE22,44,50047,34467,671,268,110.9,<30d,60-89,W,Web,Federal,T2
6R1HNP9,27,33423,25180,657,237,107.7,1-12mo,60-89,MW,IVR,Consolidation,T7
EFMNASI,28,55395,86747,589,112,111.7,1-12mo,90+,MW,Web,Consolidation,T3
9C0K7V0,29,54070,51092,648,300,108.4,<30d,30-59,MW,Agent,Consolidation,T2
5SIG8DJ,53,57425,31578,631,58,95.3,>1yr,Current,W,Mobile,Federal,T6
BBFPJZL,35,52541,60078,584,149,107.5,1-12mo,30-59,MW,Mobile,Federal,T7
TGJGDIM,66,64638,7911,579,0,109.6,1-12mo,30-59,MW,Web,Consolidation,T3
U39AJZR,61,47794,7176,671,307,104.1,>1yr,30-59,MW,Mobile,Consolidation,T4
YKMB6S7,37,73462,18613,566,143,103.9,>1yr,Current,W,IVR,Consolidation,T6
6W5HWSU,49,64879,110647,716,209,107.6,>1yr,60-89,W,Agent,Consolidation,T6
6SDHYIC,38,22908,52643,700,371,98.0,>1yr,60-89,S,Agent,Federal,T4
E6JPM34,63,49289,45912,658,114,113.4,>1yr,90+,MW,Agent,Consolidation,T3
0IVHJ13,58,35714,3335,685,136,111.4,1-12mo,30-59,S,IVR,Federal,T3
8ECMGAQ,37,57289,46552,590,289,105.0,>1yr,Current,NE,Mobile,Consolidation,T4
N2O6NG4,58,60044,34743,602,254,109.1,>1yr,90+,S,Agent,Federal,T2
E3PO9D8,52,43403,8677,679,522,102.0,1-12mo,30-59,W,IVR,Consolidation,T4
XXNIP6I,67,53093,0,733,548,100.3,Never,30-59,S,IVR,Consolidation,T4
E6DSJ1J,24,54303,46619,682,0,114.7,Never,30-59,NE,IVR,Federal,T3
DO3AZZJ,26,67101,57682,578,28,105.0,1-12mo,Current,MW,Agent,Consolidation,T7
BP56Q99,63,33155,22759,704,79,106.5,1-12mo,30-59,NE,Agent,Federal,T7
W955PIK,37,25539,16501,689,0,101.1,1-12mo,Current,W,Mobile,Consolidation,T7
DVMMSAN,39,70753,12777,677,119,96.8,1-12mo,Current,MW,IVR,Consolidation,T7
3Z65WSE,70,60689,45410,637,190,108.7,<30d,30-59,MW,Web,Federal,T3
E0QA552,59,58790,60449,720,157,112.0,<30d,30-59,NE,Mobile,Federal,T3
EJ7IL9Z,67,50148,23274,657,146,110.7,<30d,90+,NE,Web,Federal,T3
F7NGXDJ,43,78762,56704,764,419,110.8,1-12mo,60-89,W,Mobile,Federal,T2
YYB6LN2,62,83599,55780,654,282,104.9,>1yr,Current,W,IVR,Federal,T4
4X3905G,55,15000,47182,657,222,102.5,>1yr,Current,NE,Agent,Federal,T6
UM6EFGV,52,54254,52985,576,310,97.4,Never,30-59,W,Agent,Federal,T4
ULQ0KV7,55,50682,33643,693,191,105.1,>1yr,60-89,W,IVR,Consolidation,T6
SDXS5EX,57,46641,3327,656,30,95.1,Never,Current,W,IVR,Federal,T5
D3RSQ5M,34,44022,31722,647,245,114.4,1-12mo,30-59,S,IVR,Consolidation,T3
SH4Q98G,56,63699,48901,710,118,106.0,<30d,30-59,NE,Agent,Consolidation,T8
LVM3NHM,54,52521,44088,662,0,96.0,>1yr,Current,NE,IVR,Consolidation,T6
0ASETZM,37,80436,8370,680,254,96.1,<30d,1-29,W,Web,Federal,T4
L9HWKBO,53,62185,47976,718,299,99.5,Never,Current,MW,Mobile,Consolidation,T4
2Q6F6RN,40,40311,0,637,235,110.8,<30d,30-59,MW,Web,Federal,T3
0Y1MKMT,70,59156,51577,733,15,99.6,Never,1-29,W,Mobile,Consolidation,T5
EEQR4RG,47,60061,15315,702,285,98.6,1-12mo,Current,S,Web,Federal,T4
FNAXVUQ,45,34484,43127,674,93,103.5,1-12mo,1-29,NE,Mobile,Federal,T7
PHJ82K5,62,36497,39427,583,0,111.9,<30d,60-89,W,Mobile,Federal,T3
X5PN1IM,26,54209,0,710,221,95.0,>1yr,Current,NE,Mobile,Federal,T6
23WWG23,66,42520,8124,699,254,103.1,1-12mo,Current,S,Agent,Federal,T4
MB4LA4Y,31,75937,36507,700,116,95.6,1-12mo,Current,MW,Web,Federal,T7
Y6KWAB5,48,61715,84345,743,194,108.8,1-12mo,60-89,NE,IVR,Consolidation,T3
VPETIUL,62,74547,73540,629,47,103.0,<30d,Current,NE,Agent,Federal,T8
YLEB56A,56,63938,49543,841,439,96.0,>1yr,90+,NE,Mobile,Federal,T4
879CH81,52,44823,33261,657,0,96.7,1-12mo,Current,W,IVR,Federal,T7
U732TEI,41,83321,80687,670,120,109.1,<30d,30-59,NE,IVR,Consolidation,T3
GPEUJN9,66,49822,10411,786,226,103.5,<30d,Current,NE,IVR,Federal,T8
LSFYLWN,44,67089,53030,698,190,103.2,<30d,1-29,W,Agent,Federal,T8
GNLHBUQ,45,25115,50712,713,85,107.2,<30d,30-59,S,Web,Federal,T8
LRYPCIN,53,57226,55663,625,228,99.0,>1yr,Current,NE,Mobile,Consolidation,T6
QG1F9X6,33,89676,42072,622,271,114.9,<30d,60-89,S,Mobile,Federal,T2
BDXZF5K,53,51669,60306,758,279,98.9,<30d,Current,NE,Agent,Consolidation,T4
LVG88IP,54,97172,33144,664,363,96.6,Never,60-89,MW,Mobile,Consolidation,T4
BC9ICC1,36,55523,1555,783,70,103.7,>1yr,Current,S,Web,Federal,T6
9EG4AHT,51,59340,24523,753,431,114.5,Never,30-59,S,Web,Consolidation,T1
VZ6JIJ2,64,24545,87615,721,282,102.0,<30d,Current,NE,Agent,Consolidation,T4
P2P95RB,62,54723,49138,647,94,97.3,<30d,Current,NE,IVR,Federal,T8
TM1STZG,23,85369,44847,690,88,109.1,Never,60-89,MW,Agent,Federal,T3
TR3OXNY,62,68009,24174,686,132,101.2,1-12mo,Current,NE,Agent,Federal,T7
S2JWNQ1,67,42744,31804,551,0,104.8,<30d,Current,NE,Web,Federal,T8
XNTEFPI,42,27908,0,779,15,106.6,Never,90+,NE,Web,Federal,T5
GYL5XKE,35,15000,32293,672,266,98.0,<30d,Current,S,Web,Consolidation,T4
FHG78DL,22,22930,16015,820,42,107.4,1-12mo,30-59,W,Web,Consolidation,T7
9LZYHGG,55,47404,87446,622,166,105.1,1-12mo,60-89,NE,Mobile,Consolidation,T7
15PCJX5,64,60494,45898,591,55,106.9,Never,60-89,MW,IVR,Federal,T5
RV1RLVY,62,81842,89908,636,80,100.8,<30d,Current,W,Mobile,Consolidation,T8
NO41GX9,57,65161,54932,633,114,107.9,Never,60-89,MW,Web,Federal,T5
LVRAFUO,25,73316,63239,680,14,109.2,>1yr,60-89,MW,Agent,Consolidation,T3
L9IVYJI,39,38384,37597,695,189,106.0,Never,30-59,S,Agent,Consolidation,T5
4RAULYA,28,65762,57034,670,477,107.3,Never,30-59,NE,Agent,Federal,T2
7F0MO9C,32,74979,59157,593,147,111.5,<30d,60-89,W,Web,Federal,T3
U2XSI2D,22,49728,69786,649,426,102.5,Never,30-59,MW,IVR,Consolidation,T4
DS61ZHB,68,69465,25248,734,25,100.8,Never,Current,S,Agent,Federal,T5
Q3TMZXN,47,27321,31413,638,278,98.1,1-12mo,Current,S,IVR,Federal,T4
O60S7RC,60,94552,66653,590,477,109.1,>1yr,90+,NE,Mobile,Federal,T1
5RCWYD4,59,19666,27079,600,165,110.6,<30d,90+,NE,IVR,Federal,T3
V2U4I2Z,68,54632,30727,726,245,112.3,1-12mo,30-59,MW,IVR,Consolidation,T3
UB4QNNF,25,15000,22034,688,95,102.1,1-12mo,Current,MW,Mobile,Federal,T7
I91RER3,39,60681,17135,555,318,110.2,1-12mo,30-59,S,Web,Consolidation,T2
L8B2YFK,31,78028,87370,651,88,105.7,1-12mo,60-89,MW,Web,Consolidation,T7
DE5HEVK,62,80539,81433,653,0,101.2,1-12mo,Current,MW,IVR,Federal,T7
DLIWXW6,55,33476,0,683,319,97.6,Never,90+,MW,Mobile,Consolidation,T4
F7HVWKJ,44,59309,31966,734,192,111.9,<30d,60-89,S,Mobile,Federal,T3
PJTT27G,33,15000,87256,728,196,111.1,Never,60-89,NE,Agent,Consolidation,T3
K04C1CF,57,79325,11465,673,69,112.1,1-12mo,90+,W,IVR,Federal,T3
DF7JVVF,55,56330,67519,596,0,113.8,<30d,30-59,MW,Mobile,Federal,T3
ZOEIWCK,39,68809,41006,702,0,115.0,Never,60-89,NE,Web,Federal,T3
MN0METG,59,47791,48014,648,83,107.5,1-12mo,30-59,MW,Web,Federal,T7
JMKMPCA,63,76780,70291,695,51,95.1,Never,Current,W,Web,Federal,T5
UAGPXAM,35,45468,46972,614,320,102.5,<30d,90+,NE,IVR,Consolidation,T4
IAYY66I,39,74767,31734,750,104,114.8,>1yr,30-59,NE,Mobile,Federal,T3
LV7EPR9,37,48498,79366,671,0,114.4,>1yr,60-89,NE,Agent,Consolidation,T3
5E2OQ8L,45,31103,74806,597,237,112.2,Never,90+,NE,Web,Federal,T3
BFCV1A9,60,85296,81979,718,83,108.7,1-12mo,30-59,NE,IVR,Federal,T3
Y5RQ2Y9,60,47591,77809,612,127,110.4,1-12mo,30-59,W,Agent,Federal,T3
04F5VSW,63,80590,50825,672,67,95.0,Never,Current,W,Mobile,Federal,T5
6MWIIE3,28,73883,62499,723,56,100.3,<30d,1-29,W,Agent,Consolidation,T8
F01JC48,56,89515,93201,685,113,100.6,Never,Current,NE,IVR,Consolidation,T5
MRDBJWL,63,29962,26037,628,410,113.6,>1yr,90+,S,Mobile,Federal,T1
VA5WMIL,34,67366,0,660,412,100.1,<30d,30-59,W,Agent,Federal,T4
VIJ4PZX,62,17131,4714,687,263,112.4,Never,30-59,W,IVR,Federal,T2
2JPHWNQ,49,41994,56588,608,128,104.6,>1yr,Current,W,Web,Federal,T6
1DKS8SS,61,62723,30693,640,17,109.5,>1yr,60-89,MW,Agent,Consolidation,T3
JI1FOBP,68,84800,34762,749,291,97.2,Never,Current,W,IVR,Consolidation,T4
X6OF2BJ,54,19728,56217,759,268,96.7,Never,Current,W,Web,Federal,T4
N13AEYV,63,40659,22677,629,155,106.1,1-12mo,60-89,S,Agent,Consolidation,T7
UHV5ZC9,45,25939,22167,706,19,95.1,Never,Current,MW,Agent,Federal,T5
AOL36EF,56,43489,16349,600,13,103.7,1-12mo,1-29,MW,Web,Consolidation,T7
CKUJ44Y,66,45188,24162,703,43,96.3,>1yr,Current,S,IVR,Consolidation,T6
8OX86A0,45,31864,47747,738,192,108.7,<30d,30-59,S,Mobile,Federal,T3
FZ78JB8,26,36972,44925,809,145,113.1,Never,30-59,W,Agent,Federal,T3
7HYX85I,39,47991,33397,663,210,114.0,>1yr,90+,S,Agent,Consolidation,T3
RQNQKGG,38,59576,47159,677,209,114.2,<30d,60-89,MW,IVR,Federal,T3
SZ0L3G8,67,53685,33596,673,28,102.3,1-12mo,Current,NE,Agent,Federal,T7
AZ0JHW8,70,38715,0,640,250,111.7,1-12mo,90+,W,Agent,Consolidation,T3
9SCNHUJ,29,71991,46415,806,373,111.8,>1yr,30-59,W,Web,Federal,T1
KIGHTAT,36,65570,79720,709,233,103.8,>1yr,Current,NE,Agent,Consolidation,T6
M9JJJXE,64,18020,58414,780,185,114.9,1-12mo,30-59,S,Mobile,Consolidation,T3
7ZJN2HO,47,65016,26653,789,254,103.9,>1yr,Current,S,Web,Federal,T4
K696BLI,68,70298,0,763,172,96.8,Never,Current,S,Agent,Federal,T5
OUXZONG,66,45535,35619,728,247,107.4,Never,60-89,MW,Mobile,Consolidation,T5
X6CJ4SK,62,40284,15812,649,304,104.8,<30d,60-89,NE,Web,Federal,T4
1250SD2,63,35195,25206,554,280,114.9,Never,30-59,S,IVR,Federal,T2
NDBM54E,54,64823,25552,573,97,104.1,1-12mo,Current,NE,Web,Federal,T7
XIUJ82D,31,63735,32012,738,370,99.8,1-12mo,60-89,W,Web,Federal,T4
GSOG8E9,70,55777,24477,632,355,102.3,>1yr,30-59,MW,Agent,Consolidation,T4
LSYEC2N,30,72669,14114,697,13,109.4,1-12mo,60-89,W,Web,Consolidation,T3
I1EO2U8,50,26638,67574,576,296,97.7,>1yr,Current,MW,Web,Federal,T4
RESO9NA,43,45856,89706,769,365,102.5,<30d,60-89,S,Mobile,Consolidation,T4
DM94KUB,24,87971,0,714,0,98.2,<30d,Current,W,Agent,Federal,T8
9SG168G,53,66042,27309,700,12,101.6,>1yr,Current,S,Web,Federal,T6
DSJKCYX,43,22670,38563,729,14,102.4,<30d,1-29,S,Agent,Consolidation,T8
CCD276T,47,53052,81357,664,298,99.6,<30d,1-29,W,IVR,Consolidation,T4
YZ3VPKJ,56,61084,70846,575,273,103.2,Never,Current,W,Mobile,Consolidation,T4
IC99TEO,49,46242,28488,610,277,97.0,>1yr,1-29,W,IVR,Consolidation,T4
74S0EUB,38,74705,41240,642,90,100.4,<30d,1-29,S,Mobile,Consolidation,T8
2QRC6NK,60,32291,65977,741,510,110.9,Never,30-59,NE,IVR,Federal,T1
W0IHYP9,40,34410,71222,558,2,103.5,Never,Current,S,Web,Federal,T5
196YQ9X,48,92540,54399,729,0,107.8,1-12mo,30-59,MW,Web,Consolidation,T7
CTBQ1YJ,36,100171,5074,699,153,100.0,<30d,Current,W,Agent,Consolidation,T8
BC2NEI7,57,42118,28516,606,97,111.5,>1yr,30-59,S,IVR,Federal,T3
X857E1K,50,42277,68458,827,173,112.5,>1yr,30-59,S,IVR,Consolidation,T3
8OZJ6AU,57,53275,66195,590,146,101.7,1-12mo,1-29,NE,IVR,Consolidation,T7
0BKXUH1,51,73211,35922,586,45,97.5,Never,Current,MW,Mobile,Consolidation,T5
LSP5CPM,59,56321,39038,676,0,97.1,1-12mo,Current,NE,Web,Consolidation,T7
NVQ0C7Y,31,55268,75421,660,276,112.7,1-12mo,60-89,W,Agent,Federal,T2
1SL5NUI,23,56712,31671,547,311,96.7,>1yr,30-59,W,Web,Federal,T4
ICXORFQ,31,72864,58550,697,165,113.0,Never,30-59,NE,Agent,Federal,T3
2OIRCIE,39,51298,52270,757,171,100.1,<30d,1-29,NE,Web,Consolidation,T8
6KZQ99S,46,62906,45001,697,124,113.7,>1yr,90+,W,IVR,Federal,T3
XPUOTLH,34,70638,54709,684,171,101.3,Never,Current,S,Web,Federal,T5
PL6LZ52,50,68266,1918,641,40,113.6,1-12mo,30-59,S,Mobile,Federal,T3
NGQEYK5,35,50772,12231,738,165,104.1,>1yr,Current,NE,Mobile,Consolidation,T6
A1J1KQM,29,69650,66903,682,47,114.3,<30d,60-89,W,IVR,Federal,T3
HHQLQ9Y,25,67742,46408,773,270,110.4,>1yr,30-59,S,Web,Federal,T2
0E4BP38,44,48481,41664,567,80,103.6,1-12mo,Current,S,Mobile,Federal,T7
BKYC94S,69,56361,87365,798,342,97.3,1-12mo,60-89,MW,Agent,Consolidation,T4
GSFXAX2,23,66482,62178,667,155,114.1,>1yr,30-59,W,IVR,Consolidation,T3
KB2GO9G,64,40532,74537,689,304,99.4,>1yr,60-89,S,Agent,Federal,T4
RGAQZGJ,41,56247,14594,689,251,106.5,>1yr,90+,MW,Agent,Federal,T2
Z5VMRY1,41,38149,49592,719,214,106.3,Never,60-89,S,Web,Consolidation,T5
BI6TEG8,54,49449,61616,584,0,99.5,1-12mo,1-29,NE,Mobile,Federal,T7
7BQO1IV,28,45453,42825,541,244,111.4,Never,60-89,S,Agent,Federal,T3
M51ZV81,22,15860,62044,667,328,96.2,Never,60-89,S,Web,Federal,T4
QFHJZIB,55,40499,60606,679,157,105.3,Never,60-89,W,IVR,Consolidation,T5
Q6EG90I,27,45543,52646,706,133,106.7,>1yr,30-59,NE,Agent,Federal,T6
BNA48VS,59,50784,42885,698,363,107.5,<30d,60-89,W,IVR,Federal,T2
8HOMCAA,61,41403,29020,744,70,99.3,1-12mo,Current,MW,Agent,Consolidation,T7
OWV3MTE,60,65554,54889,646,425,112.3,<30d,30-59,S,Web,Federal,T2
4LA8ZGB,51,27483,3514,631,304,102.8,Never,60-89,W,Agent,Federal,T4
BW4YU66,65,61131,79356,594,259,107.1,>1yr,30-59,S,Mobile,Consolidation,T2
VJKI6M6,35,52581,51693,611,0,95.3,>1yr,1-29,W,IVR,Federal,T6
6BDGHIZ,67,76444,60189,713,0,95.5,>1yr,Current,NE,IVR,Consolidation,T6
4WW6055,62,31769,32702,626,335,104.1,>1yr,30-59,W,Web,Consolidation,T4
VUTR5E3,32,74200,36409,708,151,108.9,>1yr,60-89,MW,Agent,Consolidation,T3
4WK0UQD,30,40108,53963,600,512,111.7,Never,90+,NE,Agent,Consolidation,T1
UJE3HHK,59,65552,40512,728,319,113.8,Never,30-59,NE,Agent,Consolidation,T2
2WYUR2O,23,51295,66170,656,68,100.6,>1yr,1-29,MW,Mobile,Federal,T6
1XAB061,45,34899,10660,671,140,100.7,>1yr,Current,W,Mobile,Federal,T6
0WYBTW6,34,76677,40074,714,417,98.2,<30d,60-89,MW,Mobile,Consolidation,T4
0FT6VGG,37,51900,4044,726,83,104.4,<30d,1-29,NE,Agent,Federal,T8
YKM0HZE,27,30016,28531,690,323,95.9,>1yr,90+,S,Agent,Federal,T4
I5ULN67,58,44941,49658,567,171,112.9,1-12mo,60-89,MW,Mobile,Consolidation,T3
UXXCJVW,70,70433,18510,705,123,107.5,Never,60-89,S,Web,Consolidation,T5
Y0ZMYCS,54,69603,9787,762,0,108.4,1-12mo,60-89,MW,Agent,Federal,T3
DF6QS4K,49,71466,19686,636,0,114.2,1-12mo,60-89,W,Web,Federal,T3
6HDNGYZ,32,58649,68045,658,0,99.8,<30d,Current,NE,IVR,Consolidation,T8
H3FEKK6,44,62210,49798,766,0,112.6,1-12mo,30-59,W,Agent,Federal,T3
CZ9YILY,26,76479,65580,709,112,113.8,>1yr,90+,S,Agent,Consolidation,T3
7JZQB2R,69,59526,58048,768,0,100.3,Never,Current,NE,IVR,Consolidation,T5
0Q0CYKT,54,46291,26810,701,122,103.2,Never,Current,S,Web,Federal,T5
HCYMZFW,67,19548,20828,509,0,105.3,Never,90+,MW,Mobile,Federal,T5
3A510MR,28,34989,83473,744,278,109.1,>1yr,30-59,W,Web,Consolidation,T2
OAUW53O,67,72966,59757,669,172,106.0,>1yr,30-59,S,Agent,Consolidation,T6
O9S2R3S,68,93766,27847,694,254,96.1,Never,1-29,MW,Web,Consolidation,T4
M3W7RAW,28,78143,60637,664,86,101.7,1-12mo,1-29,NE,IVR,Consolidation,T7
LZC3MP1,27,24440,0,622,18,104.3,<30d,Current,W,IVR,Federal,T8
521SYBZ,41,69231,52638,680,226,99.2,1-12mo,Current,S,Mobile,Federal,T7
J1EMZC5,29,43047,18673,693,275,109.5,<30d,90+,W,Web,Consolidation,T2
KDUEOOW,27,47654,54021,673,313,96.0,>1yr,60-89,MW,Mobile,Consolidation,T4
73BB9R2,54,34989,78734,628,358,113.8,<30d,60-89,NE,IVR,Consolidation,T2
TE1LNWN,52,65480,14135,636,61,95.2,<30d,Current,W,Agent,Federal,T8
M71KOC5,23,50639,11794,642,186,99.8,>1yr,Current,S,Web,Consolidation,T6
WNRS5AA,53,50793,34467,588,61,98.5,<30d,Current,W,IVR,Consolidation,T8
92OY0K0,36,41014,62792,647,293,109.9,1-12mo,30-59,MW,Web,Federal,T2
VIUJ4JK,59,76771,26918,763,373,103.8,1-12mo,30-59,S,IVR,Consolidation,T4
VZ98FUE,37,57709,63547,604,206,98.6,>1yr,1-29,S,Web,Federal,T6
KW54VUX,57,20789,101778,641,0,112.0,<30d,60-89,S,Agent,Federal,T3
Q1KPGJD,69,64038,126523,548,0,109.5,<30d,30-59,W,Web,Consolidation,T3
2SAZ1RK,57,58188,58473,647,152,114.5,>1yr,60-89,W,Web,Federal,T3
3BII8ZS,59,71630,63532,627,233,95.2,Never,Current,NE,Agent,Consolidation,T5
O7HJF5U,41,69541,64025,764,222,109.5,>1yr,60-89,S,Agent,Federal,T3
UTL84WB,66,55001,14642,647,215,98.6,1-12mo,Current,MW,Mobile,Federal,T7
I4D5PXO,48,46358,43443,696,0,107.7,Never,90+,NE,Mobile,Consolidation,T5
UV60BYP,54,40900,19142,616,0,99.1,Never,Current,MW,Agent,Consolidation,T5
PTIAF5Q,38,63979,43518,722,316,102.0,>1yr,60-89,MW,Web,Federal,T4
MKGQ4BR,42,52787,70219,746,121,95.7,<30d,1-29,S,IVR,Consolidation,T8
10LBJ7Q,57,29608,44437,643,370,95.8,<30d,60-89,S,Mobile,Federal,T4
UJBMWCM,24,43326,63592,689,205,105.3,>1yr,30-59,W,Agent,Consolidation,T6
EX7N6B5,41,48051,60973,703,0,110.7,>1yr,90+,MW,Agent,Consolidation,T3
2I7ZPZP,47,48598,77375,675,175,105.2,>1yr,30-59,MW,Mobile,Federal,T6
LCFCEBF,46,79006,76703,531,142,98.2,1-12mo,1-29,S,Mobile,Federal,T7
FNI4ZFV,54,15000,74953,636,209,98.4,Never,Current,NE,Mobile,Federal,T5
2UAFIF8,67,46537,50528,573,47,101.3,<30d,Current,MW,Agent,Federal,T8
ODEEYVI,69,83320,41896,700,114,102.9,Never,1-29,W,Mobile,Federal,T5
Y4UXXNZ,39,58940,53604,687,193,104.5,<30d,Current,S,Mobile,Federal,T8
VQE8YC6,64,55875,39040,608,77,103.9,>1yr,Current,MW,Agent,Consolidation,T6
2N33GTQ,27,25823,99979,661,365,104.6,1-12mo,90+,NE,Mobile,Federal,T4
HSAP65B,61,73854,41916,508,0,110.8,<30d,60-89,NE,Agent,Federal,T3
62LRMBJ,56,44650,58724,779,385,106.9,>1yr,30-59,NE,Mobile,Federal,T2
CTINEQN,40,63210,93554,752,0,95.2,1-12mo,Current,S,IVR,Consolidation,T7
1PUBSXD,64,44046,59323,683,207,100.9,<30d,Current,MW,Mobile,Consolidation,T8
6EGY4ZW,63,56486,44883,587,149,97.4,<30d,Current,MW,Mobile,Consolidation,T8
RSOGH2S,68,55690,39097,663,229,113.7,>1yr,30-59,W,Web,Consolidation,T3
DN2X2KL,23,51079,32278,652,262,114.6,<30d,30-59,S,Mobile,Consolidation,T2
BOS88DJ,36,61896,68785,708,116,108.1,1-12mo,30-59,MW,IVR,Consolidation,T3
OKOVFKH,57,58473,41197,752,104,106.7,1-12mo,30-59,NE,Mobile,Federal,T7
RQKO6FJ,30,76285,20470,670,167,105.8,Never,60-89,S,Mobile,Federal,T5
HT92QO9,46,68982,28282,793,215,101.5,>1yr,Current,S,Mobile,Consolidation,T6
V9DW8BQ,56,92316,85091,652,0,108.8,Never,90+,MW,Web,Federal,T3
A2B47A0,50,72325,72527,652,247,101.9,Never,Current,NE,Agent,Consolidation,T5
X8OZA5Y,57,45260,20278,646,419,108.3,1-12mo,30-59,MW,Mobile,Consolidation,T2
LQXSQ36,55,90399,43395,750,0,103.9,1-12mo,Current,MW,IVR,Consolidation,T7
DLVUV41,48,35078,25843,692,0,107.0,<30d,90+,W,Agent,Federal,T8
0M91PU7,46,87190,58642,762,9,102.3,<30d,1-29,NE,Web,Federal,T8
PIM1VIM,49,68379,72179,689,385,101.8,1-12mo,30-59,NE,Agent,Consolidation,T4
WASMDPJ,49,116125,45148,742,211,107.1,Never,30-59,MW,Mobile,Consolidation,T5
OK28SKJ,33,55845,18681,701,380,107.1,<30d,60-89,NE,Mobile,Federal,T2
FPYV1HM,65,43213,27886,763,64,106.3,<30d,90+,S,Web,Federal,T8
H6FT3F6,65,60204,70994,725,85,114.7,1-12mo,90+,W,Web,Consolidation,T3
36NRV64,37,106698,71822,770,96,100.9,>1yr,Current,NE,Web,Federal,T6
HTAPM06,29,21833,48032,702,140,102.2,1-12mo,Current,MW,IVR,Federal,T7
4GJUR4S,60,68415,27341,713,121,113.6,>1yr,30-59,S,Agent,Consolidation,T3
B0V8D0V,52,74553,54102,704,40,104.7,>1yr,Current,S,Web,Consolidation,T6
P1Q09IR,65,54201,27675,622,324,111.7,>1yr,90+,NE,Web,Federal,T2
NUPQVCQ,64,66011,49849,754,134,103.7,1-12mo,Current,MW,Web,Federal,T7
CGIEXM3,53,48679,52055,687,217,98.6,1-12mo,Current,MW,Mobile,Federal,T7
PDKYN0L,22,32211,26489,750,422,95.3,1-12mo,30-59,W,Mobile,Consolidation,T4
ESSAQ0L,39,98097,11010,657,226,108.9,<30d,30-59,W,Agent,Federal,T3
0KMS50O,47,69615,42183,643,104,105.2,<30d,60-89,MW,IVR,Consolidation,T8
PMWOQIF,43,59782,60955,525,73,107.6,<30d,30-59,S,IVR,Consolidation,T8
676JXK7,50,41251,60268,675,286,97.1,Never,Current,NE,Web,Federal,T4
094T5DL,38,48666,77162,746,83,112.4,<30d,60-89,MW,Web,Consolidation,T3
BTEPYQJ,37,94138,46341,687,232,110.4,>1yr,90+,S,IVR,Consolidation,T3
N7SS8LG,65,71536,15953,740,71,95.0,>1yr,Current,MW,Agent,Federal,T6
CHN1PP6,65,65040,77185,558,349,114.0,>1yr,60-89,MW,Web,Consolidation,T2
XCNCPCF,31,60129,62100,757,45,113.1,<30d,30-59,NE,Agent,Consolidation,T3
CGRL7DB,56,35174,49322,696,392,105.1,Never,30-59,S,Web,Federal,T2
QP2UAZC,45,37688,42147,727,103,106.0,Never,60-89,W,Mobile,Consolidation,T5
9FOSDT6,52,63124,31687,616,479,108.4,1-12mo,90+,MW,Mobile,Federal,T2
7YVCLVS,41,67879,49908,623,90,99.4,1-12mo,1-29,NE,Mobile,Consolidation,T7
OU294PO,23,57655,59842,620,422,113.3,<30d,30-59,MW,IVR,Federal,T2
EIQTL3Q,40,57827,46450,726,375,99.3,1-12mo,30-59,S,IVR,Federal,T4
7RS3TFJ,45,40617,60064,631,27,100.4,1-12mo,Current,S,Web,Consolidation,T7
0KS60D4,65,85549,25223,517,100,113.8,>1yr,30-59,S,Mobile,Consolidation,T3
NNWO8TR,35,53871,86142,707,336,103.2,>1yr,30-59,MW,Mobile,Consolidation,T4
O18G8YF,51,32469,50064,560,308,111.0,>1yr,30-59,W,Mobile,Consolidation,T2
RTS6YPL,48,45789,52936,725,206,104.4,>1yr,Current,MW,Mobile,Federal,T6
5CCBABK,36,55141,61541,694,412,97.6,Never,30-59,W,IVR,Federal,T4
NL1LI04,26,21611,40801,663,300,99.1,<30d,Current,S,Web,Federal,T4
XCNZCAD,52,55441,41783,752,442,100.8,1-12mo,30-59,S,Web,Federal,T4
Z28ZEQZ,39,61503,16723,652,95,104.0,<30d,Current,NE,IVR,Federal,T8
ILCBMS8,31,23432,15638,642,286,114.7,Never,30-59,W,Web,Federal,T2
7RF63LR,47,31443,45985,735,207,106.9,Never,30-59,MW,Web,Federal,T5
AEDVG0K,28,48044,67824,695,234,114.8,>1yr,30-59,MW,Web,Federal,T3
59HWG5B,63,77510,74318,778,106,111.7,>1yr,90+,NE,Mobile,Federal,T3
11U9RUF,35,62165,9189,805,263,104.3,>1yr,Current,S,IVR,Consolidation,T4
HKF7CVG,44,51411,69681,698,0,97.7,1-12mo,Current,MW,IVR,Consolidation,T7
FCP6KHL,49,76871,25639,750,205,104.5,Never,1-29,NE,IVR,Federal,T5
JTIQ7NM,54,65712,56711,581,229,111.7,<30d,30-59,S,IVR,Federal,T3
UR7GSKM,31,55695,55440,554,0,106.3,1-12mo,30-59,MW,Agent,Consolidation,T7
VJIU4PK,30,64802,32160,771,0,102.3,1-12mo,Current,NE,Web,Federal,T7
ITRDWCN,53,67273,35305,650,224,106.3,1-12mo,90+,S,IVR,Federal,T7
N29IRZ2,24,38393,76350,712,295,97.1,Never,Current,W,Mobile,Consolidation,T4
3H1QKES,48,26287,40777,547,238,105.9,1-12mo,30-59,S,Agent,Federal,T7
L4ENO3D,31,62278,0,685,108,108.1,1-12mo,30-59,MW,IVR,Federal,T3
E64HYPB,64,48291,83954,611,0,97.2,Never,Current,NE,Agent,Federal,T5
CQYP3ZX,39,34201,39992,711,218,110.5,>1yr,60-89,S,Agent,Federal,T3
2PHXO0D,43,37179,51160,747,207,100.8,>1yr,Current,MW,IVR,Consolidation,T6
5EZJ2I6,47,28035,53519,641,224,107.5,Never,60-89,NE,Web,Federal,T5
M9DKU6L,36,54199,66349,622,0,103.0,<30d,Current,W,Mobile,Federal,T8
L4E2VCZ,50,78563,116429,767,112,97.4,<30d,Current,S,Agent,Consolidation,T8
QRSJWS9,23,40899,11123,750,22,97.6,1-12mo,1-29,W,Mobile,Federal,T7
VARS30I,53,88833,23377,702,269,103.3,<30d,Current,W,Mobile,Federal,T4
1GF5UKO,58,32803,73462,533,160,96.8,Never,1-29,S,IVR,Consolidation,T5
L7GMN2V,59,51637,73763,648,234,96.9,Never,Current,S,Mobile,Federal,T5
TF0FK93,57,18915,21368,730,313,113.0,<30d,30-59,W,Web,Consolidation,T2
2LVZ52Q,67,26109,34485,677,450,109.4,<30d,30-59,NE,Agent,Consolidation,T2
LOEBXHA,69,59362,88704,775,345,104.3,1-12mo,30-59,MW,Agent,Federal,T4
EP58KUS,70,80071,70844,619,213,105.2,<30d,30-59,MW,IVR,Consolidation,T8
0VE0G2W,38,31075,46826,549,260,102.3,Never,Current,MW,Mobile,Federal,T4
8K5IHLB,48,85389,45621,747,590,99.2,<30d,90+,W,Web,Federal,T4
Z5SNV2H,27,97817,70448,609,221,107.6,Never,30-59,NE,Mobile,Federal,T5
22HSVBG,66,75001,13821,692,0,96.3,Never,Current,W,IVR,Federal,T5
SZWEGJZ,48,36239,0,746,242,101.9,>1yr,Current,MW,Agent,Federal,T6
7XA1V6O,28,15000,26774,684,275,96.8,Never,1-29,MW,Web,Consolidation,T4
VAOEY7N,48,42580,78528,656,285,102.3,Never,Current,MW,Mobile,Consolidation,T4
ZX6MXEK,32,41796,87156,735,111,97.2,>1yr,Current,MW,Agent,Consolidation,T6
5SFKDCP,33,83750,65381,620,289,97.6,<30d,Current,NE,Agent,Federal,T4
4PD5GIB,57,57266,69422,628,0,109.6,<30d,30-59,W,Agent,Consolidation,T3
FQH9D38,31,30764,47536,822,109,98.3,>1yr,Current,NE,Mobile,Consolidation,T6
GM7RNU8,31,64519,54609,593,209,99.1,<30d,Current,MW,Agent,Federal,T8
4PQPKH7,59,46421,39919,725,105,104.7,<30d,1-29,S,Web,Consolidation,T8
BJFT83A,70,54198,69003,654,93,103.7,<30d,Current,NE,Mobile,Consolidation,T8
BBO19NK,68,57440,9502,651,470,102.5,Never,60-89,MW,Agent,Federal,T4
DZVYGZ4,68,40035,0,694,41,110.4,Never,30-59,NE,Agent,Federal,T3
0Z26MY6,48,46667,71450,778,318,98.1,>1yr,30-59,MW,Web,Federal,T4
T3V1O7Y,24,47729,45869,621,205,100.8,Never,1-29,W,IVR,Consolidation,T5
ZZI7VHT,55,25037,64373,735,62,114.7,<30d,60-89,S,Mobile,Consolidation,T3
82KOGBR,28,54863,18324,648,228,112.8,<30d,90+,W,Agent,Federal,T3
AFML74V,53,49172,20327,597,60,114.9,Never,30-59,W,IVR,Consolidation,T3
S8WM85W,63,58603,99170,788,153,109.8,1-12mo,60-89,W,IVR,Consolidation,T3
1XFDU6T,39,21409,32923,599,481,101.4,1-12mo,90+,S,IVR,Federal,T4
0931TY1,68,73550,52351,626,0,103.9,Never,1-29,S,Mobile,Federal,T5
DA4DYSI,48,56557,42552,725,294,110.6,Never,30-59,MW,Web,Consolidation,T2
KKJ3OMO,55,31991,22745,699,454,105.0,>1yr,90+,S,IVR,Consolidation,T4
5SCX014,44,45496,10817,676,292,98.4,<30d,1-29,MW,Web,Consolidation,T4
Q2UXBHV,47,44954,63094,702,0,101.6,<30d,Current,W,Web,Federal,T8
BZUL2AE,33,61260,19155,706,153,108.9,>1yr,60-89,S,Web,Federal,T3
3FISMP5,49,50500,59464,620,0,104.7,1-12mo,Current,W,IVR,Consolidation,T7
E3LSAXQ,50,75420,16733,663,0,110.5,<30d,30-59,W,Agent,Consolidation,T3
PCUWKJ8,22,21485,43690,589,152,111.4,1-12mo,30-59,S,Agent,Federal,T3
FW5K1XE,47,116434,26901,759,416,107.4,Never,30-59,S,IVR,Federal,T2
XNSPVGW,47,54616,59519,725,352,101.9,>1yr,90+,W,Web,Consolidation,T4
EKBZ4UB,47,55585,33143,709,0,98.9,1-12mo,1-29,W,Mobile,Federal,T7
6BESLM9,34,60774,42119,654,294,98.5,>1yr,Current,W,Web,Consolidation,T4
PW1DN5D,65,68157,58106,587,420,114.2,<30d,90+,NE,Agent,Federal,T2
PTWXDZ9,39,43233,67527,667,102,103.3,>1yr,Current,W,IVR,Federal,T6
J77DK5O,41,15000,22476,703,120,98.0,1-12mo,Current,S,Mobile,Federal,T7
VYGB2V7,34,47100,0,633,236,99.7,<30d,1-29,MW,Web,Consolidation,T8
5RBC2YO,49,61374,65833,661,0,110.5,>1yr,30-59,NE,Agent,Consolidation,T3
L11IOXG,46,67494,0,596,370,99.2,1-12mo,30-59,MW,Mobile,Federal,T4
51O0NX2,56,52301,30651,732,436,100.3,<30d,60-89,S,IVR,Consolidation,T4
VIR9QXA,69,54188,24750,596,0,110.6,>1yr,60-89,NE,Agent,Consolidation,T3
JL7RZWI,52,53414,4945,750,249,114.6,<30d,30-59,S,IVR,Federal,T3
SQL3M59,30,15000,45962,702,162,97.4,>1yr,1-29,W,Agent,Consolidation,T6
U2Z19Q0,42,42995,68314,694,20,96.4,Never,Current,MW,IVR,Federal,T5
X4MGYIW,45,70298,37846,596,326,107.2,>1yr,90+,S,Agent,Federal,T2
1OII20C,25,47125,35187,771,131,101.0,<30d,1-29,W,Web,Consolidation,T8
CURYK1C,49,55416,12182,755,53,110.0,>1yr,90+,W,Agent,Consolidation,T3
TTHEEYH,52,59256,60213,712,120,114.1,1-12mo,30-59,NE,Web,Federal,T3
S5A1WY7,60,62119,13939,672,57,111.0,<30d,60-89,MW,Agent,Federal,T3
C6C1Y8M,40,55300,69461,772,93,103.9,<30d,1-29,W,IVR,Consolidation,T8
9CE4I97,52,62488,35360,713,44,110.5,Never,30-59,NE,Web,Federal,T3
DVGXLZX,52,28363,0,763,0,111.6,<30d,90+,W,IVR,Consolidation,T3
M5843R1,57,47309,43063,688,256,106.2,Never,30-59,NE,Web,Consolidation,T2
0MTK0UB,28,60661,9788,605,164,107.5,Never,30-59,W,IVR,Consolidation,T5
3MDHH93,51,50289,86194,695,108,101.3,<30d,Current,NE,Web,Federal,T8
X1BH7WD,37,50241,15886,588,266,97.2,1-12mo,Current,NE,Mobile,Federal,T4
W4MJ2MX,38,62143,14655,713,245,109.8,<30d,30-59,NE,Agent,Federal,T3
OMIJQP0,40,43815,0,603,273,110.6,>1yr,30-59,S,IVR,Consolidation,T2
DQDZ59T,67,48886,15874,785,0,110.1,>1yr,90+,NE,IVR,Federal,T3
K7Y3Q2D,65,76205,41808,620,225,96.6,1-12mo,1-29,MW,Mobile,Federal,T7
GZYT60N,46,39048,52787,678,318,104.7,Never,60-89,MW,Mobile,Consolidation,T4
ABP91JN,35,81826,29611,651,54,114.3,>1yr,60-89,W,Mobile,Federal,T3
PYA1ZLM,55,28811,2814,579,289,113.7,Never,60-89,MW,Web,Federal,T2
A501N6T,54,74684,34803,837,97,97.5,<30d,Current,S,Web,Consolidation,T8
QFDWTUC,22,54329,47625,569,89,99.0,Never,1-29,NE,Web,Consolidation,T5
6KDRW0F,37,52424,54718,635,190,102.7,Never,Current,NE,Web,Consolidation,T5
HH9ORLD,64,40026,20289,763,293,97.6,1-12mo,1-29,S,Mobile,Federal,T4
37CKDZN,23,63054,41590,604,118,103.8,Never,Current,W,IVR,Consolidation,T5
KUBFV4D,66,55323,82439,746,168,100.8,1-12mo,Current,S,Agent,Federal,T7
CPH4R8L,63,72664,45773,574,384,98.2,1-12mo,90+,MW,Mobile,Federal,T4
BGFAGAD,61,15000,54037,673,214,105.7,>1yr,30-59,MW,Agent,Federal,T6
JFC0ZDT,52,48982,84265,644,171,112.4,<30d,90+,NE,Web,Consolidation,T3
47TULUR,42,53886,59806,624,0,108.0,<30d,60-89,S,Web,Federal,T8
920WTBW,52,53655,24040,643,495,99.1,1-12mo,90+,NE,Mobile,Federal,T4
Y4YMH2I,58,69600,94436,656,218,101.3,<30d,Current,NE,Web,Federal,T8
H4SRN5P,67,61154,25182,675,152,96.2,Never,Current,W,Web,Consolidation,T5
ES8M6CX,51,41412,19494,776,234,99.8,Never,Current,W,Mobile,Federal,T5
BLPTEZJ,45,60373,40695,760,347,109.5,Never,30-59,MW,IVR,Federal,T2
D3V1EBG,23,83176,50471,710,298,113.0,<30d,30-59,NE,Web,Consolidation,T2
BHNDJ6T,41,105505,25816,521,0,95.8,<30d,Current,W,IVR,Federal,T8
QTWHL2N,39,64492,68717,735,535,103.4,1-12mo,60-89,MW,Web,Federal,T4
ST3BHH2,47,71200,20766,711,232,104.2,1-12mo,Current,W,Mobile,Federal,T7
GECM1LS,58,17559,47877,675,149,105.0,>1yr,Current,W,Agent,Federal,T6
ZTZGQYD,24,85736,9643,757,303,95.9,1-12mo,60-89,W,IVR,Consolidation,T4
VKSUAZG,63,30044,31213,736,654,111.1,>1yr,30-59,S,Mobile,Federal,T1
N9MVLRK,23,31871,62211,644,432,105.0,1-12mo,30-59,NE,IVR,Federal,T4
T0HK0OW,59,83210,0,615,12,109.9,>1yr,90+,MW,Web,Consolidation,T3
FXV4B8S,31,87267,72592,727,0,107.5,<30d,30-59,MW,IVR,Federal,T8
1GSL5E4,58,64655,32762,728,20,112.4,1-12mo,60-89,W,IVR,Consolidation,T3
KQ7REVG,46,25121,76251,798,280,97.4,>1yr,1-29,MW,Agent,Consolidation,T4
G94GA3B,22,36336,65533,694,295,98.9,Never,Current,NE,IVR,Consolidation,T4
967UW02,26,64594,15972,650,454,107.5,>1yr,30-59,S,Web,Federal,T2
01SJSXL,37,91351,40677,691,328,107.8,Never,60-89,MW,Agent,Consolidation,T2
SQCY4OF,35,72571,0,659,131,97.2,Never,Current,S,Mobile,Federal,T5
D8Q931X,34,53233,39476,608,23,110.6,<30d,90+,MW,Agent,Consolidation,T3
JJEP1MD,38,46690,57117,674,0,99.6,<30d,Current,S,Web,Federal,T8
89CX21H,57,73927,90382,580,314,99.1,Never,90+,W,Mobile,Federal,T4
VZM0V4B,35,70827,52533,654,241,114.8,1-12mo,60-89,W,Web,Federal,T3
D0A7O0U,63,54433,28388,580,294,112.5,<30d,30-59,MW,Agent,Federal,T2
1HSEWFP,49,46551,3277,599,455,113.0,>1yr,30-59,W,IVR,Consolidation,T1
6WMDHBK,37,44068,66053,654,10,96.5,>1yr,Current,MW,IVR,Federal,T6
25WEA27,49,47477,57329,696,304,101.6,>1yr,30-59,NE,Web,Federal,T4
RRII0UK,27,59634,56861,711,370,103.8,>1yr,30-59,W,Mobile,Federal,T4
RQYSROI,60,69232,34275,702,61,103.8,Never,Current,W,Mobile,Consolidation,T5
980Z4ZR,31,28028,42603,680,126,113.7,Never,60-89,NE,Web,Consolidation,T3
NC6FH58,26,51901,28017,774,121,111.9,Never,30-59,NE,Mobile,Federal,T3
MNXWK89,37,69414,20556,564,216,99.0,<30d,1-29,W,Agent,Consolidation,T8
D0OU4K2,63,15000,68940,703,156,101.4,1-12mo,Current,MW,IVR,Consolidation,T7
Y0TRPZ5,24,50522,0,726,108,110.8,<30d,30-59,S,Web,Consolidation,T3
TM54OL7,65,64989,45015,652,151,107.5,>1yr,90+,W,IVR,Federal,T6
C6OM0VL,69,49165,27956,681,0,109.3,Never,90+,MW,Mobile,Federal,T3
ADGUH9G,59,49943,38534,692,248,112.7,1-12mo,30-59,MW,Mobile,Federal,T3
G0VK5TK,52,41315,11906,706,315,100.0,<30d,30-59,MW,Agent,Federal,T4
N9934F5,31,76199,9602,570,20,100.3,<30d,Current,W,Web,Federal,T8
KS9YGQR,23,33905,52884,726,179,110.9,<30d,90+,W,Web,Consolidation,T3
5V8AG0M,29,65680,52599,653,0,106.5,Never,30-59,W,Mobile,Consolidation,T5
6MZWEMI,39,17438,67582,695,34,106.6,>1yr,60-89,S,IVR,Consolidation,T6
NAVP44S,40,25449,10131,618,273,95.2,<30d,Current,NE,Agent,Federal,T4
GTSXZYI,29,44489,71543,689,237,104.6,Never,Current,NE,Web,Consolidation,T5
XHKFXUW,51,114922,57549,616,485,101.3,<30d,60-89,W,Mobile,Consolidation,T4
6LBFGF6,23,94518,23734,636,46,101.2,1-12mo,Current,W,IVR,Consolidation,T7
EN28ZRG,57,64109,10993,712,306,100.3,1-12mo,60-89,MW,IVR,Federal,T4
5VDIJZE,68,61416,7459,790,0,110.6,1-12mo,30-59,S,Agent,Consolidation,T3
39QR6I9,51,37535,0,667,207,111.0,Never,90+,S,Web,Consolidation,T3
MU9CY3T,50,41177,60983,664,28,102.5,1-12mo,Current,NE,Agent,Federal,T7
WGK2MKM,64,49523,7900,631,359,112.1,>1yr,60-89,S,Agent,Federal,T1
9JPRJGF,47,56056,37059,658,366,101.0,<30d,60-89,NE,IVR,Consolidation,T4
8KC6MT7,39,15000,72059,681,225,109.8,1-12mo,30-59,W,IVR,Consolidation,T3
TNMCIIX,35,71527,28340,585,339,103.3,Never,30-59,NE,Mobile,Federal,T4
V1B7FQG,64,63272,47007,789,361,112.7,1-12mo,90+,MW,IVR,Federal,T2
QI3O680,24,49503,82147,618,512,113.5,<30d,30-59,S,Agent,Federal,T2
F7BIHIO,41,60232,59114,584,358,102.6,Never,30-59,MW,Agent,Federal,T4
L6BHFC2,58,75141,45561,655,0,97.9,>1yr,Current,S,Mobile,Consolidation,T6
2PB4HK2,55,50736,3790,793,117,105.3,Never,60-89,W,IVR,Consolidation,T5
LEYRNQS,49,64755,32174,654,187,112.9,>1yr,30-59,S,Agent,Federal,T3
GHS9G9S,42,96807,59591,596,276,103.6,1-12mo,Current,NE,Agent,Federal,T4
LRK5Z8O,41,34583,26441,503,234,101.5,>1yr,Current,MW,Mobile,Federal,T6
71XF2ZC,54,32726,44752,630,0,97.8,<30d,Current,S,Web,Federal,T8
SVHT33C,63,56346,46046,750,0,108.0,<30d,60-89,S,Web,Consolidation,T8
VY87OPU,54,81620,79965,704,0,109.8,Never,60-89,NE,Web,Consolidation,T3
LDWZHQE,48,47277,62263,608,123,114.6,>1yr,90+,MW,IVR,Consolidation,T3
YA2YO22,35,45827,38489,830,300,95.4,>1yr,1-29,S,Agent,Consolidation,T4
O9UUHBO,41,62279,77523,804,590,97.3,1-12mo,30-59,W,Agent,Consolidation,T4
1FYX3XC,66,36467,45728,674,397,107.0,Never,30-59,NE,Mobile,Federal,T2
NVUOU76,51,68260,15425,759,383,100.1,1-12mo,30-59,W,IVR,Federal,T4
T7TA5X8,62,66958,21968,706,258,109.1,Never,90+,MW,Web,Federal,T2
AMLWKVZ,56,49888,50509,784,0,114.9,<30d,60-89,S,Mobile,Federal,T3
4I8YG0F,32,67951,81258,758,45,100.6,<30d,1-29,MW,Mobile,Federal,T8
6ARC4IT,44,52911,53028,751,244,99.7,1-12mo,Current,S,Web,Consolidation,T7
E3IVRHH,43,61418,72574,697,471,104.3,<30d,30-59,W,Mobile,Consolidation,T4
YMUR7SN,33,60737,35130,664,0,110.6,>1yr,30-59,MW,Agent,Federal,T3
HNGP5Y5,67,61086,45807,680,111,106.4,<30d,90+,W,Agent,Consolidation,T8
OCTDEFD,62,39157,45780,609,0,95.3,>1yr,1-29,MW,Web,Federal,T6
KOXW1EI,34,31548,67400,664,186,112.5,<30d,30-59,MW,Mobile,Consolidation,T3
HO3GCP9,48,71237,32368,584,290,114.4,1-12mo,30-59,NE,Mobile,Consolidation,T2
64GAU0D,30,87856,56411,677,250,109.2,>1yr,60-89,W,IVR,Federal,T3
ZI32MAH,42,74366,37058,669,0,99.1,Never,Current,W,Web,Federal,T5
UCNF7RM,58,44562,63847,662,192,113.2,>1yr,30-59,MW,Agent,Federal,T3
IXIYAZH,23,27124,17351,559,64,104.6,Never,1-29,W,IVR,Federal,T5
4D4D196,52,57421,86163,636,121,114.4,<30d,30-59,W,Web,Federal,T3
732LFWZ,50,57604,18567,674,41,98.5,>1yr,Current,NE,Web,Federal,T6
XY0P2XH,33,29317,10130,653,381,106.7,1-12mo,30-59,S,Mobile,Consolidation,T2
RB9XO3Z,43,15000,0,745,25,111.6,Never,30-59,MW,IVR,Consolidation,T3
A72ZLS9,59,39713,10530,678,232,113.6,Never,60-89,MW,Agent,Consolidation,T3
Y9OXFAI,37,76175,77789,783,288,110.0,1-12mo,30-59,S,Agent,Consolidation,T2
FCWVAV2,68,15000,55207,691,260,97.2,Never,Current,NE,Web,Consolidation,T4
BRNRKUB,68,15812,39946,810,0,95.4,1-12mo,Current,MW,IVR,Federal,T7
URJTD5X,47,96022,74306,711,174,97.8,Never,Current,W,Web,Consolidation,T5
SBCYO0A,63,78481,42363,653,251,108.9,Never,30-59,MW,Agent,Consolidation,T2
9ARS2TR,65,54666,37928,590,387,101.0,<30d,30-59,MW,Mobile,Federal,T4
RN5I611,45,67511,13738,619,282,114.7,Never,30-59,NE,Web,Federal,T2
VG4HE5S,55,79131,24812,635,0,113.4,<30d,60-89,MW,IVR,Consolidation,T3
8GPX5B7,58,86091,89298,537,179,106.9,>1yr,60-89,S,Mobile,Federal,T6
O6450SF,34,19803,56444,602,17,102.7,1-12mo,1-29,NE,Agent,Consolidation,T7
BI3MTLP,45,42030,6694,677,285,114.3,>1yr,30-59,MW,Mobile,Consolidation,T2
LCKACHF,61,49804,62510,768,164,106.1,1-12mo,90+,MW,Agent,Federal,T7
VD8J4NH,43,41103,22044,752,61,114.4,1-12mo,90+,W,IVR,Federal,T3
AJTTM19,68,38908,60140,657,0,95.9,>1yr,1-29,MW,Mobile,Consolidation,T6
OITH2S6,28,31030,46354,595,377,112.2,1-12mo,30-59,MW,Web,Consolidation,T2
KF7AN6S,70,60070,56155,630,244,110.7,<30d,30-59,W,Mobile,Federal,T3
1ZNQG7D,52,32426,56948,608,198,107.2,Never,30-59,W,IVR,Federal,T5
SR5THTQ,49,72359,33445,692,199,111.3,>1yr,90+,NE,Agent,Federal,T3
1JARMZ6,51,45681,50510,656,43,100.0,>1yr,Current,NE,Web,Federal,T6
I9KG8IO,66,65212,74694,617,331,103.9,1-12mo,60-89,W,Web,Federal,T4
L4RF4LG,24,56845,43732,719,265,113.7,<30d,60-89,S,Mobile,Consolidation,T2
926CECG,51,23238,50870,752,214,101.7,>1yr,1-29,S,IVR,Federal,T6
3CGR7AJ,26,82453,25783,707,291,101.1,Never,1-29,W,Web,Federal,T4
TH7NXRP,24,75240,34736,702,334,110.7,<30d,90+,W,IVR,Consolidation,T2
OT5974C,38,61444,62477,701,218,106.2,>1yr,30-59,NE,Web,Consolidation,T6
K4DMBQO,58,40332,50530,712,392,106.5,1-12mo,60-89,NE,IVR,Consolidation,T2
JZ45RZU,54,69609,46673,626,0,113.7,<30d,60-89,W,Agent,Consolidation,T3
Y20KKRN,22,42915,0,726,338,97.0,Never,30-59,MW,IVR,Consolidation,T4
DGUFKCO,64,40502,43090,690,0,107.9,1-12mo,30-59,NE,IVR,Consolidation,T7
J87O1P1,55,61722,16862,614,170,105.9,>1yr,60-89,NE,Web,Consolidation,T6
JZ03VU4,68,45949,20309,723,337,102.4,>1yr,30-59,MW,Agent,Federal,T4
AV230L7,45,21264,38052,702,188,99.2,Never,Current,NE,Agent,Consolidation,T5
UHDREE7,50,53159,27049,672,394,105.7,>1yr,90+,W,Web,Consolidation,T2
26C8CX4,30,35803,13874,555,399,110.0,Never,60-89,NE,IVR,Federal,T1
70JFJG1,57,61758,26368,605,384,112.9,>1yr,30-59,NE,Agent,Consolidation,T1
ALNC5L1,53,54404,93068,563,58,105.6,>1yr,30-59,S,Mobile,Consolidation,T6
93R2TWC,45,90861,86834,595,174,101.2,>1yr,Current,NE,Mobile,Consolidation,T6
09ADHPA,30,36101,22913,696,233,102.6,>1yr,Current,NE,IVR,Consolidation,T6
NU2NVEU,61,19912,66510,709,219,107.3,<30d,30-59,W,Web,Consolidation,T8
5I2AZMK,55,66764,0,813,41,107.5,>1yr,30-59,NE,IVR,Federal,T6
65F4VXT,30,35349,41251,618,219,109.0,<30d,30-59,W,Web,Federal,T3
MK6LDM0,28,60173,19016,697,478,114.6,>1yr,60-89,W,Mobile,Federal,T1
LSY5C3T,60,72354,50389,627,261,112.9,>1yr,60-89,MW,Agent,Federal,T2
4JXKP4M,67,49788,2202,617,39,105.7,<30d,90+,MW,Agent,Federal,T8
OND66C8,42,75092,64302,564,292,103.1,<30d,Current,MW,IVR,Federal,T4
BRGG7Z1,37,47174,43813,707,55,98.6,Never,Current,NE,Web,Federal,T5
8D7NIAG,63,46851,8088,599,458,108.9,1-12mo,90+,S,Web,Consolidation,T2
OPQEVQ8,59,44355,76662,766,379,103.6,1-12mo,60-89,S,Mobile,Federal,T4
ZP4VJPI,56,97393,1981,746,0,108.7,1-12mo,60-89,NE,Agent,Consolidation,T3
KRQZUZC,34,50990,68652,708,307,108.6,Never,30-59,S,Web,Consolidation,T2
26T6T4O,67,69199,81366,700,0,106.7,1-12mo,30-59,W,Web,Consolidation,T7
68ZI6XW,25,15891,30457,585,171,97.5,<30d,Current,W,Mobile,Consolidation,T8
UFJEAS0,53,70081,83947,550,0,106.5,1-12mo,30-59,NE,Web,Consolidation,T7
O40VNFT,22,70655,74528,639,115,101.6,1-12mo,Current,S,Agent,Federal,T7
WVKT3F5,35,64099,25462,808,170,105.5,<30d,30-59,W,IVR,Consolidation,T8
3QH2C6B,44,17026,35150,644,192,106.1,>1yr,90+,W,Mobile,Consolidation,T6
E2KL08V,70,41096,54961,666,0,112.1,>1yr,30-59,NE,Agent,Consolidation,T3
Z0HM11B,62,65758,57239,637,150,110.9,<30d,90+,MW,Mobile,Consolidation,T3
UB7Y4QX,48,83336,64712,644,0,110.3,<30d,90+,W,Web,Consolidation,T3
4KTVEPE,32,61247,1998,717,172,102.3,<30d,Current,W,IVR,Consolidation,T8
IZIZCFP,28,48030,87842,579,317,107.2,<30d,30-59,MW,Web,Federal,T2
RMSMVNR,57,43808,72649,764,127,110.5,Never,90+,W,Web,Consolidation,T3
45Z86C7,32,57115,28194,683,0,106.7,1-12mo,60-89,NE,Mobile,Consolidation,T7
I7JQGHE,60,26057,43038,563,280,110.2,>1yr,60-89,MW,Agent,Consolidation,T2
QRO87S5,42,71396,44075,777,344,110.7,1-12mo,30-59,W,IVR,Consolidation,T2
75ZHDVT,36,28883,65580,715,0,108.6,1-12mo,30-59,NE,Web,Federal,T3
KD22QSK,45,39922,48649,736,385,100.7,1-12mo,30-59,W,Mobile,Consolidation,T4
R1BUUPW,51,29470,59911,737,135,100.4,>1yr,1-29,S,IVR,Consolidation,T6
B7NH2LR,50,78368,44283,776,299,114.5,<30d,60-89,S,Web,Federal,T2
33Q0GT4,24,26025,58485,658,283,113.8,Never,30-59,W,Web,Consolidation,T2
U1BOI24,69,49764,69559,537,0,99.1,1-12mo,Current,NE,Mobile,Federal,T7
2RYW875,51,55800,109568,706,376,111.0,<30d,30-59,S,Mobile,Federal,T2
SSLOST6,22,80578,3231,704,247,106.6,1-12mo,90+,MW,Agent,Federal,T7
B2142CK,57,60674,76871,704,310,108.7,Never,60-89,MW,Agent,Federal,T2
WRKG6R4,39,54590,46986,646,282,111.3,>1yr,30-59,S,Mobile,Federal,T2
Z8LPXDB,54,28508,72868,735,484,106.3,<30d,30-59,W,IVR,Federal,T2
DSR6SEQ,54,75413,66501,719,81,99.6,<30d,Current,MW,Mobile,Consolidation,T8
1PB6RRT,46,60408,44337,709,152,105.2,Never,90+,W,Agent,Consolidation,T5
491058W,28,44748,55971,648,138,114.8,Never,60-89,W,Agent,Consolidation,T3
YAGDFTC,31,61351,36604,754,295,97.7,Never,Current,MW,IVR,Federal,T4
5QH5BLH,24,85754,52633,715,156,107.2,Never,30-59,MW,IVR,Consolidation,T5
S3UJ1KY,69,99583,43594,621,98,108.5,Never,60-89,MW,IVR,Consolidation,T3
YMBUVUJ,58,24786,19533,676,65,103.4,<30d,Current,S,Web,Federal,T8
6BYX42C,59,44410,50466,587,137,111.4,<30d,60-89,S,Mobile,Federal,T3
125OWBG,40,66628,57359,742,290,107.1,>1yr,30-59,S,Agent,Consolidation,T2
TSVA8SO,49,77038,39533,726,446,97.3,Never,60-89,W,IVR,Consolidation,T4
CMHDF6I,56,64765,36110,596,127,108.3,1-12mo,30-59,W,Mobile,Federal,T3
03XU452,49,77308,39474,552,619,110.9,1-12mo,90+,NE,Web,Consolidation,T2
9GGG4EW,24,90939,3284,622,0,99.1,<30d,Current,NE,IVR,Consolidation,T8
ICBX8AA,39,49674,70192,684,188,108.3,1-12mo,30-59,NE,Web,Federal,T3
PW385PX,38,46837,69323,722,237,110.4,1-12mo,30-59,W,Agent,Consolidation,T3
OOV47DO,45,36448,31528,707,90,112.6,>1yr,60-89,NE,Web,Consolidation,T3
BA2C6YP,31,63652,5181,508,73,100.7,>1yr,Current,NE,Mobile,Consolidation,T6
WGC9BR6,36,31135,45052,622,0,96.0,<30d,Current,S,Agent,Consolidation,T8
PPWP8VJ,52,55544,23306,626,114,98.3,>1yr,Current,S,IVR,Consolidation,T6
I72U1YA,32,73151,81771,705,0,105.1,1-12mo,30-59,W,Mobile,Federal,T7
L9EKH5S,42,68296,99739,716,301,114.2,<30d,30-59,MW,Mobile,Federal,T2
D2GKNS3,68,104229,53511,644,312,108.1,1-12mo,90+,MW,Web,Federal,T2
Q32ELBC,36,109172,66764,681,295,98.9,>1yr,Current,NE,Mobile,Federal,T4
Y749F3E,54,15000,51605,657,389,95.6,<30d,30-59,MW,IVR,Federal,T4
VNJBBH0,28,61299,60475,588,0,107.8,>1yr,60-89,W,IVR,Federal,T6
GZHSC3T,65,52960,77468,647,140,113.6,>1yr,30-59,MW,IVR,Consolidation,T3
Y03I78W,35,49689,81755,711,348,112.2,1-12mo,90+,S,Agent,Consolidation,T2
BY8XDK1,33,41956,46823,555,141,106.0,<30d,60-89,MW,IVR,Consolidation,T8
7UXWP1Q,59,38141,35437,714,60,105.1,1-12mo,60-89,S,Agent,Consolidation,T7
S8ZYDMC,64,34701,72332,616,111,110.5,Never,30-59,NE,IVR,Federal,T3
7AH2MQM,31,62918,50618,681,176,106.8,1-12mo,30-59,NE,Mobile,Consolidation,T7
7TRPTE9,32,64345,73547,673,255,100.2,<30d,Current,MW,Mobile,Consolidation,T4
5HZS0YU,50,75625,46270,609,127,104.0,1-12mo,Current,NE,Web,Consolidation,T7
FHBFR8L,28,54584,65328,774,117,112.8,<30d,90+,W,Mobile,Consolidation,T3
SYGCDBT,56,60437,79491,715,51,105.2,Never,60-89,MW,Mobile,Federal,T5
SBOIBFV,54,16210,51073,617,211,107.5,>1yr,90+,MW,IVR,Federal,T6
QWX38YH,25,86620,90162,593,363,109.3,>1yr,30-59,W,Agent,Federal,T1
JCT8LQP,44,21564,75771,754,196,108.9,Never,60-89,MW,Web,Consolidation,T3
HEWCCC3,70,78864,26076,771,201,95.2,>1yr,Current,W,IVR,Consolidation,T6
ZOI84HE,65,38710,52673,709,325,99.6,Never,60-89,W,Agent,Federal,T4
S2KGO22,30,56199,43796,726,12,98.5,>1yr,Current,W,Agent,Federal,T6
8Z8MMFH,24,53475,56652,723,298,96.3,1-12mo,Current,NE,Mobile,Consolidation,T4
Q8C5EIX,40,70651,44065,611,453,99.8,>1yr,30-59,NE,IVR,Consolidation,T4
BLVBSBZ,64,63767,38705,670,146,111.2,Never,30-59,MW,Agent,Federal,T3
73R7VFO,27,82754,58222,787,213,100.1,1-12mo,Current,S,IVR,Consolidation,T7
BYX9XMG,34,69298,40260,758,12,103.3,Never,Current,S,Mobile,Federal,T5
KZITUFB,67,54703,48041,678,467,109.3,>1yr,30-59,S,IVR,Federal,T1
RR11XZL,36,66700,22687,730,20,107.5,1-12mo,60-89,NE,Web,Consolidation,T7
TZNK032,27,29041,71321,789,0,111.0,1-12mo,60-89,MW,Web,Federal,T3
9CX9KAO,67,54684,21747,811,0,110.2,>1yr,90+,S,Agent,Federal,T3
48PHE3S,68,50740,27452,740,283,107.6,Never,30-59,NE,Agent,Consolidation,T2
LWSQ87T,56,79397,46096,638,168,109.0,Never,60-89,NE,Web,Consolidation,T3
QJJCWWD,32,61366,134403,575,174,102.8,>1yr,Current,S,Web,Consolidation,T6
U9FCW8X,65,53153,49641,730,122,107.3,1-12mo,30-59,S,Web,Consolidation,T7
WWT4W4I,32,45460,51768,610,0,110.0,<30d,30-59,W,Mobile,Federal,T3
61MPHR3,30,73590,37729,734,269,95.9,>1yr,Current,S,Mobile,Consolidation,T4
4XUFEXE,68,62263,48619,716,274,96.2,Never,Current,NE,IVR,Consolidation,T4
KPVLMXX,63,25277,29104,791,444,97.5,>1yr,60-89,MW,Mobile,Federal,T4
X80FFU1,67,88287,48402,712,127,101.4,Never,Current,W,Web,Consolidation,T5
AGJWA3A,29,64383,29509,668,268,111.4,>1yr,30-59,W,Web,Consolidation,T2
UZWB9XZ,48,79333,51297,636,116,95.7,>1yr,Current,NE,IVR,Federal,T6
7UTIQX7,39,75014,81740,693,342,96.3,>1yr,30-59,W,IVR,Federal,T4
Y6RW719,44,90572,42585,816,0,107.7,<30d,90+,NE,Agent,Federal,T8
CN7F0SX,50,78492,29054,705,322,109.7,>1yr,30-59,NE,Agent,Federal,T2
E4HT54T,47,64802,47131,618,183,103.7,1-12mo,Current,NE,Mobile,Federal,T7
2J2YDWW,60,49285,52598,775,215,95.3,Never,1-29,MW,Mobile,Federal,T5
MDZI0ZH,63,66061,0,602,320,104.5,<30d,60-89,NE,Mobile,Federal,T4
2Q28GAB,27,100158,14063,541,180,109.9,1-12mo,30-59,MW,Web,Federal,T3
QPFJ461,24,61211,98910,680,444,96.5,>1yr,60-89,NE,Web,Federal,T4
EWTYCGI,64,73708,20912,749,273,106.4,Never,90+,W,IVR,Consolidation,T2
CAWNRGO,59,81525,18022,728,362,104.0,Never,60-89,W,Web,Federal,T4
SC0WC9Q,30,60626,33912,678,225,109.9,Never,60-89,W,Agent,Federal,T3
HKNG2WD,30,79263,35183,697,219,105.9,<30d,90+,MW,Web,Federal,T8
67JQ4XU,34,112151,48671,634,51,98.1,1-12mo,Current,NE,Mobile,Federal,T7
04Q69SA,67,31632,79034,648,0,110.5,1-12mo,30-59,W,Web,Federal,T3
7ZPZ97L,35,73982,87584,671,1,99.9,Never,Current,W,Mobile,Federal,T5
9WDH2W5,70,45848,25558,635,245,110.8,Never,90+,NE,IVR,Federal,T3
4O30A9Q,42,55886,78888,728,312,111.1,1-12mo,30-59,W,Agent,Federal,T2
INRD7RH,55,94734,49804,648,193,104.5,1-12mo,Current,W,Agent,Federal,T7
EI0263B,58,32377,89374,636,351,101.8,<30d,30-59,S,Web,Consolidation,T4
73KHJR0,65,27308,57569,675,236,104.4,<30d,Current,S,Mobile,Consolidation,T8
00445UY,65,83867,54489,705,139,100.4,>1yr,1-29,S,Mobile,Federal,T6
VTGX8U7,64,72935,39198,596,288,102.1,>1yr,Current,W,Agent,Consolidation,T4
97H8Q9A,31,89001,35074,565,456,104.1,<30d,60-89,S,Web,Consolidation,T4
G2RVYCF,44,58825,54470,631,201,106.6,<30d,60-89,NE,Web,Federal,T8
7I4GTYA,44,89539,39650,745,79,95.4,Never,Current,S,IVR,Consolidation,T5
F3BZIHS,30,39463,19710,707,0,98.4,1-12mo,Current,W,Mobile,Consolidation,T7
JRGLO10,57,15000,10500,599,141,111.0,>1yr,30-59,NE,Agent,Consolidation,T3
OKYD93L,43,30309,46550,789,169,106.0,>1yr,30-59,NE,Agent,Federal,T6
5NNJQBR,61,26215,79339,598,0,113.7,<30d,60-89,MW,IVR,Consolidation,T3
76CRQOQ,55,70311,24475,718,264,96.0,1-12mo,1-29,MW,Web,Consolidation,T4
RA7GUKJ,61,44264,28556,777,299,110.9,>1yr,30-59,W,Web,Consolidation,T2
J2B1NMP,41,66782,78580,694,347,110.6,>1yr,90+,NE,IVR,Consolidation,T2
S53JFBB,25,54823,52251,648,348,104.7,<30d,60-89,W,IVR,Federal,T4
94MGZ7B,42,71345,53803,620,163,111.2,<30d,30-59,S,Mobile,Consolidation,T3
3PM24PT,50,39066,48368,688,175,99.6,Never,Current,MW,Mobile,Consolidation,T5
XPJ5KH5,28,66783,97972,578,5,114.8,<30d,60-89,W,Agent,Federal,T3
2FGLU7C,22,67747,66214,597,33,102.5,>1yr,Current,S,Agent,Federal,T6
70V22FD,37,33467,29043,621,97,107.0,Never,90+,S,Web,Federal,T5
CYQ06X8,40,102987,31074,725,144,101.4,1-12mo,Current,MW,Mobile,Consolidation,T7
9H9XP85,29,61986,32845,584,91,114.2,Never,30-59,S,Mobile,Federal,T3
OAIP1I8,57,48767,45988,540,380,102.1,>1yr,60-89,MW,IVR,Federal,T4
N5BGSQS,50,53394,75966,593,144,101.3,<30d,Current,NE,Web,Consolidation,T8
NDAGVEN,68,18993,31316,638,54,99.0,1-12mo,Current,NE,Web,Consolidation,T7
6JE5HGM,67,48291,8381,784,0,112.3,1-12mo,30-59,S,Agent,Consolidation,T3
LKRB2GH,53,62404,59337,658,0,95.4,1-12mo,Current,S,Agent,Consolidation,T7
3CJZDRQ,29,35023,32313,675,65,106.8,Never,60-89,W,IVR,Federal,T5
SVTYUTI,37,24516,0,670,151,102.7,1-12mo,Current,NE,Web,Consolidation,T7
I2RUX07,30,33966,53299,684,153,112.3,1-12mo,30-59,W,Agent,Consolidation,T3
66WQNGT,63,35140,34293,649,400,109.2,Never,30-59,S,Agent,Federal,T1
5P5PQE7,22,62818,35483,750,76,95.2,>1yr,Current,W,Web,Consolidation,T6
AQSZSY7,70,79073,114450,732,312,114.0,>1yr,30-59,MW,Agent,Consolidation,T2
O62M5J5,38,63057,121670,639,56,111.1,Never,30-59,NE,Web,Consolidation,T3
VPH2GCV,31,58640,50046,731,387,110.2,1-12mo,60-89,W,Agent,Consolidation,T2
UZHA62Z,66,52718,28737,611,144,95.9,1-12mo,Current,S,IVR,Federal,T7
HBC46OB,68,64274,17892,621,239,103.9,>1yr,Current,S,Web,Consolidation,T6
E455LUN,35,75598,53042,559,135,100.1,1-12mo,Current,W,Mobile,Federal,T7
I18PIQF,26,39234,48797,818,158,98.4,>1yr,Current,MW,Web,Consolidation,T6
E49I75T,37,15000,20449,622,5,100.5,>1yr,Current,NE,Web,Consolidation,T6
HMALKED,47,59173,24354,600,357,103.6,Never,30-59,NE,Agent,Consolidation,T4
ZI7W73W,58,51771,35279,657,170,104.3,1-12mo,Current,NE,Mobile,Federal,T7
38IRGVP,51,37423,32642,668,0,112.2,<30d,60-89,S,Mobile,Consolidation,T3
QOAE10V,37,56109,32538,771,214,110.7,<30d,30-59,W,Web,Consolidation,T3
SUT2OZC,59,41065,33598,627,163,113.8,>1yr,30-59,W,Agent,Federal,T3
VXPUIK3,50,36523,72250,720,471,109.2,Never,30-59,NE,Mobile,Consolidation,T1
VYPPU5D,37,59950,32576,751,109,113.8,1-12mo,30-59,MW,Mobile,Federal,T3
Q6IXXHT,22,27127,11665,688,221,106.8,Never,30-59,W,Agent,Consolidation,T5
0TSN27U,65,36671,74944,735,424,111.9,<30d,90+,W,Mobile,Federal,T2
J2C6UT2,28,55515,0,796,0,109.4,1-12mo,30-59,S,Mobile,Consolidation,T3
XDLKOAI,32,31842,38462,661,64,102.6,Never,1-29,S,IVR,Federal,T5
ZOBD0BU,25,41456,107274,730,377,112.7,>1yr,30-59,S,Web,Consolidation,T1
684YE7G,65,69847,34116,684,45,112.7,>1yr,30-59,NE,Mobile,Federal,T3
6KLXIBD,24,58432,67287,539,459,106.9,<30d,90+,NE,Web,Federal,T2
8ROVSJA,27,72352,105436,817,227,96.0,>1yr,Current,MW,Mobile,Federal,T6
DUM7HP4,26,50113,64718,735,161,111.7,<30d,90+,MW,Mobile,Federal,T3
KTV0J5A,66,78836,73959,730,186,111.4,1-12mo,30-59,W,Mobile,Federal,T3
LZEJAJF,34,74389,28895,638,153,97.9,<30d,Current,S,Agent,Consolidation,T8
5FTSQ68,39,32028,51988,568,268,111.0,>1yr,30-59,NE,Web,Consolidation,T2
2M0R29G,62,70904,43506,661,323,105.5,>1yr,60-89,NE,Web,Federal,T2
79TOZYB,45,31449,20844,593,27,101.6,>1yr,Current,W,Agent,Federal,T6
FTBO0QU,55,15175,58280,722,173,97.3,<30d,1-29,S,IVR,Consolidation,T8
7DLET5F,62,52762,38017,722,191,113.9,1-12mo,60-89,NE,Mobile,Consolidation,T3
HY00XFQ,64,53885,44841,634,95,97.0,1-12mo,1-29,MW,Mobile,Federal,T7
F7HYE73,24,51624,12366,712,427,97.5,>1yr,30-59,W,Agent,Federal,T4
EHOWUVS,67,75050,48533,688,67,101.5,<30d,Current,S,Agent,Federal,T8
VAN3PLI,70,46218,40803,673,56,96.2,Never,Current,NE,Mobile,Consolidation,T5
TOUOXS1,42,56821,75053,742,33,95.9,1-12mo,1-29,MW,Mobile,Federal,T7
1HJ8NHB,43,63019,73367,766,290,106.3,<30d,30-59,NE,Agent,Federal,T2
GRWFPKQ,45,45602,35278,715,334,103.7,<30d,30-59,MW,Web,Consolidation,T4
6XYY4YU,60,62614,57678,594,91,103.0,>1yr,Current,MW,Mobile,Consolidation,T6
2ZUF2MD,55,42259,58472,634,476,107.9,>1yr,30-59,S,Agent,Consolidation,T2
7RHXAFK,61,30119,28580,654,461,104.6,Never,60-89,MW,Mobile,Federal,T4
514REWP,29,46670,78164,600,0,113.7,<30d,30-59,NE,Web,Consolidation,T3
L3KZ59U,48,65139,26967,662,196,96.3,1-12mo,Current,MW,Web,Federal,T7
0GE5OVB,43,15000,47512,617,344,99.6,Never,30-59,MW,Agent,Consolidation,T4
U2OSWJ4,23,40464,42443,689,352,103.8,>1yr,30-59,S,Agent,Federal,T4
QS1K80W,50,63747,40158,689,84,96.7,>1yr,1-29,S,IVR,Consolidation,T6
T4RKSJ0,55,67766,38135,538,291,102.8,1-12mo,Current,NE,Agent,Consolidation,T4
LWOK50K,59,79508,50556,747,319,105.9,<30d,90+,S,IVR,Federal,T2
Z5G0A69,42,57697,20718,758,422,112.5,Never,30-59,NE,IVR,Consolidation,T1
LS98W4X,44,21535,71493,623,387,106.7,Never,60-89,NE,IVR,Federal,T2
58DR5JX,39,22429,47060,637,259,101.7,1-12mo,Current,MW,IVR,Federal,T4
0GKQ29G,58,46592,14479,806,0,106.6,Never,30-59,MW,Agent,Federal,T5
UW6XHLJ,26,23791,67744,676,170,109.5,1-12mo,60-89,NE,IVR,Consolidation,T3
W6ILUFY,66,77509,40406,726,136,99.4,Never,Current,MW,IVR,Consolidation,T5
Y1EVVRH,50,35067,62120,651,286,103.2,Never,Current,W,Agent,Consolidation,T4
H5QFDEZ,45,58288,27540,594,281,104.7,<30d,Current,MW,IVR,Federal,T4
A6SZTZL,47,51607,63708,651,0,99.3,Never,Current,S,Web,Federal,T5
PMWAS3E,64,93542,73047,532,160,101.9,Never,1-29,S,Agent,Consolidation,T5
OHBBPMJ,23,15000,24464,664,0,96.7,<30d,Current,S,IVR,Federal,T8
ZAPBWPI,36,77132,9239,833,0,111.3,1-12mo,30-59,MW,Mobile,Federal,T3
KR3IBAY,62,53384,53018,751,41,111.7,Never,60-89,S,Web,Consolidation,T3
NQ1CC7Y,55,93553,30514,682,468,97.1,>1yr,60-89,W,IVR,Consolidation,T4
W7DTNAB,28,82833,91716,735,346,112.1,<30d,60-89,NE,Mobile,Federal,T2
ZDCCHUG,69,86309,48542,701,532,95.3,Never,60-89,MW,IVR,Consolidation,T4
MV9350L,48,61026,20540,738,533,102.9,>1yr,30-59,W,Web,Federal,T4
HDQS09Z,62,31790,41738,721,151,106.9,>1yr,90+,W,IVR,Federal,T6
DDPKO0L,57,90593,97868,603,179,113.8,<30d,90+,W,Web,Federal,T3
1GOTFCG,31,86999,34575,703,322,96.1,<30d,60-89,NE,Web,Federal,T4
Z4TDZ7W,25,15154,34189,742,346,106.0,1-12mo,60-89,NE,Web,Federal,T2
ZE16Z2P,54,40762,61070,706,229,99.1,<30d,Current,NE,Agent,Federal,T8
KC4V21W,50,69724,51293,705,279,98.6,1-12mo,Current,NE,Web,Federal,T4
ONXMM42,44,67971,34508,734,238,98.2,<30d,Current,S,Agent,Consolidation,T8
DTE84IX,43,25489,82089,740,151,109.4,1-12mo,30-59,NE,Agent,Consolidation,T3
MZYEPXV,40,67703,17891,650,197,102.9,1-12mo,Current,MW,Web,Consolidation,T7
XMDAIKO,34,64160,49373,704,350,113.1,Never,30-59,NE,Mobile,Consolidation,T2
WQ54NN1,25,71475,44308,661,0,114.7,>1yr,30-59,MW,Mobile,Federal,T3
2O35KZM,41,72298,78053,716,358,100.0,Never,30-59,S,IVR,Federal,T4
YKY4IH2,63,47191,52334,669,0,103.0,Never,Current,S,Web,Federal,T5
MAM08W3,69,52195,75887,646,448,105.9,<30d,60-89,NE,Mobile,Consolidation,T2
51WXYSO,31,70809,28,609,512,115.0,>1yr,30-59,MW,Web,Federal,T1
FTRKGTX,43,60248,25716,820,401,97.7,1-12mo,90+,NE,Web,Consolidation,T4
8GFJEEC,32,83560,24696,690,0,112.6,1-12mo,30-59,W,Web,Federal,T3
SO2V5RC,48,53287,37145,765,0,104.8,>1yr,Current,NE,Agent,Consolidation,T6
D83XOLK,27,69153,67616,701,97,95.5,1-12mo,Current,MW,Mobile,Consolidation,T7
UJXLEBV,64,73894,51754,696,117,114.4,Never,60-89,MW,Agent,Consolidation,T3
N795R76,52,52942,97088,610,0,106.1,1-12mo,30-59,NE,Web,Federal,T7
UOXKGP4,32,69439,36560,600,0,107.0,Never,30-59,W,Mobile,Federal,T5
ZJ3QT5H,38,56475,52816,642,308,112.4,Never,30-59,W,Mobile,Federal,T2
8E1XD7J,69,52039,21308,553,395,112.0,Never,30-59,W,Agent,Federal,T1
YBAWR8U,26,77594,13903,768,369,98.9,<30d,30-59,MW,Web,Consolidation,T4
LAC095R,54,22440,30521,573,264,109.0,<30d,60-89,MW,IVR,Consolidation,T2
4K2OSJC,56,53190,43287,592,11,95.8,>1yr,1-29,NE,Mobile,Federal,T6
6UMFS2K,69,21510,48865,757,14,106.2,Never,30-59,W,Agent,Consolidation,T5
DJ6K0IZ,22,48501,44115,683,25,97.7,>1yr,Current,NE,Web,Federal,T6
W9SAFW7,29,18350,44642,684,448,107.0,<30d,90+,S,Web,Federal,T2
FY2ZX68,31,34621,32531,743,121,103.9,>1yr,Current,S,Web,Consolidation,T6
0KFHQ6V,58,35573,72086,716,320,114.6,Never,30-59,NE,IVR,Consolidation,T2
2H2XQ5J,39,75526,64596,727,287,95.7,<30d,Current,S,Web,Federal,T4
CFA14N0,53,64184,9561,747,202,108.9,1-12mo,30-59,MW,Mobile,Consolidation,T3
ZSF7N8F,53,54829,38298,594,356,110.3,1-12mo,60-89,NE,IVR,Consolidation,T2
5GF63IG,51,82272,13054,726,21,110.6,>1yr,30-59,NE,Mobile,Consolidation,T3
RWLLTC1,64,84273,42543,621,195,114.2,<30d,30-59,S,Web,Federal,T3
TCXXA1P,29,82531,44499,713,191,113.2,>1yr,30-59,S,Agent,Consolidation,T3
D7QPBEK,34,51534,27831,569,286,104.2,Never,Current,NE,IVR,Consolidation,T4
BF1WG4C,69,56248,64640,651,335,109.0,<30d,30-59,MW,Web,Consolidation,T2
WNM4RKJ,56,54636,41185,679,363,96.0,Never,60-89,NE,Agent,Consolidation,T4
RFG0NA4,68,61267,61201,687,112,100.9,Never,Current,MW,Agent,Federal,T5
9XG9X3E,25,27290,58984,722,0,97.2,Never,1-29,MW,Agent,Federal,T5
LQTXNFH,56,62763,98644,701,6,113.8,Never,30-59,W,IVR,Federal,T3
Y66Z1SX,56,40866,32777,608,248,97.6,>1yr,Current,W,Agent,Federal,T6
ACPR3BM,22,85176,31956,592,21,97.4,Never,Current,MW,IVR,Federal,T5
YJLZ5SP,61,58479,31099,596,161,107.0,1-12mo,90+,W,IVR,Federal,T7
7G12M6E,70,53564,45817,717,0,95.1,<30d,Current,W,IVR,Consolidation,T8
3ZLG6ES,47,62954,33262,632,318,101.5,Never,60-89,MW,Agent,Consolidation,T4
77J3VG8,47,32292,35298,753,261,98.3,Never,Current,NE,IVR,Federal,T4
2SAKQLA,65,94969,39071,732,0,95.5,<30d,Current,S,Mobile,Federal,T8
ZOMKNDD,50,37972,44552,717,318,101.1,1-12mo,90+,S,Web,Federal,T4
3EV0P28,65,80242,93624,718,169,96.7,<30d,Current,NE,Web,Consolidation,T8
W307HIQ,42,81597,43350,713,57,108.9,Never,90+,MW,Web,Consolidation,T3
KYOB6FO,46,86462,48785,731,332,106.0,<30d,30-59,NE,Web,Federal,T2
NQJQJCN,58,53180,37025,705,414,98.8,>1yr,60-89,NE,Web,Consolidation,T4
BGE0PFA,67,33355,3853,653,267,112.4,>1yr,60-89,MW,Mobile,Consolidation,T2
923BC2A,28,67922,61663,642,105,101.4,Never,1-29,NE,Web,Consolidation,T5
8KCXSPB,31,61398,63416,696,380,105.1,1-12mo,30-59,MW,Mobile,Consolidation,T2
078HAJQ,54,51585,66742,737,110,101.3,>1yr,Current,NE,Agent,Federal,T6
CQOXH9H,45,57427,51744,750,70,110.8,Never,30-59,NE,IVR,Federal,T3
YM6N7CU,57,56919,62887,714,164,100.3,Never,Current,W,Agent,Consolidation,T5
UYRQRRC,49,21460,41050,677,84,108.8,1-12mo,30-59,NE,Web,Consolidation,T3
E672P7M,42,55964,43203,726,93,98.4,<30d,Current,MW,Agent,Consolidation,T8
AQQR5NU,57,62007,4092,634,208,106.2,Never,60-89,W,Agent,Federal,T5
H1767LU,40,36414,44516,647,352,95.6,>1yr,30-59,W,Agent,Federal,T4
1I5781B,53,79225,25310,757,0,105.5,<30d,30-59,NE,Web,Consolidation,T8
MVP8JPP,38,78923,3926,710,213,112.9,1-12mo,60-89,W,Mobile,Consolidation,T3
56QK4EN,56,49181,33577,706,160,113.6,1-12mo,60-89,S,IVR,Federal,T3
VV5Y7ZN,22,41081,61497,719,0,105.0,<30d,Current,NE,IVR,Federal,T8
FJBJM5S,29,67673,51684,592,122,107.5,<30d,30-59,MW,Mobile,Consolidation,T8
MZOWQB3,36,51040,72516,793,221,105.1,Never,90+,W,IVR,Federal,T5
LEVK00G,55,54934,95313,700,216,102.2,<30d,1-29,S,IVR,Consolidation,T8
OYIYH1D,34,44154,66392,782,272,112.2,Never,90+,W,IVR,Consolidation,T2
1EIDC2G,36,77678,62739,699,64,105.7,>1yr,30-59,S,Agent,Federal,T6
KMFWRHN,61,75677,17431,648,96,102.4,>1yr,Current,NE,Mobile,Consolidation,T6
MAS5R6N,64,38783,52715,655,0,115.0,>1yr,60-89,W,IVR,Consolidation,T3
600A7VS,64,28475,58140,624,0,109.9,>1yr,30-59,NE,Mobile,Federal,T3
0CJMITA,70,26628,61514,644,197,99.6,>1yr,1-29,S,IVR,Federal,T6
3V0PHWM,66,31303,47332,663,0,101.8,1-12mo,Current,MW,Mobile,Consolidation,T7
HC6FS4T,68,30821,51772,703,266,100.5,<30d,Current,NE,Agent,Federal,T4
8MACFGG,31,39776,45663,672,0,107.0,Never,90+,NE,IVR,Federal,T5
EJLC9C6,45,89165,36818,672,73,112.7,<30d,60-89,W,Agent,Federal,T3
LB8ZERZ,49,53709,45933,609,144,96.2,1-12mo,1-29,W,Web,Consolidation,T7
2V67XCY,29,57521,94019,726,327,111.0,Never,30-59,S,Web,Federal,T2
Q99IPJL,55,46927,49418,561,22,98.6,>1yr,Current,W,Web,Consolidation,T6
W7DWOFT,55,62920,69527,632,90,113.9,>1yr,30-59,NE,Agent,Consolidation,T3
2F76J0H,49,64799,36742,622,215,101.8,Never,Current,NE,Agent,Consolidation,T5
3WSWTP8,67,15000,22540,690,0,108.0,1-12mo,30-59,MW,Web,Consolidation,T7
EBX5FQW,57,65973,54532,718,294,96.4,>1yr,Current,MW,Web,Consolidation,T4
S19E5ZA,22,60586,76830,623,0,97.2,>1yr,Current,W,IVR,Federal,T6
KI3O3M8,66,83531,57497,699,267,110.0,Never,30-59,NE,Mobile,Federal,T2
4BSZK6E,36,15000,1246,764,80,102.7,Never,Current,W,IVR,Federal,T5
CVQ5QUN,54,83465,61035,603,166,114.3,<30d,60-89,MW,Web,Consolidation,T3
Y4GJQUD,28,61097,31278,735,307,111.7,<30d,60-89,MW,IVR,Federal,T2
RQ9ML48,28,58458,94592,754,70,110.2,<30d,30-59,MW,Mobile,Federal,T3
GGDEKIP,22,61863,49958,684,116,103.0,Never,1-29,W,Agent,Consolidation,T5
OTISSQW,32,59106,20498,641,161,100.1,Never,Current,W,IVR,Consolidation,T5
1FF1KOI,68,39472,56342,672,119,109.6,Never,90+,NE,Web,Consolidation,T3
E8WVPU7,52,44908,58158,679,6,110.0,Never,90+,NE,Mobile,Federal,T3
PE9Q2I4,46,51760,0,707,199,100.3,<30d,1-29,NE,Web,Consolidation,T8
EV4NGDA,66,30079,43187,764,101,98.3,Never,Current,MW,IVR,Federal,T5
H40QT8P,68,59669,26727,619,273,104.5,Never,1-29,MW,IVR,Federal,T4
S6L1O97,57,53941,58370,623,178,103.8,>1yr,Current,W,IVR,Federal,T6
PZZQM99,41,66800,55529,593,86,105.5,>1yr,30-59,NE,IVR,Consolidation,T6
HMF3RYR,31,50229,32323,707,1,110.3,>1yr,90+,S,IVR,Federal,T3
F12NWF3,42,91039,44485,810,165,101.0,1-12mo,1-29,MW,Agent,Federal,T7
6AYI2V3,34,51117,60482,752,115,108.9,>1yr,30-59,W,IVR,Federal,T3
D92P3AX,57,80526,78542,814,35,101.7,Never,1-29,W,Mobile,Federal,T5
WOOJ35N,61,51944,49818,602,341,97.1,1-12mo,90+,MW,Web,Consolidation,T4
PZGMICI,52,71140,41468,707,59,104.1,<30d,Current,S,IVR,Consolidation,T8
H815F8N,30,45925,17159,663,77,103.0,>1yr,1-29,S,Agent,Federal,T6
I6THTM6,29,44936,49061,640,254,102.9,>1yr,Current,NE,Agent,Consolidation,T4
36BEBGD,28,31096,11141,694,187,114.1,1-12mo,30-59,S,IVR,Federal,T3
GW97AAK,58,49336,25270,690,119,98.0,<30d,Current,MW,Agent,Federal,T8
6B3BX3F,32,62849,71191,658,195,105.3,1-12mo,60-89,S,Agent,Federal,T7
5DSZ28F,22,37895,12918,677,212,109.8,Never,30-59,S,Web,Consolidation,T3
H17VTA2,22,26623,51631,738,316,102.2,<30d,30-59,W,Agent,Federal,T4
P6US8SL,70,27444,75837,786,395,103.2,>1yr,30-59,MW,IVR,Consolidation,T4
3TVK3F6,59,28171,14272,718,316,95.2,1-12mo,60-89,NE,Agent,Federal,T4
XTVUMTW,41,47174,62624,552,31,97.4,1-12mo,1-29,W,Web,Consolidation,T7
D5HV7G9,32,54830,35456,696,182,113.5,<30d,30-59,MW,Mobile,Consolidation,T3
2XWRF94,43,65379,22244,766,229,112.5,>1yr,90+,W,Mobile,Consolidation,T3
D55Q67U,37,54489,43188,679,190,110.2,1-12mo,30-59,W,Mobile,Consolidation,T3
VC67OFC,59,34104,75071,825,207,104.9,Never,Current,MW,Mobile,Federal,T5
I9LSU2D,36,44096,97563,786,358,110.0,1-12mo,30-59,NE,IVR,Federal,T2
0XVFOZ3,48,55390,59681,633,620,102.9,>1yr,90+,W,Agent,Consolidation,T4
8YE21BF,40,59765,30571,646,0,104.9,>1yr,1-29,NE,IVR,Consolidation,T6
9UCOQXW,50,57335,58879,584,300,114.4,>1yr,60-89,MW,Mobile,Consolidation,T2
FK4B03X,61,40440,59960,624,333,107.1,1-12mo,60-89,W,Mobile,Consolidation,T2
ZICKR8G,56,20236,28310,786,148,106.2,1-12mo,30-59,MW,Mobile,Federal,T7
JEAGTOK,29,55416,22929,616,40,99.5,Never,Current,MW,IVR,Consolidation,T5
FQYWRTH,32,40915,20955,722,0,95.4,1-12mo,Current,NE,Agent,Consolidation,T7
M03MKUE,53,73014,49998,635,115,113.4,1-12mo,30-59,NE,IVR,Consolidation,T3
V76R3G1,47,81199,40872,645,108,113.6,Never,30-59,NE,Mobile,Federal,T3
EZSN9NM,25,48628,79544,707,275,95.3,<30d,Current,NE,Agent,Federal,T4
2HVDIE7,33,70061,70474,665,347,104.3,>1yr,90+,S,IVR,Consolidation,T4
A2UWFSQ,59,68387,6911,850,263,104.7,>1yr,Current,NE,Agent,Federal,T4
DFQP9IW,70,42880,40197,681,388,102.5,<30d,30-59,W,Mobile,Federal,T4
933CBXY,62,89784,14206,610,255,103.2,1-12mo,Current,S,Web,Consolidation,T4
B9R97R9,46,31749,18751,702,344,100.6,Never,90+,S,Web,Federal,T4
YQ3YOHD,63,34392,32107,648,485,112.0,Never,30-59,W,Web,Federal,T1
P7PFDL9,23,80875,1769,677,0,105.5,Never,30-59,S,Web,Consolidation,T5
5NP07F7,37,32781,27365,706,285,97.0,1-12mo,Current,NE,Agent,Consolidation,T4
JZQ2NX6,58,55926,73024,611,175,102.6,Never,Current,MW,IVR,Federal,T5
99T1CMP,29,44022,31349,758,319,111.0,1-12mo,60-89,NE,Agent,Federal,T2
ZZ6O3Y4,37,60685,28962,640,103,112.5,1-12mo,90+,NE,IVR,Federal,T3
TCKNB4F,66,38573,22236,672,198,98.0,Never,1-29,MW,IVR,Consolidation,T5
BB9NLFV,62,52107,72015,471,59,103.1,Never,Current,NE,Web,Federal,T5
09HYA91,47,55076,68435,810,230,102.7,<30d,1-29,NE,IVR,Consolidation,T8
K1WQARJ,54,70527,80379,657,221,95.4,<30d,Current,MW,Web,Federal,T8
N075OBX,65,81305,18544,702,0,106.4,1-12mo,30-59,NE,Agent,Consolidation,T7
NSSJ9XI,26,60255,18179,670,0,102.8,Never,Current,S,Web,Consolidation,T5
5DJ7BRP,46,36979,11177,779,86,102.3,>1yr,Current,NE,Mobile,Federal,T6
J50SINC,51,55836,20613,757,16,95.2,1-12mo,Current,MW,Mobile,Consolidation,T7
56G2ZQ4,59,95457,91827,738,170,112.1,<30d,60-89,NE,Mobile,Consolidation,T3
Z0WLTPM,40,74898,19463,713,0,114.4,1-12mo,30-59,W,Agent,Federal,T3
H10COZS,29,86997,55898,581,409,107.1,>1yr,90+,W,Mobile,Federal,T2
DOEMQFC,53,74628,48998,627,128,99.3,<30d,Current,W,Web,Consolidation,T8
552QTXS,52,95331,19178,657,326,110.5,1-12mo,90+,W,Mobile,Consolidation,T2
4PW18IG,54,38597,14273,714,338,106.2,<30d,90+,S,Web,Federal,T2
P0INTZD,61,36199,39695,553,60,111.4,1-12mo,30-59,S,Agent,Consolidation,T3
XLN1WMW,41,22087,43635,573,370,105.8,Never,30-59,S,Web,Consolidation,T2
VAC57LL,54,60224,61925,653,389,110.0,>1yr,30-59,NE,Agent,Federal,T1
I7LDN86,64,48503,19716,713,0,99.1,Never,Current,NE,Mobile,Federal,T5
T9ACKQ6,34,38682,40543,687,152,106.9,Never,30-59,MW,Web,Consolidation,T5
3APUPTM,44,84544,53014,735,0,99.1,<30d,Current,W,Web,Consolidation,T8
ZSO9SRM,51,65891,37985,592,372,108.9,1-12mo,30-59,W,Web,Federal,T2
B5JOB7Q,32,17972,75638,634,34,111.4,<30d,30-59,NE,IVR,Federal,T3
ZF9IZPF,47,65852,86628,663,62,110.6,Never,30-59,NE,IVR,Consolidation,T3
L0B0NNU,40,85442,53488,702,58,102.5,Never,Current,W,Agent,Consolidation,T5
35HWF3H,36,77923,85697,605,197,97.2,>1yr,Current,W,Web,Consolidation,T6
6C29OH7,40,52546,46361,679,227,97.5,<30d,Current,S,Mobile,Consolidation,T8
19TEBY1,27,37125,58771,761,262,114.5,1-12mo,60-89,MW,Mobile,Federal,T2
D4YHVG4,33,67658,30729,746,286,108.8,>1yr,30-59,MW,Mobile,Federal,T2
3TELMK4,69,48975,7209,537,188,102.1,1-12mo,1-29,W,Mobile,Federal,T7
51QJ3V0,32,44191,27700,597,0,105.4,Never,30-59,W,Web,Consolidation,T5
P250MWZ,68,74378,7638,658,158,97.8,1-12mo,Current,MW,IVR,Federal,T7
XI2PGIF,38,81616,76193,753,0,108.2,Never,60-89,W,Mobile,Federal,T3
6XC9922,66,42491,25286,775,91,108.9,Never,60-89,NE,IVR,Consolidation,T3
JQ6VSVP,57,15000,29527,739,60,97.5,1-12mo,Current,W,Agent,Federal,T7
ZXNZBMH,35,53556,109299,658,105,104.5,1-12mo,Current,NE,IVR,Federal,T7
24H7JZA,32,42067,33204,599,146,100.1,Never,Current,S,Web,Consolidation,T5
FJH16C1,70,64335,35780,691,342,110.7,>1yr,30-59,W,IVR,Consolidation,T2
69AAMND,56,59309,19912,624,190,107.0,1-12mo,30-59,S,Mobile,Federal,T7
0LJKJ1Q,70,64223,45799,640,102,103.2,Never,Current,S,Web,Federal,T5
I0NPJCC,49,49319,15069,656,82,112.0,Never,60-89,W,IVR,Federal,T3
TP64ONL,35,42880,29988,577,250,102.9,1-12mo,Current,W,Mobile,Consolidation,T7
VKZ6AXY,70,83746,70501,625,469,103.1,<30d,30-59,NE,Web,Federal,T4
TDOLG4U,29,37504,50996,572,258,103.4,<30d,Current,W,Mobile,Federal,T4
IU5JTWR,30,69332,44571,721,585,102.2,<30d,60-89,MW,IVR,Federal,T4
Q6SV84O,22,57954,36859,751,342,104.7,<30d,30-59,W,Web,Federal,T4
3O07D2L,56,39850,50297,767,223,101.4,1-12mo,1-29,MW,IVR,Consolidation,T7
94PZULB,68,94304,76293,678,355,114.2,>1yr,60-89,NE,IVR,Consolidation,T1
KCL8H5D,54,52911,63601,694,317,112.1,<30d,30-59,MW,Web,Consolidation,T2
K5G7FB7,54,36796,49755,730,297,103.4,Never,1-29,S,Web,Federal,T4
JI2AXNL,37,49659,49482,637,73,98.5,>1yr,Current,MW,Mobile,Consolidation,T6
9DX3GNH,50,99153,72728,722,419,101.2,>1yr,60-89,MW,IVR,Federal,T4
KIHFBRP,47,61595,58753,715,64,101.7,1-12mo,Current,S,Web,Federal,T7
2HRIGGR,70,45759,34067,693,67,99.1,1-12mo,Current,W,Mobile,Consolidation,T7
KHPYSSG,39,79160,17795,657,0,103.2,1-12mo,Current,NE,Web,Consolidation,T7
56NJ3MT,25,54831,40309,814,0,96.8,1-12mo,Current,S,IVR,Consolidation,T7
BEXCFX0,54,41737,57570,622,274,106.2,>1yr,30-59,S,Agent,Consolidation,T2
VLU249X,38,49030,60580,654,6,96.2,<30d,Current,S,Web,Consolidation,T8
GUZGJWG,28,52895,70545,665,0,104.4,>1yr,Current,NE,Agent,Federal,T6
9PFQIYF,59,53445,28181,719,145,100.4,<30d,Current,MW,Agent,Federal,T8
XJMZAEV,64,84543,67631,789,0,108.8,1-12mo,90+,S,IVR,Federal,T3
S9NCVVO,26,46244,63593,670,17,104.5,Never,Current,NE,Agent,Federal,T5
IKI6LBB,22,71423,57209,758,171,104.4,1-12mo,Current,NE,IVR,Consolidation,T7
YVQYAXW,36,47438,41104,694,208,110.3,Never,30-59,W,Mobile,Federal,T3
DC0RMHX,39,70639,37822,688,76,103.8,<30d,Current,W,Mobile,Consolidation,T8
5RFP6E6,45,77822,45411,744,151,97.2,<30d,Current,S,IVR,Federal,T8
7BWTQQ7,54,44706,0,800,388,106.9,1-12mo,30-59,W,Mobile,Federal,T2
VR793ZN,63,50687,48429,695,166,102.9,1-12mo,1-29,S,Mobile,Federal,T7
KTEZJ9D,31,51560,48905,692,299,108.5,<30d,30-59,S,Web,Consolidation,T2
3PU3U9X,33,34541,30012,832,0,114.9,>1yr,60-89,S,Mobile,Consolidation,T3
LE9V6S0,47,61727,75690,680,276,104.6,1-12mo,Current,W,IVR,Federal,T4
HT5434U,46,34135,0,736,256,106.6,>1yr,60-89,W,Agent,Federal,T2
2TVW1YA,58,66409,0,682,193,104.0,Never,Current,NE,Mobile,Federal,T5
MJSNAEQ,61,63676,34958,705,374,105.0,1-12mo,30-59,W,Mobile,Consolidation,T4
PYVKT9K,62,42284,70798,687,254,104.2,>1yr,1-29,S,IVR,Consolidation,T4
Y8KIDON,56,15000,66082,774,151,109.7,1-12mo,60-89,S,Web,Consolidation,T3
ZFTBDK8,23,38946,34710,675,263,112.9,Never,30-59,W,IVR,Federal,T2
APZX3MR,69,58480,98325,573,111,106.9,Never,60-89,S,Web,Federal,T5
8LWTNWT,45,36162,32014,600,263,99.3,1-12mo,Current,NE,Agent,Consolidation,T4
N0UP4D1,43,82972,71073,652,424,113.9,1-12mo,30-59,W,Web,Consolidation,T2
NFUSNRB,61,81022,34996,726,373,103.5,Never,30-59,NE,Web,Federal,T4
9V78TKC,34,23521,40575,707,4,102.0,1-12mo,Current,W,Web,Consolidation,T7
AWZAR5V,23,64977,51374,743,202,106.4,>1yr,60-89,S,Mobile,Consolidation,T6
K8BYSS8,69,61350,41380,666,46,102.0,<30d,1-29,S,Agent,Consolidation,T8
J34W7KP,56,57100,43075,682,48,99.6,<30d,Current,S,Agent,Federal,T8
E8AUUK2,60,38867,19485,688,266,107.7,>1yr,90+,S,Agent,Federal,T2
MDTOOG7,23,29738,50466,617,0,106.4,Never,30-59,NE,Mobile,Consolidation,T5
PZYHU8P,29,66537,92401,553,675,97.4,<30d,30-59,W,IVR,Consolidation,T4
I9WBH82,57,69422,0,700,246,112.1,<30d,60-89,NE,Agent,Consolidation,T3
6812ZPU,36,34161,43194,594,120,104.7,>1yr,1-29,S,IVR,Consolidation,T6
A9AZB4Y,58,50102,43165,579,278,111.0,>1yr,30-59,S,Agent,Consolidation,T2
7GCESJM,63,36124,27039,743,126,98.7,Never,Current,W,IVR,Federal,T5
ANXFL57,37,87264,43911,713,181,103.9,Never,Current,NE,IVR,Consolidation,T5
ZP21AQJ,67,42635,68274,609,244,104.4,<30d,Current,S,Mobile,Federal,T8
AVCWIM2,30,47395,63332,564,175,98.7,>1yr,Current,NE,Mobile,Consolidation,T6
FRBL5OR,33,59139,17022,631,347,103.8,<30d,30-59,W,Mobile,Consolidation,T4
JZTBTY8,61,53477,13258,532,326,102.4,>1yr,60-89,MW,Mobile,Consolidation,T4
RVW0HMT,46,85199,0,644,60,98.6,>1yr,Current,S,Agent,Federal,T6
PSX9MTG,49,36682,70997,692,420,95.5,>1yr,60-89,NE,IVR,Federal,T4
KJOJ0ME,32,63617,31420,663,73,101.2,1-12mo,1-29,MW,Agent,Federal,T7
TVH7CFB,31,69479,74095,705,204,108.1,>1yr,30-59,S,Mobile,Consolidation,T3
NMFB9Z9,40,53947,56839,661,103,105.4,1-12mo,30-59,NE,Web,Federal,T7
Z431D7R,46,43860,45197,747,0,114.2,<30d,30-59,MW,Web,Consolidation,T3
AYJKRHD,57,52589,60865,619,397,100.2,1-12mo,30-59,MW,Agent,Consolidation,T4
AE4JS6A,59,49789,0,654,91,103.4,Never,1-29,NE,IVR,Consolidation,T5
XV8DTLN,54,83652,16811,650,385,106.4,1-12mo,60-89,MW,Agent,Federal,T2
AR63TWT,22,39371,60319,689,319,106.2,1-12mo,60-89,MW,Agent,Consolidation,T2
ID1F1JN,60,47608,58857,717,271,109.8,Never,60-89,NE,Agent,Consolidation,T2
WJSD7EK,27,77408,6811,690,249,96.9,Never,Current,W,Mobile,Consolidation,T5
X9RN5J6,50,30046,65998,622,310,101.2,>1yr,30-59,S,Web,Consolidation,T4
HGRIQGP,33,49376,4748,660,296,106.6,>1yr,30-59,S,Web,Federal,T2
7MIY9YO,60,39456,24446,704,113,109.3,<30d,60-89,MW,Mobile,Federal,T3
1NQJFLB,46,41062,0,714,275,113.5,Never,30-59,S,Agent,Consolidation,T2
XF7FVQB,50,76818,103475,640,295,99.6,<30d,1-29,NE,Web,Federal,T4
HT0QHA5,62,63551,52386,687,253,99.0,>1yr,Current,NE,Mobile,Consolidation,T4
W6ALE63,35,67186,49858,620,214,100.7,>1yr,Current,S,IVR,Consolidation,T6
7WIZY6V,51,56221,66332,729,108,104.1,>1yr,Current,W,IVR,Consolidation,T6
IVDI4WQ,67,71206,49646,746,386,114.5,Never,60-89,S,Web,Consolidation,T1
H4NCTQ4,39,70354,45757,686,76,103.7,1-12mo,Current,NE,IVR,Consolidation,T7
PQDH4VV,47,79203,57503,714,44,107.7,Never,90+,S,Mobile,Consolidation,T5
Q1RG16V,55,42581,36325,600,36,103.0,>1yr,Current,S,IVR,Consolidation,T6
QUABRJN,29,31014,33177,657,319,106.9,<30d,60-89,S,Agent,Federal,T2
9CDNAE8,39,67450,52353,583,183,101.0,1-12mo,Current,W,Agent,Federal,T7
DW69JHD,68,15000,94206,619,81,111.7,1-12mo,60-89,S,IVR,Federal,T3
9U681XR,43,56257,89997,839,421,111.8,<30d,30-59,NE,IVR,Consolidation,T2
4S082AR,36,108904,0,629,0,95.1,Never,Current,S,Web,Consolidation,T5
QZXYH0U,30,60801,11631,741,266,110.2,<30d,60-89,MW,Web,Consolidation,T2
LZB4QGK,31,60553,81610,609,294,97.5,<30d,Current,W,Mobile,Federal,T4
DL8B69Z,42,32093,45612,588,46,100.7,1-12mo,Current,W,IVR,Consolidation,T7
EGS733Q,54,15000,45967,696,255,112.2,<30d,30-59,W,IVR,Consolidation,T2
YSQVGEO,55,65645,37119,684,49,106.4,Never,90+,MW,Agent,Consolidation,T5
BA1QDRR,29,24209,10081,636,333,102.4,<30d,30-59,W,Agent,Federal,T4
XEBJMNF,49,32746,70433,608,165,109.8,Never,90+,NE,Web,Consolidation,T3
9E3WRPF,30,57855,61044,650,319,108.9,<30d,30-59,W,IVR,Federal,T2
PJXHBGS,54,68688,50208,607,156,107.2,<30d,60-89,NE,Agent,Consolidation,T8
TG33YZX,69,94233,23461,735,88,108.5,1-12mo,30-59,MW,Mobile,Consolidation,T3
466ZL4Z,65,44428,0,700,348,113.1,Never,60-89,W,IVR,Federal,T2
K36KF2V,27,57072,43480,625,281,104.4,>1yr,Current,NE,Mobile,Consolidation,T4
7HI3F2L,27,61749,58053,650,169,113.7,<30d,30-59,MW,IVR,Consolidation,T3
KNYUJ6V,31,77455,38931,590,0,103.6,1-12mo,Current,NE,Mobile,Consolidation,T7
D3MNHZG,63,58523,45536,658,9,113.9,>1yr,60-89,NE,IVR,Federal,T3
3QR2UEN,43,73829,54419,548,0,114.8,1-12mo,30-59,NE,IVR,Consolidation,T3
SB85C6L,49,64955,0,622,112,99.6,Never,Current,W,Mobile,Federal,T5
DSYXKNT,54,52683,25483,704,333,95.4,>1yr,30-59,NE,Mobile,Consolidation,T4
MVS8V7M,54,82939,4824,669,111,104.5,Never,Current,S,IVR,Federal,T5
EBTJG3T,65,33071,17756,593,277,104.5,>1yr,Current,W,IVR,Federal,T4
BK4HF29,31,70282,94350,654,10,104.7,Never,Current,W,IVR,Consolidation,T5
WCVP80J,37,22231,47278,711,296,103.4,<30d,Current,W,IVR,Federal,T4
7VPIIT8,57,79380,79260,673,149,107.6,>1yr,60-89,W,Web,Consolidation,T6
3H8TU88,56,62333,77258,632,0,96.1,Never,Current,NE,IVR,Consolidation,T5
4S4MMJI,49,37172,50656,660,0,99.0,>1yr,Current,NE,Agent,Federal,T6
HQFNUGS,34,68561,71108,597,66,96.8,Never,Current,MW,Mobile,Federal,T5
0393KPM,39,53955,40673,646,187,95.6,>1yr,Current,MW,Agent,Consolidation,T6
M3WJPV2,39,62384,14028,571,209,114.3,1-12mo,60-89,S,IVR,Consolidation,T3
209O6PR,48,34376,79512,614,38,111.0,<30d,30-59,S,Mobile,Consolidation,T3
ROCWDPT,27,75854,0,713,0,104.0,1-12mo,1-29,W,IVR,Consolidation,T7
0GTA8XI,24,61615,61259,678,435,95.6,1-12mo,30-59,NE,Mobile,Consolidation,T4
ZAXXGHS,42,56713,60516,758,244,108.8,<30d,30-59,NE,Agent,Consolidation,T3
VCEQSOB,69,68004,281,644,160,97.7,<30d,1-29,W,Web,Federal,T8
FGIYIAT,48,58582,3968,658,0,102.2,>1yr,Current,NE,Web,Consolidation,T6
DNMMPFC,55,45987,41760,718,293,97.2,Never,Current,MW,IVR,Consolidation,T4
TXMEBYX,34,89496,41350,717,208,101.0,>1yr,Current,W,Web,Federal,T6
MN790XT,50,67497,14569,726,303,104.8,Never,30-59,NE,Web,Consolidation,T4
IGKGPEY,54,52021,13320,749,52,107.5,Never,30-59,NE,Web,Consolidation,T5
TOLXHY6,50,58442,5079,798,218,107.0,Never,90+,W,Agent,Federal,T5
SJ0D2SW,45,41403,0,607,0,96.4,1-12mo,1-29,W,IVR,Federal,T7
JYJC4Y3,65,15000,42220,689,188,107.2,Never,30-59,MW,Agent,Federal,T5
OT7A2OH,54,61444,104915,688,136,107.1,1-12mo,30-59,MW,Agent,Federal,T7
K0K7BC5,58,73223,86985,695,118,106.1,>1yr,30-59,W,Mobile,Federal,T6
N01H1L3,30,87134,68807,607,234,109.5,1-12mo,60-89,W,Agent,Federal,T3
PB2UOFQ,63,67379,43255,787,390,112.9,Never,30-59,MW,Mobile,Consolidation,T1
J1GUG4N,36,49058,59426,553,0,101.8,1-12mo,Current,NE,Mobile,Federal,T7
EHM8FOT,24,68457,24803,672,0,99.6,>1yr,Current,NE,IVR,Consolidation,T6
WRTMOGU,32,51261,62689,719,149,113.4,<30d,30-59,NE,Web,Consolidation,T3
CSYSWGX,61,87703,43936,607,246,112.8,>1yr,90+,S,Mobile,Consolidation,T3
CF5VQHC,61,49969,66663,669,338,110.8,>1yr,60-89,MW,IVR,Federal,T2
EVFEUBY,28,24549,31301,574,149,112.1,1-12mo,30-59,NE,Mobile,Federal,T3
F7J0WMD,22,43715,17721,672,266,111.3,>1yr,30-59,NE,IVR,Consolidation,T2
2WNMVGI,41,53751,69311,574,120,97.6,1-12mo,1-29,S,IVR,Consolidation,T7
YA9QURY,50,71687,73380,734,130,112.1,>1yr,30-59,S,Web,Federal,T3
JYJT1GE,58,48358,0,735,167,114.6,<30d,90+,NE,Mobile,Consolidation,T3
SB9KYC8,48,27519,36165,715,297,110.0,<30d,30-59,NE,Agent,Consolidation,T2
NLWI7ZN,36,61021,55979,691,10,100.8,Never,Current,MW,IVR,Federal,T5
LIWU0Y3,33,46474,30040,743,308,106.4,Never,60-89,S,Agent,Federal,T2
RGJ8FOR,23,71873,39109,743,99,107.0,>1yr,60-89,MW,Mobile,Consolidation,T6
NUJGGZN,35,40351,23282,680,87,106.9,<30d,90+,W,Web,Consolidation,T8
48G94NL,34,53124,26041,651,202,104.6,1-12mo,Current,NE,Agent,Consolidation,T7
WLJ6TFY,41,50177,62182,755,116,113.6,>1yr,60-89,W,Agent,Consolidation,T3
3ZWRX8B,56,57444,97691,740,0,107.3,<30d,30-59,S,Mobile,Consolidation,T8
YIEUV2J,31,83540,70669,698,0,102.2,1-12mo,Current,NE,IVR,Federal,T7
HKFA6X6,65,46744,51010,560,229,96.7,<30d,1-29,W,IVR,Consolidation,T8
V7KM9L9,40,37412,80947,603,0,100.8,>1yr,Current,MW,Agent,Federal,T6
WQ9Q0FM,41,58847,47882,558,0,98.3,>1yr,Current,NE,Web,Consolidation,T6
BAU039R,70,80547,74529,708,255,103.3,1-12mo,1-29,W,Mobile,Consolidation,T4
B5YT1CD,57,106708,61833,796,417,95.3,1-12mo,30-59,W,Mobile,Federal,T4
BZ0DK20,56,59179,32660,519,87,102.5,>1yr,Current,MW,Agent,Consolidation,T6
L2MX7ZD,23,35444,45927,748,123,99.6,1-12mo,Current,W,Mobile,Consolidation,T7
KGSLZWA,47,65971,50199,700,206,103.0,<30d,Current,MW,Mobile,Consolidation,T8
9N2Z5KD,66,15471,104743,708,265,106.6,Never,30-59,NE,Web,Federal,T2
LM2Q0XF,38,40884,18938,657,32,114.0,1-12mo,30-59,W,Web,Federal,T3
R1Q7XPI,52,59557,63379,743,264,114.2,1-12mo,60-89,NE,IVR,Consolidation,T2
EDSCR1P,35,39102,80025,650,111,105.0,1-12mo,1-29,S,Agent,Federal,T7
9QLH5FU,51,71246,58310,743,368,98.6,1-12mo,30-59,W,Web,Federal,T4
DNK9FZV,55,61875,66593,709,13,113.4,Never,30-59,MW,IVR,Federal,T3
KOKSBNU,66,32894,52752,781,383,111.3,<30d,60-89,W,Mobile,Federal,T2
GYO787X,24,34761,63309,713,120,105.2,Never,60-89,NE,Web,Federal,T5
4YO5XJA,60,15000,21348,793,182,104.8,>1yr,1-29,W,Mobile,Federal,T6
Q4PJSWJ,37,31569,7667,711,140,105.9,>1yr,60-89,S,IVR,Federal,T6
D20M0BW,59,68340,35797,682,158,102.4,<30d,Current,NE,Agent,Federal,T8
7VOG8OR,33,54217,31321,704,332,108.1,Never,90+,W,IVR,Consolidation,T2
X40SUP2,25,73757,43930,704,44,106.2,>1yr,30-59,NE,Mobile,Consolidation,T6
R3FZXU4,55,72381,69985,674,419,113.2,Never,60-89,NE,Mobile,Consolidation,T1
M5BMUKX,69,52938,43070,824,203,109.3,>1yr,60-89,S,Mobile,Consolidation,T3
2J61P7X,33,15000,50421,619,21,96.2,>1yr,Current,MW,Web,Consolidation,T6
BS5DPUY,64,59034,27550,678,116,111.6,1-12mo,30-59,W,Mobile,Consolidation,T3
8Q4C45L,55,77134,58408,765,343,95.6,<30d,30-59,MW,Mobile,Consolidation,T4
M5ZIN1V,64,43516,37536,588,22,107.1,Never,60-89,W,IVR,Federal,T5
ZGS9D4A,60,60614,34198,756,349,104.6,1-12mo,30-59,NE,Agent,Consolidation,T4
PT8AVL3,60,19001,73298,666,147,114.1,<30d,30-59,MW,Web,Federal,T3
1ARUFRH,68,78439,60490,668,246,107.7,1-12mo,90+,NE,IVR,Consolidation,T7
BAQN82T,64,66203,54096,725,12,96.4,1-12mo,1-29,NE,IVR,Consolidation,T7
SFAY5AL,69,39633,5281,687,146,100.6,1-12mo,Current,W,Web,Federal,T7
8EAEXT9,43,64680,80882,602,66,107.2,Never,90+,S,IVR,Consolidation,T5
5MHXI8S,49,40792,49051,640,118,110.0,1-12mo,90+,MW,Web,Federal,T3
7C90CG2,24,68525,20715,677,353,109.7,Never,60-89,NE,IVR,Consolidation,T1
T6LOZVR,26,34102,28409,690,0,112.1,Never,60-89,NE,Agent,Federal,T3
6TMSFZ9,49,27346,91907,692,339,106.8,<30d,30-59,MW,Web,Consolidation,T2
NVGONAH,63,81482,44124,678,144,111.9,1-12mo,30-59,S,Mobile,Federal,T3
WG0FTLZ,64,50961,79213,627,0,98.3,>1yr,1-29,W,Web,Consolidation,T6
ISW4I8S,45,51336,79953,639,334,104.9,1-12mo,30-59,NE,IVR,Consolidation,T4
NLXB8K7,28,63350,29292,635,331,112.8,1-12mo,60-89,MW,Agent,Federal,T2
7TWWQP1,49,39249,66669,743,0,103.0,>1yr,Current,NE,Agent,Federal,T6
VOOS6XF,47,15000,24397,642,202,104.9,Never,1-29,S,Web,Federal,T5
0C7CNBO,35,51321,51520,728,324,99.8,Never,30-59,NE,Mobile,Federal,T4
WQRRYJB,29,48591,15500,598,0,109.8,>1yr,60-89,W,IVR,Consolidation,T3
J3DUCD8,58,42557,69724,659,81,108.2,<30d,60-89,W,Web,Federal,T3
QWF5BDL,50,28277,54370,659,191,98.5,>1yr,Current,S,Agent,Federal,T6
EHWRK4B,54,39662,42463,706,289,112.1,>1yr,30-59,W,Mobile,Consolidation,T2
E0WWF9H,58,38092,20104,625,145,103.2,Never,Current,S,Web,Consolidation,T5
ZRWOJKI,35,114247,8627,733,151,95.3,Never,1-29,W,Web,Consolidation,T5
U46C3E6,24,48831,14401,663,341,103.7,Never,30-59,W,IVR,Federal,T4
DEARY9J,42,61904,27867,593,136,102.2,Never,1-29,MW,Agent,Federal,T5
XO4BBQ7,39,28042,103393,644,0,106.2,>1yr,30-59,W,IVR,Federal,T6
O49LWG9,69,58458,13297,778,0,113.1,>1yr,30-59,S,Agent,Federal,T3
45FS9KG,63,42275,56052,658,153,98.2,>1yr,Current,MW,Mobile,Federal,T6
V0GGW2H,32,23595,59236,662,239,111.4,>1yr,60-89,W,IVR,Federal,T3
TY7CL0R,35,51053,43840,703,126,105.1,>1yr,30-59,MW,Mobile,Consolidation,T6
O85BAB5,53,59557,51273,626,0,113.7,>1yr,30-59,S,Mobile,Consolidation,T3
WBBV4HE,46,58466,64811,850,172,113.4,<30d,30-59,W,Agent,Consolidation,T3
LSKN8LX,51,52478,111677,625,0,101.4,Never,1-29,MW,Agent,Federal,T5
A5LZLVO,35,31355,16135,633,213,112.6,>1yr,30-59,MW,Web,Federal,T3
BMXLS4E,44,90263,116866,508,80,111.2,>1yr,60-89,NE,Agent,Consolidation,T3
O4RSJNM,63,37433,35479,705,412,102.8,>1yr,30-59,W,IVR,Federal,T4
YEIR0PN,53,73809,0,712,189,106.5,1-12mo,90+,MW,Web,Consolidation,T7
3RGBOVW,46,54367,79393,607,75,99.4,>1yr,Current,MW,Web,Federal,T6
06JKEQ0,67,76694,84865,628,235,112.0,1-12mo,60-89,MW,Agent,Federal,T3
SPX1YHI,39,73013,61331,631,1,109.7,>1yr,60-89,S,Web,Federal,T3
PNU7UR0,35,79190,52196,639,263,114.8,>1yr,30-59,MW,Agent,Federal,T2
WS467T4,60,61995,59960,567,20,108.8,1-12mo,30-59,W,Web,Consolidation,T3
OBT6QWY,33,51520,68665,640,333,107.2,<30d,60-89,MW,Web,Federal,T2
8Q6VCUO,42,41518,64387,733,290,101.1,<30d,Current,MW,Mobile,Federal,T4
AXBE150,28,63185,29922,739,0,111.9,>1yr,30-59,S,Agent,Federal,T3
HTIN86F,66,69811,0,729,0,108.4,1-12mo,60-89,NE,Agent,Federal,T3
CF7ZWI7,56,61945,0,659,240,101.1,1-12mo,Current,NE,Mobile,Federal,T7
79RV4GC,56,63727,53585,662,337,101.2,<30d,90+,W,Mobile,Consolidation,T4
2WN1ULI,24,43927,52895,712,0,110.0,1-12mo,30-59,NE,Agent,Federal,T3
D95LGY1,63,54195,43803,722,140,103.9,1-12mo,Current,MW,Mobile,Consolidation,T7
ZCSXN4P,43,30830,31213,644,257,105.5,1-12mo,90+,MW,Web,Federal,T2
DBAVDMP,50,27287,57058,709,63,114.7,1-12mo,60-89,NE,Agent,Consolidation,T3
UYX6S9G,30,48114,61145,730,185,103.9,Never,Current,NE,Mobile,Consolidation,T5
ZC6527M,40,79510,9980,689,140,100.1,>1yr,1-29,MW,Mobile,Federal,T6
NDNTA07,62,31510,34467,566,233,105.0,Never,Current,NE,Mobile,Federal,T5
RD6I1Y3,61,46049,5149,602,0,109.6,1-12mo,60-89,W,IVR,Federal,T3
5HV87N0,40,51393,50232,680,230,104.4,>1yr,Current,MW,IVR,Consolidation,T6
KGH6ADT,56,34150,16042,698,344,114.0,1-12mo,60-89,MW,Web,Federal,T2
8ZZTG54,39,62279,19522,759,89,112.6,Never,60-89,NE,Mobile,Consolidation,T3
45D82BW,62,68840,87830,704,0,104.9,Never,Current,NE,Web,Federal,T5
ULZEEEI,35,50084,44641,642,318,105.6,<30d,90+,W,Agent,Federal,T2
M9M75UE,43,70318,65989,712,128,98.7,1-12mo,Current,MW,Web,Federal,T7
20U0D86,34,77525,14870,585,320,114.6,1-12mo,30-59,MW,Web,Consolidation,T2
X31GLG3,27,64880,40488,599,0,97.8,>1yr,Current,MW,Mobile,Federal,T6
CVS7RLS,39,37665,29812,829,260,105.6,<30d,60-89,NE,IVR,Federal,T2
4ANISNZ,22,23949,71017,700,30,97.9,>1yr,1-29,NE,Agent,Consolidation,T6
THNBCXI,33,40643,49634,701,291,96.0,<30d,Current,NE,Web,Federal,T4
ECORHW4,39,59165,51744,686,133,95.6,Never,Current,NE,Agent,Consolidation,T5
VIOQRQQ,68,43069,49178,730,318,113.9,1-12mo,30-59,S,Web,Consolidation,T2
TEV44KD,65,85062,84093,687,523,108.8,Never,30-59,W,Mobile,Consolidation,T1
4MZCZKG,50,48913,46516,655,369,107.0,>1yr,90+,MW,Mobile,Federal,T2
LBMU5UM,57,73325,51965,632,0,113.7,>1yr,30-59,W,Mobile,Federal,T3
YBCFIFT,47,34883,33695,591,344,103.4,>1yr,30-59,MW,Agent,Consolidation,T4
ZHIN7JB,27,40453,65053,653,239,98.0,<30d,Current,MW,IVR,Federal,T8
RW62ECI,24,88458,47284,626,415,102.8,<30d,30-59,MW,IVR,Consolidation,T4
IKWC38Q,32,55138,67594,649,175,109.4,Never,30-59,NE,Mobile,Consolidation,T3
ACRHE3Q,25,68277,28559,594,0,107.5,1-12mo,30-59,MW,Agent,Consolidation,T7
DN1FSWJ,64,43472,61821,623,190,114.8,>1yr,30-59,S,Web,Consolidation,T3
10C594X,62,53688,33385,631,216,105.4,1-12mo,60-89,S,Agent,Consolidation,T7
XBFTEM7,46,89881,26162,754,175,96.3,<30d,Current,NE,IVR,Federal,T8
UCFD9XM,50,37355,54141,684,228,95.2,Never,Current,S,Agent,Federal,T5
XLIZVDT,35,78193,41301,576,173,113.2,1-12mo,30-59,S,IVR,Consolidation,T3
DMMH4PJ,60,44789,54594,694,418,107.2,<30d,30-59,MW,IVR,Consolidation,T2
Q9F8P69,63,66163,56849,733,447,114.4,<30d,30-59,W,Agent,Consolidation,T2
5UVV6ST,46,61000,47855,648,0,110.8,<30d,30-59,S,Agent,Consolidation,T3
UGNP2MI,58,23011,15432,598,132,110.8,1-12mo,90+,S,Web,Federal,T3
GMS75YC,36,58924,0,676,61,112.1,>1yr,30-59,W,Web,Federal,T3
X3E8KU0,54,68897,35622,656,258,103.7,<30d,Current,NE,Web,Consolidation,T4
L9R6492,41,64332,52288,698,112,105.4,<30d,30-59,W,IVR,Consolidation,T8
HQ35RZO,67,69993,51982,682,33,113.1,>1yr,30-59,S,Web,Consolidation,T3
YLHJJLT,66,66816,84755,611,0,107.6,1-12mo,30-59,S,IVR,Federal,T7
6UD0X31,25,57842,58080,681,51,101.8,>1yr,1-29,NE,Agent,Consolidation,T6
6T3H2D6,41,53720,52450,697,0,97.3,<30d,Current,NE,IVR,Federal,T8
O13HZGQ,43,48509,54498,712,147,97.6,<30d,Current,S,Web,Federal,T8
HO4XD9H,49,74680,21077,697,255,101.4,<30d,Current,S,Web,Consolidation,T4
L32CFMP,24,33692,76717,609,101,101.1,<30d,Current,W,Mobile,Federal,T8
MHD3MYC,37,51507,54155,691,359,112.7,<30d,90+,NE,Web,Consolidation,T2
YPH4ZBA,35,50508,33795,762,196,101.7,<30d,Current,W,Agent,Federal,T8
1X97Q2P,44,68062,70924,661,0,111.7,>1yr,30-59,S,Web,Federal,T3
51A50GG,23,75333,55030,656,279,101.2,Never,Current,W,IVR,Federal,T4
D54J6BH,49,69041,15194,771,518,110.7,1-12mo,30-59,NE,Web,Federal,T2
6HZDKG0,38,71838,19866,746,323,113.7,>1yr,30-59,NE,Mobile,Consolidation,T2
9OYT2FG,46,50673,34763,554,290,109.1,>1yr,30-59,W,IVR,Consolidation,T2
LINVCLC,63,66602,24131,701,25,97.5,<30d,Current,NE,Web,Consolidation,T8
WXXNROF,38,56880,47624,591,306,106.7,>1yr,30-59,W,Agent,Federal,T2
489NHS3,47,81577,17344,656,145,106.0,<30d,60-89,NE,IVR,Federal,T8
ED7HVVO,45,62407,27250,744,0,110.5,<30d,30-59,W,Mobile,Federal,T3
YZZV71O,43,36361,38990,671,158,111.3,1-12mo,90+,W,Agent,Consolidation,T3
PB3TIDX,43,66162,26636,591,23,97.0,>1yr,1-29,S,Mobile,Federal,T6
AS3EWJT,51,27700,47352,642,135,105.4,1-12mo,90+,NE,Agent,Federal,T7
JC7M9GI,59,59537,29611,632,0,106.5,Never,60-89,W,Agent,Consolidation,T5
CFSF5KA,60,85374,8741,595,115,96.4,Never,Current,MW,Web,Federal,T5
K17J48H,51,28555,74315,601,254,112.8,>1yr,30-59,MW,Web,Consolidation,T2
I7DZCTL,52,39999,11282,677,266,112.3,<30d,30-59,MW,Web,Federal,T2
GB77O78,42,45114,39277,689,110,105.7,1-12mo,30-59,S,Mobile,Federal,T7
8YG4YRQ,53,21746,85618,743,310,104.1,>1yr,30-59,MW,IVR,Federal,T4
HKH2UKW,55,107462,71864,786,0,114.8,<30d,60-89,S,Web,Federal,T3
D344T98,27,42053,12652,658,15,105.8,>1yr,60-89,MW,Mobile,Federal,T6
NZPWU96,69,34516,0,700,176,113.4,>1yr,60-89,W,Agent,Federal,T3
OBIOEZZ,57,29102,10639,610,237,102.6,1-12mo,Current,MW,IVR,Consolidation,T7
HO771HW,48,69629,42930,603,333,104.7,<30d,60-89,W,Web,Federal,T4
1KWGYUH,54,60415,67572,660,56,110.1,1-12mo,60-89,S,Web,Federal,T3
RK8KIKV,28,56711,46564,619,269,110.7,>1yr,60-89,W,Agent,Federal,T2
B7D71KX,46,40498,41822,652,122,97.3,Never,Current,NE,Agent,Federal,T5
5CBLLJD,29,62966,38105,674,68,109.1,Never,90+,W,IVR,Federal,T3
MMGCO95,24,56646,92721,689,101,113.6,<30d,90+,S,Web,Federal,T3
7N8HLH6,61,64268,42405,565,454,95.1,<30d,30-59,W,Web,Consolidation,T4
3KNJK58,64,89252,7485,666,145,103.6,>1yr,Current,MW,IVR,Federal,T6
BKLDX0K,65,92412,61038,607,438,107.3,<30d,90+,MW,Web,Federal,T2
MNJLMH9,70,30908,12421,701,0,102.6,>1yr,Current,S,Mobile,Consolidation,T6
P235VTU,49,24443,24670,699,189,107.6,1-12mo,30-59,W,Web,Federal,T7
GE1RGFQ,25,47116,64256,703,198,102.9,1-12mo,Current,NE,Mobile,Federal,T7
RWA3H26,29,44004,52156,683,0,99.6,Never,Current,MW,Web,Federal,T5
1QKFUIE,59,56565,30826,662,315,95.5,<30d,60-89,MW,Web,Consolidation,T4
7EZ00SO,42,73704,34326,694,109,114.0,1-12mo,30-59,MW,Mobile,Federal,T3
G5WOJX8,68,81750,49807,711,90,113.4,>1yr,30-59,S,Agent,Consolidation,T3
LS4BA4X,30,54186,25233,785,266,95.4,1-12mo,Current,S,IVR,Consolidation,T4
N2D0FVH,70,58189,45395,701,0,97.5,>1yr,Current,MW,Agent,Consolidation,T6
320HVCT,26,77976,53850,720,474,100.3,<30d,30-59,NE,IVR,Federal,T4
JNHX49V,58,58564,55919,706,226,113.4,<30d,30-59,S,Mobile,Federal,T3
2E2WNFI,41,48354,41742,660,293,99.5,Never,Current,W,Mobile,Consolidation,T4
4EXIL8R,36,43002,11954,638,218,102.1,Never,1-29,MW,Agent,Federal,T5
QNX5D54,34,38555,61139,644,208,101.7,Never,Current,W,IVR,Consolidation,T5
7YT4XYJ,59,97042,104113,652,305,113.6,Never,30-59,MW,Web,Consolidation,T2
K8RR0DE,39,67466,16971,719,423,113.7,>1yr,90+,S,IVR,Consolidation,T1
MCPCYPD,29,65592,44740,598,0,104.5,<30d,Current,S,Agent,Federal,T8
8UFL1XF,65,50521,19649,625,62,95.3,1-12mo,1-29,MW,Mobile,Consolidation,T7
BN6CKB5,48,43111,51496,758,184,113.8,<30d,90+,NE,Mobile,Consolidation,T3
TF1F9HJ,52,68473,54113,658,0,112.4,<30d,30-59,W,Web,Federal,T3
EHWQ5HJ,33,20946,51896,608,109,106.1,Never,60-89,S,Agent,Federal,T5
NCV46WI,58,50016,32868,821,182,103.9,Never,Current,W,Agent,Federal,T5
RY76W0M,59,79359,29643,695,141,99.2,Never,1-29,S,IVR,Consolidation,T5
263G5F6,31,67867,4975,683,186,112.9,1-12mo,60-89,S,Web,Consolidation,T3
Y6AWFDJ,49,35019,66938,688,223,114.0,1-12mo,30-59,MW,Web,Federal,T3
77FIEGL,40,88899,7749,769,328,107.0,Never,60-89,NE,IVR,Federal,T2
1PXHBN2,35,63972,36263,655,72,112.3,>1yr,30-59,MW,IVR,Consolidation,T3
YGMZH55,23,52836,23519,654,74,112.6,Never,90+,S,IVR,Federal,T3
RSIOKNK,34,50271,27352,637,176,111.4,>1yr,30-59,W,Mobile,Federal,T3
9HZFQSL,61,52402,165,653,291,110.1,>1yr,30-59,MW,IVR,Federal,T2
QEXEIB6,56,45949,100100,710,0,108.1,<30d,60-89,S,Mobile,Federal,T3
CHYFZMM,29,51187,25255,605,0,111.8,Never,60-89,S,Web,Consolidation,T3
MSB9GWL,55,44570,22147,621,121,107.5,>1yr,30-59,MW,Mobile,Federal,T6
CT6MB29,31,41755,32456,579,151,112.7,1-12mo,60-89,NE,IVR,Federal,T3
HWOYQEY,36,42618,46674,625,229,112.1,1-12mo,60-89,S,Mobile,Federal,T3
RQR7JT6,49,55872,2395,584,76,112.3,1-12mo,60-89,S,IVR,Consolidation,T3
6LRYURB,34,47114,18340,650,136,101.3,Never,Current,MW,Web,Consolidation,T5
J3YLYRF,67,46284,40470,667,90,112.1,>1yr,60-89,W,Web,Consolidation,T3
KFCH5IH,58,102486,52722,748,283,100.5,Never,Current,MW,IVR,Consolidation,T4
PI94KS8,65,60723,36189,631,194,97.1,>1yr,Current,MW,Mobile,Federal,T6
D0LFOVZ,50,58528,52263,667,0,95.2,<30d,Current,NE,Mobile,Consolidation,T8
F2YUM71,50,57697,43327,628,285,109.1,1-12mo,60-89,NE,Web,Federal,T2
G57NTAH,33,28217,59840,601,90,114.3,>1yr,30-59,S,Agent,Federal,T3
KM4T9WS,41,46756,59172,694,314,113.7,Never,30-59,S,Mobile,Federal,T2
RNMDS43,50,24214,67789,697,0,98.4,>1yr,1-29,S,Web,Federal,T6
83I3R5L,42,26628,82585,540,395,112.9,1-12mo,60-89,W,IVR,Consolidation,T2
IGS7G52,45,76745,72015,726,330,113.9,<30d,30-59,MW,Agent,Federal,T2
MC1R9KP,54,63990,20983,712,121,95.0,<30d,Current,MW,Web,Federal,T8
KB0OBQ8,47,29112,64540,771,263,109.1,Never,30-59,S,Agent,Consolidation,T2
OJVX8XR,33,76732,20475,667,367,95.6,1-12mo,60-89,NE,Agent,Federal,T4
9X9WZ2I,24,40489,11846,760,184,101.0,1-12mo,Current,W,Mobile,Consolidation,T7
49K5GNU,66,81316,74504,580,237,113.8,>1yr,30-59,S,IVR,Federal,T3
67Q7G97,57,64556,61907,703,466,98.4,Never,90+,NE,Agent,Consolidation,T4
HXZW7LU,47,54133,18979,642,251,109.1,1-12mo,30-59,MW,IVR,Federal,T2
US05HWN,33,40013,15697,680,419,111.5,>1yr,30-59,S,Agent,Federal,T1
75H9KCW,33,59241,48272,741,223,102.0,1-12mo,Current,S,Mobile,Consolidation,T7
376EO28,39,59545,32384,663,355,105.0,Never,60-89,NE,Mobile,Federal,T4
Z8MYJGA,64,82519,13928,624,3,113.9,1-12mo,60-89,NE,IVR,Federal,T3
2D023RM,24,67438,69874,804,246,111.0,>1yr,30-59,MW,IVR,Federal,T3
7TZO5WH,43,36506,85536,604,89,108.6,>1yr,30-59,NE,Agent,Consolidation,T3
DFVQ4D9,69,23389,48898,566,140,98.3,<30d,Current,NE,Mobile,Federal,T8
X3IOLN5,23,62632,72652,613,94,114.3,1-12mo,30-59,W,IVR,Federal,T3
UVG7DDZ,35,71912,88701,637,425,97.7,Never,30-59,W,Agent,Federal,T4
WGJNQUE,38,77878,63372,696,175,105.7,1-12mo,60-89,S,Agent,Federal,T7
5AMT6R0,62,85723,20842,652,0,115.0,1-12mo,30-59,MW,Agent,Consolidation,T3
Z4PUOV8,50,73906,63672,593,14,104.8,<30d,Current,S,Web,Federal,T8
ZZD1FVG,43,52611,44151,621,344,106.4,>1yr,30-59,W,Web,Federal,T2
5U0LON7,25,50321,45610,632,32,111.8,1-12mo,60-89,MW,Agent,Consolidation,T3
SLA7VAK,66,16424,49061,582,0,103.6,Never,Current,W,Web,Consolidation,T5
30IPBJW,43,32290,46459,700,298,96.3,Never,Current,S,Agent,Consolidation,T4
06EYV5U,53,65804,52872,758,63,106.4,>1yr,60-89,S,Agent,Consolidation,T6
M7WFO2D,34,78640,47320,675,292,99.1,>1yr,Current,S,Agent,Consolidation,T4
TQXZRD5,51,78385,36947,657,0,99.4,Never,1-29,NE,Mobile,Consolidation,T5
N9S6GD0,67,18109,76542,645,162,113.8,>1yr,60-89,S,Mobile,Federal,T3
LXAISHI,23,75716,4599,635,170,107.3,1-12mo,30-59,W,IVR,Federal,T7
YWM3X27,50,22248,68195,727,380,111.2,<30d,60-89,S,Agent,Consolidation,T2
ZCEKWPY,52,44778,66311,662,253,101.9,>1yr,1-29,S,Agent,Consolidation,T4
SCRDVM2,40,32181,16323,620,171,104.0,<30d,Current,MW,Mobile,Federal,T8
4KRP0YS,47,32718,63215,676,0,110.3,1-12mo,30-59,W,IVR,Consolidation,T3
NBO5B4Y,46,48438,98651,703,93,109.7,1-12mo,60-89,NE,Agent,Consolidation,T3
OIAHPL0,42,37900,29759,679,49,104.0,<30d,Current,MW,Mobile,Consolidation,T8
9W8T182,39,68706,76493,640,294,104.2,Never,Current,MW,Agent,Consolidation,T4
GN4W6C9,26,52953,40582,661,0,96.1,<30d,Current,NE,IVR,Federal,T8
8UW43AZ,23,94427,33253,615,293,106.0,>1yr,30-59,W,IVR,Consolidation,T2
HY3XBC4,52,60915,53891,671,277,110.9,>1yr,30-59,NE,Mobile,Consolidation,T2
M6UJYGQ,35,83010,52153,764,196,99.3,>1yr,Current,W,Mobile,Federal,T6
QQVY3VY,59,33704,52528,671,277,112.5,>1yr,90+,MW,Web,Federal,T2
LSWF5DG,51,59201,51543,634,359,109.6,<30d,30-59,S,Mobile,Consolidation,T2
2NX6GP5,39,55505,55047,604,81,112.5,<30d,60-89,W,Agent,Federal,T3
2G62W6W,58,84552,55005,702,88,98.7,Never,1-29,S,IVR,Federal,T5
O7VZFZW,70,78460,48549,782,151,112.4,Never,60-89,NE,Agent,Federal,T3
CTTOIDN,52,48603,101519,675,249,110.2,1-12mo,30-59,NE,Web,Consolidation,T3
NMHMYFP,45,105812,27369,625,220,113.8,Never,30-59,S,Web,Federal,T3
7UOHN0Y,48,114450,30635,705,485,104.3,<30d,30-59,MW,IVR,Federal,T4
78ILMM4,31,17881,71125,486,227,105.4,Never,30-59,S,IVR,Consolidation,T5
2BWEC2I,26,56745,42650,738,323,108.4,>1yr,30-59,MW,Agent,Federal,T2
8UCSCXF,51,65740,30132,628,142,99.4,>1yr,Current,S,Mobile,Consolidation,T6
S9QQW2V,49,48385,24331,752,181,96.3,Never,Current,MW,Web,Federal,T5
VKBKHGQ,22,57984,90855,643,250,99.2,Never,Current,W,Agent,Consolidation,T5
A6Z8AWR,32,53481,21286,638,228,104.8,Never,1-29,MW,Web,Federal,T5
2NOY9NK,27,33821,13643,668,0,102.7,1-12mo,Current,MW,Agent,Consolidation,T7
ONFW9GP,32,41012,53601,574,316,95.4,<30d,90+,NE,Mobile,Consolidation,T4
HOZ6YA5,27,66177,49608,627,55,103.8,>1yr,Current,NE,Agent,Federal,T6
HR9EID2,46,73178,56288,677,0,100.2,1-12mo,Current,W,Web,Federal,T7
0AE43X7,63,81611,27666,760,120,106.7,Never,30-59,W,Web,Federal,T5
XIHQDGG,35,53697,19643,697,0,96.6,<30d,Current,NE,Mobile,Federal,T8
4N8QJBE,61,46772,46648,624,0,101.5,1-12mo,1-29,S,Web,Federal,T7
766ZOS6,63,24999,54121,702,339,113.3,>1yr,30-59,W,Agent,Consolidation,T2
KV0R3AR,31,15000,16099,774,0,113.5,<30d,30-59,S,Web,Federal,T3
0I2SG1L,68,47211,83653,635,324,105.2,>1yr,30-59,MW,Web,Federal,T2
4510B7H,63,43408,47117,615,288,110.2,<30d,30-59,S,Agent,Consolidation,T2
ENURHK7,29,81982,11353,657,0,113.2,1-12mo,60-89,W,Web,Federal,T3
99JIOG0,52,53775,41746,764,0,104.1,>1yr,Current,S,Web,Federal,T6
V08D06R,50,66876,48641,642,327,113.3,1-12mo,90+,W,IVR,Federal,T2
HO8PGEE,58,21461,15070,556,197,103.8,<30d,Current,S,Mobile,Federal,T8
SRHD9W2,50,29793,52679,645,219,100.6,1-12mo,Current,W,Web,Federal,T7
4ECG0Z5,37,80278,19405,569,65,102.6,1-12mo,Current,NE,Web,Consolidation,T7
C5GDV8W,24,47830,37662,705,245,102.5,<30d,Current,W,Agent,Federal,T8
CGE8KOS,55,64268,50584,565,320,106.5,1-12mo,30-59,NE,IVR,Consolidation,T2
PQJ0JLP,38,46157,32155,717,299,104.0,1-12mo,Current,NE,IVR,Federal,T4
UJHVIG1,54,63329,106802,603,263,98.3,>1yr,Current,S,Agent,Consolidation,T4
9R1VX84,37,42470,0,720,3,109.2,Never,90+,NE,Agent,Consolidation,T3
8V4K2P7,62,48902,34410,610,368,107.4,>1yr,30-59,NE,Agent,Consolidation,T2
MM9VBDR,58,15000,1506,601,144,109.4,1-12mo,90+,S,Web,Federal,T3
ZK8KPAE,65,77396,65430,567,38,102.8,Never,Current,NE,Agent,Consolidation,T5
NXETK54,58,67999,63519,663,144,111.4,1-12mo,90+,MW,IVR,Consolidation,T3
JQVOB8X,23,56356,8474,636,1,101.2,>1yr,Current,MW,Agent,Consolidation,T6
GSC0MO5,35,64791,61880,707,0,101.9,1-12mo,1-29,NE,IVR,Federal,T7
ZYQRBZS,59,88268,39756,623,159,106.0,>1yr,60-89,MW,Mobile,Consolidation,T6
99O3XZ9,62,83420,9632,571,343,114.5,>1yr,30-59,MW,Agent,Consolidation,T2
58157JW,66,54888,33643,608,275,100.9,>1yr,Current,MW,IVR,Consolidation,T4
XPE5WHM,51,52481,38038,604,180,106.9,1-12mo,60-89,W,Mobile,Federal,T7
F660E0T,24,85537,59763,670,184,105.1,>1yr,60-89,MW,IVR,Federal,T6
DPGO7C7,56,52946,48928,696,344,107.7,<30d,60-89,S,Mobile,Federal,T2
WCN0EBO,53,68403,57854,807,216,114.0,>1yr,30-59,W,Web,Consolidation,T3
ZC725TQ,40,63302,50745,660,266,99.2,1-12mo,Current,S,IVR,Consolidation,T4
M3ZK00D,45,15314,3193,604,221,109.8,1-12mo,30-59,NE,Mobile,Consolidation,T3
Q5F62I7,57,54914,61577,714,229,107.6,<30d,30-59,NE,Mobile,Consolidation,T8
V5F93RJ,22,42525,0,552,56,114.7,<30d,60-89,NE,Mobile,Federal,T3
I8OY9WP,70,72926,78749,651,21,95.1,Never,Current,MW,Web,Federal,T5
0G037E9,53,67138,52455,733,0,112.2,<30d,90+,W,Mobile,Federal,T3
UV8SMG0,36,71033,99683,728,348,112.9,<30d,30-59,MW,IVR,Consolidation,T2
30SZIWI,30,43529,45566,523,435,104.3,Never,60-89,S,Agent,Federal,T4
EURORHG,55,57959,28587,626,0,98.6,<30d,Current,S,Web,Federal,T8
W0C766K,42,35450,54416,652,0,99.8,Never,Current,MW,Mobile,Consolidation,T5
25U7XRN,33,67663,48374,732,126,105.9,Never,30-59,NE,Agent,Federal,T5
6I4GVZQ,67,40079,20050,622,0,107.2,1-12mo,90+,NE,Web,Consolidation,T7
BU57HWY,69,75018,32133,699,326,108.1,Never,30-59,MW,Mobile,Consolidation,T2
11TPPQV,33,42953,51611,686,65,103.0,Never,1-29,MW,IVR,Federal,T5
A14R3B7,66,69035,27445,671,164,112.8,Never,60-89,W,IVR,Consolidation,T3
VPI17K0,26,25013,16889,739,215,98.7,<30d,1-29,MW,IVR,Federal,T8
6DUQ7PM,67,67709,25613,682,169,108.9,1-12mo,30-59,MW,Mobile,Federal,T3
3VGYT4M,39,63211,45731,746,171,105.5,<30d,60-89,NE,Web,Consolidation,T8
5BSQENQ,68,81169,30153,626,394,114.7,<30d,60-89,W,Web,Federal,T2
JFUEQTU,33,23022,22188,812,112,102.6,>1yr,Current,MW,Mobile,Federal,T6
UTT5CXD,28,34489,15599,675,406,100.0,1-12mo,30-59,MW,Web,Consolidation,T4
Z6ZJTIS,38,83157,29982,639,93,102.2,>1yr,1-29,W,Agent,Consolidation,T6
NBFUFFX,47,48181,41513,602,405,103.4,Never,60-89,MW,IVR,Federal,T4
KXUY5D1,41,55860,47284,598,0,110.9,<30d,60-89,S,IVR,Federal,T3
RFY3QBL,44,61346,50717,629,30,106.8,Never,30-59,NE,IVR,Consolidation,T5
WOHYBQG,34,34928,58019,607,351,96.7,>1yr,60-89,W,Mobile,Consolidation,T4
MZSW1O2,66,35544,85233,816,153,112.7,Never,30-59,MW,Mobile,Federal,T3
FRZU8ZT,35,48722,78153,765,336,111.1,<30d,30-59,W,Mobile,Federal,T2
HU48CHP,61,55627,63046,703,0,99.2,<30d,1-29,NE,IVR,Federal,T8
LB6CM1Y,64,46519,76311,804,43,104.9,Never,Current,MW,Web,Consolidation,T5
FITWN39,42,40031,63346,664,467,98.3,1-12mo,30-59,MW,Web,Federal,T4
670LJIP,56,57678,39362,644,243,98.7,<30d,Current,NE,IVR,Federal,T8
CDEDUYX,51,35637,61955,733,185,111.4,>1yr,60-89,S,IVR,Federal,T3
TO1U4PO,61,66580,38717,635,37,103.6,<30d,1-29,W,Agent,Federal,T8
0OOBU6Y,39,63927,87952,715,281,113.5,>1yr,90+,S,Mobile,Consolidation,T2
79BA6PS,43,84257,36478,529,118,104.4,1-12mo,Current,NE,Mobile,Consolidation,T7
FX3LWU5,61,38382,37614,679,215,110.3,1-12mo,30-59,S,Mobile,Consolidation,T3
DI6N0SR,35,73202,28500,750,0,101.0,>1yr,Current,MW,Agent,Federal,T6
SEOQG5A,70,89086,74991,668,257,100.0,>1yr,Current,NE,Agent,Consolidation,T4
YJQ6N81,33,87762,32314,748,21,105.9,<30d,90+,NE,Mobile,Federal,T8
KM0JSXT,22,52154,64876,703,0,108.4,1-12mo,60-89,MW,Agent,Consolidation,T3
GQU78W6,25,70373,59897,706,3,97.2,>1yr,Current,S,Agent,Consolidation,T6
95O3ZN3,49,15000,35128,743,39,112.4,Never,90+,NE,Agent,Federal,T3
H09X7FI,53,60319,23230,722,189,106.5,1-12mo,30-59,NE,Mobile,Federal,T7
16I5442,65,66713,49642,639,119,109.7,Never,30-59,NE,IVR,Federal,T3
VKKIKJE,46,90657,31866,713,124,97.6,>1yr,1-29,W,Mobile,Consolidation,T6
0JQZKQX,68,62374,62240,601,0,110.1,1-12mo,90+,NE,Mobile,Consolidation,T3
FWN7ZAZ,43,23990,33909,672,549,109.7,>1yr,60-89,MW,Mobile,Federal,T1
182712R,66,37683,11539,718,0,112.4,Never,90+,NE,IVR,Consolidation,T3
ZY83FWR,50,85028,6288,689,59,106.1,<30d,60-89,S,IVR,Consolidation,T8
Q87ZINH,29,54256,73664,689,199,102.4,1-12mo,Current,S,IVR,Federal,T7
XMHX8A9,47,27834,26014,611,433,111.8,Never,90+,S,Mobile,Consolidation,T1
B2TJDAC,48,73044,51828,671,229,112.5,Never,90+,MW,Web,Consolidation,T3
OGFO1L6,54,73221,27400,788,234,112.8,1-12mo,30-59,W,IVR,Federal,T3
MAYCZH4,31,54082,31055,656,0,104.2,>1yr,Current,MW,IVR,Federal,T6
U7CTJQ4,25,15000,16499,645,2,107.7,Never,30-59,S,IVR,Consolidation,T5
6MDIF1N,28,45625,36201,721,89,107.9,Never,60-89,MW,Mobile,Consolidation,T5
OHR3Y6I,43,47860,25288,678,1,106.7,<30d,90+,S,IVR,Consolidation,T8
FPP5J58,23,58278,36400,634,484,113.5,<30d,90+,S,Agent,Federal,T2
HL31E00,50,68992,0,613,520,99.6,>1yr,30-59,W,Web,Consolidation,T4
QR5QU3I,33,65058,66008,726,93,114.3,<30d,30-59,S,Agent,Federal,T3
PA944NN,69,53166,19863,846,86,112.5,>1yr,60-89,S,Web,Federal,T3
B36AUKZ,57,22064,24259,693,0,107.9,Never,30-59,NE,IVR,Federal,T5
88952B2,31,34156,44030,738,489,114.8,<30d,60-89,NE,Agent,Consolidation,T2
4ZJ99TN,66,76944,6087,605,0,114.8,<30d,30-59,MW,Web,Federal,T3
NJBKKEB,34,82254,83212,702,173,98.0,Never,Current,W,Web,Consolidation,T5
M8MI32S,34,50371,45613,637,228,109.6,<30d,60-89,S,Web,Federal,T3
TXE16LF,38,15000,81201,635,0,96.7,1-12mo,Current,W,Agent,Consolidation,T7
SSB8N8K,68,33241,80885,559,171,100.4,1-12mo,Current,MW,Mobile,Federal,T7
D16U2HI,38,53754,83357,836,57,112.5,>1yr,60-89,S,Mobile,Federal,T3
Y1AKKRQ,60,37210,34111,687,370,105.5,>1yr,60-89,W,Mobile,Consolidation,T2
MEU2KKM,45,59970,84601,604,80,103.4,1-12mo,Current,S,Agent,Federal,T7
9G09T1V,69,55564,49188,619,358,108.0,Never,30-59,NE,Web,Federal,T2
CY8SFUC,63,48313,29245,668,350,100.7,<30d,60-89,NE,Web,Consolidation,T4
3R3C6DY,35,60822,46365,625,183,103.2,1-12mo,Current,S,Mobile,Federal,T7
FYFGPOC,32,68242,47861,833,223,104.7,1-12mo,Current,NE,IVR,Federal,T7
H32I98H,53,61523,69127,614,164,105.8,Never,30-59,NE,IVR,Federal,T5
EW75K76,30,75958,70754,657,205,101.2,Never,Current,MW,Web,Consolidation,T5
ARL3CYA,57,95210,51717,692,461,109.4,1-12mo,60-89,W,Mobile,Consolidation,T2
NPUVVWU,47,27799,56920,686,45,108.8,>1yr,30-59,S,Agent,Federal,T3
8NJFNIQ,30,50942,13217,684,219,104.1,1-12mo,Current,MW,Web,Federal,T7
U5C9RUP,47,58099,32200,551,535,97.3,>1yr,90+,W,Mobile,Federal,T4
ASR7GT8,32,25795,15090,668,0,106.9,<30d,30-59,S,Mobile,Consolidation,T8
BY84B9S,70,63887,29745,672,429,108.5,Never,90+,W,Agent,Consolidation,T1
F10Y0TQ,39,27160,0,543,202,103.4,<30d,Current,NE,Web,Federal,T8
C5I0ZKW,52,61371,46396,667,0,107.9,<30d,60-89,S,Mobile,Consolidation,T8
7DVGWGU,37,25914,43297,689,73,110.0,1-12mo,30-59,MW,Web,Federal,T3
XVDNF0A,30,55039,30936,660,97,95.7,1-12mo,Current,MW,Mobile,Consolidation,T7
IN4ZKL3,39,65401,6836,590,498,96.1,<30d,30-59,S,Web,Federal,T4
FEJ55EH,35,57365,82317,739,254,102.9,Never,Current,MW,Mobile,Federal,T4
P0ID1I6,39,49547,113625,668,0,111.8,<30d,60-89,NE,IVR,Consolidation,T3
R8LOYNE,60,44221,34477,697,21,110.3,Never,30-59,NE,Agent,Consolidation,T3
711PL9H,64,69785,60481,692,197,101.0,1-12mo,Current,W,Agent,Consolidation,T7
PG378FG,40,87453,5961,710,222,100.4,1-12mo,Current,W,Mobile,Federal,T7
02T7ATD,30,52437,93070,551,379,103.6,>1yr,30-59,MW,Mobile,Consolidation,T4
MSFF67Q,48,66474,30738,680,324,114.9,>1yr,90+,NE,Web,Consolidation,T2
MQTNGLN,55,67317,11596,736,335,110.6,Never,60-89,S,Agent,Consolidation,T2
740MY06,29,15000,36286,802,13,110.9,1-12mo,90+,NE,Agent,Consolidation,T3
YXI1TPD,49,30625,107726,616,202,109.4,1-12mo,30-59,W,Mobile,Federal,T3
1LN8LEN,37,76437,1638,662,84,100.4,1-12mo,Current,W,Mobile,Federal,T7
UDSZM6E,38,66412,7225,663,151,106.3,<30d,60-89,W,Mobile,Consolidation,T8
TAXACO4,55,31637,24057,747,0,99.5,1-12mo,Current,S,Web,Federal,T7
N9PS4PK,29,20864,31843,731,223,98.6,Never,1-29,NE,Agent,Federal,T5
T502CRO,37,57622,64778,632,261,100.5,>1yr,Current,W,Mobile,Federal,T4
T18QSUN,69,90323,4470,610,209,102.2,Never,1-29,MW,Web,Consolidation,T5
692KA5C,30,40061,78098,702,321,99.0,>1yr,60-89,NE,IVR,Consolidation,T4
THJ909P,37,49281,40648,769,292,99.9,1-12mo,1-29,W,IVR,Federal,T4
UFNGVN4,64,60599,72445,624,0,112.9,Never,60-89,S,IVR,Consolidation,T3
ASLRTGN,54,26446,19474,609,312,95.0,>1yr,30-59,MW,IVR,Federal,T4
J15PBZE,44,22250,56148,714,138,103.6,Never,1-29,MW,Agent,Federal,T5
A3AE61A,45,61933,57027,635,187,106.5,>1yr,30-59,NE,Mobile,Federal,T6
PRMPQB4,22,72164,31154,653,244,98.3,<30d,Current,MW,Mobile,Federal,T8
7TI4WMG,22,24462,35847,682,546,110.5,1-12mo,30-59,NE,Mobile,Consolidation,T2
05ARV7S,42,68756,44711,719,165,98.4,Never,Current,NE,Agent,Federal,T5
DZBRT28,23,44486,61419,684,249,111.8,1-12mo,30-59,MW,Mobile,Federal,T3
RJKJS5F,49,68269,399,566,164,112.4,<30d,30-59,S,Mobile,Consolidation,T3
HFEPSMG,60,42697,0,643,174,110.1,>1yr,30-59,S,Mobile,Federal,T3
U19YUWX,25,86917,71795,617,77,111.4,Never,60-89,MW,Mobile,Consolidation,T3
T5OA77B,36,69890,15404,741,161,95.6,Never,Current,NE,Agent,Federal,T5
37JRD9A,34,50525,44653,644,208,99.4,1-12mo,Current,MW,Mobile,Federal,T7
GYXKFCA,22,22503,54383,632,180,105.0,1-12mo,Current,W,Agent,Consolidation,T7
8Z0DI2T,34,26664,0,741,28,108.0,1-12mo,30-59,NE,Mobile,Federal,T7
T9GWSRZ,42,29140,33221,732,131,96.9,Never,Current,S,Mobile,Consolidation,T5
OC0N31F,30,50283,26478,633,354,95.6,>1yr,30-59,NE,Mobile,Consolidation,T4
UNKGB0P,67,85292,33671,656,0,109.2,1-12mo,90+,W,Web,Federal,T3
KYDGJ3K,28,47093,44840,824,178,111.9,Never,60-89,MW,Agent,Federal,T3
2J45BPI,42,74994,44175,678,0,108.5,1-12mo,30-59,S,Web,Federal,T3
0LCYO9O,57,31362,17429,648,191,112.7,1-12mo,30-59,S,Agent,Federal,T3
DAU0N6Q,50,83822,79765,640,468,109.3,Never,30-59,MW,Mobile,Consolidation,T1
87VBFUA,68,52068,63640,712,48,110.4,<30d,30-59,MW,IVR,Federal,T3
CF4C180,38,57539,37577,644,81,106.8,>1yr,30-59,W,Agent,Federal,T6
ZYM0552,64,56092,45884,613,0,102.4,<30d,Current,MW,Agent,Consolidation,T8
GQF5ZI1,25,22904,56620,780,220,95.4,>1yr,Current,MW,IVR,Consolidation,T6
INIZBZC,36,67585,71782,683,11,95.4,>1yr,Current,MW,Agent,Federal,T6
XELMA8O,32,49088,37198,578,200,111.8,<30d,60-89,W,Web,Consolidation,T3
SBIVIJW,22,54789,5709,626,217,97.1,Never,1-29,MW,Agent,Federal,T5
72DPCQK,69,53905,48219,618,104,105.4,>1yr,30-59,MW,IVR,Federal,T6
I1BXL61,60,24813,49735,621,331,105.8,Never,60-89,S,Mobile,Consolidation,T2
L32XC1B,65,56120,19594,611,438,113.8,>1yr,30-59,S,IVR,Federal,T1
27MNIFO,54,31420,37554,765,275,97.5,>1yr,Current,S,Agent,Consolidation,T4
SS7PYWJ,56,41837,0,629,140,108.6,<30d,30-59,S,Agent,Federal,T3
UQG0EXE,62,36704,17980,706,150,102.8,1-12mo,Current,NE,IVR,Federal,T7
N494FD7,41,62025,61154,677,0,96.2,1-12mo,Current,MW,Mobile,Federal,T7
M73JK4Q,42,47177,96604,821,85,109.0,<30d,30-59,S,Mobile,Federal,T3
A774PKS,39,65002,59019,578,230,114.9,<30d,60-89,S,Agent,Consolidation,T3
I32QG3S,24,77774,11971,775,137,102.9,1-12mo,Current,W,IVR,Consolidation,T7
PDZ7HQO,60,30648,33044,694,224,103.1,Never,Current,NE,Mobile,Consolidation,T5
1UMFO89,53,54752,55523,850,187,109.5,>1yr,60-89,W,IVR,Federal,T3
O84OICU,63,46069,32816,748,105,106.2,1-12mo,30-59,NE,Agent,Consolidation,T7
9AJOAD1,46,39285,19171,712,0,107.5,>1yr,60-89,MW,Agent,Consolidation,T6
S7H1Y6J,48,32821,40076,712,136,99.6,Never,1-29,S,Mobile,Federal,T5
OLZR2M4,48,43325,74776,668,138,100.1,>1yr,1-29,NE,IVR,Federal,T6
6X6JGZZ,52,40090,12930,587,11,96.4,1-12mo,Current,W,IVR,Federal,T7
HTB6VRI,35,30038,55644,660,0,103.9,Never,Current,MW,IVR,Federal,T5
AF31FSK,60,48146,66794,549,0,103.3,<30d,Current,NE,Web,Federal,T8
R4XOM42,34,56630,10248,771,322,106.1,Never,30-59,NE,Agent,Consolidation,T2
JI9TZI7,38,50688,39236,755,106,109.3,Never,60-89,S,IVR,Consolidation,T3
B6OJUJR,34,32292,65135,648,158,97.9,Never,Current,MW,Mobile,Federal,T5
0AUTUW7,30,47818,26605,758,79,114.3,1-12mo,60-89,W,Web,Federal,T3
E0PBL6U,59,75040,89625,626,154,97.6,>1yr,Current,W,Mobile,Federal,T6
CVYJKEQ,39,55179,53043,749,67,107.6,Never,90+,W,Agent,Federal,T5
XH4IQ8O,57,48605,78561,604,425,111.3,>1yr,30-59,NE,Mobile,Federal,T1
B87FYAU,27,34485,58098,775,0,102.5,Never,1-29,MW,Mobile,Federal,T5
RBXDPTR,70,46015,17487,727,340,103.7,>1yr,60-89,NE,Agent,Federal,T4
FF4V016,41,43177,77064,676,197,100.7,Never,Current,W,Mobile,Federal,T5
X4JUU5R,58,29211,48203,626,0,97.1,<30d,Current,S,Agent,Federal,T8
QTX6I6R,66,59834,38256,775,137,103.6,>1yr,Current,S,Mobile,Consolidation,T6
YV0IWVZ,62,58550,32252,682,0,97.3,1-12mo,Current,W,Agent,Consolidation,T7
Z4XWGS6,22,41755,27307,692,300,95.2,1-12mo,Current,NE,Mobile,Consolidation,T4
SIH81XJ,43,86074,8754,596,308,114.6,<30d,60-89,NE,Agent,Consolidation,T2
MAFLGS6,53,41252,66165,748,37,110.5,<30d,30-59,W,Web,Consolidation,T3
U7NFOJK,37,32211,70657,760,184,112.0,1-12mo,30-59,NE,Agent,Federal,T3
991TN0J,62,69901,90512,591,43,110.9,>1yr,90+,MW,Mobile,Consolidation,T3
KCJCWXL,67,63357,16409,661,231,104.6,Never,1-29,S,Web,Federal,T5
A3JTN3P,69,57397,34252,751,406,115.0,>1yr,30-59,NE,Mobile,Consolidation,T1
V12IIM4,39,55549,27653,708,83,98.4,>1yr,Current,W,Web,Federal,T6
67DIVPH,39,68276,77710,720,424,100.3,<30d,30-59,S,IVR,Federal,T4
OHJL213,51,62581,12262,719,487,102.0,1-12mo,30-59,MW,Mobile,Federal,T4
7OG1BUG,52,65699,82871,642,234,103.8,Never,Current,NE,Agent,Federal,T5
0YWW98P,47,41518,12531,675,183,100.4,1-12mo,Current,NE,Mobile,Consolidation,T7
QBP97XT,27,79472,39008,721,107,114.8,<30d,30-59,S,Mobile,Federal,T3
0MGPEZJ,64,50254,51291,732,119,109.5,>1yr,60-89,MW,IVR,Consolidation,T3
PQ3O0W9,44,44157,29625,734,498,96.3,>1yr,90+,S,Agent,Consolidation,T4
JZSAD0T,55,71629,54327,760,285,97.7,>1yr,Current,NE,Web,Consolidation,T4
9MCUFZC,34,62359,42832,676,341,113.7,1-12mo,90+,W,IVR,Federal,T2
RSQ9LJH,47,50938,31138,688,303,113.3,1-12mo,30-59,MW,Agent,Federal,T2
KY58DBZ,66,65274,29753,632,221,103.2,>1yr,Current,W,Web,Federal,T6
7KAKANM,68,47986,11522,699,510,110.5,1-12mo,60-89,W,Agent,Consolidation,T2
S9FCW10,23,74728,51034,753,185,111.6,<30d,90+,W,Mobile,Federal,T3
OT8GGTI,56,53498,19292,684,127,101.1,>1yr,1-29,W,Web,Consolidation,T6
1RWQ5SA,43,42953,47926,692,441,114.1,Never,30-59,W,IVR,Federal,T1
CIAQRI7,41,33772,66461,671,141,95.4,>1yr,Current,MW,Agent,Federal,T6
E4FAHLN,37,96849,15116,656,431,109.7,>1yr,60-89,W,IVR,Consolidation,T1
K7M07I0,52,81281,9392,746,93,106.1,>1yr,60-89,S,Web,Consolidation,T6
WSP1105,44,99939,13721,620,0,105.7,1-12mo,30-59,MW,Agent,Consolidation,T7
51XH9FH,30,38236,0,513,0,106.6,>1yr,30-59,W,Mobile,Federal,T6
AEWJ6HG,32,50266,50836,702,98,108.8,Never,60-89,W,Agent,Federal,T3
8GN3JW2,42,44077,18631,683,135,96.1,<30d,Current,S,Mobile,Consolidation,T8
JFW96HD,27,74995,13453,683,226,106.2,<30d,60-89,S,IVR,Consolidation,T8
Z1IGFH4,51,57835,77127,740,43,95.6,Never,Current,MW,IVR,Federal,T5
GE8FTHM,63,43648,55428,710,193,98.3,>1yr,Current,MW,Mobile,Consolidation,T6
VGDAMTS,56,72304,114164,654,83,111.9,1-12mo,30-59,S,IVR,Consolidation,T3
VHF34GR,62,47371,3832,727,427,108.9,Never,90+,W,Agent,Consolidation,T1
KC1O4N8,34,42440,47986,714,496,104.8,Never,30-59,MW,Mobile,Federal,T4
2SBKJPF,43,54842,59483,710,236,114.2,<30d,30-59,W,Agent,Federal,T3
2OW4WLJ,55,85049,44605,583,97,101.7,Never,Current,W,Agent,Federal,T5
TVRFKR4,58,42040,25711,712,185,103.3,>1yr,Current,W,IVR,Federal,T6
89ZNXX6,56,50172,28790,706,381,107.7,Never,60-89,MW,Agent,Federal,T2
V0VWL2H,46,36114,49944,643,176,114.1,>1yr,90+,S,Mobile,Consolidation,T3
D1MLTYV,37,38920,68308,646,0,106.1,Never,30-59,W,Web,Consolidation,T5
WZOI4ZU,59,29916,62120,628,285,108.0,<30d,60-89,NE,IVR,Federal,T2
GPA0BQD,50,15000,30389,677,417,110.4,1-12mo,60-89,W,Agent,Federal,T2
7AXJ6MQ,54,59974,63208,602,62,107.5,Never,30-59,MW,IVR,Federal,T5
6WG88CR,47,40106,25262,689,132,103.6,1-12mo,Current,MW,Web,Federal,T7
SJ5GIKL,50,67475,50919,660,348,98.3,<30d,60-89,MW,Agent,Consolidation,T4
2TNLGA7,42,20418,64245,710,197,97.4,1-12mo,1-29,MW,Agent,Consolidation,T7
NO3GDXX,34,105500,55044,675,260,105.4,>1yr,30-59,S,IVR,Federal,T2
ILGJJXR,55,30458,65113,791,104,100.5,>1yr,Current,W,IVR,Federal,T6
QRI1DL4,45,63922,59794,691,423,102.5,<30d,90+,S,IVR,Federal,T4
3LRTSBJ,52,15000,38055,735,16,113.0,<30d,30-59,W,IVR,Federal,T3
FBWPAOI,69,81979,45757,665,233,103.2,>1yr,Current,NE,Agent,Consolidation,T6
7AM1HGF,50,47043,33665,726,336,108.1,1-12mo,30-59,S,Agent,Federal,T2
RNBZ1FN,35,45034,78142,630,48,108.7,1-12mo,30-59,W,Web,Federal,T3
4VTNK7T,42,72855,81687,681,197,113.8,Never,60-89,NE,Mobile,Federal,T3
PV143BB,25,67908,49339,730,95,107.7,1-12mo,30-59,W,IVR,Federal,T7
X22XNCF,47,44762,56150,620,413,114.2,<30d,60-89,NE,Agent,Federal,T2
AU5TGES,66,93842,61386,688,173,107.7,Never,60-89,S,Mobile,Federal,T5
FCPK8B1,44,36392,75672,661,129,112.7,1-12mo,60-89,MW,Web,Consolidation,T3
2LSFO5B,37,57169,21353,578,293,104.5,Never,Current,S,Agent,Consolidation,T4
4Z786C9,31,55490,41303,622,0,105.8,1-12mo,30-59,MW,Web,Consolidation,T7
LBUSGHH,26,57011,43111,685,140,95.2,Never,Current,S,Web,Federal,T5
PFXY7S5,49,66088,28536,619,195,104.6,>1yr,1-29,W,Mobile,Consolidation,T6
AHI84ND,61,42432,75744,745,226,100.4,>1yr,Current,W,IVR,Consolidation,T6
2HDRXWG,55,16223,36664,723,385,108.5,Never,30-59,W,IVR,Consolidation,T1
I3Y8FRP,70,40596,41594,532,120,107.6,>1yr,30-59,S,Web,Federal,T6
4KWN3C2,43,52668,69034,738,416,100.1,1-12mo,90+,NE,Mobile,Federal,T4
3JGB6W8,30,55120,46657,586,358,111.2,1-12mo,30-59,W,Mobile,Consolidation,T2
166C8N5,58,45630,38058,683,197,112.7,>1yr,60-89,S,Web,Consolidation,T3
TCMUTFQ,43,51612,24978,696,221,106.1,Never,30-59,MW,Web,Consolidation,T5
XOOIR8E,25,88103,54686,598,225,98.9,1-12mo,Current,MW,Agent,Federal,T7
2KE4LUI,52,52242,50445,629,162,111.4,1-12mo,30-59,W,Agent,Federal,T3
SQX3EMS,40,85402,60118,605,195,112.4,Never,30-59,W,Agent,Consolidation,T3
FLN692Q,62,54385,35172,715,237,109.1,Never,90+,W,Web,Federal,T3
LP3D0ZQ,32,23791,73083,714,228,103.5,Never,1-29,S,IVR,Consolidation,T5
9FYU5OY,64,18520,13489,625,60,101.0,Never,Current,S,IVR,Federal,T5
Q6NEEU2,52,48340,78105,646,237,98.6,1-12mo,Current,S,Mobile,Consolidation,T7
AT8FSPD,60,25591,51556,689,108,101.0,<30d,Current,MW,IVR,Federal,T8
1NGA819,49,27937,49742,693,0,113.0,Never,90+,S,Mobile,Consolidation,T3
IU4EI55,24,38315,54875,639,84,111.8,1-12mo,90+,MW,Agent,Consolidation,T3
APHE3VT,32,41997,48780,722,576,108.7,>1yr,30-59,W,Mobile,Consolidation,T1
P40O5QO,46,42949,0,589,164,113.9,Never,30-59,NE,Mobile,Consolidation,T3
TDDSA3D,25,66555,13373,696,420,103.5,<30d,60-89,S,IVR,Consolidation,T4
GOI9WNP,33,67384,48839,696,174,108.1,Never,60-89,MW,IVR,Consolidation,T3
FJHPPMT,54,72080,35171,764,342,106.4,>1yr,30-59,NE,IVR,Federal,T2
Z7N85DQ,56,52022,59084,688,35,101.7,Never,Current,NE,Mobile,Federal,T5
VAISHI9,67,56346,58422,668,196,104.1,>1yr,Current,MW,Mobile,Consolidation,T6
QVK9QGO,51,73637,64982,681,258,103.7,Never,Current,MW,Agent,Federal,T4
AEZWAUL,59,74771,51652,615,240,108.6,Never,60-89,MW,Agent,Consolidation,T3
H8X5C5O,45,55788,96520,605,239,107.6,Never,30-59,S,Web,Consolidation,T5
2QK4ISZ,47,30635,32403,748,398,114.8,<30d,30-59,S,Agent,Federal,T2
S85KINU,59,37917,72110,779,303,106.1,>1yr,60-89,MW,IVR,Federal,T2
AU296J2,41,24873,37989,812,81,107.7,<30d,30-59,S,IVR,Federal,T8
9YR7NGJ,53,65703,50936,609,0,111.6,>1yr,60-89,S,Web,Federal,T3
ZK2ACLK,70,28436,74118,613,161,114.2,1-12mo,30-59,W,Agent,Consolidation,T3
80YCUDF,64,67784,34991,850,74,100.3,1-12mo,Current,W,Agent,Consolidation,T7
0O3O2OD,23,68382,24039,710,316,98.9,1-12mo,30-59,NE,Mobile,Federal,T4
HAU4H1U,67,44994,8246,704,245,110.3,Never,30-59,MW,Web,Federal,T3
NKXUKZK,56,69053,40165,693,0,110.0,1-12mo,60-89,S,Web,Consolidation,T3
9OVNE3Q,52,72543,73603,606,178,108.3,>1yr,90+,MW,IVR,Consolidation,T3
T6FFL1N,70,25524,35755,816,405,103.5,1-12mo,90+,MW,Agent,Consolidation,T4
Z1BC8K6,70,62691,65675,635,370,98.0,<30d,60-89,NE,Agent,Consolidation,T4
NAWY1TN,51,36668,61203,649,0,99.9,>1yr,Current,W,Agent,Consolidation,T6
1MNQUTF,28,70047,72138,715,0,109.6,<30d,90+,W,Mobile,Federal,T3
QSUW78D,60,58947,21024,618,124,110.1,<30d,60-89,MW,Mobile,Consolidation,T3
DH79X64,58,15000,42824,666,107,114.6,1-12mo,30-59,S,Agent,Federal,T3
IHFJBCT,28,103147,62592,608,142,104.8,1-12mo,Current,S,IVR,Consolidation,T7
U8GPN0B,56,15266,101971,577,150,97.1,1-12mo,Current,MW,Web,Consolidation,T7
W4QD6HC,28,66748,49268,698,419,111.6,<30d,90+,W,Mobile,Federal,T2
3MNX7F5,46,50232,14007,715,234,111.8,<30d,60-89,MW,Mobile,Federal,T3
1XF203I,43,34075,39274,564,189,112.8,<30d,30-59,S,Mobile,Federal,T3
V8N7TCG,43,33675,63931,676,230,106.2,>1yr,30-59,NE,Mobile,Consolidation,T6
KJL1CCK,67,35318,27750,694,284,100.2,1-12mo,1-29,NE,Agent,Consolidation,T4
QVXBNP3,48,56016,48710,710,270,101.8,<30d,Current,W,Agent,Federal,T4
IG78LOY,58,70019,65554,682,0,106.1,<30d,30-59,MW,Mobile,Consolidation,T8
EYGAOXF,66,48746,38209,678,100,112.3,1-12mo,30-59,NE,Agent,Federal,T3
GSW4JGP,33,40920,47287,680,52,100.9,>1yr,Current,W,IVR,Consolidation,T6
QQNQYZL,24,79656,52908,720,409,96.6,>1yr,30-59,NE,Mobile,Consolidation,T4
WD9VGJO,54,71120,31453,680,262,114.9,>1yr,30-59,MW,Agent,Consolidation,T2
3R6433H,25,35217,32213,703,219,110.2,>1yr,30-59,W,Agent,Federal,T3
XPNIVUS,28,64074,0,654,211,114.6,>1yr,90+,S,Web,Consolidation,T3
YQO650Y,60,51001,52076,634,14,99.8,<30d,Current,W,Mobile,Consolidation,T8
35DBATK,67,56776,80814,690,315,106.5,Never,60-89,MW,Mobile,Federal,T2
8KS1O8C,41,48236,15653,677,104,101.4,>1yr,1-29,W,Mobile,Consolidation,T6
F035INJ,27,36603,6981,637,39,103.6,<30d,Current,S,Mobile,Consolidation,T8
XL8BLYR,33,79035,65606,622,105,114.8,>1yr,60-89,NE,Mobile,Federal,T3
A7ZATDW,42,62793,66737,622,213,113.2,Never,30-59,MW,Agent,Consolidation,T3
3FBTC1Q,25,49646,57626,730,320,106.6,1-12mo,60-89,MW,Agent,Consolidation,T2
CTLIX6W,64,62711,84238,562,196,107.8,1-12mo,60-89,W,IVR,Federal,T7
SGGY41Q,66,15000,69465,661,98,112.7,Never,30-59,NE,IVR,Consolidation,T3
UB3JS3P,58,76322,43686,744,268,98.9,<30d,Current,S,IVR,Federal,T4
FD5KQB7,51,57098,0,658,60,106.2,>1yr,60-89,NE,Mobile,Consolidation,T6
0WL2TE8,31,30756,8883,744,219,95.9,<30d,Current,NE,IVR,Consolidation,T8
DF396UC,64,59772,62847,759,139,112.0,<30d,30-59,W,Mobile,Federal,T3
RC4DAZQ,44,49228,29975,526,94,98.9,>1yr,Current,S,Agent,Federal,T6
CW2JDL8,58,65840,36606,653,493,113.4,<30d,30-59,MW,Agent,Consolidation,T2
DCHSRX7,64,36979,72653,736,65,101.0,1-12mo,Current,NE,Agent,Federal,T7
TA8OG9A,62,55558,46988,675,525,105.2,>1yr,60-89,MW,IVR,Federal,T2
DKFABLD,49,48589,41331,781,215,100.5,1-12mo,Current,MW,Agent,Consolidation,T7
ZLFH3UQ,66,45589,49130,710,77,103.2,Never,1-29,S,Web,Consolidation,T5
KJIDWIT,58,59791,53554,744,0,100.2,1-12mo,Current,MW,Web,Consolidation,T7
NDKH4S9,56,51460,44452,665,202,105.9,1-12mo,30-59,S,Agent,Consolidation,T7
6QV7DW6,36,58161,61928,764,314,102.9,1-12mo,60-89,MW,Mobile,Federal,T4
X2CO5V6,26,45583,67955,628,395,104.4,1-12mo,60-89,NE,Mobile,Consolidation,T4
NYZW0I3,25,91715,7983,586,0,96.1,>1yr,Current,S,Web,Federal,T6
S6OK0JN,57,27692,34408,734,65,99.1,<30d,1-29,W,Agent,Consolidation,T8
Q4DU6BL,65,57032,49267,684,436,106.1,1-12mo,60-89,MW,Agent,Federal,T2
1BVAHLR,33,55647,27242,587,351,106.9,>1yr,30-59,NE,Mobile,Federal,T2
ETAFB0H,54,94183,72347,455,0,110.1,<30d,60-89,W,Web,Consolidation,T3
WVURL5I,23,66835,80398,703,84,113.0,>1yr,60-89,S,Web,Consolidation,T3
2EJ5G9O,35,58272,27597,630,235,105.2,1-12mo,30-59,S,IVR,Consolidation,T7
O34NE2D,62,58412,8138,664,110,110.1,>1yr,60-89,S,Agent,Federal,T3
2AG8YIF,33,46769,69700,721,295,114.3,1-12mo,60-89,NE,Agent,Federal,T2
X8C0G0Y,25,15000,30222,704,462,98.8,Never,30-59,MW,Agent,Federal,T4
KMO0IWV,31,60973,45859,661,243,109.3,1-12mo,60-89,MW,IVR,Federal,T3
R02XWW7,37,48382,40820,774,242,97.3,<30d,Current,W,Agent,Consolidation,T8
C307G4Z,44,85366,58435,696,251,98.4,Never,Current,NE,Mobile,Federal,T4
3YS8S1U,39,59149,57814,652,272,107.9,<30d,90+,S,Agent,Federal,T2
11RIEOI,22,43776,66968,628,170,98.5,<30d,Current,MW,IVR,Consolidation,T8
9E1NFHO,35,26205,60834,638,139,97.8,Never,Current,MW,Mobile,Federal,T5
PB5WJVY,26,65221,64448,690,304,103.7,>1yr,30-59,NE,Agent,Consolidation,T4
G4PC3LE,68,80722,60589,744,337,106.9,Never,90+,NE,Web,Federal,T2
1399PT5,33,60094,85549,757,0,105.1,Never,30-59,NE,IVR,Consolidation,T5
G2XRQ8L,39,64898,50110,850,248,99.7,<30d,Current,W,Web,Federal,T8
58OEG3Z,65,65572,24786,600,316,97.0,Never,60-89,W,Web,Consolidation,T4
D2YMTZA,36,28207,24652,678,443,102.8,1-12mo,30-59,S,Web,Consolidation,T4
C602QHQ,61,17047,50882,689,147,108.9,>1yr,60-89,S,Web,Federal,T3
7180LFB,50,47485,61474,630,297,109.1,<30d,60-89,NE,IVR,Federal,T2
0JPJ9SO,64,39388,70629,636,263,98.1,1-12mo,Current,W,Agent,Consolidation,T4
TI7621N,42,85764,33252,635,63,114.2,<30d,30-59,MW,Web,Consolidation,T3
ERC7Z2C,27,64538,3175,772,410,100.9,Never,30-59,W,Mobile,Consolidation,T4
BPBMR4T,61,72512,98538,696,164,107.4,1-12mo,30-59,NE,Mobile,Federal,T7
GEHXGGT,35,64772,43323,722,233,102.9,1-12mo,1-29,NE,Agent,Consolidation,T7
ZQ1U66T,29,82617,73127,719,0,108.6,<30d,60-89,S,Mobile,Consolidation,T3
FBMGO09,51,46216,62274,729,373,105.0,1-12mo,30-59,MW,Agent,Federal,T4
LGESTU1,33,21520,49021,658,453,107.3,<30d,90+,S,Mobile,Consolidation,T2
E7ASZQ6,24,38127,38454,704,0,107.5,Never,60-89,MW,Web,Consolidation,T5
J2ETKI8,33,95855,54322,530,129,101.4,1-12mo,Current,S,Web,Consolidation,T7
ZT2E2L8,42,18823,35467,680,290,101.8,<30d,Current,NE,Mobile,Consolidation,T4
S823483,68,87717,3253,621,0,111.8,<30d,60-89,MW,Web,Consolidation,T3
55NS2P9,26,66382,48749,688,86,109.5,Never,30-59,NE,IVR,Federal,T3
4VXISVZ,38,36949,52078,647,0,100.9,<30d,Current,NE,Mobile,Consolidation,T8
GI4SEBT,50,23069,40206,711,219,100.1,Never,Current,W,IVR,Federal,T5
HOAIM9B,67,52691,28970,682,522,97.3,>1yr,60-89,W,Mobile,Federal,T4
V2IGESH,60,31790,37249,690,179,95.5,Never,1-29,S,Agent,Federal,T5
O7EWGEI,42,62008,58416,486,151,105.6,1-12mo,30-59,NE,IVR,Consolidation,T7
E0A46L9,24,78049,58775,651,0,113.9,<30d,60-89,MW,Mobile,Federal,T3
YVV7BP1,63,65797,58426,663,358,98.6,>1yr,90+,MW,Mobile,Consolidation,T4
BMZCMGJ,56,54888,25365,690,203,114.5,1-12mo,30-59,S,Web,Consolidation,T3
DOONW1W,23,83714,89825,582,238,104.7,<30d,1-29,MW,IVR,Consolidation,T8
LHZPP10,65,36801,48960,629,0,103.2,Never,Current,NE,IVR,Consolidation,T5
58QBIHB,48,70307,10374,624,209,101.0,<30d,Current,NE,Web,Consolidation,T8
I5LTQTY,41,65848,38803,649,440,110.6,1-12mo,60-89,MW,Mobile,Federal,T2
MUKFLEV,59,62494,16297,660,190,107.3,1-12mo,30-59,MW,Mobile,Consolidation,T7
WY4YQCV,30,87457,49614,578,318,97.1,1-12mo,30-59,NE,Mobile,Consolidation,T4
156W2EZ,46,56025,24982,693,192,100.3,1-12mo,1-29,W,Mobile,Federal,T7
5TFJ4VX,48,33745,57294,671,316,105.2,>1yr,60-89,MW,Mobile,Federal,T2
G94L6RT,42,15000,32900,630,177,101.1,>1yr,Current,NE,IVR,Federal,T6
208DT5M,43,68859,25739,574,5,110.2,>1yr,30-59,S,Mobile,Federal,T3
BFJEG1X,41,15000,16721,736,58,97.6,1-12mo,Current,NE,Agent,Federal,T7
XQUK4YU,61,92834,32195,637,225,108.9,1-12mo,30-59,W,Web,Consolidation,T3
2K6RQSQ,66,52416,71554,647,0,110.8,Never,60-89,S,Mobile,Federal,T3
AXN8U3W,46,96401,55456,626,185,96.9,Never,Current,S,IVR,Federal,T5
BQCQ42D,66,72760,0,732,0,97.4,<30d,Current,S,IVR,Federal,T8
HODTQ5H,55,75847,34595,642,0,96.6,<30d,1-29,S,IVR,Federal,T8
MTYN5XE,34,88522,48283,707,2,109.7,1-12mo,60-89,NE,Web,Consolidation,T3
8CY0KSX,38,32627,92295,773,482,110.3,>1yr,60-89,S,Web,Consolidation,T1
21SQGQW,35,56853,55496,706,289,106.4,1-12mo,30-59,S,IVR,Federal,T2
RHFMCAM,58,44229,69795,697,144,114.9,1-12mo,60-89,NE,IVR,Federal,T3
WSB9YWA,45,64003,45318,673,63,106.4,Never,60-89,NE,IVR,Consolidation,T5
285TU4W,50,51914,69405,646,195,103.3,<30d,Current,NE,Agent,Consolidation,T8
KDS0N9W,30,36468,37794,687,7,96.4,1-12mo,Current,W,IVR,Federal,T7
Z7IYCS7,63,40611,43206,674,235,98.7,Never,Current,S,Web,Consolidation,T5
IVA6CPN,27,59557,15171,609,99,98.3,>1yr,1-29,S,IVR,Consolidation,T6
DB3YROL,36,76600,77435,756,8,99.4,>1yr,Current,W,Mobile,Consolidation,T6
1H7VTPP,59,84782,87832,723,0,99.5,>1yr,Current,S,Mobile,Consolidation,T6
XGB8C1R,63,37212,44433,624,164,105.0,1-12mo,Current,NE,Mobile,Federal,T7
4BGCKEB,40,57948,49764,569,184,113.8,1-12mo,90+,NE,IVR,Consolidation,T3
W0GJMQU,47,68282,20502,704,132,110.2,>1yr,30-59,S,Web,Federal,T3
S9UBJVP,64,49574,29252,645,289,105.9,>1yr,60-89,MW,Mobile,Consolidation,T2
Z77FE5W,68,44999,87555,729,18,105.9,>1yr,90+,W,Agent,Federal,T6
BWTXW4R,58,61315,83639,540,75,110.6,<30d,30-59,W,IVR,Federal,T3
65VANO7,32,90934,19544,720,154,97.8,<30d,Current,MW,Agent,Consolidation,T8
LXR4KQE,56,58734,59054,712,265,95.8,Never,Current,W,Web,Consolidation,T4
QPZBX54,36,39016,71604,681,289,112.5,>1yr,30-59,W,Web,Consolidation,T2
9H0PZF5,22,74457,40278,562,176,104.8,>1yr,Current,NE,IVR,Consolidation,T6
OXAJEVD,61,88695,9454,691,170,95.3,Never,Current,W,Web,Consolidation,T5
7DC8Q1L,39,31368,52712,559,166,99.7,>1yr,Current,MW,Mobile,Federal,T6
D24SJ8P,66,32514,43087,548,178,98.9,<30d,Current,MW,IVR,Federal,T8
LQLVFMC,50,28031,77653,651,0,113.9,1-12mo,90+,NE,Web,Consolidation,T3
U8PD3BU,67,26920,74253,708,212,99.1,<30d,Current,S,Mobile,Federal,T8
P0UBOJK,25,45728,76951,626,151,96.4,Never,Current,MW,Web,Consolidation,T5
HNAX1MM,29,15000,25124,683,218,109.1,<30d,60-89,S,Agent,Federal,T3
EITA64P,63,70708,24755,591,268,104.8,1-12mo,Current,S,Web,Federal,T4
SBGLHF2,32,41692,20218,726,106,103.8,>1yr,Current,MW,Mobile,Federal,T6
SL5Q1DA,66,43104,28014,595,204,114.5,<30d,60-89,S,Mobile,Consolidation,T3
8H7FDVQ,32,88085,19083,665,346,95.7,<30d,30-59,MW,Agent,Federal,T4
OYI70RG,70,32590,26519,642,283,100.1,>1yr,1-29,NE,Web,Federal,T4
7MQ8NYR,47,75120,82514,624,89,111.1,>1yr,60-89,S,Mobile,Consolidation,T3
QHIDVZZ,62,48822,26539,609,227,114.1,Never,30-59,NE,IVR,Federal,T3
YABDKWC,51,53578,58887,621,99,98.4,<30d,Current,NE,IVR,Federal,T8
K53VS35,62,33037,39064,725,0,96.3,>1yr,1-29,MW,Mobile,Federal,T6
2XC3V72,58,75457,46928,553,236,101.0,<30d,Current,S,Agent,Consolidation,T8
HZT4F96,38,83587,47356,654,270,98.3,<30d,Current,W,Mobile,Consolidation,T4
MRKPN20,29,31978,29918,590,0,99.2,<30d,Current,W,Mobile,Consolidation,T8
XP5B5BO,28,62139,55078,743,8,111.6,Never,30-59,S,Agent,Consolidation,T3
5USG3YG,29,73105,52079,622,585,113.0,>1yr,30-59,W,Agent,Federal,T1
M0W1EGQ,36,41098,51771,638,618,107.9,<30d,30-59,W,IVR,Federal,T2
MVWEYYH,63,31655,91028,775,150,112.0,1-12mo,30-59,MW,IVR,Federal,T3
NC6LWDV,66,69644,61141,734,278,101.2,>1yr,Current,MW,IVR,Consolidation,T4
2WBW3NW,61,35365,56023,683,572,108.6,<30d,30-59,S,IVR,Federal,T2
IAXA3M0,58,50313,38824,713,176,106.1,Never,90+,NE,Agent,Federal,T5
NNDBX5F,40,78205,16651,622,180,113.2,<30d,30-59,MW,Agent,Federal,T3
Q744797,41,40430,11599,655,138,97.1,>1yr,1-29,MW,Mobile,Consolidation,T6
1X4V2DM,37,54708,80451,721,426,104.8,Never,60-89,MW,Agent,Consolidation,T4
CW51V54,42,15000,67806,622,492,109.1,1-12mo,30-59,MW,Web,Consolidation,T2
RUSNFDS,33,26111,79537,597,134,106.7,>1yr,90+,S,Web,Consolidation,T6
4BW80V8,45,46658,24223,583,249,109.3,<30d,30-59,W,IVR,Federal,T3
N6QV6AA,56,64499,31772,695,54,105.7,Never,60-89,NE,Web,Consolidation,T5
GTVZ7RX,35,19139,61249,650,166,102.7,<30d,Current,S,Agent,Consolidation,T8
5Z95IXH,43,32778,45221,730,209,107.5,>1yr,30-59,MW,IVR,Federal,T6
NDLZR2P,31,61221,44536,697,583,113.9,1-12mo,30-59,MW,IVR,Federal,T2
4FZI9LD,55,48811,53195,683,285,105.0,1-12mo,1-29,W,Web,Consolidation,T4
MRHZPRC,60,72666,47540,626,280,103.6,<30d,Current,MW,IVR,Federal,T4
PJ2ZDG0,43,56318,22592,723,167,97.0,Never,Current,W,IVR,Consolidation,T5
1AOHE0Q,52,23009,46956,709,85,100.1,>1yr,Current,NE,IVR,Consolidation,T6
DLSMQ6X,34,67799,6961,730,207,105.5,Never,90+,MW,Mobile,Federal,T5
W7IBIKV,41,47959,40845,763,132,95.4,1-12mo,Current,MW,IVR,Consolidation,T7
XH4OAM8,68,88892,38931,683,22,106.1,1-12mo,60-89,W,Web,Consolidation,T7
2AXQU21,30,41274,13403,709,593,108.9,>1yr,60-89,S,IVR,Federal,T1
9XRERPY,61,64580,39288,736,445,112.9,>1yr,60-89,MW,IVR,Federal,T1
P4ALKHX,23,70511,47806,669,0,103.6,Never,Current,MW,Agent,Consolidation,T5
MQOYTB5,56,50841,56335,773,222,101.1,1-12mo,Current,MW,IVR,Federal,T7
P2R6X88,70,63628,58721,677,76,107.6,1-12mo,30-59,W,Agent,Federal,T7
IQBWXMP,24,19559,31825,511,253,110.3,>1yr,90+,W,Agent,Consolidation,T2
64J23VK,34,95240,49601,742,185,103.6,1-12mo,Current,MW,Web,Consolidation,T7
KFZIJBQ,58,44711,32130,729,0,103.3,Never,Current,MW,Web,Consolidation,T5
IHZNYL6,22,29089,47175,620,112,113.0,>1yr,30-59,W,Agent,Consolidation,T3
GFB0K9U,52,48966,14254,748,390,99.0,>1yr,60-89,MW,Mobile,Consolidation,T4
9H5K3ON,69,32594,46401,668,0,113.6,1-12mo,30-59,MW,Mobile,Consolidation,T3
AAVLANO,42,43715,23663,619,180,99.7,>1yr,Current,NE,Web,Federal,T6
BX8VHVR,34,79729,63862,772,319,112.1,>1yr,60-89,NE,Mobile,Consolidation,T2
CKKPZ5I,65,38829,60335,586,0,96.6,>1yr,Current,MW,Agent,Federal,T6
KM4KB6Z,58,94656,65997,806,339,105.4,1-12mo,60-89,W,IVR,Federal,T2
EZRCRAP,37,28509,18708,750,415,109.7,<30d,30-59,S,Agent,Consolidation,T2
088LRDN,34,46497,53930,716,0,108.6,>1yr,60-89,W,Mobile,Consolidation,T3
I9UNLNF,46,70587,72490,660,292,113.6,1-12mo,90+,MW,Mobile,Federal,T2
NH374LS,41,83018,16266,715,54,109.8,>1yr,60-89,NE,Agent,Federal,T3
WYW4JIP,42,48138,20026,677,10,96.5,Never,1-29,NE,IVR,Consolidation,T5
WC7WMA9,66,37311,61853,614,143,109.1,>1yr,60-89,S,IVR,Federal,T3
Q6RVXFA,33,55798,66886,518,255,109.8,1-12mo,30-59,MW,IVR,Consolidation,T2
A7W9YMG,25,45261,32892,754,0,101.1,Never,Current,NE,Web,Federal,T5
HQ0R8BI,70,80130,17803,640,383,99.8,1-12mo,90+,MW,IVR,Federal,T4
HKRV0BR,61,54426,40497,681,98,100.0,<30d,Current,W,Web,Consolidation,T8
KXHNGZF,52,75265,65561,664,411,98.8,<30d,60-89,S,IVR,Consolidation,T4
XNCW7B5,39,50040,34069,769,308,96.7,1-12mo,30-59,W,Mobile,Federal,T4
Y1VT6XV,63,61786,10170,753,255,100.5,1-12mo,1-29,MW,IVR,Consolidation,T4
9RS1YVA,62,36780,63784,769,175,102.8,1-12mo,1-29,W,Web,Consolidation,T7
W2JDWUH,59,17012,21087,681,462,98.6,Never,90+,S,Web,Consolidation,T4
Q5G54Y9,66,64826,41441,803,17,96.8,1-12mo,Current,NE,Agent,Federal,T7
WKXKEAW,51,27808,61624,606,464,95.1,>1yr,30-59,NE,Mobile,Consolidation,T4
M9BNXBG,51,64786,28878,748,141,107.0,>1yr,60-89,MW,Agent,Federal,T6
WQP0LP6,65,33569,37821,555,279,99.3,1-12mo,Current,MW,Agent,Consolidation,T4
0R6MJLT,54,27311,0,757,111,101.8,Never,Current,S,IVR,Consolidation,T5
Y9EHAJU,42,40404,84558,758,339,109.3,<30d,60-89,W,Web,Consolidation,T2
AMJZU5X,31,38588,48494,629,432,109.6,<30d,30-59,W,Mobile,Consolidation,T2
5DO5CG3,30,54388,42408,637,120,104.5,1-12mo,Current,NE,IVR,Federal,T7
SJCABWJ,52,35782,23088,621,337,101.8,<30d,60-89,W,Web,Federal,T4
2GNF3ZU,22,38966,18606,658,262,109.6,>1yr,60-89,S,Agent,Federal,T2
X41M7A1,68,42851,17010,674,245,107.1,Never,60-89,W,Web,Consolidation,T5
1UF75QS,51,67012,0,659,78,104.6,1-12mo,Current,S,Web,Consolidation,T7
2H0AWUU,51,37996,29010,770,137,111.7,1-12mo,60-89,MW,Web,Consolidation,T3
EB0D2AL,59,47400,13835,640,144,111.9,<30d,30-59,MW,Mobile,Federal,T3
5RKPU90,33,64649,66408,652,5,103.9,1-12mo,Current,S,Web,Consolidation,T7
TCBG97X,28,62888,78076,706,117,113.7,1-12mo,30-59,MW,IVR,Consolidation,T3
3TM68D5,22,37674,48034,611,376,114.1,1-12mo,90+,MW,IVR,Federal,T2
55ZVIWB,28,43744,35588,698,76,102.7,Never,Current,NE,Mobile,Consolidation,T5
6DX7CEA,60,31543,50158,627,241,101.2,1-12mo,Current,MW,Web,Consolidation,T7
SKOON79,35,64635,65303,661,278,104.7,Never,Current,S,Web,Consolidation,T4
TEV3MEY,61,105382,27133,768,314,105.3,<30d,30-59,NE,Mobile,Consolidation,T2
VNJDTDW,41,15000,53311,641,121,108.4,1-12mo,30-59,S,IVR,Consolidation,T3
2OMJYNZ,29,71884,35634,757,384,102.2,<30d,30-59,MW,Agent,Federal,T4
LLNIIC3,59,42942,81959,698,382,100.0,Never,30-59,MW,Agent,Consolidation,T4
94C9U3U,57,47742,42058,614,192,112.9,1-12mo,30-59,NE,Mobile,Federal,T3
JFG1UT7,63,77516,31312,663,152,107.7,<30d,30-59,NE,Mobile,Federal,T8
CAHUZ4Q,33,46756,63045,640,108,108.0,1-12mo,90+,S,Mobile,Federal,T7
RVMFNN5,59,68922,54103,703,182,110.5,>1yr,30-59,S,IVR,Consolidation,T3
79PI4L3,61,45409,77380,667,0,95.9,Never,Current,W,Web,Consolidation,T5
ET6OSKT,53,15000,95922,556,149,96.8,Never,Current,NE,Mobile,Federal,T5
H7H2NHV,44,57340,43297,619,208,96.9,>1yr,Current,MW,Agent,Consolidation,T6
76LJW8C,59,53963,21789,632,124,101.8,1-12mo,Current,NE,Agent,Consolidation,T7
TGGY4OK,35,70459,71230,628,119,107.7,<30d,30-59,S,Agent,Federal,T8
47XEMPI,30,87822,104414,684,253,97.6,Never,1-29,MW,Mobile,Federal,T4
KUSN056,69,54584,34296,625,61,96.5,1-12mo,Current,S,Agent,Consolidation,T7
H3OZW9D,28,87666,17679,736,39,110.3,<30d,30-59,W,IVR,Consolidation,T3
HGJAUP0,29,38731,30410,680,0,97.6,1-12mo,Current,NE,Mobile,Federal,T7
3YNSKJK,24,73098,56130,624,274,102.3,<30d,Current,W,Web,Federal,T4
2VR46FD,43,56899,39290,653,310,96.7,Never,60-89,S,IVR,Consolidation,T4
RZOIO22,24,50089,63732,684,23,113.1,1-12mo,60-89,W,IVR,Consolidation,T3
POY0QWJ,55,25382,29214,650,260,104.0,>1yr,Current,W,Agent,Federal,T4
NTQ2SLC,56,50038,73969,560,198,103.9,>1yr,Current,W,Mobile,Consolidation,T6
LC099DX,46,38877,21099,641,0,99.1,1-12mo,1-29,NE,IVR,Federal,T7
QFY9WQT,34,49727,16786,620,227,100.1,>1yr,Current,S,IVR,Federal,T6
138G4LQ,35,78053,49509,796,249,96.9,<30d,Current,MW,IVR,Consolidation,T8
9NB6VCG,29,68702,62246,641,325,111.7,<30d,30-59,NE,Web,Consolidation,T2
WDTCDYT,22,59682,0,571,179,99.8,<30d,Current,NE,Web,Consolidation,T8
XRK87AB,53,48640,75631,621,145,98.7,Never,Current,S,IVR,Consolidation,T5
13222SD,28,40639,54476,668,253,104.4,>1yr,Current,NE,Mobile,Consolidation,T4
PRWMOOI,30,61076,36577,630,213,96.7,Never,Current,MW,Agent,Consolidation,T5
LSJ3XXC,53,44077,35816,567,159,110.4,1-12mo,30-59,W,Agent,Consolidation,T3
IZ9Q88G,59,56771,65138,642,0,95.2,>1yr,Current,MW,Agent,Consolidation,T6
IALJ1KY,57,108475,30606,632,292,104.4,Never,1-29,S,Agent,Consolidation,T4
F65BJTB,32,19258,31222,590,0,112.3,>1yr,60-89,MW,Agent,Consolidation,T3
JP0JSYG,38,41681,41516,671,424,107.8,Never,90+,MW,IVR,Consolidation,T2
4PLJZAQ,30,61703,95354,682,0,112.6,1-12mo,60-89,W,Web,Federal,T3
QCGNUEN,55,70525,35682,748,182,113.9,Never,90+,S,Web,Federal,T3
GZZCIK0,61,56827,67974,715,255,111.1,1-12mo,60-89,NE,Web,Consolidation,T2
I6IFHMO,54,74490,42302,617,178,100.5,1-12mo,Current,W,Agent,Federal,T7
ALHSFAU,70,32806,54246,760,244,103.4,>1yr,Current,NE,IVR,Federal,T6
VILHKQI,54,16328,31204,678,445,113.0,<30d,60-89,S,IVR,Federal,T2
CWQ1NZN,48,78018,39700,791,175,99.2,1-12mo,Current,S,IVR,Federal,T7
76Y0LVU,29,48188,67344,684,293,112.3,>1yr,60-89,W,IVR,Federal,T2
IGWK2P5,42,82484,56839,590,169,110.9,>1yr,30-59,MW,Web,Consolidation,T3
LAS2B8A,22,89342,31460,627,311,106.4,<30d,60-89,W,Web,Consolidation,T2
AEJZ89N,51,30115,43070,652,414,110.4,<30d,30-59,MW,Agent,Federal,T2
VQPW3G8,41,69247,37968,603,363,97.2,Never,30-59,MW,Web,Consolidation,T4
TA2H92Q,50,34815,49494,655,244,110.1,>1yr,60-89,W,Agent,Federal,T3
9CA23ZZ,36,33593,21387,719,307,105.3,1-12mo,30-59,NE,Agent,Federal,T2
6NELQSL,39,38232,60207,653,203,97.0,1-12mo,Current,NE,Web,Consolidation,T7
RF156V8,26,60110,22706,718,105,102.6,Never,Current,NE,Agent,Consolidation,T5
GAIEL7W,38,39762,15805,699,211,98.3,<30d,Current,NE,Mobile,Federal,T8
MSWGPIH,26,36097,65076,573,294,111.7,>1yr,60-89,MW,Web,Federal,T2
PT4CJ9V,37,76141,39470,673,91,102.7,<30d,Current,W,Web,Consolidation,T8
7BTL2BD,23,62912,10403,688,341,95.1,>1yr,60-89,W,Mobile,Federal,T4
18LB3J1,23,27508,27784,621,412,96.0,>1yr,30-59,S,Agent,Consolidation,T4
0Y86ZLR,57,74842,41874,696,0,101.4,>1yr,Current,MW,Mobile,Federal,T6
C0SUE7D,46,49850,43053,663,519,102.9,>1yr,90+,W,IVR,Consolidation,T4
WFSTDXR,41,79706,69640,652,117,105.9,1-12mo,30-59,W,Mobile,Federal,T7
TWCWF31,66,47001,48566,626,502,105.3,<30d,60-89,NE,Mobile,Consolidation,T2
VR6SG02,52,80830,121291,657,0,113.7,1-12mo,30-59,MW,IVR,Federal,T3
1AKR2VU,55,33651,29649,850,464,104.5,1-12mo,30-59,S,Web,Federal,T4
NNVSPOH,63,27115,37482,591,323,100.2,>1yr,90+,S,Web,Federal,T4
ZVPKCXW,62,67761,70684,801,613,111.2,>1yr,60-89,S,Agent,Federal,T1
IN5LWZH,37,43672,26707,589,302,113.4,Never,30-59,MW,IVR,Federal,T2
2HBVQK7,30,85640,27324,541,432,96.4,<30d,30-59,NE,Agent,Consolidation,T4
M1K8EOU,51,47445,54190,709,169,96.6,>1yr,Current,NE,Agent,Federal,T6
5N7A35V,62,53132,18028,750,0,96.2,<30d,Current,W,Web,Federal,T8
2PIRLWK,30,51830,68014,695,0,106.4,<30d,90+,MW,Mobile,Consolidation,T8
7TBJ6BT,66,41044,42120,709,218,114.7,Never,90+,S,Mobile,Consolidation,T3
RGHC77P,38,75398,22663,666,133,97.4,Never,Current,W,IVR,Consolidation,T5
D2L38UM,39,32691,25814,603,24,115.0,>1yr,30-59,MW,Mobile,Consolidation,T3
YD8PAEV,53,56303,34090,622,140,98.5,1-12mo,Current,S,Mobile,Federal,T7
F9F8A6N,58,70134,42893,705,196,103.5,Never,Current,MW,Agent,Federal,T5
7LD4HFL,34,22023,30115,604,0,107.8,Never,90+,NE,Mobile,Federal,T5
1I5N6MD,64,60635,21647,697,262,108.8,>1yr,30-59,MW,Web,Federal,T2
I0WY4O6,43,61288,31697,734,274,114.3,Never,30-59,MW,Agent,Consolidation,T2
J5RXZG7,28,62144,27712,668,86,99.0,1-12mo,Current,NE,Web,Federal,T7
2FRL52M,54,38646,4960,703,0,103.4,>1yr,Current,NE,IVR,Consolidation,T6
9LZN1C9,66,69017,16952,620,60,105.1,<30d,30-59,MW,Mobile,Federal,T8
X0D6SJL,25,36165,31530,656,3,108.3,<30d,60-89,S,Agent,Consolidation,T3
4Y728HI,64,32278,37999,579,370,111.8,1-12mo,60-89,W,Web,Federal,T2
6W4NZ82,69,54522,34186,631,138,96.6,<30d,Current,NE,Agent,Federal,T8
VD1T7GU,69,61271,12451,687,82,100.7,>1yr,Current,S,Agent,Consolidation,T6
8LVP2Q1,44,34156,8711,677,145,104.3,1-12mo,Current,MW,Agent,Federal,T7
M7UDKEL,41,30738,31774,661,42,109.8,>1yr,60-89,NE,Web,Federal,T3
Y4NXJLD,52,39322,69469,669,274,95.2,1-12mo,Current,S,Agent,Federal,T4
OYA0QYY,58,45078,56771,712,0,113.2,1-12mo,30-59,MW,IVR,Federal,T3
M88F9YL,52,43104,52719,559,326,112.5,Never,60-89,S,Agent,Consolidation,T2
0GODCDG,22,47866,69279,649,77,95.5,>1yr,Current,S,Mobile,Consolidation,T6
229XYCX,38,42055,63826,722,331,101.7,<30d,30-59,MW,IVR,Consolidation,T4
JOQ86YM,40,74385,8303,813,203,100.6,<30d,Current,W,Web,Consolidation,T8
JA48UMA,34,80492,64284,664,374,107.8,Never,30-59,W,Agent,Consolidation,T2
HCBQESM,22,58791,44545,782,475,112.0,Never,30-59,MW,Web,Federal,T1
SR9GO22,61,88788,61358,531,0,101.0,1-12mo,Current,W,Agent,Consolidation,T7
QSPVAZ4,44,23262,7478,626,0,98.9,<30d,Current,S,Web,Consolidation,T8
SMUL2SH,68,69259,25496,709,440,96.2,1-12mo,60-89,W,IVR,Federal,T4
EXO2K1V,25,77459,24262,623,90,105.5,Never,30-59,NE,Web,Federal,T5
ADJY3TB,59,46883,41375,644,0,101.1,Never,Current,MW,Agent,Federal,T5
4E9CKH7,45,60980,0,613,34,114.6,1-12mo,30-59,S,Agent,Consolidation,T3
8JQG8BM,47,15847,83682,573,258,96.5,<30d,Current,NE,IVR,Federal,T4
76W4YKO,43,18679,73495,579,391,100.6,1-12mo,30-59,MW,Web,Federal,T4
20IRXPS,23,58760,45985,605,142,111.0,1-12mo,30-59,NE,IVR,Federal,T3
FPBP8BU,26,64094,63921,745,310,98.5,1-12mo,60-89,NE,IVR,Federal,T4
8DR69PK,43,93252,30545,669,128,96.0,1-12mo,Current,S,Mobile,Consolidation,T7
NV9W50Z,61,38437,54549,698,208,111.0,Never,90+,NE,Web,Consolidation,T3
6R5ZVVA,54,35248,73386,724,17,112.8,>1yr,30-59,S,Web,Federal,T3
EVXM9DR,50,61511,19988,702,277,109.7,Never,60-89,W,Web,Federal,T2
CAU8545,70,65320,67588,618,323,97.2,Never,90+,NE,Agent,Consolidation,T4
WQ1KZC1,60,102607,28895,581,114,100.5,>1yr,Current,W,Mobile,Consolidation,T6
QTIYEUT,69,40245,47775,659,277,95.9,<30d,Current,MW,Mobile,Consolidation,T4
VTFAX7M,32,40269,45548,732,324,104.8,<30d,30-59,NE,Agent,Federal,T4
IGCUWMS,67,42204,0,677,222,102.3,>1yr,1-29,NE,Web,Federal,T6
C5C0VE3,26,42859,82223,680,124,108.2,Never,90+,S,Agent,Consolidation,T3
WAR2Y1H,46,53518,56358,842,51,114.0,>1yr,30-59,MW,Web,Federal,T3
WCOVMB3,58,50577,0,640,332,110.4,>1yr,30-59,MW,IVR,Federal,T2
BC4XO1Y,29,31947,17286,567,261,99.2,Never,Current,S,Mobile,Federal,T4
STGLAS3,69,62368,60651,711,0,106.6,Never,60-89,NE,Web,Federal,T5
F5M21LS,44,49723,55165,726,56,97.0,Never,Current,MW,Agent,Federal,T5
467OVCN,44,74111,24251,674,383,102.8,>1yr,30-59,S,Web,Consolidation,T4
891FXQY,36,77551,57642,683,464,105.5,<30d,30-59,MW,Agent,Federal,T2
QUYJFOU,46,62867,61725,720,256,95.4,Never,Current,NE,IVR,Consolidation,T4
CILO6IH,29,56461,42952,619,234,101.3,Never,Current,MW,Agent,Consolidation,T5
05TU5Y9,55,47402,31262,676,181,113.7,<30d,30-59,W,Mobile,Federal,T3
RFSMF5G,42,45540,32198,706,194,96.7,1-12mo,Current,MW,IVR,Federal,T7
7P81MWH,69,75632,19206,751,355,96.4,Never,60-89,NE,IVR,Consolidation,T4
GPHM3R3,44,75088,57522,687,137,102.9,Never,Current,W,Agent,Federal,T5
W9D4DIG,37,69083,67072,786,251,104.3,Never,Current,NE,Mobile,Federal,T4
22UC8GI,32,103391,86737,691,389,99.6,>1yr,60-89,W,Mobile,Consolidation,T4
POXTZRT,24,89857,88219,712,351,100.2,<30d,30-59,NE,Mobile,Consolidation,T4
S04BMDE,56,76783,1404,501,148,101.5,1-12mo,Current,W,IVR,Federal,T7
EFQ6CAI,22,47522,55171,735,292,96.1,>1yr,1-29,W,IVR,Consolidation,T4
4QA3H85,43,50923,30113,758,173,111.3,>1yr,30-59,MW,Mobile,Federal,T3
DCNRUMX,26,34144,43878,666,227,105.2,Never,60-89,NE,Mobile,Federal,T5
PJU541T,50,76878,88799,651,282,99.2,<30d,Current,MW,Web,Federal,T4
PKPCYTY,60,81057,61685,570,107,108.7,1-12mo,30-59,W,IVR,Federal,T3
BW7R64V,67,62294,40420,656,160,111.0,1-12mo,30-59,NE,Mobile,Federal,T3
6DHQGBI,53,72084,39804,739,0,114.1,>1yr,30-59,NE,Mobile,Federal,T3
MD57EQJ,28,38451,22056,536,96,98.7,<30d,Current,W,Agent,Consolidation,T8
ZM8FKRM,61,78052,14687,559,249,112.8,>1yr,30-59,MW,IVR,Federal,T3
NB85BI8,50,71769,26993,588,167,96.0,Never,Current,W,Web,Federal,T5
AFNMJ59,45,49787,62164,722,256,98.8,Never,Current,MW,Agent,Consolidation,T4
UBZMXFZ,58,29002,60162,724,419,106.3,Never,60-89,MW,IVR,Federal,T2
EKFRB5Y,40,42383,30604,610,505,109.9,<30d,60-89,MW,IVR,Consolidation,T2
QLXZDFW,26,51372,47923,500,290,110.0,<30d,30-59,S,IVR,Federal,T2
NNRNSGF,43,42153,31409,801,249,112.0,>1yr,60-89,S,Web,Federal,T3
STEO78E,45,52219,16399,685,281,110.4,1-12mo,90+,S,Mobile,Consolidation,T2
RW7CMMK,54,62736,40130,621,0,96.7,<30d,Current,S,Agent,Consolidation,T8
O2TC83T,33,53232,16597,724,170,96.4,<30d,Current,S,IVR,Federal,T8
DINJR4K,63,94830,40287,626,198,110.2,>1yr,60-89,W,Web,Federal,T3
PU7KCR1,29,94916,29620,602,0,99.9,<30d,Current,W,IVR,Federal,T8
YX0Q9ML,63,55920,102367,666,356,112.7,>1yr,60-89,S,Mobile,Consolidation,T1
7LELN4G,70,55556,104816,691,143,104.4,>1yr,Current,MW,Agent,Consolidation,T6
53DU796,48,74991,55001,669,320,102.7,1-12mo,60-89,MW,IVR,Federal,T4
CPF4DVQ,50,42701,75497,676,278,99.2,1-12mo,Current,S,Mobile,Consolidation,T4
ND8BUM9,40,72921,75763,714,199,105.3,Never,30-59,NE,Mobile,Consolidation,T5
4A543CY,61,73332,40757,681,491,99.4,1-12mo,60-89,S,Web,Federal,T4
4FW8Y70,25,52227,34971,683,270,98.6,>1yr,Current,W,Agent,Federal,T4
UKXXZEY,36,23692,66773,628,194,110.7,>1yr,30-59,MW,Web,Consolidation,T3
1VT31KN,63,84823,90497,797,261,102.7,1-12mo,1-29,NE,Agent,Consolidation,T4
3QWYZC4,58,34343,13082,646,279,114.7,Never,90+,NE,Agent,Consolidation,T2
YQ64D2T,52,26940,39683,601,231,113.1,1-12mo,60-89,S,IVR,Federal,T3
04YWZW9,58,76760,45230,646,203,101.4,Never,1-29,MW,Web,Consolidation,T5
8GWP6IO,25,59924,0,575,110,111.2,>1yr,30-59,NE,Web,Consolidation,T3
2AVZLXQ,63,51964,64550,672,0,98.3,>1yr,Current,NE,Agent,Federal,T6
EICV5OV,51,48274,12744,572,450,104.0,Never,60-89,S,Mobile,Consolidation,T4
T87NMZK,38,50591,26953,653,0,107.3,Never,90+,S,Mobile,Federal,T5
Q7RW6YO,44,53547,31100,674,504,111.4,Never,60-89,S,Web,Consolidation,T1
E1PB3AS,30,63993,103493,718,298,101.9,>1yr,Current,NE,Web,Consolidation,T4
ZB2XLK3,28,70165,59851,579,0,100.2,Never,1-29,S,IVR,Consolidation,T5
OD9KG27,60,58685,54978,769,374,104.0,<30d,30-59,NE,Mobile,Consolidation,T4
YEXQRHF,43,38288,56971,728,401,99.3,<30d,60-89,W,Web,Federal,T4
OMOFKGE,24,46865,16872,590,170,100.9,<30d,Current,MW,Mobile,Federal,T8
69JK0L8,68,21816,48295,721,127,114.6,Never,60-89,MW,Web,Federal,T3
L6XDA0K,23,37232,73503,677,7,100.2,<30d,Current,MW,IVR,Federal,T8
59DLZ9M,65,53784,16385,654,0,104.1,<30d,Current,MW,IVR,Federal,T8
KXZRISK,30,69316,0,843,162,105.4,Never,30-59,S,Web,Federal,T5
YKASVMS,52,61006,57345,509,250,99.0,Never,Current,MW,Web,Consolidation,T5
4NDNNN8,47,72825,17649,586,174,111.9,1-12mo,30-59,W,Agent,Federal,T3
E1NXPSN,49,37223,53771,700,98,99.9,1-12mo,Current,S,Web,Federal,T7
0Q3541E,67,15000,83760,659,217,100.3,1-12mo,Current,MW,Mobile,Consolidation,T7
BQVVGDR,58,44712,27845,636,297,113.6,Never,60-89,NE,Mobile,Consolidation,T2
RIAMUJJ,38,83278,105674,763,147,107.9,1-12mo,30-59,W,Web,Federal,T7
AYNU32U,49,22031,39809,600,144,97.2,Never,Current,S,Agent,Consolidation,T5
QGVBCPL,28,61049,44401,741,278,109.5,<30d,60-89,NE,Web,Federal,T2
SPKT6BX,58,32971,70624,624,266,109.2,>1yr,60-89,MW,Web,Federal,T2
3HGPUYK,61,56604,48062,693,208,107.6,Never,30-59,W,Web,Federal,T5
NWR6Y27,55,55158,44814,730,156,95.4,Never,Current,MW,Mobile,Federal,T5
751IKDZ,64,49309,103999,549,250,96.1,1-12mo,Current,MW,IVR,Federal,T7
CTXXDYO,53,15000,69965,680,366,108.5,<30d,30-59,MW,Agent,Federal,T2
X7UURQB,28,77504,34725,575,3,111.1,Never,30-59,NE,Agent,Consolidation,T3
ZRABNDQ,26,61896,0,732,303,95.8,1-12mo,30-59,S,Web,Consolidation,T4
SWVN2UX,30,36802,0,697,523,107.8,Never,60-89,NE,Mobile,Federal,T2
YLDZA2Y,35,42042,77386,666,263,107.5,Never,90+,S,IVR,Consolidation,T2
89450YS,59,45017,65373,738,277,110.7,>1yr,30-59,S,Mobile,Consolidation,T2
96EH5AF,32,77923,17456,562,256,108.2,Never,30-59,NE,Agent,Consolidation,T2
KXQPU80,28,64163,16890,668,0,107.4,1-12mo,90+,MW,IVR,Federal,T7
I32FWTE,23,39644,33972,762,470,111.9,>1yr,30-59,W,Agent,Federal,T1
RJZG9KL,47,74056,109146,618,184,104.2,<30d,Current,S,IVR,Federal,T8
R8N34A7,68,65133,27194,717,135,97.9,>1yr,Current,S,Mobile,Federal,T6
IQT1PR3,29,66444,63026,706,535,104.3,Never,60-89,W,Web,Federal,T4
BT1L28P,41,57367,75766,535,523,107.8,<30d,60-89,NE,Web,Federal,T2
UHZ1960,28,49089,31788,679,452,96.9,<30d,30-59,MW,IVR,Consolidation,T4
T0M18TR,33,35870,55169,748,75,104.0,<30d,Current,W,Agent,Federal,T8
Q6OHO3P,52,52297,33996,659,326,99.7,Never,30-59,MW,IVR,Federal,T4
0F3FGWF,31,59166,67690,736,194,98.5,Never,Current,W,Agent,Federal,T5
MJH5UA6,34,56631,43524,774,270,100.3,1-12mo,Current,MW,Agent,Consolidation,T4
E32ZRNX,49,46584,41726,644,413,110.3,Never,60-89,W,Web,Consolidation,T1
CDUB5O2,67,63627,60145,777,368,114.2,1-12mo,60-89,MW,Web,Consolidation,T2
GC51F5R,62,74339,50779,705,134,112.0,<30d,30-59,NE,Mobile,Consolidation,T3
797D947,27,77071,51407,659,377,103.9,1-12mo,30-59,NE,Web,Consolidation,T4
E6H2P25,44,73433,49870,601,524,109.7,1-12mo,30-59,S,Agent,Federal,T2
JGL0MTD,26,63986,39798,583,228,114.5,<30d,60-89,MW,Mobile,Federal,T3
02S60QT,64,50101,0,722,623,106.9,<30d,30-59,W,Web,Federal,T2
CN4K6M8,51,53281,70858,683,241,109.7,Never,30-59,S,IVR,Consolidation,T3
S40I3QJ,62,69883,74444,606,114,111.1,Never,60-89,W,Web,Consolidation,T3
C4CURPJ,30,70346,21352,670,139,111.9,1-12mo,30-59,MW,Web,Federal,T3
XN4DCA8,41,38358,41211,695,0,110.1,Never,60-89,W,Mobile,Federal,T3
0HAH2RX,35,17997,73000,683,185,106.4,>1yr,30-59,W,Mobile,Consolidation,T6
QEGMJ8D,38,38829,24849,793,219,96.1,Never,Current,NE,Web,Consolidation,T5
OW2DAXJ,57,71553,80277,782,3,97.3,>1yr,Current,NE,Mobile,Consolidation,T6
HI45JEA,39,51706,69001,733,79,100.2,Never,Current,NE,Agent,Federal,T5
AJNPZ35,55,27459,55209,704,55,101.3,1-12mo,Current,MW,IVR,Federal,T7
G2MRU6U,51,83447,29398,620,223,113.5,1-12mo,60-89,S,Agent,Consolidation,T3
FE0ECSA,53,90945,27594,701,203,104.6,>1yr,Current,S,Agent,Federal,T6
SRTHPEE,38,62749,50877,713,48,113.3,Never,30-59,W,IVR,Consolidation,T3
25BWAFU,46,65483,33271,588,173,110.3,>1yr,30-59,MW,Web,Consolidation,T3
NISTK3N,70,67020,30698,702,146,105.8,1-12mo,30-59,W,Web,Federal,T7
XX93ZMA,59,55574,78824,641,294,109.3,>1yr,30-59,MW,Agent,Federal,T2
4ZEFBYX,60,58075,16628,653,18,102.4,Never,Current,NE,Mobile,Federal,T5
NHGP4P3,59,33982,33867,686,366,96.0,Never,60-89,W,Agent,Consolidation,T4
OF09GNZ,45,49146,60249,668,141,114.5,Never,60-89,S,Agent,Federal,T3
PQ784V1,57,63350,39885,760,195,97.5,<30d,Current,W,IVR,Federal,T8
AYWLNS6,42,56267,7511,712,203,99.8,>1yr,Current,MW,Mobile,Federal,T6
KMCC2GO,37,67618,72415,761,477,108.4,>1yr,90+,NE,Agent,Consolidation,T1
KVVLRS1,23,15000,44467,572,186,109.7,Never,60-89,W,Web,Consolidation,T3
6GSR1UI,59,85093,34083,795,211,107.1,Never,60-89,S,Agent,Consolidation,T5
J53PRX4,40,43109,40660,726,51,101.2,>1yr,Current,S,Web,Federal,T6
OLS801X,23,36449,19169,559,0,105.2,Never,30-59,NE,Agent,Consolidation,T5
L38S9G7,58,15000,17406,688,239,108.4,Never,30-59,W,Mobile,Federal,T3
3A4Q34G,58,44385,31495,671,173,112.4,1-12mo,60-89,MW,Web,Consolidation,T3
QHV5SMX,47,67856,76974,670,317,113.2,Never,60-89,S,IVR,Federal,T2
I1QA8AB,54,19957,86741,710,158,103.2,Never,1-29,NE,IVR,Federal,T5
5XI1GD5,62,15000,48924,659,176,99.0,<30d,Current,S,Web,Federal,T8
60ZHRCZ,30,55932,25949,738,145,98.2,>1yr,Current,W,Mobile,Federal,T6
E1FVXSJ,68,62060,12254,640,139,112.0,Never,30-59,W,Web,Consolidation,T3
PZELUKA,57,39928,2203,717,221,113.0,<30d,30-59,MW,IVR,Consolidation,T3
CMKR4QB,40,39906,26557,687,236,114.0,Never,90+,S,IVR,Consolidation,T3
PWD4RIU,67,72268,79746,666,267,106.1,<30d,30-59,S,Agent,Consolidation,T2
AZL34EP,30,26786,34454,673,63,105.2,>1yr,60-89,S,Web,Federal,T6
4XDE358,61,34290,38227,643,0,112.0,Never,30-59,W,Mobile,Federal,T3
1U15F8Y,35,95708,46341,758,30,96.9,>1yr,Current,NE,Mobile,Consolidation,T6
IHG045S,50,58301,0,729,101,112.5,Never,30-59,MW,Web,Federal,T3
CGII0OP,48,44736,23725,654,166,102.8,<30d,Current,NE,Web,Federal,T8
FY6PUE7,70,55906,97553,662,63,97.3,1-12mo,1-29,MW,Mobile,Federal,T7
8ZWFES9,41,38372,40216,754,109,95.1,>1yr,1-29,MW,Web,Consolidation,T6
DX6E7LK,48,45015,32711,557,101,110.4,>1yr,60-89,W,Mobile,Consolidation,T3
OS0JU12,46,73212,1365,612,26,111.1,1-12mo,30-59,MW,Web,Federal,T3
SL8KD3F,37,51734,24396,728,346,114.5,<30d,30-59,S,Agent,Consolidation,T2
PD53XVP,62,87149,70467,692,480,109.9,Never,30-59,W,Agent,Federal,T1
30RCOBN,41,54491,61622,545,132,109.9,Never,30-59,S,Mobile,Consolidation,T3
IOSWUP9,54,94899,82992,589,33,99.5,>1yr,Current,S,Agent,Consolidation,T6
C3NL21Q,43,59434,23540,709,201,98.6,Never,Current,NE,Web,Consolidation,T5
ND8PBTY,64,58254,70078,721,301,100.6,>1yr,60-89,MW,IVR,Federal,T4
MY5D9KZ,29,50070,58318,592,129,102.2,>1yr,Current,W,Web,Consolidation,T6
IF6RZU1,44,51098,30513,599,0,111.3,Never,30-59,W,IVR,Consolidation,T3
6I2YGZ8,32,45144,62033,685,0,98.9,Never,1-29,MW,Mobile,Federal,T5
FALTCXN,26,37109,90336,695,459,106.1,>1yr,30-59,W,Agent,Federal,T2
LW7MF8T,35,46620,27759,624,172,112.0,>1yr,90+,NE,Web,Federal,T3
AQLUXV7,36,49059,45011,669,24,105.0,>1yr,Current,NE,Agent,Consolidation,T6
0H0SIKQ,50,60351,21772,700,0,99.6,<30d,Current,NE,Agent,Consolidation,T8
GHPK8CL,48,43628,9926,760,115,109.1,>1yr,30-59,S,Agent,Consolidation,T3
B97J0I4,62,21247,56783,724,226,102.5,Never,Current,MW,IVR,Consolidation,T5
UJWX50T,34,69863,0,732,185,100.0,<30d,Current,W,IVR,Federal,T8
SOL2TG1,39,24655,38870,622,0,107.1,<30d,30-59,S,Mobile,Federal,T8
LFTEUA2,42,102415,13428,709,193,109.3,Never,30-59,MW,Mobile,Federal,T3
4F0KSCU,51,53743,0,602,188,104.5,Never,Current,MW,Web,Consolidation,T5
62V5PCA,33,39369,59212,737,116,104.8,>1yr,Current,W,Web,Federal,T6
62C1IY2,46,35660,35762,660,180,95.1,<30d,Current,W,Mobile,Consolidation,T8
7W0BZS4,60,34583,25172,620,465,95.4,>1yr,30-59,S,Agent,Consolidation,T4
CGGM306,51,52229,18221,838,0,106.8,>1yr,30-59,S,Web,Consolidation,T6
95VQDVV,44,73773,34955,627,0,106.5,>1yr,30-59,NE,Mobile,Federal,T6
A8SEHFE,51,86465,7430,606,324,106.1,>1yr,30-59,W,Mobile,Consolidation,T2
AOVUG6E,31,37079,91698,739,282,114.0,Never,30-59,NE,Agent,Consolidation,T2
VWYTSEY,48,49622,66930,700,165,112.9,<30d,30-59,W,IVR,Consolidation,T3
V5T67I3,40,67316,80190,668,165,99.5,>1yr,Current,MW,Mobile,Consolidation,T6
I4J443D,26,58666,33601,739,226,102.9,Never,Current,S,Agent,Consolidation,T5
6I5R1TP,23,56986,21971,678,100,96.6,1-12mo,1-29,S,Mobile,Federal,T7
8VX68P5,42,33341,19049,688,438,96.7,<30d,30-59,W,Web,Federal,T4
L3JL9GK,60,20198,57184,583,189,109.3,Never,60-89,S,Web,Consolidation,T3
JM7M40Z,63,38210,37617,581,0,105.3,1-12mo,60-89,W,Agent,Federal,T7
DJ5IMWG,30,66313,28660,625,413,99.5,Never,30-59,S,Mobile,Federal,T4
2T80ZYO,38,54462,63423,717,720,104.8,<30d,60-89,W,Agent,Consolidation,T4
FE4MJJF,61,57449,58952,705,68,98.6,Never,Current,W,Web,Federal,T5
4SPLV7R,64,57597,23409,750,192,105.4,>1yr,60-89,MW,Web,Consolidation,T6
6GWX1Z2,65,48521,40002,807,24,110.6,>1yr,90+,MW,Mobile,Consolidation,T3
ZIANP4T,52,52487,34130,693,173,111.8,>1yr,30-59,W,Mobile,Federal,T3
P5AMMPA,40,78860,62291,642,0,114.8,>1yr,60-89,S,Mobile,Consolidation,T3
D2HAEDV,47,57686,42323,633,0,103.1,Never,Current,S,IVR,Federal,T5
NS23WF1,52,76587,53455,647,477,104.1,Never,30-59,W,IVR,Federal,T4
Z7QCILZ,46,37553,16313,670,270,105.8,1-12mo,60-89,NE,Agent,Consolidation,T2
CKW7A9P,46,44109,20782,637,334,95.9,Never,30-59,NE,Mobile,Consolidation,T4
K1FO4MB,50,95154,62392,741,0,96.6,>1yr,Current,MW,IVR,Consolidation,T6
EYYU3Q9,56,58093,85978,637,270,106.1,Never,60-89,NE,IVR,Federal,T2
O8L5KEG,24,22622,24885,676,161,107.1,<30d,30-59,NE,Web,Consolidation,T8
LTY5F6T,65,34842,47027,679,476,107.5,<30d,60-89,W,IVR,Consolidation,T2
7IEX007,51,69548,30963,618,147,114.3,1-12mo,30-59,NE,Mobile,Consolidation,T3
6TCLJIM,30,51364,110820,617,428,102.2,Never,30-59,MW,IVR,Federal,T4
I7M24EY,25,99127,28332,729,6,95.6,1-12mo,Current,NE,Mobile,Consolidation,T7
6LPN1T3,56,37844,77471,771,182,113.6,1-12mo,90+,S,Agent,Federal,T3
ZX5AULV,66,44635,10827,533,143,103.4,>1yr,Current,S,IVR,Consolidation,T6
CNIIF0M,54,65701,85978,653,58,99.4,1-12mo,Current,S,Mobile,Consolidation,T7
23YS8JP,50,56228,49754,755,362,102.0,<30d,60-89,S,Web,Consolidation,T4
9PUM1WD,22,67361,47343,643,153,99.1,1-12mo,1-29,MW,Agent,Consolidation,T7
S9QH75G,22,38051,41163,789,0,113.1,>1yr,30-59,W,Agent,Consolidation,T3
D6W7TUP,35,23190,22851,680,50,101.2,>1yr,Current,W,Web,Consolidation,T6
OGZB45S,32,55495,22685,577,310,114.2,1-12mo,30-59,S,IVR,Consolidation,T2
XH5VOE3,54,38496,32924,649,142,100.6,Never,Current,W,Mobile,Consolidation,T5
KSHOOZF,45,82113,53085,706,440,106.6,1-12mo,30-59,S,IVR,Consolidation,T2
6BHLPPW,44,89740,75499,616,153,102.5,Never,Current,MW,Agent,Consolidation,T5
9LPS91L,22,82833,43757,679,222,109.8,<30d,60-89,NE,Mobile,Consolidation,T3
VUME4EV,56,87298,35794,733,131,105.1,<30d,90+,W,Agent,Federal,T8
DAQCS9O,47,23454,104134,719,63,105.6,1-12mo,90+,NE,IVR,Consolidation,T7
56GY0B2,27,65716,59668,690,161,106.4,1-12mo,30-59,W,IVR,Consolidation,T7
855M22Y,43,54898,20011,758,196,108.5,1-12mo,90+,NE,Agent,Federal,T3
UFF75BV,70,44331,42281,678,0,104.1,1-12mo,1-29,W,IVR,Federal,T7
JNYY7YT,24,53218,28376,610,354,95.3,Never,60-89,NE,IVR,Consolidation,T4
8FQ458M,54,20578,68922,685,284,98.8,<30d,Current,MW,IVR,Federal,T4
CZS4MLK,40,47679,41173,678,112,97.3,Never,Current,MW,IVR,Consolidation,T5
G59PXZR,36,71877,38040,568,254,113.0,>1yr,30-59,MW,IVR,Consolidation,T2
BFCP70F,60,51345,56912,554,296,101.1,Never,Current,W,Web,Consolidation,T4
IONXSZL,39,64985,44261,738,362,98.1,<30d,60-89,NE,Web,Federal,T4
ZEKJS8V,44,92657,22804,710,0,108.3,<30d,30-59,S,Agent,Federal,T3
N7WWF1P,33,44003,34446,720,88,96.9,Never,Current,S,IVR,Federal,T5
C2KBZEB,50,28414,27433,628,274,109.4,>1yr,60-89,MW,Mobile,Federal,T2
VZ50CR5,32,43373,65736,516,102,103.9,>1yr,Current,MW,Agent,Federal,T6
BR7DY22,60,32702,35315,753,192,110.1,<30d,60-89,S,Agent,Consolidation,T3
ZSJPPXE,70,34955,75368,734,27,96.4,<30d,Current,NE,IVR,Federal,T8
QJIDRCQ,31,32096,31650,756,182,98.3,>1yr,Current,W,IVR,Federal,T6
7LRX58U,65,15275,8787,635,88,102.4,>1yr,Current,MW,Web,Federal,T6
Z7Q85AT,24,70947,41412,744,187,96.3,1-12mo,Current,MW,Web,Consolidation,T7
L24KOW1,39,62677,60203,644,150,101.7,<30d,1-29,NE,Web,Consolidation,T8
BBQFCMU,47,88139,73583,777,80,100.4,>1yr,1-29,NE,Web,Consolidation,T6
4MWRT3T,63,85337,41534,680,68,108.6,1-12mo,30-59,W,Mobile,Consolidation,T3
WT6BIYC,45,46485,20524,667,126,112.7,>1yr,90+,NE,Agent,Federal,T3
OQD84RV,54,42566,16481,603,589,111.3,1-12mo,30-59,W,Web,Federal,T2
EU1EAM3,55,48594,26547,745,88,108.8,Never,60-89,NE,Web,Consolidation,T3
QD34YL7,48,36586,29801,624,239,106.1,Never,60-89,S,Agent,Consolidation,T5
OQNHM7X,50,64324,39664,747,436,107.1,<30d,30-59,S,Web,Consolidation,T2
KSXYWME,29,58195,0,631,208,101.5,>1yr,Current,S,Web,Federal,T6
6UB2QMS,33,55751,31910,555,234,102.1,1-12mo,Current,W,Web,Consolidation,T7
6ZY1YWJ,37,64574,74619,738,244,112.9,Never,60-89,MW,Mobile,Consolidation,T3
0VHTYN0,64,59736,51152,637,301,111.6,>1yr,60-89,W,Web,Federal,T2
ALXOCEP,23,36005,31623,744,208,100.5,<30d,Current,MW,Web,Federal,T8
7YEZZL1,55,50175,25688,647,246,107.3,<30d,30-59,S,IVR,Consolidation,T8
DOGB55J,70,84950,37624,654,411,97.7,Never,30-59,S,IVR,Federal,T4
FL5HST4,50,39134,7453,599,197,114.0,Never,60-89,MW,Agent,Consolidation,T3
KB52H34,23,46835,84626,726,79,109.5,Never,30-59,NE,Web,Federal,T3
A62Z4WO,56,47965,52488,710,118,114.1,1-12mo,60-89,S,Mobile,Federal,T3
1SLQ0WF,35,47667,29227,661,278,110.2,<30d,90+,NE,Agent,Consolidation,T2
UU2NHGP,38,60230,37496,709,61,99.2,>1yr,Current,W,Agent,Consolidation,T6
D4YEPIJ,70,85384,81485,714,247,96.2,>1yr,1-29,W,Agent,Federal,T6
T1U3TBZ,41,60833,53311,647,86,107.7,<30d,30-59,S,Web,Federal,T8
SICJSHZ,68,24684,31190,731,361,103.3,Never,30-59,MW,IVR,Consolidation,T4
EBGD9UU,57,60515,55873,724,96,112.5,Never,60-89,S,Agent,Consolidation,T3
UZHH1H0,69,76496,67295,629,169,103.1,<30d,Current,NE,Web,Consolidation,T8
HNMDDTN,29,35473,0,466,42,105.5,>1yr,90+,NE,Agent,Federal,T6
IKISPQ4,32,66327,29837,757,340,100.6,Never,60-89,W,IVR,Consolidation,T4
NPMGMFK,41,44648,24491,641,475,96.6,>1yr,30-59,S,Agent,Consolidation,T4
D1P90ZX,33,51973,51917,674,243,114.2,<30d,30-59,W,Web,Federal,T3
YXVJHYI,31,52363,2448,737,129,106.1,>1yr,30-59,NE,IVR,Consolidation,T6
2KN8166,66,61911,23387,786,268,104.4,<30d,Current,NE,Mobile,Consolidation,T4
8M1RDV9,68,54631,59732,606,150,96.1,1-12mo,1-29,NE,Agent,Federal,T7
OOLJENN,23,65426,29026,747,78,105.5,Never,60-89,W,Agent,Consolidation,T5
20WQUTN,62,56123,43217,693,303,101.6,<30d,90+,S,Web,Federal,T4
ULKCAB9,22,79076,78747,687,21,102.5,Never,1-29,S,Web,Consolidation,T5
LA529A9,46,72280,38298,519,80,95.3,1-12mo,Current,NE,Agent,Consolidation,T7
Z76R6ZZ,60,63249,27347,637,152,112.8,<30d,30-59,S,IVR,Consolidation,T3
AIAKOKO,31,71346,67707,612,0,102.3,1-12mo,Current,W,Web,Consolidation,T7
CE727BP,29,85847,46268,684,11,104.1,>1yr,Current,W,Mobile,Federal,T6
LJYKHCH,31,61525,63937,563,162,102.5,<30d,Current,MW,IVR,Consolidation,T8
HWSB1I9,55,47009,39288,672,111,105.4,1-12mo,60-89,W,Mobile,Consolidation,T7
448ZWEY,39,56921,54515,775,158,114.6,<30d,30-59,MW,Mobile,Consolidation,T3
HS98IWK,31,70127,37230,698,171,111.3,1-12mo,30-59,MW,Mobile,Federal,T3
10HM4DM,52,15000,30079,749,274,102.9,<30d,Current,S,IVR,Consolidation,T4
CHSYUQV,58,72269,43417,749,31,103.0,<30d,Current,S,Mobile,Consolidation,T8
VLUKW8P,24,36016,23605,578,385,104.7,Never,30-59,MW,Web,Consolidation,T4
1HNP9F3,70,66244,75798,520,179,96.8,>1yr,Current,NE,IVR,Consolidation,T6
K3BDTOT,66,60713,39465,669,0,99.6,>1yr,1-29,W,Agent,Consolidation,T6
OGU4R7G,47,51040,50148,685,285,108.9,>1yr,30-59,NE,Mobile,Federal,T2
0HW9MUL,39,62568,30104,650,424,98.0,1-12mo,30-59,MW,Web,Consolidation,T4
607OGDF,26,32805,21147,698,251,112.3,>1yr,60-89,MW,Mobile,Federal,T2
HRK33HE,54,77672,26829,731,267,98.0,Never,Current,S,Mobile,Federal,T4
3REU8LJ,43,52699,6399,633,258,103.3,Never,Current,NE,Mobile,Consolidation,T4
VDQS9YW,40,48514,31799,619,163,99.0,<30d,Current,MW,Agent,Federal,T8
ENQ4TCJ,41,80896,51562,724,271,113.8,<30d,60-89,S,IVR,Federal,T2
DLV9T8G,25,104365,53963,709,248,108.6,Never,90+,MW,Agent,Federal,T3
0QEMWMV,35,70278,39578,789,185,104.1,<30d,Current,NE,Agent,Consolidation,T8
K3KOY7V,70,68867,65769,637,45,111.9,Never,30-59,S,Agent,Federal,T3
4YUT30I,53,60077,53525,816,236,96.6,>1yr,1-29,S,Mobile,Federal,T6
4M6MH62,43,51274,31996,665,230,102.7,1-12mo,Current,W,IVR,Consolidation,T7
7UFU9LN,69,34964,46329,664,224,115.0,1-12mo,30-59,S,Web,Federal,T3
AQV44BS,54,47875,39911,602,121,110.4,Never,30-59,W,Mobile,Federal,T3
LWH2JVG,53,51942,62498,612,365,106.1,>1yr,60-89,S,IVR,Consolidation,T2
1CU0V6G,67,40865,0,632,241,102.3,Never,Current,NE,Mobile,Consolidation,T5
9QYXYNX,69,72957,70045,726,97,110.8,<30d,60-89,W,Mobile,Consolidation,T3
TY2PU50,51,91884,27023,722,262,102.3,>1yr,Current,MW,Web,Federal,T4
LS8VSKT,22,40115,43201,623,0,108.0,<30d,60-89,MW,Web,Federal,T8
NYZAB99,62,64103,53025,683,147,110.1,>1yr,60-89,W,IVR,Consolidation,T3
3GYP1AN,50,34643,11850,621,134,105.8,<30d,60-89,NE,IVR,Consolidation,T8
D6QDVY7,23,86102,18251,627,384,98.5,<30d,30-59,NE,IVR,Consolidation,T4
1VSXJNA,42,28586,64280,688,96,106.6,<30d,60-89,S,Mobile,Consolidation,T8
L5DXARL,36,55212,99051,669,306,102.8,<30d,90+,S,IVR,Federal,T4
5R93YCK,26,83196,82563,742,157,96.3,Never,Current,NE,Agent,Federal,T5
KPKMSQ7,54,59521,43728,706,478,108.0,<30d,90+,W,IVR,Consolidation,T2
FQK3K6H,50,75847,78644,628,267,105.5,>1yr,60-89,MW,Agent,Federal,T2
XPR0FIN,45,53420,38258,641,372,99.8,Never,60-89,MW,Mobile,Consolidation,T4
S2U96N5,37,31393,26359,669,617,95.8,<30d,30-59,W,Agent,Federal,T4
2R38WTL,23,52285,23118,651,289,108.3,>1yr,30-59,W,Agent,Federal,T2
DBV9DE9,27,72190,58569,683,192,106.0,Never,60-89,MW,Agent,Consolidation,T5
HSAI04E,57,45201,64293,715,122,98.7,<30d,Current,S,Agent,Consolidation,T8
6HGWWZZ,67,55455,23801,757,108,105.6,1-12mo,30-59,S,IVR,Consolidation,T7
55DI6UM,28,63195,60579,627,209,113.7,1-12mo,90+,W,IVR,Consolidation,T3
STMDO0V,55,48794,74040,656,68,98.7,>1yr,Current,NE,IVR,Consolidation,T6
1MZH7YS,27,86272,51078,579,32,114.0,<30d,30-59,MW,Mobile,Consolidation,T3
WGMA5VO,49,69124,24277,697,151,95.6,Never,Current,MW,Agent,Consolidation,T5
0HSXEMV,51,83483,42060,650,244,105.8,<30d,60-89,NE,Mobile,Federal,T8
W1EVC03,46,73601,24287,803,420,101.8,<30d,90+,S,Agent,Consolidation,T4
DA2JQX5,25,26474,51020,717,264,98.7,1-12mo,Current,NE,Web,Consolidation,T4
TSFB693,55,70187,50192,687,372,107.9,Never,30-59,NE,Mobile,Federal,T2
WNRHM04,46,59629,66297,584,314,108.9,>1yr,30-59,MW,Agent,Consolidation,T2
BW8OTZU,60,27877,43673,639,346,114.1,1-12mo,30-59,MW,Mobile,Consolidation,T2
YK80W5Z,25,51569,1501,628,283,105.8,<30d,90+,S,Agent,Consolidation,T2
4SI2E21,27,42750,43119,609,86,97.9,Never,1-29,MW,IVR,Consolidation,T5
V9WT1KN,33,45767,87659,709,0,98.2,Never,1-29,W,Mobile,Federal,T5
55VKL37,48,84457,47615,661,144,95.1,1-12mo,Current,W,IVR,Consolidation,T7
3CFP78D,53,25855,16998,630,0,107.2,<30d,30-59,MW,IVR,Federal,T8
9LNRV1A,43,71562,52877,706,330,108.9,<30d,60-89,W,Mobile,Consolidation,T2
HQP9PBC,64,90645,33225,674,289,107.6,Never,60-89,NE,Mobile,Federal,T2
G3Z4BBB,35,41950,33760,666,399,108.8,1-12mo,30-59,MW,IVR,Federal,T2
ZY30EXP,68,57756,42261,625,272,97.0,>1yr,Current,NE,Agent,Consolidation,T4
9WZQI5O,22,25511,59093,658,39,95.1,Never,Current,NE,Agent,Federal,T5
5OP4QA0,44,64119,29080,665,184,112.6,>1yr,60-89,S,IVR,Consolidation,T3
ZS857QI,47,41464,28748,667,123,101.4,>1yr,Current,W,Web,Consolidation,T6
UBDCD1R,39,48856,37484,618,467,108.7,>1yr,30-59,MW,Agent,Consolidation,T1
OP4LCJA,54,28489,3403,685,78,98.2,Never,Current,MW,Mobile,Federal,T5
68S8UC9,36,34710,0,661,60,112.3,1-12mo,30-59,W,Mobile,Consolidation,T3
UEH1ZCS,48,72722,47617,680,1,106.1,Never,90+,NE,Web,Federal,T5
CVTLKVQ,27,17818,58654,665,283,109.4,1-12mo,60-89,NE,Web,Consolidation,T2
JPHRABD,56,47705,66726,690,76,96.2,>1yr,Current,S,Web,Consolidation,T6
IF14PCF,67,50302,56095,644,174,102.6,1-12mo,Current,S,Agent,Consolidation,T7
5S5Y60L,55,84255,20327,785,214,110.6,Never,60-89,W,Agent,Federal,T3
8SDLJPE,22,74361,22340,703,0,100.5,1-12mo,Current,NE,IVR,Federal,T7
HJX01L2,28,43921,35702,556,142,103.9,Never,Current,W,Mobile,Consolidation,T5
S4FPD57,57,54112,52002,668,78,104.6,1-12mo,Current,MW,Web,Federal,T7
TOAUWRW,42,86082,17599,659,18,101.8,Never,Current,W,Mobile,Federal,T5
LCGGCIP,38,42853,27565,713,367,108.7,1-12mo,60-89,W,Web,Consolidation,T2
6J8BSUM,36,76638,18686,642,372,113.7,1-12mo,30-59,W,IVR,Federal,T2
DC4680W,33,65854,4017,683,269,101.5,1-12mo,Current,W,Mobile,Federal,T4
YO1ESQN,58,34316,0,584,266,101.3,<30d,Current,W,IVR,Federal,T4
XVVS9PU,32,57010,13089,720,164,102.6,1-12mo,Current,NE,Agent,Federal,T7
FRW6SC8,38,42771,25191,635,338,106.7,1-12mo,60-89,S,IVR,Consolidation,T2
4704M7U,56,44749,29082,662,101,113.3,Never,30-59,MW,Web,Federal,T3
GVJN7KL,34,41366,29406,639,516,113.4,>1yr,60-89,MW,IVR,Federal,T1
9ZHL8T7,53,50490,0,675,0,100.8,Never,1-29,NE,Web,Consolidation,T5
TCKPNLN,70,40837,14698,714,0,95.2,Never,1-29,S,Agent,Federal,T5
5XQ4BHN,65,30489,63079,666,180,104.6,<30d,Current,MW,Agent,Consolidation,T8
BDJJ2P4,56,47317,31595,539,1,96.5,Never,Current,S,Mobile,Consolidation,T5
WFUSO8Z,53,27633,50185,649,221,110.2,<30d,60-89,W,Agent,Federal,T3
XQWM3EM,39,75782,75370,728,198,95.9,Never,Current,S,Mobile,Consolidation,T5
DHTUZLJ,52,51265,30187,709,164,100.9,<30d,Current,MW,IVR,Consolidation,T8
G9DPZDX,35,24809,72284,587,0,111.3,1-12mo,90+,MW,Mobile,Federal,T3
UFOX51O,35,42977,75897,680,307,98.4,<30d,30-59,MW,Web,Consolidation,T4
9DLZYN8,30,50366,42253,659,345,109.9,<30d,60-89,W,IVR,Consolidation,T2
80G3VD0,70,65993,70353,695,148,96.1,>1yr,1-29,S,Web,Federal,T6
QXZMGVN,69,59037,38969,787,37,111.3,>1yr,60-89,NE,Mobile,Consolidation,T3
K60DTP3,47,46521,29511,709,186,110.2,>1yr,60-89,W,Mobile,Consolidation,T3
QCE7AU9,24,81601,46670,722,0,107.5,Never,30-59,NE,IVR,Consolidation,T5
1EP2F82,32,53085,107191,595,303,98.4,1-12mo,90+,MW,Agent,Consolidation,T4
B9ZG0UR,66,52793,56791,777,446,101.5,Never,30-59,S,Web,Federal,T4
3T0Z8UI,43,67617,48274,613,355,97.1,1-12mo,30-59,W,Mobile,Federal,T4
R81TK12,37,59213,64768,690,327,97.3,1-12mo,60-89,S,IVR,Consolidation,T4
WSJLVPV,50,78040,46774,702,228,97.2,>1yr,Current,MW,IVR,Federal,T6
NKVFWMS,63,66466,74493,726,16,99.0,1-12mo,Current,S,Mobile,Federal,T7
1NNAG7R,43,44287,42057,656,293,100.6,>1yr,Current,S,IVR,Federal,T4
3CUXS7B,52,35566,26301,762,243,114.5,<30d,30-59,NE,Web,Federal,T3
3IJ53QC,45,41638,65882,715,99,97.7,1-12mo,Current,MW,Agent,Consolidation,T7
2WKW4CX,52,78178,53970,557,443,98.3,<30d,60-89,W,IVR,Consolidation,T4
7A5JU9O,37,78250,50947,685,525,107.6,Never,60-89,S,Mobile,Consolidation,T2
XNHGA6O,39,34954,50425,643,411,98.7,>1yr,60-89,S,IVR,Federal,T4
7Y2Z32G,24,20151,38848,591,498,114.3,1-12mo,30-59,NE,Agent,Consolidation,T2
4MVR9LZ,23,72641,46273,616,384,102.8,Never,30-59,NE,Mobile,Consolidation,T4
DFUNYIX,47,58482,59269,732,180,104.3,Never,Current,W,IVR,Federal,T5
DI2CTAS,48,55843,34475,703,186,103.1,>1yr,Current,NE,Web,Federal,T6
WJY15X8,31,84982,67331,658,183,101.8,>1yr,Current,S,Web,Federal,T6
ZH98S28,39,67960,73581,757,231,113.4,<30d,30-59,S,Agent,Consolidation,T3
9AUNZQQ,26,87718,56404,616,571,105.6,Never,30-59,W,Web,Consolidation,T2
0H3DZW2,25,77596,66851,663,473,114.7,1-12mo,60-89,S,Mobile,Federal,T2
TZML86E,67,26754,62820,583,231,106.6,Never,60-89,MW,Mobile,Federal,T5
WVUSVVC,22,82714,56863,567,372,109.7,1-12mo,30-59,NE,Web,Federal,T2
9NCYJHK,30,87526,42224,545,88,105.9,<30d,30-59,NE,Mobile,Consolidation,T8
5YHVE41,31,52151,35303,656,261,109.2,>1yr,60-89,NE,IVR,Consolidation,T2
UBDRSKY,60,59609,32359,633,73,110.9,>1yr,30-59,W,Mobile,Consolidation,T3
VKU9NEB,36,55145,33227,667,492,108.3,<30d,90+,S,IVR,Consolidation,T2
30VIC0E,51,15000,1915,748,282,97.5,1-12mo,Current,NE,IVR,Federal,T4
CYXJ501,40,93425,36569,712,0,113.2,Never,90+,S,IVR,Federal,T3
LK6CT8S,37,23210,1773,686,0,100.7,<30d,1-29,W,Web,Federal,T8
SMFLEJL,41,36931,55838,626,189,96.8,Never,Current,W,Agent,Federal,T5
L4OAYRS,52,60081,56523,598,0,113.8,>1yr,60-89,W,Mobile,Federal,T3
EHVEQ4D,39,52186,44219,689,231,105.8,Never,30-59,MW,Mobile,Consolidation,T5
OP3TII0,29,43610,61856,663,427,96.4,Never,90+,S,Agent,Consolidation,T4
443UVEO,50,75903,48725,678,0,113.9,<30d,60-89,NE,Web,Federal,T3
LWA1CPR,27,68291,29667,648,108,107.0,1-12mo,90+,W,Web,Federal,T7
RQX5NFZ,50,48450,57718,690,192,101.3,1-12mo,Current,S,Agent,Federal,T7
64ORWB1,64,47508,24917,800,113,109.5,1-12mo,60-89,MW,Web,Consolidation,T3
JRTDE0Z,52,72127,49108,746,96,103.9,1-12mo,Current,MW,IVR,Consolidation,T7
VMKNUC1,56,79712,60443,726,160,98.0,Never,Current,NE,Mobile,Federal,T5
5412QIZ,41,37680,51153,701,64,111.2,<30d,30-59,MW,IVR,Federal,T3
LAFWOL1,40,42831,54461,794,269,98.1,Never,1-29,NE,Mobile,Federal,T4
KDMKIEN,26,56798,74523,710,47,104.5,Never,Current,S,IVR,Consolidation,T5
LXUYZNF,44,59759,36495,611,0,111.1,Never,30-59,NE,Agent,Consolidation,T3
GMVJIZY,38,42015,24946,639,0,98.6,1-12mo,Current,NE,Agent,Federal,T7
RSC1XSA,30,34512,47092,675,495,107.5,Never,30-59,W,Mobile,Consolidation,T2
6QHL687,55,67962,46260,709,336,104.5,1-12mo,30-59,W,Web,Federal,T4
3QLPY2Z,58,40530,21240,672,211,112.2,<30d,60-89,S,Web,Consolidation,T3
UN42Z7R,55,27353,77793,850,31,96.9,<30d,Current,W,Web,Federal,T8
6Z488RM,46,47380,49791,686,156,111.3,<30d,30-59,S,Web,Consolidation,T3
7KXCPJX,47,16843,114579,610,431,106.6,1-12mo,30-59,S,IVR,Consolidation,T2
0ZB2VJE,26,64452,40468,640,113,99.2,>1yr,Current,MW,Agent,Federal,T6
5V4B0LS,51,16619,11116,732,0,96.5,Never,Current,S,IVR,Federal,T5
IZ2YRCE,37,38775,33896,712,0,98.7,<30d,Current,NE,Agent,Federal,T8
8SUXOPF,57,58548,32569,759,0,95.1,1-12mo,Current,W,Agent,Consolidation,T7
6B8O05D,65,82400,51167,722,158,112.3,>1yr,60-89,S,Mobile,Federal,T3
YGY1P8H,58,69266,31791,604,191,107.2,1-12mo,30-59,MW,Agent,Federal,T7
8GPFPAI,36,54241,79473,624,338,96.0,Never,30-59,S,IVR,Federal,T4
CYLG3PB,52,53859,60241,744,317,111.5,1-12mo,90+,W,IVR,Consolidation,T2
R2CQI4D,51,63241,1401,685,142,102.3,1-12mo,Current,S,Web,Federal,T7
7UHMGO8,37,48291,32230,647,348,111.7,Never,30-59,W,Agent,Consolidation,T2
IV2BCJS,49,70099,67291,671,288,114.1,1-12mo,30-59,S,Web,Federal,T2
FDRKHAC,64,54068,19428,633,176,114.9,<30d,30-59,W,Web,Federal,T3
BQFO772,43,68429,54879,725,317,102.2,1-12mo,60-89,MW,Agent,Federal,T4
0Z4WSBF,36,35943,61633,762,0,109.2,>1yr,60-89,MW,IVR,Federal,T3
VWJCOQT,42,61339,53110,720,102,110.2,<30d,60-89,W,IVR,Consolidation,T3
1QGA3CV,61,34239,80408,778,0,96.8,Never,Current,MW,Mobile,Federal,T5
V7XDOXV,46,40390,65767,630,0,96.5,Never,Current,W,IVR,Consolidation,T5
3TMLBD5,43,44477,27013,742,127,97.6,Never,Current,MW,Mobile,Consolidation,T5
UECGCSP,60,36320,71774,661,243,100.8,>1yr,Current,MW,Mobile,Consolidation,T6
NGWIH7H,65,91189,35737,672,0,101.4,>1yr,Current,MW,Agent,Consolidation,T6
ED0GOG3,45,59689,77626,631,0,103.9,<30d,Current,NE,Web,Federal,T8
Y1ZL19Y,37,67237,40870,706,313,103.3,<30d,30-59,MW,IVR,Consolidation,T4
J75TCMJ,63,88510,110283,670,170,96.3,Never,Current,NE,IVR,Consolidation,T5
VUP3C8G,49,58515,39433,551,0,108.8,Never,30-59,MW,Web,Consolidation,T3
PPN9AQB,51,78516,6987,834,509,103.6,<30d,30-59,NE,IVR,Consolidation,T4
99G0MVK,50,40817,60098,701,385,111.8,<30d,60-89,MW,IVR,Consolidation,T2
PM0GRWQ,37,30470,77700,707,0,96.5,Never,Current,NE,Web,Federal,T5
21TPD9F,58,90331,54298,768,490,112.2,1-12mo,30-59,NE,Web,Federal,T2
LQFVF9H,68,81254,46146,667,124,113.5,Never,30-59,NE,Web,Consolidation,T3
7SXZ3TQ,38,53145,22956,669,28,107.7,<30d,30-59,MW,IVR,Consolidation,T8
53Q8VWJ,38,46678,27435,600,225,100.0,<30d,Current,S,Web,Consolidation,T8
Q61SMBE,37,69231,53940,728,39,100.0,>1yr,Current,NE,Agent,Federal,T6
WLMHQI6,24,52719,41323,708,0,105.8,<30d,30-59,MW,Mobile,Consolidation,T8
3406P30,49,92410,71786,670,97,95.4,1-12mo,Current,W,IVR,Federal,T7
73FKH9I,22,77798,38792,700,75,99.2,1-12mo,Current,S,Mobile,Federal,T7
A6JX4WQ,35,15000,22225,693,341,114.6,1-12mo,30-59,NE,Web,Consolidation,T2
H8F03ZS,58,50174,25187,683,184,102.5,Never,Current,W,Web,Consolidation,T5
SJKF1EC,22,42775,62996,692,285,102.8,>1yr,Current,W,Web,Consolidation,T4
6CEUQ3H,33,63600,43759,560,417,109.4,>1yr,90+,W,Mobile,Consolidation,T1
APML9QT,25,49634,38732,776,152,111.1,>1yr,30-59,W,Web,Federal,T3
MR945B3,66,66075,5523,765,23,109.8,<30d,30-59,S,Agent,Consolidation,T3
FYB7X0N,42,52607,60017,680,15,106.0,>1yr,30-59,W,Web,Consolidation,T6
DQ5ADB2,27,51219,23916,697,132,113.7,Never,90+,S,IVR,Consolidation,T3
O1B6TFG,28,71161,31920,712,185,108.2,<30d,60-89,NE,Mobile,Federal,T3
82FX63Q,30,45952,64232,715,317,95.5,>1yr,90+,W,Agent,Federal,T4
A8XW0YX,54,51337,7871,619,139,109.1,Never,30-59,W,Web,Consolidation,T3
SV2LU44,42,57020,45917,667,517,112.9,1-12mo,30-59,NE,Web,Consolidation,T2
NBRCHUT,48,62038,43738,682,208,100.7,<30d,Current,S,Mobile,Consolidation,T8
UF1R0L5,27,41327,0,676,240,99.1,>1yr,Current,MW,Mobile,Federal,T6
PYJA046,67,42283,44814,672,99,95.9,<30d,Current,NE,Web,Consolidation,T8
0IF867T,55,58192,55885,716,0,102.3,Never,Current,NE,Mobile,Consolidation,T5
42FM1ZM,29,74908,26938,725,20,105.5,1-12mo,60-89,W,Mobile,Consolidation,T7
2RPAG0T,64,58780,51154,668,339,112.4,>1yr,60-89,NE,IVR,Federal,T2
YTED6PU,45,102226,8466,676,492,109.6,Never,30-59,W,Agent,Consolidation,T1
2YS1NVS,61,81564,41550,637,352,96.3,>1yr,90+,MW,Agent,Federal,T4
G2UA8GD,54,54230,60115,609,313,98.0,>1yr,60-89,NE,Agent,Federal,T4
S8U9W3C,29,82983,54437,608,124,108.8,>1yr,60-89,NE,Agent,Consolidation,T3
XGEOCLV,28,90924,116924,642,344,109.0,>1yr,30-59,NE,Agent,Federal,T2
Q3QTYJ9,25,44747,16818,755,0,107.6,>1yr,30-59,S,IVR,Consolidation,T6
LZPF6HZ,44,31812,49957,657,374,104.9,<30d,30-59,NE,IVR,Consolidation,T4
2ACO59X,34,61227,64599,836,118,111.7,>1yr,60-89,NE,IVR,Federal,T3
SGUK7P3,54,65662,49105,580,217,97.0,>1yr,Current,W,Agent,Federal,T6
L5577Q3,36,48862,53000,722,142,97.5,1-12mo,Current,MW,Agent,Consolidation,T7
8N2XJMS,25,52796,18988,643,149,99.2,>1yr,Current,W,Agent,Federal,T6
JNOJP3Q,46,49243,65997,687,85,112.0,1-12mo,60-89,W,Agent,Consolidation,T3
PBZYCDO,61,54959,75188,774,388,113.5,>1yr,60-89,MW,Mobile,Federal,T1
L1NCN38,27,62668,42505,716,183,112.3,<30d,30-59,MW,Web,Federal,T3
CU1XJOO,22,15898,44878,776,64,106.7,>1yr,60-89,NE,Web,Consolidation,T6
56MVES0,30,80783,66711,672,275,111.7,Never,30-59,NE,IVR,Consolidation,T2
E9ND9I7,35,52262,79890,618,284,114.2,>1yr,30-59,NE,IVR,Consolidation,T2
241T62F,58,64850,61132,756,218,103.3,<30d,Current,W,Agent,Federal,T8
F4MB92U,32,34139,44311,671,221,111.4,>1yr,60-89,NE,Web,Federal,T3
WJY4LKX,63,32796,47733,568,205,104.2,Never,Current,W,Mobile,Consolidation,T5
6YBHC1J,66,41149,25301,693,238,99.1,<30d,Current,W,Web,Consolidation,T8
E1FJDP5,32,53529,58539,751,205,106.5,1-12mo,90+,MW,Web,Federal,T7
WB7YUOZ,25,65383,102870,597,154,114.7,1-12mo,30-59,S,Web,Consolidation,T3
NCZDZ83,24,83430,72060,652,118,96.7,<30d,Current,S,Mobile,Consolidation,T8
QONXX57,60,70984,60140,680,172,104.9,>1yr,Current,MW,IVR,Federal,T6
BT48YPE,26,23176,37334,598,0,109.9,1-12mo,30-59,W,Mobile,Federal,T3
IB60MNV,70,65266,45545,739,249,105.9,Never,60-89,W,Mobile,Consolidation,T5
HWVAQTQ,37,48578,64128,724,490,104.7,1-12mo,30-59,W,IVR,Consolidation,T4
MP09WYA,66,64493,53656,629,382,110.1,Never,60-89,S,Agent,Federal,T1
G5QJGGI,60,42942,67202,690,127,111.6,Never,30-59,MW,Mobile,Federal,T3
577XKHT,51,39688,44703,623,306,101.7,<30d,30-59,W,Mobile,Federal,T4
3NSZX9Q,38,68685,0,675,130,107.5,<30d,30-59,MW,Agent,Federal,T8
J6EINGE,51,60036,60209,699,197,113.0,>1yr,60-89,MW,Web,Consolidation,T3
4I8HCTR,54,65678,84937,551,111,107.0,Never,90+,NE,Mobile,Consolidation,T5
JG3LV44,28,60623,63053,688,16,100.2,Never,Current,S,IVR,Consolidation,T5
FP6CZJ6,41,62108,41674,696,93,99.9,>1yr,Current,NE,Web,Federal,T6
35N8YWR,59,40188,82590,723,409,109.1,Never,30-59,W,IVR,Consolidation,T1
9I17JGY,60,56744,76477,686,638,108.1,1-12mo,90+,NE,Mobile,Consolidation,T2
W0PZCT5,57,92455,56038,550,0,105.2,<30d,60-89,S,IVR,Federal,T8
5HPTXFU,53,79950,33392,766,82,100.6,1-12mo,Current,S,Agent,Consolidation,T7
IZX1PW2,59,39246,65238,618,234,100.4,Never,Current,W,Agent,Consolidation,T5
VSGCGSV,62,44637,36864,637,165,101.3,Never,Current,S,IVR,Consolidation,T5
F6MHEN3,48,67694,25338,719,158,107.9,>1yr,30-59,W,Mobile,Federal,T6
9HQ4CG3,32,25805,13410,578,0,98.6,<30d,Current,S,Web,Federal,T8
Y15B2MS,65,50398,65331,619,202,104.6,1-12mo,1-29,W,Agent,Federal,T7
X8A8BRT,22,54125,15939,728,260,97.9,<30d,Current,W,IVR,Federal,T4
699T2L6,41,87860,58438,671,223,106.9,>1yr,30-59,NE,Agent,Consolidation,T6
NE22M2N,61,55312,47247,672,248,111.1,Never,30-59,NE,Agent,Consolidation,T3
AOX7I8C,30,61687,54751,680,147,112.9,1-12mo,30-59,S,Agent,Consolidation,T3
OFOWWNM,46,63334,14573,679,44,106.4,Never,60-89,MW,IVR,Federal,T5
2LL1X8I,61,52084,26089,616,0,109.2,1-12mo,90+,W,Web,Consolidation,T3
AIETQRK,39,62053,40545,704,319,110.3,>1yr,90+,MW,Agent,Federal,T2
50AR9SX,34,55386,39987,649,0,105.5,1-12mo,30-59,S,Web,Federal,T7
48KGS0W,31,65710,6135,661,72,108.1,Never,30-59,S,Mobile,Consolidation,T3
ZEAZ7EF,54,55132,72532,707,225,108.7,Never,30-59,W,IVR,Federal,T3
ODYCD08,28,73818,97592,632,275,110.3,Never,30-59,W,Agent,Federal,T2
XUBXT3M,61,55998,60931,706,250,106.9,1-12mo,60-89,W,Web,Federal,T7
XEAW2SH,65,57011,49535,612,204,110.6,1-12mo,30-59,W,IVR,Consolidation,T3
0Y2TC1I,48,48677,38515,645,284,104.0,<30d,Current,W,Web,Consolidation,T4
WUNI5IL,56,44597,22786,683,52,111.0,<30d,60-89,NE,Web,Consolidation,T3
IULG8P3,35,39684,65880,632,259,113.1,>1yr,60-89,W,IVR,Federal,T2
R4M9QRC,59,59550,650,637,172,111.6,Never,60-89,NE,Agent,Consolidation,T3
XQ00LC0,68,48028,21362,638,256,101.4,>1yr,1-29,MW,Mobile,Consolidation,T4
BQHOHIP,68,69311,39234,696,228,100.8,<30d,1-29,W,Web,Consolidation,T8
EV8YX7V,39,78836,76503,633,245,95.1,1-12mo,Current,MW,Mobile,Federal,T7
PN0TJ7I,27,57325,36113,729,242,109.2,>1yr,90+,NE,Web,Consolidation,T3
D9XZYVQ,67,62171,62035,733,269,110.7,Never,90+,MW,Web,Consolidation,T2
03IPP6Q,50,71681,83867,660,211,107.1,1-12mo,60-89,MW,Mobile,Federal,T7
BVZ9GSF,29,48549,18956,644,25,100.8,Never,Current,NE,Web,Consolidation,T5
BJYYCW7,49,60719,41252,744,385,100.0,Never,90+,MW,IVR,Consolidation,T4
V0TWV85,60,44129,53501,550,314,104.7,Never,60-89,W,Web,Consolidation,T4
XEEVX23,40,72083,14076,747,397,97.3,1-12mo,30-59,NE,IVR,Federal,T4
T70WUPN,58,49922,87601,607,340,100.7,1-12mo,90+,W,Agent,Consolidation,T4
EJFCDF6,53,59321,47212,674,65,96.3,1-12mo,Current,S,IVR,Consolidation,T7
GJ9AJEO,52,44696,77067,662,282,112.3,<30d,90+,MW,Agent,Consolidation,T2
NDOQR9T,51,82283,31091,717,0,106.8,<30d,30-59,W,Agent,Federal,T8
5CVMCC2,41,79902,41542,672,243,99.3,Never,Current,W,IVR,Federal,T5
J2ZHB7Q,23,41711,64093,704,399,105.9,1-12mo,30-59,NE,IVR,Federal,T2
OBR7J7I,23,49484,0,587,252,100.1,<30d,Current,S,Web,Consolidation,T4
DEYMP0I,44,73378,35015,793,165,109.4,Never,60-89,S,Web,Consolidation,T3
8C0P7R9,66,42306,70474,759,0,106.3,Never,60-89,MW,Mobile,Consolidation,T5
48HI365,70,62678,48058,656,111,98.0,>1yr,Current,S,Web,Federal,T6
ND37X6J,45,69466,59529,610,279,97.4,>1yr,Current,W,Web,Consolidation,T4
FCI5G2U,48,64165,62837,700,187,109.1,1-12mo,30-59,NE,Mobile,Consolidation,T3
V5DX1FX,51,63122,0,621,557,112.3,1-12mo,60-89,W,Web,Consolidation,T2
6GP34PB,29,90618,74235,751,153,106.9,<30d,90+,NE,Agent,Federal,T8
VYJ3KBQ,44,55989,74390,620,274,105.6,<30d,90+,MW,Web,Federal,T2
T83UD0R,42,37219,5750,668,172,113.4,1-12mo,60-89,MW,Agent,Consolidation,T3
2QDBUEO,69,22421,65200,702,322,101.3,Never,30-59,NE,Mobile,Consolidation,T4
RNN0074,55,70033,15020,684,248,113.3,<30d,90+,MW,IVR,Consolidation,T3
WBHP47V,70,73183,20000,734,378,109.5,>1yr,30-59,NE,IVR,Federal,T1
98SIOCN,65,68617,5186,753,421,103.3,Never,30-59,MW,IVR,Consolidation,T4
RQGFOJ7,43,55948,27311,648,127,100.0,Never,Current,W,Web,Consolidation,T5
VR4P8HY,52,33311,29185,673,364,107.3,>1yr,60-89,S,Mobile,Consolidation,T2
CFQF1FC,69,75537,35014,653,387,106.7,<30d,60-89,S,Agent,Consolidation,T2
T31Z235,33,93725,22485,743,132,101.8,<30d,Current,S,IVR,Federal,T8
IQN07SU,47,45977,21753,518,49,103.6,>1yr,1-29,W,Mobile,Federal,T6
YS8G2FV,27,43986,45024,689,237,105.2,Never,30-59,MW,Agent,Consolidation,T5
TBQH6EC,41,24561,71185,676,0,96.4,<30d,Current,MW,Agent,Federal,T8
UXIB0ZA,56,60393,40796,788,0,112.1,1-12mo,30-59,W,Web,Consolidation,T3
JQ6Q6KT,54,50218,55012,599,410,114.1,>1yr,60-89,MW,IVR,Federal,T1
77VK41J,48,57369,70013,568,15,106.5,Never,30-59,S,Mobile,Federal,T5
LP5VZZM,25,88094,65187,612,65,105.5,<30d,30-59,NE,Mobile,Federal,T8
HLVWWTI,27,18791,48784,689,232,112.6,Never,30-59,MW,Web,Federal,T3
LVB5D54,57,15000,44880,746,294,104.4,Never,Current,MW,Web,Consolidation,T4
JRKA7PQ,30,90198,75659,730,0,100.2,Never,1-29,S,Agent,Consolidation,T5
JAISAWO,39,45667,68669,706,207,104.0,>1yr,1-29,S,Mobile,Consolidation,T6
VQDHO6G,38,49704,37310,683,0,114.4,Never,60-89,MW,Web,Consolidation,T3
I54E6Z5,69,29285,41208,710,361,106.7,>1yr,30-59,W,Agent,Federal,T2
2ZZFM0H,43,38707,27582,762,245,98.7,Never,Current,S,IVR,Consolidation,T5
SB3DHC6,66,32333,55406,645,0,111.4,1-12mo,60-89,NE,Agent,Consolidation,T3
XIJFUXD,37,32664,13423,576,46,107.6,1-12mo,90+,W,IVR,Consolidation,T7
875C1OE,62,57357,69616,685,184,110.1,<30d,30-59,W,Mobile,Consolidation,T3
YROFAC8,32,81620,39363,691,215,111.3,>1yr,60-89,NE,Mobile,Consolidation,T3
3IHRLDT,70,37754,76719,668,186,110.8,Never,30-59,NE,Mobile,Consolidation,T3
DUL0G1U,37,15146,53377,643,496,109.3,Never,60-89,W,Agent,Federal,T1
LPM7E8T,25,15000,23043,725,258,113.3,<30d,90+,W,Mobile,Consolidation,T2
BYI37US,62,74780,4920,685,203,100.2,Never,Current,W,Mobile,Consolidation,T5
CWI1FX6,26,57470,0,614,7,106.6,>1yr,60-89,W,Agent,Federal,T6
BE9RRPV,46,69180,62274,715,0,107.4,<30d,60-89,MW,Web,Federal,T8
KGDD2GQ,49,15000,76090,698,170,101.3,1-12mo,Current,S,IVR,Federal,T7
FFBB5ND,66,29528,27072,682,128,110.8,Never,30-59,NE,IVR,Consolidation,T3
9D4VRK1,28,51800,52888,603,403,106.4,<30d,90+,MW,Agent,Consolidation,T2
BTZQJWC,32,62170,57420,833,277,108.0,1-12mo,90+,W,Agent,Consolidation,T2
BM9NK9V,45,102038,19431,721,229,106.5,<30d,60-89,S,Agent,Consolidation,T8
RAYDJO2,55,47883,24365,616,526,98.6,<30d,60-89,S,Agent,Federal,T4
TKSTSME,28,60529,49180,628,216,99.2,Never,1-29,MW,Web,Consolidation,T5
AC5VKZM,43,70911,38955,737,31,106.8,>1yr,30-59,MW,Mobile,Consolidation,T6
3JNY00B,24,72939,64928,589,237,105.3,>1yr,30-59,NE,Mobile,Consolidation,T6
XBI6OSP,63,37805,9570,814,282,113.9,Never,30-59,MW,Agent,Federal,T2
VWSWZCZ,30,65989,11788,686,373,100.7,Never,60-89,W,IVR,Consolidation,T4
IPG28VZ,53,46556,56654,642,308,100.6,>1yr,30-59,S,IVR,Consolidation,T4
6W40FBS,56,36341,35269,785,289,111.8,1-12mo,30-59,MW,Mobile,Federal,T2
X3BXJU2,28,73673,43215,707,299,103.0,1-12mo,1-29,S,IVR,Federal,T4
M3AELLD,60,31065,77805,692,111,101.1,1-12mo,Current,S,Agent,Federal,T7
7GMTWW3,50,40935,77477,795,0,97.0,<30d,Current,NE,Web,Federal,T8
AJDAUTM,26,94056,35252,739,54,109.0,<30d,30-59,MW,Web,Consolidation,T3
L07ZM7W,66,79441,16056,694,112,107.8,Never,30-59,S,Mobile,Consolidation,T5
BOOAMH4,56,65533,0,729,197,98.3,Never,Current,S,Web,Federal,T5
E1NDOA4,41,90747,11845,584,382,106.5,>1yr,60-89,W,IVR,Consolidation,T2
VL3KU4G,38,55823,73719,755,108,108.9,1-12mo,30-59,W,Agent,Consolidation,T3
SVPT4Z7,45,59872,75748,765,0,113.4,>1yr,60-89,S,IVR,Consolidation,T3
6VNJG78,54,54414,46787,608,229,99.0,Never,Current,NE,Web,Federal,T5
LN4JRGJ,25,45482,47196,686,165,107.4,<30d,60-89,NE,Web,Federal,T8
BA2FT5U,35,41206,0,602,76,106.6,<30d,30-59,MW,Agent,Federal,T8
10QVJ8X,25,63769,58822,721,0,101.4,>1yr,Current,W,Web,Consolidation,T6
SIRSQL4,49,48596,56487,679,93,111.2,>1yr,30-59,MW,Mobile,Consolidation,T3
2GM9L44,43,62321,32793,688,254,106.1,<30d,60-89,MW,Web,Federal,T2
CMIJW0Y,56,46782,0,721,225,97.2,Never,Current,NE,Web,Consolidation,T5
GK5CRRK,64,25734,56640,636,0,110.7,Never,30-59,S,Mobile,Federal,T3
U51ZNO3,57,47287,69414,730,0,114.4,Never,30-59,W,Mobile,Federal,T3
5VIK7YJ,41,62138,33451,735,237,108.3,Never,30-59,MW,Mobile,Consolidation,T3
UFDHY8N,28,81167,73363,745,248,108.7,Never,30-59,MW,Agent,Federal,T3
RV3S4JK,44,65624,60719,716,74,105.8,1-12mo,60-89,W,IVR,Consolidation,T7
OSD2SOH,24,25639,39280,722,240,108.7,Never,60-89,NE,Mobile,Federal,T3
WNPWO0H,62,76936,42371,580,408,100.9,Never,30-59,W,Web,Consolidation,T4
5YYEOFV,64,66394,42928,667,240,105.6,1-12mo,30-59,NE,Web,Consolidation,T7
8UD6PLS,38,51585,43749,650,81,110.3,1-12mo,30-59,NE,Web,Federal,T3
JDZNB58,54,64462,42529,737,135,113.5,Never,30-59,W,Web,Federal,T3
VK5WVO7,23,38758,68910,648,472,108.4,<30d,90+,W,IVR,Federal,T2
TIMBY0Y,25,54750,58199,642,222,95.0,1-12mo,Current,MW,Agent,Federal,T7
72L66DG,42,56583,44318,579,84,112.9,1-12mo,30-59,W,Mobile,Federal,T3
V57LP0U,32,48702,41487,679,105,114.0,1-12mo,60-89,S,Web,Federal,T3
XQ91NR0,61,62688,45419,684,135,99.0,Never,Current,W,Web,Consolidation,T5
GOP49GX,32,65328,53852,810,248,107.0,>1yr,30-59,S,Web,Consolidation,T6
H043TEZ,25,59206,67323,590,200,97.6,Never,1-29,W,Web,Consolidation,T5
SB26SGL,39,74674,93040,589,321,99.8,Never,30-59,W,Mobile,Consolidation,T4
ZLPDTZZ,41,31528,63995,689,0,104.5,>1yr,Current,S,IVR,Consolidation,T6
D6LWCQC,39,65918,76832,558,137,108.6,>1yr,60-89,MW,Web,Consolidation,T3
U6SYQKM,34,61161,27471,700,78,97.0,<30d,Current,W,Mobile,Federal,T8
K68QGON,44,50029,84530,797,156,96.7,1-12mo,Current,S,Web,Federal,T7
4PSOS5K,25,39840,34537,773,53,103.2,>1yr,Current,W,IVR,Federal,T6
YFD9P1Q,64,15000,4161,756,0,114.7,1-12mo,60-89,S,Web,Consolidation,T3
QXWEC3X,40,75143,20414,681,364,108.2,>1yr,90+,MW,Agent,Federal,T1
7VPLBUX,24,73024,66880,630,606,107.7,>1yr,60-89,W,IVR,Federal,T2
Z596V3T,26,104934,31315,793,94,102.1,Never,Current,NE,Agent,Consolidation,T5
KNGBF88,61,91932,1904,686,95,106.1,<30d,30-59,MW,Agent,Federal,T8
UFWJIRN,68,72940,75242,715,101,109.9,<30d,30-59,W,IVR,Consolidation,T3
H8VTQ2F,56,58916,3922,727,253,114.2,Never,90+,S,Agent,Federal,T2
BJ56LVC,41,42309,53516,573,448,100.8,<30d,60-89,W,Web,Federal,T4
UQ3X9NY,67,73984,14394,718,294,114.6,Never,90+,MW,IVR,Consolidation,T2
8D7JUOB,52,58214,13348,694,252,105.5,1-12mo,60-89,W,IVR,Consolidation,T2
14NE0YL,28,44254,59102,698,67,111.1,>1yr,60-89,S,Mobile,Federal,T3
9HI1FRL,50,72688,56009,646,0,98.3,>1yr,Current,MW,Web,Consolidation,T6
TOVCTN0,56,53376,61792,737,55,110.1,<30d,30-59,NE,IVR,Federal,T3
HUJQ1IB,37,15000,75056,717,226,105.2,>1yr,60-89,W,Mobile,Consolidation,T6
P9WQ5K0,62,15000,21691,691,185,100.9,Never,Current,S,Mobile,Federal,T5
J9PDC8Q,60,39900,61328,815,126,105.1,1-12mo,30-59,S,Agent,Consolidation,T7
Y8T1T2O,35,32570,33447,647,129,98.0,Never,Current,NE,Agent,Federal,T5
FQE3SN9,35,85184,51827,706,48,107.7,<30d,60-89,MW,IVR,Federal,T8
CKVBU9V,27,77590,39031,758,113,112.8,Never,90+,MW,IVR,Consolidation,T3
YY0W89R,24,51337,56606,768,57,95.6,1-12mo,1-29,W,Web,Consolidation,T7
P57KEGP,31,67273,87208,738,121,109.9,Never,30-59,NE,Mobile,Consolidation,T3
H4FAFDP,53,20046,78119,627,383,112.0,<30d,60-89,NE,IVR,Consolidation,T2
1AYDGMB,50,50592,65432,633,435,98.7,<30d,90+,MW,Web,Consolidation,T4
D13LMBR,35,71547,46927,769,396,106.1,1-12mo,60-89,MW,Agent,Consolidation,T2
4JN24ZB,63,73145,40968,642,239,112.4,Never,30-59,NE,Mobile,Federal,T3
HTE3ZO3,27,38777,52761,661,489,112.5,<30d,30-59,W,Mobile,Consolidation,T2
YGF4XE8,47,51253,93548,717,165,97.2,>1yr,Current,W,IVR,Consolidation,T6
TO3SM0C,28,79382,0,721,84,96.2,<30d,Current,S,Agent,Consolidation,T8
QCD7WVL,57,46101,13531,696,0,99.1,<30d,Current,MW,IVR,Consolidation,T8
ZBH1FJ3,67,74046,98155,512,450,111.5,Never,90+,MW,Web,Federal,T1
AAUQT44,61,34021,1699,724,106,104.5,Never,Current,MW,Web,Consolidation,T5
GINCVMI,23,37366,28138,712,22,106.3,Never,60-89,NE,Agent,Consolidation,T5
DXSW5RG,69,80003,53234,619,401,95.8,Never,60-89,MW,Mobile,Consolidation,T4
1W0C1N4,36,100574,60075,645,0,107.9,Never,60-89,NE,Mobile,Consolidation,T5
S2DHMVV,59,72311,58278,590,213,98.3,<30d,Current,W,Agent,Federal,T8
QRYBZ5Q,58,35433,17678,775,70,102.0,Never,Current,NE,Mobile,Consolidation,T5
H0IEX97,45,48435,34560,628,51,111.8,Never,90+,S,Agent,Federal,T3
VKJ2DK1,28,49589,40074,725,91,101.7,Never,Current,W,Mobile,Federal,T5
JR4TPUV,26,51073,39816,645,0,106.5,1-12mo,30-59,NE,Mobile,Consolidation,T7
F2YDNZ9,69,21269,83332,778,315,108.8,>1yr,30-59,W,Web,Federal,T2
EI3ZR5E,31,57374,77365,609,77,101.1,<30d,Current,S,Agent,Federal,T8
CDR95UH,59,58853,53681,660,0,111.2,<30d,30-59,NE,Mobile,Consolidation,T3
425SEX9,34,71550,37998,578,510,105.1,1-12mo,60-89,NE,Web,Federal,T2
7FHNLH1,53,77279,41636,671,0,99.6,1-12mo,Current,W,Mobile,Consolidation,T7
XN6ZDQ0,46,61469,72293,710,47,113.9,Never,30-59,MW,Mobile,Consolidation,T3
6UG2KNU,30,36050,47456,642,397,113.0,1-12mo,60-89,NE,Agent,Federal,T2
GEYQEE7,58,36902,31498,735,53,104.6,1-12mo,Current,S,Mobile,Consolidation,T7
9VS1J7U,28,47826,51442,633,263,114.8,Never,90+,NE,Agent,Federal,T2
3NBVY0W,57,56224,43493,596,161,101.3,<30d,Current,W,Mobile,Consolidation,T8
8T6VSMK,64,76952,57364,566,0,112.3,Never,30-59,MW,Mobile,Consolidation,T3
BTYYDZ7,51,63555,82491,679,30,101.2,1-12mo,Current,MW,IVR,Federal,T7
KETRSZW,36,36506,42855,679,75,111.9,1-12mo,90+,NE,Agent,Consolidation,T3
D0L65ZE,60,33647,81286,611,284,100.8,<30d,1-29,W,IVR,Consolidation,T4
WBG0NTU,64,42667,21939,655,146,97.4,>1yr,Current,W,IVR,Federal,T6
8FZWL4S,50,53050,45529,587,0,108.8,<30d,60-89,S,Mobile,Consolidation,T3
TDKXUN7,35,45042,50385,640,0,99.6,<30d,1-29,NE,Web,Federal,T8
X0W2B6Z,24,101196,51272,707,290,113.1,Never,60-89,MW,Mobile,Federal,T2
HO9NM69,28,46567,23376,638,0,96.3,>1yr,Current,W,Mobile,Consolidation,T6
RTCF161,64,50991,46578,686,364,98.7,>1yr,30-59,NE,Agent,Consolidation,T4
H70PDIZ,34,78374,2399,701,0,107.7,Never,90+,S,Mobile,Federal,T5
C3496LI,23,88598,68414,686,293,112.8,Never,30-59,MW,IVR,Federal,T2
YLNIFJR,33,90912,35666,711,460,104.8,Never,30-59,S,Mobile,Federal,T4
L74G1CC,37,43465,27279,636,596,97.8,Never,30-59,MW,Mobile,Federal,T4
Q1OS63A,25,83553,14965,705,80,108.8,<30d,30-59,NE,Agent,Federal,T3
R4KA5EH,70,61109,55790,674,554,96.7,Never,30-59,S,Agent,Consolidation,T4
ESGSYGK,51,48701,65359,679,108,101.5,>1yr,Current,NE,IVR,Consolidation,T6
JVSIX2N,29,60406,33806,598,199,98.7,1-12mo,Current,S,IVR,Consolidation,T7
9LKB6O5,57,59874,6366,634,196,101.5,1-12mo,Current,W,IVR,Federal,T7
S8ZCUX4,46,60232,60853,727,30,108.0,<30d,60-89,W,Mobile,Consolidation,T8
P9DD0OM,29,65768,57283,738,0,114.9,1-12mo,30-59,NE,Web,Consolidation,T3
J4TYSBR,61,54306,29682,623,169,114.6,>1yr,30-59,S,Web,Consolidation,T3
6H3AVMQ,52,36671,32658,630,569,103.3,1-12mo,30-59,W,Agent,Consolidation,T4
K8IDXOK,55,52876,46359,655,448,112.9,<30d,90+,W,Mobile,Consolidation,T2
HLPLH33,32,37101,52483,699,162,101.4,<30d,Current,W,Web,Federal,T8
JJD4SSS,55,43082,64234,613,0,97.8,1-12mo,Current,S,Mobile,Consolidation,T7
R1FIUUQ,41,67498,43933,677,421,97.9,1-12mo,60-89,W,IVR,Federal,T4
DRJK8R0,48,64513,25307,636,0,114.2,>1yr,90+,NE,Mobile,Federal,T3
DNR3KXF,59,78640,73744,593,81,108.8,Never,90+,S,Mobile,Consolidation,T3
X94AW7J,25,75849,63699,767,22,113.6,Never,60-89,W,Agent,Federal,T3
YB3J3D0,48,60171,27502,585,0,102.6,>1yr,Current,NE,IVR,Federal,T6
BVHA9V3,28,57564,71593,635,387,103.1,Never,30-59,S,IVR,Federal,T4
I85XCFM,63,35861,51038,589,201,110.8,<30d,30-59,W,IVR,Consolidation,T3
JT2QSB1,45,32389,27091,685,249,114.3,Never,30-59,NE,Mobile,Consolidation,T3
FFIL9T2,65,50037,68386,652,7,98.2,1-12mo,Current,W,Web,Consolidation,T7
CFTQYIF,28,27149,19396,791,186,103.2,Never,1-29,S,IVR,Federal,T5
D2OA0XJ,25,103002,33162,668,289,113.2,1-12mo,60-89,S,Agent,Federal,T2
ZUYKNO8,32,87591,32912,604,218,99.6,>1yr,1-29,S,Agent,Consolidation,T6
STTHXBQ,25,75237,82387,715,352,96.2,<30d,60-89,MW,Web,Consolidation,T4
I0WVJBT,46,45571,23376,615,262,104.4,<30d,1-29,S,Web,Federal,T4
BVG2HYM,53,61860,55325,640,20,107.1,1-12mo,90+,S,Web,Federal,T7
9C2BEW3,41,54426,2018,571,11,114.3,1-12mo,30-59,MW,IVR,Federal,T3
UYNMB1A,27,24377,58191,597,139,112.2,1-12mo,90+,S,Mobile,Consolidation,T3
R2UEBA6,28,50568,40164,592,19,106.4,1-12mo,60-89,S,Web,Federal,T7
APHSQ68,54,76649,14211,655,197,100.5,Never,1-29,MW,Agent,Federal,T5
F3PGG62,53,59602,0,613,179,109.5,>1yr,30-59,W,IVR,Federal,T3
JXCRWQY,67,43925,10194,681,154,102.2,>1yr,Current,NE,Web,Consolidation,T6
ERB7KGA,63,17795,22781,743,0,113.2,1-12mo,60-89,S,Mobile,Consolidation,T3
5E63L37,25,39774,45000,669,309,100.9,>1yr,90+,MW,Agent,Consolidation,T4
5KQ24K9,40,33083,0,715,337,113.4,>1yr,90+,W,Agent,Consolidation,T2
NC1RV1M,57,42516,42237,725,0,111.4,<30d,30-59,S,Agent,Consolidation,T3
T4RGXIB,42,66523,37956,630,128,106.8,Never,30-59,MW,Agent,Consolidation,T5
7Q3C0IW,38,27158,65805,632,13,106.2,1-12mo,60-89,W,Mobile,Consolidation,T7
XCO1XRB,33,39875,88207,685,479,110.1,>1yr,30-59,MW,IVR,Consolidation,T1
QOZ85QN,35,31773,41082,698,133,108.3,>1yr,60-89,S,Web,Consolidation,T3
LWRDB49,26,26630,44267,631,246,97.7,>1yr,Current,MW,Agent,Consolidation,T6
WDPOCNL,28,55375,99170,744,0,114.0,>1yr,30-59,NE,IVR,Consolidation,T3
9F1LYG0,56,81575,20589,626,0,98.7,<30d,Current,S,Mobile,Consolidation,T8
BXCD0K9,49,38747,86729,739,199,111.5,1-12mo,60-89,S,IVR,Federal,T3
IVUMDS7,61,24108,18822,581,53,98.7,>1yr,1-29,W,IVR,Consolidation,T6
R24BKQ4,69,51330,19688,565,0,114.3,1-12mo,60-89,W,Mobile,Federal,T3
1T822M0,56,31299,75011,767,176,113.7,<30d,30-59,MW,IVR,Consolidation,T3
U6L19UL,35,68456,18716,644,135,113.5,Never,60-89,W,Web,Consolidation,T3
77P6PS8,60,57587,58389,627,307,111.1,1-12mo,60-89,S,IVR,Consolidation,T2
A28GRBG,67,35863,49317,571,15,101.1,Never,1-29,W,Web,Consolidation,T5
8A7OPSI,70,31884,52755,725,192,101.5,<30d,Current,MW,IVR,Federal,T8
ME22627,37,53474,51731,816,0,103.4,1-12mo,Current,S,IVR,Federal,T7
JZTCCML,69,47012,77190,728,380,113.9,1-12mo,60-89,S,Mobile,Federal,T2
7UOKDEO,40,60923,86125,689,258,108.7,<30d,30-59,S,IVR,Federal,T2
AHQAPT1,57,61635,18664,850,150,102.2,1-12mo,Current,S,Web,Federal,T7
31J3FZ9,58,87028,60558,716,227,103.5,1-12mo,Current,NE,IVR,Consolidation,T7
5N6POJR,34,52545,66184,756,300,102.6,<30d,Current,MW,Web,Consolidation,T4
5BJS2OZ,50,85827,51431,651,0,113.3,<30d,90+,NE,Web,Consolidation,T3
H0UFS19,58,44559,19994,564,318,110.3,1-12mo,30-59,MW,Mobile,Consolidation,T2
EZHVII0,52,41473,24910,658,437,113.5,Never,90+,MW,Mobile,Consolidation,T1
6D7WXOR,32,81182,52957,665,278,97.7,1-12mo,Current,NE,Mobile,Federal,T4
DFUFI10,48,54021,17527,673,282,96.2,Never,Current,MW,Web,Consolidation,T4
94NM1WI,38,87766,37621,723,282,113.7,Never,90+,S,Web,Consolidation,T2
5O5HXG3,64,55759,48447,678,265,101.9,1-12mo,Current,MW,Web,Federal,T4
SYHKP1Q,56,82998,62471,711,483,113.7,>1yr,60-89,S,Agent,Federal,T1
V29BMO5,41,73062,58992,552,370,113.2,Never,90+,W,Mobile,Federal,T1
3ZXJG5P,25,27238,61763,618,2,100.1,1-12mo,Current,MW,Mobile,Federal,T7
SOM3GKJ,37,60529,70159,636,421,114.4,>1yr,60-89,MW,IVR,Consolidation,T1
180HJZ5,61,56106,74811,642,264,106.8,1-12mo,30-59,MW,Web,Federal,T2
R7QJLLI,26,96285,29488,524,247,95.7,1-12mo,Current,NE,Agent,Federal,T7
HWZ04Y6,53,53194,28858,617,291,107.5,>1yr,60-89,MW,Agent,Federal,T2
O9WR7QU,29,52114,0,598,61,111.5,1-12mo,30-59,NE,IVR,Federal,T3
NCM5CO8,66,61562,60429,623,70,103.2,1-12mo,Current,NE,Mobile,Consolidation,T7
HESYYBM,29,80444,55981,691,57,107.9,>1yr,30-59,W,IVR,Federal,T6
1JTCIVB,70,93497,62272,758,173,96.6,<30d,Current,NE,Agent,Federal,T8
3K6YRLJ,51,30142,52651,670,0,105.7,>1yr,30-59,S,Mobile,Federal,T6
WM9LWLV,30,54186,75969,613,0,95.6,1-12mo,Current,S,Web,Federal,T7
WBZOMOB,26,65556,31082,671,162,113.9,1-12mo,90+,MW,Mobile,Consolidation,T3
PVOXMXH,43,21891,10951,801,39,101.5,1-12mo,Current,W,IVR,Federal,T7
F61ERFH,52,27270,60374,760,0,111.4,Never,60-89,MW,Web,Consolidation,T3
0Y7B44O,61,76825,70798,493,233,114.4,Never,30-59,S,Web,Federal,T3
MK9NQD4,43,55152,79493,681,288,113.3,Never,60-89,MW,Mobile,Consolidation,T2
NTCIE8O,59,43738,13919,580,258,113.7,>1yr,60-89,W,Web,Consolidation,T2
OVU9KHM,28,32863,49822,768,330,109.1,<30d,30-59,S,IVR,Federal,T2
YB3BSGK,68,35173,9959,702,11,99.1,<30d,Current,S,IVR,Federal,T8
NV2FZL1,46,86831,80890,660,86,106.0,>1yr,30-59,W,IVR,Federal,T6
87ILT8H,46,74208,29342,712,102,101.9,1-12mo,Current,S,Web,Consolidation,T7
240LSA3,51,46842,31408,750,0,111.0,<30d,30-59,W,Mobile,Federal,T3
O1XHLQV,40,37979,49626,725,91,101.1,Never,Current,MW,Mobile,Consolidation,T5
TOX8HBQ,53,31499,82580,806,389,98.2,1-12mo,60-89,S,Agent,Federal,T4
91MWE2O,51,39191,64195,665,75,104.7,>1yr,Current,MW,Mobile,Consolidation,T6
JKKYZU8,48,39696,0,632,0,100.3,Never,Current,NE,IVR,Federal,T5
ZCTT746,37,39479,33542,716,131,106.8,>1yr,90+,NE,IVR,Federal,T6
UL54IIC,30,106555,27492,608,0,95.6,Never,1-29,MW,IVR,Federal,T5
61VRJJ1,25,54145,58424,556,21,101.9,<30d,1-29,MW,Mobile,Consolidation,T8
EHNQ97S,22,76634,85753,760,432,109.8,Never,30-59,MW,Agent,Federal,T1
LPGFYSD,45,66541,32489,756,257,108.4,<30d,30-59,W,Web,Federal,T2
38VKWWO,29,49642,68398,522,213,98.4,<30d,Current,MW,Agent,Federal,T8
3ML7GMC,48,38805,84892,635,0,113.1,>1yr,30-59,W,IVR,Consolidation,T3
IL9BC4V,39,92735,0,552,8,111.5,<30d,90+,NE,Mobile,Federal,T3
EXBD71D,63,37883,36669,664,0,97.3,Never,Current,W,IVR,Federal,T5
SQDYTR4,25,83037,57008,634,127,101.7,>1yr,Current,MW,Web,Federal,T6
PSRSKT0,34,33408,60736,645,39,97.8,>1yr,Current,MW,IVR,Federal,T6
QA3IPGY,39,73505,19811,621,473,114.2,1-12mo,30-59,MW,IVR,Federal,T2
56SUSHD,44,30872,32675,797,105,98.1,Never,Current,W,IVR,Federal,T5
MZD5F66,69,99161,80314,680,227,102.2,<30d,Current,S,Agent,Federal,T8
8MSG6LS,61,82794,57373,732,460,95.1,<30d,90+,MW,IVR,Consolidation,T4
LM1QZ0R,30,78644,65275,670,0,113.2,>1yr,60-89,W,Web,Federal,T3
RSACYJ0,37,68808,80483,694,183,95.4,>1yr,1-29,MW,Agent,Federal,T6
N27KTGN,53,40120,35061,582,129,110.5,>1yr,30-59,S,Agent,Consolidation,T3
3J2TO0I,36,31813,48935,706,170,109.6,<30d,90+,MW,Agent,Federal,T3
54KHHXV,57,84678,81854,728,300,113.6,>1yr,90+,NE,IVR,Federal,T2
9A8LOWR,47,51640,14524,751,330,112.4,<30d,60-89,W,Mobile,Consolidation,T2
9AOPZC2,67,76895,29394,747,67,112.6,<30d,60-89,S,IVR,Consolidation,T3
53LA0JW,60,48098,11353,625,0,107.3,<30d,60-89,MW,Agent,Consolidation,T8
S140DIP,53,64901,79610,502,505,103.1,>1yr,60-89,W,Web,Consolidation,T4
5GB6Q6V,51,64372,31207,692,92,110.2,<30d,90+,NE,Agent,Consolidation,T3
C8BX3K3,31,30335,45684,741,315,102.4,1-12mo,30-59,W,Web,Consolidation,T4
V5CDAZG,66,98914,115986,541,144,102.1,>1yr,Current,W,Agent,Federal,T6
8X3DMM9,29,62987,82901,649,339,103.2,1-12mo,30-59,NE,Web,Federal,T4
5G647IT,27,72262,55656,647,0,111.3,Never,30-59,S,Agent,Federal,T3
CAGPR72,42,29333,18188,655,283,96.9,1-12mo,1-29,MW,Agent,Federal,T4
SHV1BGF,31,46711,50997,730,258,109.5,<30d,60-89,MW,Web,Consolidation,T2
S8HKRJA,30,39787,0,637,380,108.9,>1yr,90+,W,Agent,Consolidation,T1
PONIP4D,54,44095,31989,643,338,114.9,1-12mo,60-89,S,Mobile,Federal,T2
AL3BEEG,50,48087,29453,701,42,108.6,Never,30-59,W,IVR,Federal,T3
1V6FID7,65,46378,35742,764,21,103.8,1-12mo,Current,W,IVR,Federal,T7
2HOFPK3,32,63583,21852,695,81,110.4,1-12mo,30-59,MW,Mobile,Consolidation,T3
C61I4FR,67,41231,65588,722,0,98.1,1-12mo,Current,MW,Web,Federal,T7
L36Q095,65,46568,42086,803,173,95.1,<30d,1-29,S,Mobile,Consolidation,T8
7J4XTWA,62,54287,88541,651,193,106.9,>1yr,90+,S,Web,Consolidation,T6
D9MJ1OE,40,95528,66890,628,351,109.5,>1yr,30-59,W,Agent,Consolidation,T1
0YNKMN6,54,74764,57720,678,290,108.7,>1yr,90+,S,Mobile,Federal,T2
8DOO6PF,36,79571,45628,546,352,102.6,>1yr,60-89,W,Agent,Federal,T4
EPFAKEN,69,26698,78059,609,57,114.3,<30d,60-89,S,Web,Federal,T3
BU21N6A,49,33830,38172,810,216,96.7,>1yr,Current,MW,Agent,Federal,T6
7T8EVUK,59,80434,67386,671,499,107.5,Never,90+,NE,IVR,Consolidation,T2
YM0PYSW,36,53774,49981,673,53,113.7,Never,30-59,MW,Agent,Consolidation,T3
77FI105,52,15000,18241,836,0,103.0,<30d,Current,W,Agent,Federal,T8
J5QSB00,29,65567,0,648,222,96.3,<30d,Current,S,Web,Consolidation,T8
G0C5BGQ,68,57147,66340,643,0,105.7,<30d,30-59,W,Mobile,Federal,T8
1H683FD,45,15000,45640,643,0,106.4,<30d,90+,NE,Mobile,Federal,T8
QVN7PNL,32,37415,35421,668,362,106.3,1-12mo,90+,W,IVR,Federal,T2
MHPORBI,43,35139,49319,660,352,101.9,Never,30-59,S,Mobile,Consolidation,T4
DNWMACH,29,60702,38114,715,97,107.2,<30d,60-89,S,Agent,Federal,T8
EV4WKMD,26,19704,41662,690,446,96.1,Never,30-59,W,IVR,Consolidation,T4
LDWINVL,64,62105,58936,777,186,113.4,Never,60-89,MW,Agent,Federal,T3
407WG9M,69,66033,59709,729,267,110.0,Never,60-89,S,Mobile,Consolidation,T2
KTM5QI2,68,24411,58938,710,434,99.4,<30d,60-89,MW,Web,Federal,T4
DRQHVRI,62,43841,62267,634,0,96.5,<30d,Current,MW,Agent,Consolidation,T8
AFAOQKU,33,59614,63975,749,0,97.7,>1yr,Current,S,Agent,Federal,T6
HQWIAGF,67,47197,64823,764,405,101.7,Never,30-59,NE,Web,Consolidation,T4
GAW0BQ2,60,47371,37963,645,23,112.3,1-12mo,60-89,MW,Agent,Federal,T3
E7VZNOM,33,72367,3149,752,130,114.3,Never,90+,NE,Agent,Federal,T3
TWR31QD,68,42067,89137,591,337,95.1,1-12mo,30-59,MW,Agent,Federal,T4
HT9EU0K,58,15000,59192,759,269,95.5,>1yr,Current,W,Web,Federal,T4
QQ5U5BS,57,36158,58814,672,304,97.6,1-12mo,60-89,W,Web,Federal,T4
NBWKHGZ,67,65234,61216,703,0,108.8,>1yr,30-59,NE,Web,Federal,T3
JLOF7NE,70,74660,5968,798,173,105.8,>1yr,60-89,W,Agent,Federal,T6
IBH182V,64,67204,58490,620,0,99.8,<30d,1-29,S,IVR,Consolidation,T8
A1HJ40B,47,70251,48120,638,231,104.7,Never,Current,W,Agent,Federal,T5
U8LKWYZ,61,44023,47313,671,289,102.7,>1yr,1-29,NE,IVR,Federal,T4
RCXJ5XQ,59,15000,72532,601,118,112.2,1-12mo,60-89,MW,IVR,Federal,T3
QINGB1L,69,68504,84993,678,52,107.7,>1yr,90+,NE,Web,Consolidation,T6
QU7QSVG,22,74687,46515,750,217,111.1,1-12mo,60-89,W,Web,Consolidation,T3
R27MWDM,38,74656,10455,612,0,95.6,<30d,Current,MW,Agent,Consolidation,T8
109ZCHM,47,39247,10782,679,246,107.4,>1yr,90+,MW,IVR,Federal,T6
Z44L3BG,52,48500,68197,659,110,109.7,>1yr,60-89,NE,IVR,Federal,T3
71MX17U,50,61735,43596,653,403,106.5,Never,60-89,NE,IVR,Federal,T2
RPL0YRI,65,23541,36161,719,275,102.3,1-12mo,Current,W,Agent,Consolidation,T4
XXFNVHM,51,43218,54079,648,386,105.9,>1yr,30-59,S,Web,Federal,T2
YADLVYN,42,61042,71560,702,309,101.2,<30d,30-59,S,IVR,Federal,T4
H1AGL8B,63,64250,62504,745,25,100.0,1-12mo,Current,S,Mobile,Federal,T7
R2FZXZB,46,58814,45412,795,39,104.5,<30d,Current,W,Web,Federal,T8
87JCVVI,32,73672,39199,730,174,95.3,>1yr,1-29,S,Agent,Consolidation,T6
O8IX00E,23,70483,69618,703,297,100.9,>1yr,1-29,NE,Mobile,Consolidation,T4
BFC4W70,39,41389,63417,671,391,101.5,Never,30-59,S,Agent,Federal,T4
5EJSC1Z,55,26507,48318,699,273,108.1,1-12mo,30-59,MW,Mobile,Consolidation,T2
2K86SL5,63,53130,63512,756,15,98.3,1-12mo,1-29,NE,Agent,Consolidation,T7
A5PHC76,48,86267,70928,707,406,96.3,1-12mo,90+,W,Web,Federal,T4
PYW9RYS,40,70589,76946,768,154,105.8,Never,30-59,S,Web,Consolidation,T5
76BE9QS,51,59659,0,681,766,108.2,<30d,30-59,MW,Mobile,Federal,T2
YW673MQ,42,22193,85979,839,0,98.9,<30d,Current,NE,Agent,Consolidation,T8
W2P0VWT,37,67237,46559,699,207,95.8,>1yr,Current,W,IVR,Consolidation,T6
7SM96KS,48,80029,25141,772,248,110.7,>1yr,30-59,NE,Agent,Federal,T3
GFCSS9Y,61,21452,45194,640,222,98.5,<30d,1-29,S,Agent,Consolidation,T8
HUFD4OZ,70,30962,56808,616,0,114.5,<30d,60-89,W,IVR,Consolidation,T3
HTUA94N,40,37648,73869,760,128,99.2,>1yr,Current,NE,Web,Federal,T6
J1C6TG3,59,57425,62793,737,203,110.1,>1yr,60-89,NE,Mobile,Federal,T3
G2QM6I5,70,66997,21567,606,22,114.3,Never,30-59,W,Agent,Consolidation,T3
E0Q68AJ,36,58466,40147,764,8,112.6,1-12mo,30-59,W,Web,Federal,T3
Z16JOC7,26,81980,30926,674,229,111.5,Never,30-59,W,Web,Consolidation,T3
WJBAM2A,35,56009,53714,733,257,98.9,<30d,Current,NE,IVR,Consolidation,T4
72XBKDQ,39,70541,4397,695,116,108.5,<30d,30-59,S,Agent,Consolidation,T3
4Z4QBMX,57,102523,73513,675,174,107.9,>1yr,90+,MW,IVR,Federal,T6
PDCFEUF,34,60677,36645,590,469,101.1,Never,30-59,MW,Web,Federal,T4
RG9HGY9,57,45813,77232,776,441,99.0,Never,90+,NE,IVR,Federal,T4
HJ30XHN,52,44759,47412,700,335,108.5,1-12mo,30-59,NE,Web,Federal,T2
1ML5ZF1,52,60948,53031,582,230,109.6,<30d,60-89,W,Web,Consolidation,T3
2UKQ37U,35,51618,44900,600,65,96.6,<30d,Current,S,IVR,Consolidation,T8
7PLKU55,53,46442,51246,635,67,111.0,1-12mo,30-59,NE,Agent,Consolidation,T3
ZBRYYK4,62,38483,37692,767,394,112.3,>1yr,60-89,NE,Web,Federal,T1
QSC8IO2,53,63732,70899,733,115,104.4,Never,Current,S,Agent,Federal,T5
D77ZD52,66,75322,0,735,0,111.3,1-12mo,30-59,NE,Web,Consolidation,T3
O2G2PNS,22,38562,18089,624,31,111.2,>1yr,30-59,S,Mobile,Consolidation,T3
94AQ0B6,28,41236,83471,694,318,113.3,<30d,30-59,NE,Agent,Federal,T2
2G63YPH,64,56901,392,671,0,107.2,>1yr,90+,NE,Agent,Consolidation,T6
4032EGC,41,47090,55152,599,253,96.5,1-12mo,Current,W,Mobile,Federal,T4
1FX7MFJ,47,44945,43651,650,191,106.5,<30d,30-59,S,IVR,Consolidation,T8
AH8AS32,27,59205,21260,669,172,113.2,<30d,60-89,S,Web,Federal,T3
U202KMK,57,69967,32989,579,169,100.1,Never,Current,W,Mobile,Consolidation,T5
IXLS9UY,26,56618,61122,739,381,98.4,1-12mo,30-59,NE,IVR,Consolidation,T4
TPSMU2E,47,33708,52293,720,0,98.0,Never,Current,W,Mobile,Federal,T5
TTR0AZS,22,42380,38480,850,146,95.2,Never,Current,NE,Mobile,Federal,T5
IECHKFZ,58,57794,51181,639,38,114.7,1-12mo,30-59,W,Agent,Consolidation,T3
SD663WM,63,71388,60068,629,125,113.4,>1yr,30-59,S,Web,Federal,T3
0CAGMMK,32,61143,10248,623,240,104.8,>1yr,Current,MW,Agent,Federal,T6
Y5OF406,36,84731,36147,714,85,104.1,>1yr,Current,MW,Agent,Federal,T6
XT73VZK,68,52294,56343,662,489,115.0,<30d,30-59,W,Agent,Federal,T2
O40HUY7,65,49383,75903,652,129,99.2,1-12mo,Current,W,IVR,Federal,T7
LFKYW6N,25,89506,70911,598,85,105.7,Never,60-89,MW,IVR,Federal,T5
7FGRPJ6,70,43679,18073,776,347,98.8,<30d,60-89,S,IVR,Consolidation,T4
76IMJFV,25,50763,50449,691,35,99.6,Never,Current,W,Agent,Federal,T5
NLVV4XT,32,73768,26023,850,0,112.1,1-12mo,60-89,NE,Web,Federal,T3
AJIYPRG,25,57190,13432,619,363,101.7,1-12mo,30-59,NE,Web,Consolidation,T4
LVVMTP7,64,43375,34449,707,304,99.7,<30d,60-89,W,IVR,Consolidation,T4
8TMU062,55,51598,28338,760,266,98.2,1-12mo,Current,MW,Web,Consolidation,T4
02PKMHL,34,34116,30887,701,0,103.0,>1yr,Current,MW,Web,Federal,T6
Z42I2DE,52,68563,100021,637,289,101.6,>1yr,Current,NE,Web,Consolidation,T4
N8L3TDB,22,73839,42397,704,267,97.3,Never,Current,MW,Web,Consolidation,T4
IAR5LXI,40,67015,0,538,142,99.2,1-12mo,Current,MW,Mobile,Consolidation,T7
2SKOACB,35,78446,87938,673,111,106.0,>1yr,30-59,S,Mobile,Consolidation,T6
66146D9,47,47665,2010,659,151,108.4,1-12mo,30-59,NE,Mobile,Federal,T3
YJOUM8N,31,69978,48201,689,0,96.5,Never,Current,W,IVR,Federal,T5
PDFJ9WZ,40,71631,6102,681,46,98.9,Never,Current,W,Web,Federal,T5
NKN7AD8,23,48818,14776,669,0,104.0,Never,1-29,S,Agent,Consolidation,T5
UUEKDTP,26,54869,46512,735,156,104.7,1-12mo,1-29,MW,Agent,Federal,T7
2QTIX1S,55,46735,34576,679,261,106.0,1-12mo,60-89,MW,Mobile,Consolidation,T2
CTEQ4S3,42,53165,38264,796,272,103.2,Never,Current,NE,Mobile,Consolidation,T4
JNT9CZZ,30,91506,51317,675,177,101.1,<30d,Current,S,Agent,Consolidation,T8
I7UW3D1,61,15000,45133,640,0,111.3,Never,60-89,MW,Agent,Federal,T3
UG15KAS,23,70023,46975,461,382,98.8,1-12mo,30-59,S,Web,Federal,T4
AI051JC,55,52165,76691,674,287,111.6,1-12mo,90+,S,IVR,Consolidation,T2
WT371V7,33,66355,7085,676,100,104.0,1-12mo,Current,S,Web,Federal,T7
HLSK1OT,60,70618,42566,718,0,104.3,>1yr,Current,MW,Mobile,Federal,T6
JPV8G2B,58,63864,0,770,0,114.0,<30d,60-89,NE,Web,Federal,T3
6SXN2TK,34,75739,26741,645,440,107.9,<30d,30-59,MW,Mobile,Federal,T2
YJXMSJT,36,26595,70020,794,405,97.4,>1yr,30-59,W,IVR,Consolidation,T4
3EKZ1SD,44,48282,16796,730,230,110.3,<30d,60-89,MW,IVR,Federal,T3
M0EKCK2,50,56128,9283,803,313,112.7,<30d,30-59,W,Mobile,Federal,T2
QSCL0R5,54,72470,36769,569,204,104.6,>1yr,Current,NE,Mobile,Federal,T6
W8NKW7Z,58,55656,33880,652,320,97.4,Never,90+,NE,IVR,Consolidation,T4
NL3G9LI,30,72983,72030,568,337,107.8,>1yr,30-59,MW,Mobile,Consolidation,T2
3RCXFY2,61,24537,53730,652,522,107.2,>1yr,30-59,NE,Mobile,Consolidation,T2
1RL96XU,36,60593,51037,727,177,110.1,Never,30-59,MW,Mobile,Federal,T3
IBSSW1M,53,61248,63224,708,245,104.1,Never,Current,W,Mobile,Consolidation,T5
FSI0AIO,58,68103,22413,670,3,95.1,>1yr,Current,MW,Agent,Consolidation,T6
D05BJOB,54,59019,64926,739,161,104.2,1-12mo,Current,MW,Agent,Federal,T7
RC13KK2,27,36728,63401,599,337,96.1,<30d,30-59,W,IVR,Consolidation,T4
R51K27Y,35,88149,71998,651,155,96.9,1-12mo,Current,NE,Mobile,Federal,T7
49NA5ZB,37,52165,25790,726,0,114.8,>1yr,90+,S,Agent,Consolidation,T3
T1TF3GO,70,32230,31344,707,204,100.3,1-12mo,Current,MW,IVR,Consolidation,T7
IVQE05P,68,53767,68755,754,0,97.4,1-12mo,1-29,MW,Agent,Federal,T7
TVB6UBR,27,51224,48978,742,144,107.4,>1yr,30-59,S,Mobile,Federal,T6
KMOYJH0,68,19925,2360,730,144,110.0,<30d,30-59,S,Agent,Consolidation,T3
KHSJ6HO,41,42396,43000,718,263,109.7,>1yr,90+,MW,Agent,Consolidation,T2
LNPRIV6,30,70719,0,619,0,114.5,>1yr,30-59,MW,IVR,Consolidation,T3
BI1DE3R,26,64203,21520,689,0,111.1,Never,30-59,MW,Mobile,Federal,T3
RETT9RY,31,88869,50541,786,67,107.8,1-12mo,90+,W,Agent,Federal,T7
ZUVYKDT,26,34434,43074,749,0,106.3,>1yr,60-89,W,IVR,Federal,T6
ER31HEU,65,72299,32388,580,60,102.7,>1yr,Current,W,IVR,Consolidation,T6
4R41OZS,29,84459,0,640,0,113.0,1-12mo,90+,S,IVR,Federal,T3
LLCOMDS,25,38656,18797,763,124,99.9,1-12mo,Current,S,IVR,Federal,T7
3Q8S8VV,47,50115,82993,650,264,110.1,Never,30-59,NE,Mobile,Federal,T2
FTNF7D4,64,68566,40022,670,180,98.6,<30d,Current,W,Web,Federal,T8
7GO8KPM,24,66952,24726,689,66,97.0,>1yr,Current,W,Web,Federal,T6
Z4D9R8W,64,38752,51255,648,398,100.7,>1yr,60-89,W,IVR,Federal,T4
XNOB5CV,64,77363,50116,708,351,105.7,<30d,30-59,S,IVR,Federal,T2
29DN3UG,58,29734,17516,702,317,97.6,>1yr,30-59,S,IVR,Consolidation,T4
H563RVJ,64,18566,44079,642,166,102.8,>1yr,Current,MW,IVR,Consolidation,T6
O30CZ4D,50,63674,21309,711,130,112.6,Never,30-59,S,Agent,Consolidation,T3
KC3VJDB,38,56205,25469,666,516,112.4,Never,30-59,MW,Mobile,Federal,T1
0N06JZ5,35,36141,13403,779,386,105.0,Never,60-89,MW,Agent,Consolidation,T4
16EPWTB,39,48958,58007,624,402,96.6,<30d,60-89,MW,Agent,Federal,T4
PDZK844,50,79674,89305,660,439,111.5,>1yr,30-59,NE,IVR,Consolidation,T1
DSH9CMC,25,46659,55738,641,0,100.3,<30d,Current,NE,Mobile,Federal,T8
TSYNCQ3,65,51060,58207,737,251,113.9,<30d,30-59,NE,Web,Federal,T2
KOBSX6Y,61,82700,53544,731,188,98.5,1-12mo,1-29,S,Web,Consolidation,T7
1E49GAE,31,53944,11840,684,45,97.8,Never,Current,MW,Web,Consolidation,T5
M1WTTEP,56,62398,39401,697,112,104.2,1-12mo,Current,MW,IVR,Federal,T7
51WREXN,51,39179,66965,668,469,111.0,<30d,90+,NE,Agent,Federal,T2
LX4ZWF0,39,45670,22448,850,0,100.6,>1yr,Current,NE,IVR,Consolidation,T6
L6W8WM2,42,67817,42503,670,138,111.9,1-12mo,30-59,S,Mobile,Federal,T3
I8GHL97,65,45805,26646,652,319,96.2,Never,30-59,NE,Agent,Consolidation,T4
NB3Z7MP,29,59508,66826,695,111,111.2,Never,60-89,MW,Web,Consolidation,T3
IRM26SX,31,56766,64282,771,379,114.8,<30d,60-89,NE,Mobile,Consolidation,T2
5R7UV8J,66,40981,35308,621,380,102.0,<30d,30-59,W,Web,Consolidation,T4
MDJNJHK,47,24067,52729,683,115,110.4,>1yr,30-59,S,Agent,Consolidation,T3
SRKFGCS,67,45713,66438,702,2,112.1,Never,30-59,S,Web,Consolidation,T3
NVXY3MV,40,59042,33322,589,209,97.5,>1yr,Current,S,Web,Federal,T6
SSNTGMX,31,53930,35775,771,8,106.9,Never,90+,MW,Web,Federal,T5
1EYTXL8,69,44213,29948,702,110,111.3,<30d,30-59,W,Web,Federal,T3
IH9XRIH,70,60643,66534,656,148,97.1,Never,Current,W,IVR,Federal,T5
12QYY9B,64,30511,43066,826,243,99.0,>1yr,Current,MW,Agent,Consolidation,T6
5WVD5GB,59,78146,55079,611,209,96.0,>1yr,1-29,NE,IVR,Consolidation,T6
INYNF9U,56,33100,52583,567,215,105.2,1-12mo,30-59,MW,Mobile,Consolidation,T7
MHL3D9U,67,47500,56911,615,249,105.2,<30d,60-89,W,IVR,Federal,T8
GRKBUMC,53,50067,18745,598,179,114.9,Never,30-59,W,Mobile,Consolidation,T3
9BPL7PI,40,67683,38222,751,146,106.3,Never,60-89,S,IVR,Federal,T5
I557N7T,32,38291,46558,627,0,102.1,Never,1-29,W,IVR,Consolidation,T5
ZTP21OF,42,56145,26269,653,224,112.3,<30d,60-89,W,Mobile,Consolidation,T3
O5WE13F,35,30938,54605,772,59,95.0,>1yr,Current,MW,IVR,Consolidation,T6
LXXA6PH,28,44448,37747,658,447,99.0,>1yr,90+,S,Agent,Federal,T4
519MZFG,53,62569,60325,688,236,112.6,>1yr,30-59,NE,Agent,Consolidation,T3
1CHOYKS,47,61639,48777,603,45,114.8,1-12mo,60-89,W,IVR,Federal,T3
AWYUB21,42,43190,8987,624,30,113.4,>1yr,30-59,MW,Agent,Federal,T3
ATEDY3G,46,67284,75416,599,0,108.6,Never,30-59,W,Mobile,Federal,T3
XBY9VDH,36,40859,38098,670,0,97.5,>1yr,Current,W,Web,Consolidation,T6
N9FKZ9S,50,72318,40614,756,0,103.9,1-12mo,Current,S,Agent,Consolidation,T7
MEE7KFU,51,42250,79933,721,312,110.2,1-12mo,60-89,NE,Agent,Federal,T2
5NAXBYL,28,74382,66975,727,121,98.1,>1yr,Current,MW,Agent,Federal,T6
0L8LME9,48,59490,9769,716,161,105.6,1-12mo,60-89,NE,Mobile,Federal,T7
KJTEYOM,43,36474,68354,605,199,100.8,>1yr,Current,MW,Agent,Federal,T6
M5GQVUD,50,53673,57855,653,672,114.4,<30d,60-89,NE,IVR,Federal,T2
ES9MYY3,29,84787,46146,707,65,107.5,>1yr,30-59,MW,Web,Federal,T6
7SFLUK2,31,66231,14425,675,112,104.0,<30d,Current,NE,Agent,Federal,T8
TE4ATGJ,70,55075,63077,627,126,99.9,1-12mo,Current,NE,Mobile,Federal,T7
SW2DKD3,42,45539,58702,699,446,99.2,Never,30-59,S,IVR,Consolidation,T4
ZXHPV3V,44,36393,63584,608,155,98.7,1-12mo,1-29,MW,Web,Federal,T7
HFK548Y,50,57696,59988,740,346,100.0,>1yr,30-59,NE,Web,Federal,T4
ZKNPXHH,59,92977,30119,643,0,104.8,Never,Current,MW,Web,Consolidation,T5
LB89EFP,34,73860,40721,790,344,114.5,Never,60-89,NE,Web,Federal,T2
NLAUMYB,29,76079,105963,632,12,106.5,>1yr,30-59,NE,Mobile,Consolidation,T6
AC1G1AA,50,15000,86955,817,0,99.7,<30d,1-29,S,IVR,Consolidation,T8
OG2D8XU,31,78238,62275,650,304,111.6,1-12mo,60-89,MW,Agent,Consolidation,T2
6S9GGJO,22,42486,37318,788,251,98.4,<30d,1-29,S,Mobile,Consolidation,T4
39CCOJA,64,65986,68598,696,527,100.4,1-12mo,30-59,MW,Agent,Consolidation,T4
4BDTJ16,66,44386,17159,749,0,99.3,1-12mo,Current,NE,Web,Federal,T7
7E4W7KR,51,64326,33133,595,105,109.1,Never,60-89,MW,Mobile,Consolidation,T3
CYKLOIR,67,63605,45217,770,33,98.0,<30d,1-29,W,Mobile,Consolidation,T8
D95RTSQ,52,77472,29447,599,190,112.9,<30d,30-59,MW,Agent,Consolidation,T3
RWBXFBH,57,43953,79592,616,0,96.9,>1yr,1-29,W,Mobile,Federal,T6
ZNMG4D8,27,70260,84279,850,226,110.8,1-12mo,30-59,NE,Agent,Federal,T3
H6PCXLU,37,70470,52804,752,201,110.4,1-12mo,60-89,NE,Mobile,Consolidation,T3
CK1K9U8,65,66995,81671,674,371,107.0,<30d,90+,MW,Web,Consolidation,T2
Z1H8EM2,51,39678,91445,670,247,104.7,1-12mo,Current,NE,Mobile,Consolidation,T7
93TPY03,59,54162,44996,667,410,106.3,<30d,90+,S,Agent,Federal,T2
2UY9G11,62,49296,70129,636,344,100.6,1-12mo,90+,W,Agent,Consolidation,T4
WONSCNT,59,53062,39625,668,60,114.1,1-12mo,90+,S,Web,Consolidation,T3
AQFCWDE,48,48543,51254,584,174,108.9,>1yr,30-59,S,IVR,Federal,T3
FZ93BKA,53,45573,32363,622,84,110.7,1-12mo,60-89,MW,Agent,Consolidation,T3
WHTHYP9,41,90840,34920,816,44,109.6,1-12mo,60-89,W,IVR,Federal,T3
800Y7HW,31,80115,68546,757,99,114.0,1-12mo,90+,MW,Agent,Federal,T3
R59IWLR,42,68594,65828,642,365,107.4,1-12mo,30-59,NE,Web,Consolidation,T2
EFGQ4VV,57,36921,7575,641,284,97.1,>1yr,Current,NE,Web,Federal,T4
2R4U2VK,45,64798,66023,727,436,100.8,1-12mo,60-89,W,Agent,Federal,T4
V9MW832,22,52763,50941,743,151,109.6,<30d,90+,NE,Web,Federal,T3
YU23DFB,23,18379,52622,722,252,103.7,Never,Current,NE,IVR,Consolidation,T4
E9DRC63,50,52294,14201,639,226,112.4,1-12mo,30-59,W,IVR,Federal,T3
ETDPA13,43,38183,7599,627,190,98.8,1-12mo,Current,W,Agent,Federal,T7
6L14QLB,39,62418,54360,719,238,111.9,Never,30-59,W,Mobile,Federal,T3
HMPXNUL,49,50532,52812,637,357,103.4,Never,90+,W,Agent,Consolidation,T4
P5US7IV,61,43113,37941,556,510,113.6,<30d,60-89,S,IVR,Consolidation,T2
FE28C6J,30,78542,40909,725,357,102.2,<30d,30-59,MW,IVR,Consolidation,T4
X4WDC2Y,53,63489,29470,737,127,96.2,<30d,Current,NE,Agent,Federal,T8
A1O9HL1,57,42009,32522,841,0,107.1,Never,30-59,W,Web,Federal,T5
EJ7CGMB,54,15000,12767,674,192,113.1,1-12mo,30-59,W,Mobile,Federal,T3
KTHDRC6,60,31218,27094,717,444,112.5,>1yr,30-59,S,Web,Federal,T1
4VN8DG5,42,37482,14680,730,85,112.3,>1yr,60-89,NE,Web,Consolidation,T3
0QRMG29,49,28825,0,655,420,103.8,1-12mo,90+,MW,IVR,Consolidation,T4
PJOR58W,35,63572,74608,727,235,112.2,<30d,60-89,S,Web,Federal,T3
N9SCDTY,26,56614,37004,702,413,99.5,Never,30-59,MW,Web,Federal,T4
05WAB8A,29,45500,0,712,0,103.7,<30d,Current,W,Mobile,Consolidation,T8
LYR6SL1,26,15000,0,577,273,110.4,Never,30-59,MW,Mobile,Consolidation,T2
DZLFFVB,66,60976,32341,697,32,106.4,>1yr,60-89,MW,Mobile,Consolidation,T6
562USQK,54,38806,46203,612,364,99.4,1-12mo,60-89,S,IVR,Consolidation,T4
PRRMSR9,55,15000,79638,755,102,110.0,>1yr,90+,W,Agent,Federal,T3
CDEBBLJ,52,65825,9129,659,434,103.1,Never,30-59,W,IVR,Federal,T4
AAJN912,56,74455,30827,745,64,108.5,Never,30-59,W,IVR,Federal,T3
ICO1FLD,44,57892,28945,637,111,100.7,1-12mo,Current,W,Mobile,Consolidation,T7
99WVK6X,45,46983,20350,672,0,113.3,Never,30-59,NE,Web,Consolidation,T3
IREBBZR,46,47419,60351,696,0,107.2,<30d,30-59,MW,Agent,Consolidation,T8
776P2KL,28,43060,41600,577,500,113.6,<30d,30-59,MW,Agent,Consolidation,T2
1MPZ0QE,42,65628,58614,652,359,101.3,>1yr,30-59,NE,IVR,Federal,T4
ICMNNMP,69,70579,54898,762,0,95.9,<30d,Current,W,Web,Consolidation,T8
CYPHZ2H,43,54929,7530,736,210,105.0,<30d,Current,NE,Agent,Consolidation,T8
6A0UVZU,36,43787,44300,658,349,107.9,1-12mo,30-59,S,Agent,Consolidation,T2
U4JDYEY,66,15203,0,667,231,97.9,<30d,1-29,W,Agent,Federal,T8
V6P301U,24,45347,55655,789,244,110.0,>1yr,30-59,NE,IVR,Federal,T3
YS9754T,62,26676,82037,756,235,97.8,<30d,Current,MW,Agent,Consolidation,T8
6YUBOZB,52,53228,55143,515,176,107.3,1-12mo,90+,W,Web,Consolidation,T7
TSZCAF7,57,54232,56594,645,22,104.9,Never,Current,MW,IVR,Federal,T5
NPD8SQF,36,62689,81360,742,0,100.4,<30d,Current,W,Web,Consolidation,T8
8Z1RG6H,49,55889,83449,670,441,114.4,<30d,30-59,S,Agent,Consolidation,T2
6JLVA54,58,71442,38431,628,0,99.5,>1yr,1-29,S,IVR,Consolidation,T6
1J1ZUW0,46,50221,73487,664,0,111.0,<30d,30-59,MW,IVR,Consolidation,T3
FUDPNMO,31,78313,108578,667,358,97.7,>1yr,60-89,W,IVR,Consolidation,T4
VOU1NKK,39,80717,54172,612,119,102.9,<30d,Current,S,Mobile,Consolidation,T8
QWBFFLR,34,96882,37212,635,338,109.9,<30d,30-59,MW,IVR,Consolidation,T2
M7Y8XG3,41,54423,33125,622,432,98.4,<30d,90+,MW,Mobile,Consolidation,T4
010FXP0,35,43831,76078,739,19,107.9,Never,60-89,W,Web,Consolidation,T5
5FONP8I,39,51061,40648,726,227,109.7,Never,30-59,S,Mobile,Consolidation,T3
HEFI66R,61,61616,44344,756,500,101.0,<30d,60-89,MW,Mobile,Federal,T4
078K1YY,48,72498,26757,501,403,101.3,1-12mo,60-89,S,Web,Federal,T4
0V90UNS,53,56970,50346,540,0,96.9,1-12mo,Current,NE,IVR,Consolidation,T7
P922OF7,67,102709,73646,693,128,98.5,>1yr,Current,NE,Web,Consolidation,T6
GCE3KG7,56,83685,40860,622,315,103.8,Never,90+,NE,Web,Consolidation,T4
1MC79GB,53,49021,27494,527,422,109.5,1-12mo,30-59,W,Mobile,Consolidation,T2
TSQ8SAZ,67,49249,64759,634,369,113.0,1-12mo,60-89,S,Web,Federal,T2
VMSWIWN,52,49393,8404,761,118,113.9,>1yr,30-59,S,Mobile,Federal,T3
6WA0Z14,43,56988,47197,592,411,105.4,1-12mo,30-59,W,IVR,Consolidation,T2
VTCBM7M,61,85634,65168,613,132,102.6,Never,1-29,W,IVR,Federal,T5
JZPOFTV,68,61987,58051,724,1,106.8,1-12mo,30-59,MW,Agent,Federal,T7
L3IC7BY,35,52094,19586,731,423,101.2,<30d,60-89,W,IVR,Consolidation,T4
XGU4QTZ,40,65150,32825,805,30,114.8,<30d,30-59,MW,IVR,Federal,T3
WCOD52W,27,93641,35524,679,232,107.3,1-12mo,90+,W,Agent,Federal,T7
8B219Q5,24,59553,37848,614,406,102.6,>1yr,30-59,NE,Web,Federal,T4
BVN6MAT,38,40688,35764,689,238,114.8,<30d,30-59,MW,Web,Consolidation,T3
0MBXJ5G,38,54693,24562,649,0,101.8,Never,Current,NE,Web,Federal,T5
BP468QB,39,46550,30372,636,5,96.8,>1yr,Current,S,Agent,Consolidation,T6
8ZLPH3W,31,57262,80578,743,142,105.5,<30d,30-59,MW,Agent,Consolidation,T8
F5LQCS3,60,61225,12371,648,17,109.1,<30d,30-59,MW,IVR,Consolidation,T3
OJ3PQG3,61,68506,45653,674,69,107.1,1-12mo,30-59,MW,Agent,Federal,T7
L49QCB5,36,57022,33173,660,73,101.8,>1yr,Current,NE,IVR,Consolidation,T6
5LN29K4,59,62820,79233,726,216,108.0,Never,60-89,NE,IVR,Federal,T5
TNO5DNZ,47,46217,48577,590,0,100.4,>1yr,Current,MW,Web,Consolidation,T6
UU56L4E,63,47777,60442,796,557,108.7,<30d,30-59,NE,Mobile,Federal,T2
E7363WI,69,95648,29180,544,109,111.1,Never,60-89,MW,IVR,Federal,T3
BWQVV7F,29,25610,22284,700,379,95.7,<30d,60-89,S,Web,Consolidation,T4
1RASBGN,42,39902,98163,715,35,112.2,>1yr,90+,W,Agent,Federal,T3
4MV52Q3,54,54279,76389,806,167,102.2,1-12mo,Current,S,Web,Consolidation,T7
I4UJVGM,26,81524,36309,660,60,101.6,<30d,Current,MW,Web,Consolidation,T8
NXLARG5,63,75210,83873,630,0,101.5,Never,Current,W,IVR,Federal,T5
OO5J2ZQ,55,54814,27916,769,195,107.1,Never,30-59,NE,Agent,Federal,T5
Z3081DL,34,34036,56459,701,137,108.1,Never,60-89,NE,IVR,Consolidation,T3
063RYZA,45,67217,30459,835,307,113.8,<30d,30-59,W,Mobile,Consolidation,T2
K01LJS4,40,98173,28045,737,392,100.1,>1yr,60-89,MW,Agent,Federal,T4
99P34A9,35,38697,41090,732,281,112.9,>1yr,30-59,S,Web,Consolidation,T2
116ILNO,25,78622,27748,681,15,97.7,1-12mo,Current,NE,Web,Federal,T7
3AIR0UC,50,53796,38048,776,481,101.5,<30d,90+,MW,Web,Federal,T4
37PEAZU,22,71203,36823,675,244,107.3,Never,30-59,W,IVR,Consolidation,T5
TATLIPR,41,67613,56112,660,0,113.5,Never,60-89,NE,Mobile,Federal,T3
22QXBLW,43,61579,55964,513,338,95.8,<30d,90+,MW,IVR,Consolidation,T4
VX0ALLD,27,68681,31587,732,146,106.0,<30d,60-89,MW,IVR,Consolidation,T8
46H0WVN,36,60944,46160,615,219,102.2,>1yr,Current,NE,Mobile,Federal,T6
JAV0I24,62,55424,60470,611,207,100.2,Never,1-29,S,Web,Consolidation,T5
QA3IFBW,26,32928,70309,609,144,111.5,1-12mo,60-89,S,IVR,Federal,T3
Y8X4WJ2,61,86996,13985,632,48,98.1,<30d,Current,S,Agent,Consolidation,T8
9AWYQFW,61,36946,43778,651,288,100.1,1-12mo,Current,W,IVR,Consolidation,T4
V9IULL3,63,86217,0,702,156,101.8,<30d,Current,MW,Mobile,Consolidation,T8
V0QBJVF,63,32317,27625,595,250,100.9,Never,Current,S,Mobile,Federal,T5
DFQONOD,53,59541,92039,685,195,100.6,Never,Current,NE,IVR,Consolidation,T5
IPIC36D,53,41695,34848,721,228,112.9,<30d,30-59,NE,IVR,Consolidation,T3
UDS4ZSW,41,62193,39276,605,158,110.7,1-12mo,60-89,S,Mobile,Consolidation,T3
UK4HS62,64,74677,23817,606,301,97.7,Never,90+,S,Web,Federal,T4
GW2FTV2,63,48630,80339,598,263,106.4,<30d,30-59,S,Web,Federal,T2
OU9DXLJ,24,52391,50166,722,95,111.3,Never,30-59,W,IVR,Federal,T3
RWBGWE5,45,61818,36147,743,384,109.6,1-12mo,60-89,NE,Agent,Federal,T2
R9IS70Q,36,78020,25373,554,22,112.5,<30d,30-59,MW,Mobile,Federal,T3
7E8SWCB,40,36875,51041,726,161,110.6,Never,30-59,W,IVR,Consolidation,T3
9NC424C,56,53329,35313,660,245,111.8,<30d,30-59,MW,Mobile,Federal,T3
OCYFFPV,38,22502,0,727,187,102.9,1-12mo,1-29,S,Mobile,Federal,T7
STNJSQJ,38,17815,61274,676,52,108.2,1-12mo,60-89,MW,Mobile,Consolidation,T3
GQ0OHFS,65,46146,0,721,33,108.8,>1yr,60-89,S,IVR,Consolidation,T3
SMJ21CD,55,42743,57875,615,388,106.9,Never,60-89,NE,Web,Consolidation,T2
Z9HZXRH,53,93387,66237,678,364,97.8,<30d,90+,W,IVR,Federal,T4
YV4M7RT,28,22451,47503,586,91,108.6,<30d,30-59,W,IVR,Federal,T3
WAC34J7,48,52080,17449,532,302,109.5,Never,90+,MW,Web,Consolidation,T2
G2HIFCD,45,86805,87632,628,157,103.6,1-12mo,1-29,MW,Web,Federal,T7
N9SRJUM,50,57250,34699,643,187,107.5,<30d,30-59,NE,Agent,Consolidation,T8
9WLQTG9,45,60406,31557,768,160,109.0,1-12mo,60-89,NE,Agent,Federal,T3
EQ6X4MK,68,15000,74519,720,147,97.9,<30d,1-29,S,Web,Consolidation,T8
3R7WIHZ,58,100603,89247,712,129,114.3,1-12mo,60-89,W,Agent,Federal,T3
FO6RKS3,47,38301,62688,746,132,113.2,<30d,60-89,MW,Mobile,Federal,T3
XSQ8Z2C,30,26803,2754,733,266,96.4,1-12mo,Current,MW,Agent,Federal,T4
Z1CHKQ4,47,27177,0,737,419,101.8,1-12mo,30-59,S,Web,Consolidation,T4
A6YBQI7,52,55666,65673,764,166,103.2,>1yr,Current,NE,Agent,Consolidation,T6
LRJI3QG,34,56669,92953,600,448,111.0,Never,30-59,W,Web,Consolidation,T1
IO2ATTZ,35,35584,92393,639,59,96.9,1-12mo,Current,W,Web,Federal,T7
EJA6NIA,55,83474,34117,790,257,103.1,Never,Current,NE,Web,Consolidation,T4
S6X67BE,48,48440,37380,743,440,110.7,1-12mo,60-89,W,Web,Consolidation,T2
YK83FBE,38,42820,25786,728,25,104.4,<30d,Current,MW,Agent,Federal,T8
9HC032P,64,43909,50874,648,219,96.6,Never,Current,MW,Mobile,Federal,T5
DPBEDUW,42,43623,0,743,208,114.8,>1yr,30-59,S,IVR,Federal,T3
UFZ4R3S,69,38318,66677,653,359,112.4,>1yr,30-59,S,IVR,Consolidation,T1
5FDOHS0,37,79871,22851,648,166,106.9,1-12mo,30-59,NE,Agent,Consolidation,T7
E1ZWEZH,33,23156,44410,646,252,104.1,Never,Current,S,IVR,Consolidation,T4
N8XE9ZW,64,39966,28670,823,0,97.6,>1yr,Current,NE,Agent,Federal,T6
1DZW3FF,65,44628,35456,717,54,104.6,Never,Current,W,Mobile,Consolidation,T5
XX0Q6Y7,44,61558,0,772,239,112.3,1-12mo,60-89,NE,IVR,Consolidation,T3
0EUZA2O,47,53603,60229,700,111,112.7,<30d,30-59,MW,IVR,Consolidation,T3
584D4DM,30,79349,34869,629,70,113.1,1-12mo,60-89,MW,Agent,Consolidation,T3
RGQXNHB,67,66022,49981,639,0,110.8,>1yr,60-89,S,Mobile,Consolidation,T3
SFBSRVO,66,68965,86905,659,27,110.6,Never,60-89,NE,Web,Consolidation,T3
IKAO1L5,36,51413,79615,684,248,112.0,>1yr,60-89,W,Agent,Consolidation,T3
VYB9WHA,30,61652,36601,592,0,113.9,Never,30-59,MW,IVR,Federal,T3
1O4L2J7,40,40374,44881,720,0,113.9,1-12mo,60-89,NE,Web,Federal,T3
R2PQUV4,41,61268,75773,666,0,105.0,Never,1-29,S,Web,Federal,T5
MJEHYJZ,61,39875,35758,751,0,112.4,>1yr,90+,S,IVR,Consolidation,T3
9FGJ0MW,51,31230,56423,644,97,106.4,>1yr,30-59,NE,Mobile,Federal,T6
PELGKDU,27,40996,48354,687,316,100.4,1-12mo,30-59,NE,Agent,Federal,T4
QM8XRDX,28,48638,64397,681,367,113.8,Never,60-89,W,IVR,Federal,T1
2VD7BN7,31,60709,20292,596,79,98.9,1-12mo,Current,MW,IVR,Consolidation,T7
NBUGHRX,44,59217,1762,716,3,108.6,1-12mo,90+,NE,IVR,Federal,T3
9SD2AHC,29,22881,71092,739,95,100.7,>1yr,Current,W,Agent,Consolidation,T6
DWCYTJX,57,40487,41722,732,48,101.5,1-12mo,1-29,NE,Mobile,Federal,T7
NLJV5XI,48,48259,44034,673,88,100.8,Never,Current,MW,IVR,Federal,T5
AL88R7S,51,45385,48973,727,284,97.1,Never,Current,S,Mobile,Federal,T4
FJ45ADN,39,83741,22839,657,65,103.3,Never,Current,S,Agent,Federal,T5
9QPQI49,45,49017,26908,679,74,114.7,Never,30-59,S,Web,Consolidation,T3
E9L7RET,69,76550,47992,717,0,99.6,1-12mo,Current,MW,IVR,Federal,T7
ECTCRFG,58,20718,42624,699,230,114.3,<30d,30-59,S,IVR,Federal,T3
QX6QS0M,55,43060,93095,594,155,103.8,1-12mo,Current,S,Agent,Federal,T7
LZ4FUWJ,32,35454,41986,740,357,100.0,>1yr,30-59,W,Web,Consolidation,T4
PBIQV7P,39,64642,51083,624,29,110.5,<30d,90+,NE,IVR,Federal,T3
681XF1S,60,37988,27581,698,291,101.2,1-12mo,Current,NE,IVR,Federal,T4
9BZEBK0,41,41867,61686,635,217,103.0,>1yr,Current,NE,Agent,Consolidation,T6
F0YI1ZV,32,54434,66893,659,74,103.6,1-12mo,Current,NE,Agent,Federal,T7
6P7SK8B,28,52097,77362,647,186,107.7,>1yr,60-89,MW,Web,Federal,T6
Y8H2MDL,46,121218,37485,780,209,109.2,>1yr,90+,S,IVR,Federal,T3
58OAF30,33,91887,13817,708,63,101.3,1-12mo,Current,NE,Web,Federal,T7
EZSA2C5,49,40562,38503,658,173,114.3,<30d,30-59,NE,Agent,Federal,T3
YSUHUED,26,15000,65932,694,467,95.1,1-12mo,30-59,NE,Mobile,Consolidation,T4
K9VHL3C,24,21029,67933,638,67,108.8,<30d,60-89,S,Mobile,Federal,T3
DTQNUBT,33,91156,74712,662,444,107.7,Never,60-89,NE,Mobile,Federal,T2
BM6UG2X,70,60234,83247,525,212,98.8,1-12mo,Current,W,Mobile,Federal,T7
Q89UR7Y,69,68505,44300,628,271,103.5,>1yr,Current,NE,Agent,Federal,T4
7HXMIM5,27,16450,56086,728,404,104.8,1-12mo,60-89,S,Mobile,Federal,T4
N58ZN0S,46,51174,99311,651,0,110.4,1-12mo,30-59,MW,IVR,Consolidation,T3
ERFLWBE,56,56025,41036,703,336,108.6,1-12mo,60-89,S,Web,Consolidation,T2
VEGCCA9,68,37907,36791,751,15,110.4,>1yr,60-89,S,IVR,Consolidation,T3
6O9QCWD,63,37935,33937,670,57,97.3,>1yr,Current,W,Agent,Federal,T6
8OH2FZ0,28,64498,32426,532,0,97.0,1-12mo,1-29,MW,Mobile,Consolidation,T7
671Z58J,53,60372,61562,686,141,103.5,>1yr,Current,NE,Web,Federal,T6
AURSNES,39,54984,55140,816,38,103.6,>1yr,Current,NE,Mobile,Consolidation,T6
I1Y96E8,69,68485,32225,637,0,100.9,>1yr,Current,MW,Mobile,Federal,T6
BC370U6,51,59692,2363,718,86,110.6,>1yr,90+,NE,Web,Consolidation,T3
5VVNYY8,42,60077,44782,587,169,112.1,1-12mo,90+,S,Mobile,Federal,T3
ZKKGFOZ,34,47385,73376,662,62,112.9,Never,60-89,W,Web,Federal,T3
DMVDZTC,68,31859,42714,712,0,100.9,Never,Current,MW,IVR,Consolidation,T5
5BB4VH5,49,92645,50740,703,128,101.9,<30d,Current,S,IVR,Consolidation,T8
CHRMGS5,66,68625,22689,599,301,112.3,Never,30-59,S,Mobile,Federal,T2
48Z5Z5Z,68,91885,64721,690,112,109.9,Never,90+,NE,Agent,Consolidation,T3
ZP8ISSO,57,55165,18746,694,171,96.7,>1yr,Current,S,Agent,Consolidation,T6
LK33YV1,60,113612,70307,769,228,97.9,<30d,1-29,W,Agent,Federal,T8
4UAXW2Y,64,61012,25770,734,0,111.5,Never,60-89,NE,IVR,Consolidation,T3
WCHUQCI,24,44962,51522,630,100,95.6,Never,Current,MW,Mobile,Federal,T5
ET3WYN7,36,58571,50939,584,305,103.2,1-12mo,60-89,W,Web,Consolidation,T4
OVUFUZO,44,15000,39446,734,209,95.8,>1yr,Current,W,Mobile,Federal,T6
KXWSNVM,65,65411,22299,722,0,103.3,1-12mo,Current,MW,Agent,Federal,T7
XUYIR0F,24,108003,33525,690,0,111.6,<30d,30-59,W,Web,Federal,T3
JP4N9DW,29,76378,30476,677,153,109.0,<30d,30-59,MW,IVR,Consolidation,T3
P8HOZGJ,33,35326,31372,679,0,109.7,1-12mo,30-59,MW,Agent,Federal,T3
1BI78SP,65,33440,20598,671,429,110.4,<30d,60-89,S,Mobile,Federal,T2
HP2LCNN,37,51045,39602,662,187,112.7,<30d,30-59,S,Agent,Consolidation,T3
DEW6F1I,25,58370,43925,666,232,109.3,>1yr,60-89,MW,Web,Federal,T3
DN7BOPR,53,17069,34105,634,0,111.5,1-12mo,60-89,W,IVR,Federal,T3
8MKBBAR,45,80410,75889,753,166,107.4,1-12mo,30-59,NE,Mobile,Consolidation,T7
BE0491F,57,48982,42612,805,10,98.3,1-12mo,1-29,W,Web,Consolidation,T7
DSUIHEH,31,52008,42380,776,0,100.2,<30d,Current,S,Agent,Consolidation,T8
WF205LE,31,52501,29270,545,0,111.8,<30d,90+,NE,Web,Consolidation,T3
Y93T3RO,40,68389,74131,677,0,106.3,Never,30-59,MW,IVR,Consolidation,T5
UEW2DPI,61,73574,75596,657,204,95.6,<30d,Current,MW,IVR,Consolidation,T8
YP48IVR,38,68414,38602,644,0,96.3,1-12mo,Current,S,IVR,Federal,T7
9D4ZSPL,55,69423,37408,618,365,106.0,1-12mo,30-59,S,Mobile,Consolidation,T2
K91GOTV,50,65467,43650,647,220,96.4,Never,Current,MW,IVR,Federal,T5
9EC9OZ5,31,52805,22239,598,100,100.6,Never,Current,W,Web,Consolidation,T5
1OAMKNL,66,52311,72943,592,11,98.8,>1yr,Current,S,Mobile,Federal,T6
YTDAOII,38,47480,46525,625,28,102.5,Never,Current,W,Mobile,Consolidation,T5
8FVSYHY,39,40969,49462,650,253,102.2,1-12mo,Current,NE,Web,Federal,T4
8XYPXI1,25,96882,112,793,0,102.6,1-12mo,1-29,NE,IVR,Consolidation,T7
G31FI9M,32,29175,11950,678,424,102.8,<30d,90+,NE,Mobile,Consolidation,T4
6L9YVLS,58,51453,89630,771,405,113.0,Never,30-59,NE,IVR,Federal,T1
C7VVXQF,27,43376,0,687,107,100.6,>1yr,Current,MW,Web,Consolidation,T6
J37V87G,61,31872,46900,660,38,102.1,>1yr,Current,NE,Agent,Federal,T6
3TFA70H,53,68075,36600,630,404,108.4,1-12mo,30-59,W,IVR,Federal,T2
YN8AKU3,70,54699,18798,596,90,97.0,1-12mo,Current,S,IVR,Federal,T7
5FERF2M,24,31611,38476,711,68,108.1,<30d,30-59,W,Agent,Federal,T3
0ANLVYX,25,28039,15411,667,227,107.1,Never,90+,W,Web,Federal,T5
1D85QPK,47,84373,9346,560,383,104.4,<30d,30-59,W,Mobile,Consolidation,T4
1HBETDY,46,15119,31823,696,222,106.8,<30d,30-59,MW,IVR,Federal,T8
JJ1J391,70,71934,84279,711,206,97.9,<30d,Current,W,Mobile,Federal,T8
T5SDMF5,45,68034,52704,642,391,112.9,1-12mo,90+,NE,IVR,Consolidation,T2
TNNFUTY,28,64473,78382,625,323,103.9,<30d,30-59,S,IVR,Federal,T4
JW2DPC2,56,71485,48525,685,0,100.7,1-12mo,1-29,W,Agent,Consolidation,T7
RXTJ6CP,25,52310,0,692,41,112.7,<30d,60-89,NE,Web,Federal,T3
QJHJIQR,41,36656,68664,688,0,101.2,>1yr,1-29,W,IVR,Federal,T6
T2ECNDY,40,64649,42617,640,127,111.2,>1yr,30-59,W,Agent,Consolidation,T3
ZXJV5ZX,68,92031,59057,802,106,97.8,>1yr,Current,W,IVR,Consolidation,T6
D1S2WUG,54,74557,15189,614,136,95.3,>1yr,Current,S,Agent,Consolidation,T6
DTCP3J3,32,45232,27971,675,0,100.3,1-12mo,1-29,S,Mobile,Consolidation,T7
TU8X2CT,50,47883,3726,591,0,111.8,Never,30-59,NE,Web,Consolidation,T3
FOEUGM9,46,71498,63739,686,339,104.7,<30d,30-59,NE,Web,Consolidation,T4
ICBKT9C,39,68484,73227,668,297,95.9,>1yr,Current,W,Agent,Consolidation,T4
A270QQ1,30,41178,33027,530,556,112.5,>1yr,60-89,S,Web,Consolidation,T1
OWUGPE9,35,65867,46815,608,102,109.0,>1yr,60-89,MW,Mobile,Federal,T3
YO1FGAE,30,58977,26938,656,488,108.2,<30d,30-59,S,Web,Federal,T2
LP5C97P,46,76561,55987,736,630,95.1,>1yr,30-59,NE,Mobile,Consolidation,T4
KAEG59V,35,44685,43939,792,233,103.2,<30d,Current,W,Agent,Consolidation,T8
R6ZFKRH,70,68052,57459,781,203,101.8,1-12mo,Current,NE,IVR,Federal,T7
0K0383I,37,47928,35966,706,0,107.9,>1yr,30-59,W,Mobile,Consolidation,T6
QSBJDWF,25,59651,54035,606,0,108.9,1-12mo,60-89,W,IVR,Consolidation,T3
DW2OFSV,58,66378,66724,653,0,102.7,<30d,Current,W,Agent,Federal,T8
AADHVQX,50,62027,60736,757,395,107.1,1-12mo,60-89,NE,Web,Consolidation,T2
KYEC531,64,88524,43846,775,203,110.0,Never,90+,MW,IVR,Consolidation,T3
TJJ5IBO,68,42899,25272,675,0,96.7,>1yr,Current,MW,Mobile,Consolidation,T6
0YDQU59,44,72147,44922,847,0,100.1,<30d,Current,W,IVR,Consolidation,T8
28SPII0,44,32930,65952,643,0,110.5,1-12mo,30-59,W,Agent,Federal,T3
T3K6066,24,112657,73729,694,0,100.5,Never,1-29,MW,Mobile,Federal,T5
G77WJFE,40,15000,49887,674,0,98.8,>1yr,Current,MW,IVR,Federal,T6
VXCPSCY,66,34795,37482,707,147,108.6,Never,30-59,NE,Agent,Federal,T3
AX50ZVZ,36,24892,43158,711,375,114.7,Never,30-59,NE,Web,Consolidation,T1
L8HSJ43,34,85667,83100,705,0,113.1,<30d,30-59,NE,IVR,Federal,T3
NL0I184,60,35294,65281,737,114,109.3,Never,30-59,S,IVR,Federal,T3
036LL7H,32,22352,31923,657,275,110.8,>1yr,90+,MW,Mobile,Consolidation,T2
X8AQ88T,38,78541,66990,716,55,95.9,Never,Current,W,Agent,Consolidation,T5
B7UFGLM,58,34394,18200,599,0,101.5,Never,Current,S,IVR,Federal,T5
CFHOFFU,67,39893,34007,680,254,109.2,Never,60-89,NE,Mobile,Federal,T2
4DSDQTR,31,78895,46930,621,179,112.0,1-12mo,30-59,NE,Mobile,Consolidation,T3
4LV7J1T,35,41898,86883,660,242,114.4,<30d,30-59,MW,Web,Consolidation,T3
SYLPBTD,34,76315,52136,574,55,101.7,>1yr,Current,S,Web,Consolidation,T6
5VIQPSP,53,68054,25543,607,101,107.4,1-12mo,30-59,NE,Web,Consolidation,T7
EX317L9,39,67487,55529,712,208,103.9,Never,Current,MW,Agent,Consolidation,T5
V5BZIY3,34,61127,28403,647,123,106.6,>1yr,90+,S,Agent,Federal,T6
WDFVE1E,30,60467,26560,718,442,98.1,>1yr,30-59,S,Web,Consolidation,T4
JE3G42X,44,83261,18620,838,251,102.6,1-12mo,1-29,MW,Web,Federal,T4
14YI1K7,34,46971,25365,655,57,95.7,1-12mo,Current,MW,Web,Consolidation,T7
LRDX2MP,29,55872,54394,662,254,100.5,>1yr,1-29,NE,Agent,Consolidation,T4
ERQZ6Z8,54,32147,30265,622,146,106.0,<30d,30-59,S,Web,Federal,T8
MGJCCOH,42,55785,23655,622,427,102.6,>1yr,30-59,S,Agent,Federal,T4
3B1XC8H,32,34984,35360,717,115,102.3,Never,Current,W,Agent,Consolidation,T5
UB7MOJW,35,89960,60053,619,173,101.6,<30d,Current,S,Agent,Federal,T8
YRBI2U6,24,25619,55312,640,87,108.4,<30d,30-59,S,Agent,Federal,T3
1I02DGL,51,79011,60881,636,407,98.4,<30d,60-89,W,Web,Federal,T4
9SJXWFJ,67,32738,88925,649,319,100.3,<30d,90+,NE,Web,Federal,T4
465EOKU,46,37772,41991,638,118,101.7,1-12mo,Current,S,Mobile,Federal,T7
WG1XDYO,23,38859,63737,571,146,96.5,>1yr,Current,S,Web,Consolidation,T6
WX7OWS6,60,39616,74122,614,0,107.4,>1yr,30-59,S,Mobile,Federal,T6
3ITGTQ1,70,51997,41882,635,317,105.5,1-12mo,30-59,NE,IVR,Consolidation,T2
7XOZZ9W,25,15000,65034,628,237,103.7,Never,Current,NE,Mobile,Consolidation,T5
E5TG8WF,50,67201,19336,644,141,100.1,<30d,Current,W,IVR,Consolidation,T8
V0WMMCX,30,32259,58861,712,298,111.7,Never,90+,MW,Mobile,Consolidation,T2
B7QDYQM,68,90682,40911,639,357,100.4,1-12mo,30-59,W,Agent,Consolidation,T4
Q8SIR93,47,41077,20772,577,0,98.1,Never,Current,S,Web,Federal,T5
ODIL548,65,87179,44930,683,509,111.0,Never,30-59,NE,Mobile,Federal,T1
Y3RA3L8,57,24236,15402,659,263,100.5,Never,Current,S,Web,Consolidation,T4
LOF1EPG,30,15000,31693,669,309,99.5,>1yr,30-59,W,Agent,Federal,T4
ECRQ5BU,41,90720,45946,672,0,97.4,<30d,Current,S,Web,Federal,T8
2DITL50,42,68856,56713,654,290,108.7,<30d,90+,W,IVR,Federal,T2
Y89828G,29,51821,1171,587,140,96.1,1-12mo,Current,MW,Web,Federal,T7
NGRKT38,60,21990,59878,581,155,103.0,Never,Current,W,Web,Federal,T5
H48NH9B,67,69379,15568,642,76,96.3,1-12mo,Current,S,Mobile,Federal,T7
FDVBXMT,44,56357,51036,712,246,112.3,Never,60-89,MW,Agent,Federal,T3
TULPR64,37,99756,38364,583,186,104.7,>1yr,1-29,MW,Mobile,Federal,T6
SMFK3WX,30,55007,38001,739,283,114.9,<30d,90+,NE,Agent,Consolidation,T2
OAUZ8HC,26,27936,68411,705,684,97.3,<30d,60-89,MW,Mobile,Federal,T4
7S4Q46V,41,52848,47465,639,188,112.3,Never,30-59,NE,IVR,Federal,T3
Q9XGXTB,70,75217,31947,668,165,103.3,Never,Current,MW,Web,Consolidation,T5
VP5KQAS,29,49897,76479,521,291,99.3,<30d,1-29,W,IVR,Federal,T4
VL9RHNQ,31,63541,44749,560,124,104.8,Never,Current,MW,Mobile,Federal,T5
4K4YD7O,33,38529,74268,696,299,111.9,<30d,90+,W,Web,Federal,T2
OZ9WMIG,52,19184,5690,548,318,102.8,1-12mo,60-89,S,IVR,Consolidation,T4
INE2I3Z,27,47598,42707,552,11,97.1,<30d,Current,NE,Agent,Consolidation,T8
B4V6BEK,69,32237,35475,749,228,110.1,<30d,30-59,W,IVR,Consolidation,T3
A3VCRC1,58,64097,59786,690,193,105.7,<30d,30-59,S,Agent,Federal,T8
XX8VBSV,41,46470,23628,678,404,108.9,<30d,30-59,MW,Mobile,Federal,T2
UUA0ZWG,27,51705,78240,665,0,104.8,<30d,Current,S,Agent,Consolidation,T8
I199VMA,26,18641,54904,635,127,106.0,>1yr,30-59,MW,Mobile,Consolidation,T6
0TZWPSP,48,47786,73525,779,312,108.3,Never,60-89,S,IVR,Consolidation,T2
9GN4WHF,53,79454,51660,741,192,107.2,Never,60-89,MW,Agent,Consolidation,T5
PV3TD8G,57,61039,1597,640,76,95.2,>1yr,Current,MW,Mobile,Federal,T6
9YOLWXI,32,76544,62401,686,0,111.5,Never,30-59,MW,Mobile,Federal,T3
5EQ57ZO,47,29482,38955,671,276,108.3,Never,30-59,NE,IVR,Consolidation,T2
PEKF0ID,53,69133,35505,729,103,108.3,>1yr,30-59,W,IVR,Federal,T3
EFTBK12,68,96436,68615,697,295,103.4,Never,1-29,NE,IVR,Consolidation,T4
F6VOAIL,25,64909,90,684,54,104.8,Never,1-29,MW,Agent,Federal,T5
DUEA9WO,44,54169,35427,683,68,114.4,<30d,30-59,NE,Mobile,Consolidation,T3
5P84BW0,32,15000,51825,743,0,109.4,<30d,90+,NE,Agent,Consolidation,T3
MVQDVZ9,43,62531,87261,769,381,107.7,1-12mo,30-59,NE,Agent,Consolidation,T2
S3YGEJ8,70,85401,58513,767,169,102.1,1-12mo,Current,W,IVR,Consolidation,T7
7TGT3R8,66,78119,89187,687,51,97.3,>1yr,Current,NE,Mobile,Federal,T6
A6N2CF0,33,54090,14897,557,335,111.0,>1yr,60-89,MW,Agent,Federal,T2
OZAM0PS,36,70022,77103,713,33,109.7,1-12mo,30-59,MW,Mobile,Federal,T3
2TA4F3W,30,72686,52381,658,289,107.7,>1yr,30-59,S,IVR,Federal,T2
F3UPGLV,60,87479,39269,677,215,110.1,Never,60-89,NE,IVR,Consolidation,T3
J8SHID8,55,43501,28723,685,291,103.1,>1yr,Current,MW,Mobile,Federal,T4
X9NMU87,50,31274,40546,640,0,107.2,>1yr,60-89,MW,IVR,Federal,T6
0FMPRMB,56,49072,25046,737,347,106.5,>1yr,60-89,MW,Web,Consolidation,T2
W3GSK5Z,45,15000,74634,675,50,95.6,>1yr,Current,W,Mobile,Federal,T6
AJORX1J,41,61616,68423,587,229,101.8,Never,Current,W,Web,Federal,T5
ODB220M,54,94264,48043,791,0,107.6,>1yr,90+,S,Mobile,Federal,T6
XCXIXZN,64,67255,38910,680,79,96.8,>1yr,Current,S,Mobile,Consolidation,T6
MVRR3GF,41,45186,44785,734,0,112.4,1-12mo,90+,W,Agent,Federal,T3
6H48SUH,25,79445,41095,682,241,102.2,1-12mo,1-29,MW,Mobile,Consolidation,T7
MTVQ6EQ,47,43040,63060,722,92,109.1,<30d,30-59,W,IVR,Consolidation,T3
Q4KPEIW,28,55917,42778,732,88,107.3,>1yr,30-59,S,IVR,Consolidation,T6
C9Q4IJF,24,75898,11886,708,490,114.0,Never,30-59,NE,IVR,Federal,T1
G1QD36H,55,62797,67429,527,87,114.0,Never,30-59,NE,Mobile,Federal,T3
QXECQYI,48,28173,24507,635,0,109.8,>1yr,60-89,W,Web,Federal,T3
S9OHM7G,27,24185,46103,751,208,108.8,Never,30-59,W,IVR,Federal,T3
H1LT725,43,96748,68729,700,486,98.5,<30d,30-59,MW,Mobile,Consolidation,T4
RKT4PJF,42,42087,83719,692,113,103.0,>1yr,Current,MW,IVR,Federal,T6
475INJL,36,79772,43399,591,227,97.0,Never,1-29,NE,Mobile,Federal,T5
F752191,46,57891,30502,595,0,109.3,1-12mo,30-59,MW,IVR,Federal,T3
M7L6JQ8,41,26976,55265,709,252,95.9,<30d,Current,S,IVR,Consolidation,T4
AMFBY0A,53,65630,42068,687,173,96.9,1-12mo,Current,NE,Agent,Consolidation,T7
08GHTDW,23,17804,51584,708,276,108.8,1-12mo,30-59,W,Mobile,Federal,T2
3O4RRAL,69,92761,57324,655,117,110.1,Never,60-89,NE,Web,Federal,T3
EUJYOVS,44,58258,15613,542,138,110.0,>1yr,90+,W,Web,Consolidation,T3
0HE65P6,63,46362,47605,714,299,112.4,1-12mo,90+,MW,Web,Consolidation,T2
FFRO1RN,23,69312,12123,777,156,96.0,>1yr,Current,S,Agent,Consolidation,T6
Z11HP5S,55,61131,113754,630,203,109.3,<30d,30-59,S,Agent,Federal,T3
MSY5BBW,43,36491,0,612,180,112.8,>1yr,30-59,MW,IVR,Consolidation,T3
YJ4J5PO,62,37587,0,717,309,98.1,1-12mo,30-59,S,Web,Federal,T4
XJF305B,41,33685,72117,748,379,114.9,>1yr,90+,MW,Web,Consolidation,T1
AEQW23S,33,77985,21577,685,334,97.8,>1yr,30-59,MW,IVR,Consolidation,T4
AXLHXZP,64,84071,70057,712,283,112.5,Never,30-59,W,Mobile,Consolidation,T2
O7A61Y3,41,41400,46175,527,54,102.4,Never,Current,S,IVR,Consolidation,T5
F7VW54A,60,43096,18675,636,460,102.8,1-12mo,60-89,W,IVR,Consolidation,T4
U73DK4B,27,61488,49730,571,271,103.9,Never,1-29,W,Mobile,Consolidation,T4
QOP2TLL,67,64767,13867,716,49,97.7,<30d,Current,W,Agent,Consolidation,T8
9CBV9QH,67,65227,27805,629,159,102.2,<30d,Current,NE,Mobile,Consolidation,T8
BYWKA2J,54,34575,104505,715,92,108.4,1-12mo,60-89,W,Web,Consolidation,T3
F0XIH1S,23,21997,56121,680,93,99.0,1-12mo,Current,MW,Web,Federal,T7
T0QBWVS,40,41327,7267,732,292,112.9,Never,30-59,W,IVR,Consolidation,T2
KKGOE1Q,56,64189,17181,780,126,110.8,<30d,30-59,W,Web,Consolidation,T3
GXYJORK,27,58227,34905,617,46,103.2,Never,Current,W,IVR,Federal,T5
Q5SKCEA,58,19665,60568,647,373,108.7,Never,30-59,W,IVR,Federal,T1
TLJJD93,57,67382,28389,646,237,111.0,Never,30-59,W,Web,Consolidation,T3
PXCUIPY,54,44422,55552,718,147,107.3,1-12mo,30-59,MW,Agent,Consolidation,T7
CK23GXX,38,16253,10623,696,155,104.9,<30d,Current,NE,Agent,Consolidation,T8
O62LN6U,39,39909,22166,587,0,107.2,>1yr,30-59,NE,Mobile,Federal,T6
731PP7X,35,65642,36668,634,141,109.7,1-12mo,30-59,S,IVR,Consolidation,T3
IIK091R,44,17002,18505,609,240,98.7,<30d,1-29,W,Web,Consolidation,T8
F2WULL9,56,54886,38899,637,269,108.5,<30d,60-89,W,Web,Consolidation,T2
0ADF96M,28,75453,62299,688,127,112.0,<30d,30-59,S,Web,Consolidation,T3
K01URH1,64,50174,33343,645,0,110.4,Never,30-59,W,Mobile,Federal,T3
LL3SW2J,54,49644,54555,783,277,108.7,Never,60-89,W,Web,Consolidation,T2
5ZA0G68,37,61403,36779,646,249,105.7,1-12mo,30-59,MW,Web,Federal,T7
RNK14N2,42,74947,46719,663,343,95.7,>1yr,30-59,MW,IVR,Consolidation,T4
ZZRXBI3,43,44437,70130,709,321,104.9,>1yr,30-59,NE,Web,Consolidation,T4
NHG3BMM,26,58288,48231,602,233,97.5,<30d,Current,MW,IVR,Consolidation,T8
J2LVIBQ,61,58563,45762,666,281,113.6,Never,60-89,W,Web,Federal,T2
8R4XI5U,46,95582,66362,633,116,109.6,<30d,60-89,S,IVR,Consolidation,T3
XYC5I5J,51,38225,80101,516,124,96.6,Never,1-29,S,Mobile,Consolidation,T5
KUJTJAE,55,70797,40604,670,344,110.8,>1yr,30-59,NE,IVR,Federal,T2
3NKOZ0X,52,43161,56807,758,0,96.5,1-12mo,Current,S,Web,Consolidation,T7
5LKXUWB,63,71285,56021,723,185,107.3,>1yr,30-59,S,Mobile,Consolidation,T6
F57MU58,51,103087,44240,558,688,110.8,1-12mo,90+,W,IVR,Federal,T2
452MIGK,28,42529,0,627,344,110.4,1-12mo,30-59,NE,IVR,Consolidation,T2
SNHFBJB,68,92444,10578,654,0,113.6,1-12mo,90+,NE,Mobile,Consolidation,T3
Q4EESNG,26,40653,26395,559,51,112.9,<30d,60-89,S,Mobile,Federal,T3
338S1JD,65,81115,60199,763,6,113.0,1-12mo,60-89,NE,IVR,Consolidation,T3
HTZQWL2,61,57524,56761,667,97,109.2,<30d,60-89,MW,Web,Consolidation,T3
R9GR4ZB,62,43446,44150,630,0,108.7,>1yr,30-59,S,Agent,Federal,T3
FJCB1IN,65,42782,39137,738,120,113.4,>1yr,60-89,NE,Web,Consolidation,T3
1OM8YRT,38,32316,51948,583,524,112.1,>1yr,90+,MW,Agent,Consolidation,T1
W2BHMYT,36,26519,44244,730,0,106.2,>1yr,90+,W,Web,Consolidation,T6
5UY0DJW,60,28980,40299,571,217,106.3,Never,30-59,MW,IVR,Federal,T5
W8KEADI,43,77413,9541,662,452,103.0,Never,30-59,W,Agent,Consolidation,T4
T20KT85,23,61417,45929,766,261,101.3,1-12mo,Current,W,IVR,Federal,T4
021WLUB,66,46763,71525,724,0,99.6,<30d,Current,S,Mobile,Consolidation,T8
ENXCIH9,43,90523,101575,624,0,106.9,1-12mo,30-59,S,IVR,Consolidation,T7
II8VQVH,37,70234,90856,775,452,105.4,<30d,90+,NE,IVR,Consolidation,T2
8SR3DUC,32,47297,8132,547,443,96.9,>1yr,60-89,S,IVR,Consolidation,T4
XLL1I7C,68,27920,52521,703,0,112.6,<30d,30-59,W,Web,Federal,T3
OAOMSWM,53,57303,61125,703,144,106.7,1-12mo,30-59,MW,Agent,Federal,T7
0E8STX6,70,64567,41057,600,173,100.4,Never,1-29,W,IVR,Consolidation,T5
3QMQIF9,29,48508,7987,641,74,99.9,Never,Current,MW,IVR,Federal,T5
AJEQRKZ,62,98268,44424,599,172,102.5,1-12mo,Current,S,Mobile,Federal,T7
AT9UPXI,62,55144,44842,622,277,111.2,<30d,60-89,MW,Web,Consolidation,T2
8EP7IV4,27,81697,84199,768,113,115.0,>1yr,90+,MW,Mobile,Consolidation,T3
910L44X,49,55575,29641,681,87,114.1,<30d,60-89,MW,Mobile,Consolidation,T3
DLHSO7L,48,69050,6989,481,144,114.5,Never,30-59,NE,Web,Consolidation,T3
Q0LPS24,69,44788,49167,670,335,96.5,<30d,60-89,W,IVR,Federal,T4
3458XSZ,32,63282,59439,707,170,115.0,>1yr,30-59,S,Mobile,Consolidation,T3
3KKFLWH,43,47239,33168,803,0,103.2,>1yr,Current,MW,Web,Federal,T6
1D6UB1G,50,64025,96091,784,0,107.1,<30d,30-59,W,Mobile,Consolidation,T8
OJQQ541,58,86014,35070,669,0,101.9,1-12mo,Current,NE,IVR,Consolidation,T7
BVI2NZR,42,42248,30236,597,155,109.2,<30d,90+,W,Web,Consolidation,T3
OLB8O3S,54,80718,44820,573,0,98.7,>1yr,Current,S,Agent,Federal,T6
ZJMBX74,43,52816,64986,658,137,112.4,Never,30-59,MW,Web,Federal,T3
KEFQ8NW,32,45376,28612,657,135,101.0,<30d,Current,MW,Mobile,Federal,T8
4L7JQXA,36,93926,22722,658,253,97.1,1-12mo,Current,S,IVR,Consolidation,T4
7MWK986,63,33685,34824,643,84,97.8,<30d,Current,NE,IVR,Federal,T8
ST9WB4O,52,23357,75796,732,291,111.7,>1yr,30-59,NE,Agent,Consolidation,T2
0HSASBE,66,69856,57015,647,135,101.9,>1yr,1-29,S,IVR,Federal,T6
HBTWECI,53,15000,50578,740,51,101.9,<30d,Current,NE,Mobile,Federal,T8
GTILQ7V,33,70080,44557,678,20,99.7,1-12mo,Current,NE,Agent,Federal,T7
VFBMQR0,61,31735,59958,744,459,114.8,<30d,30-59,NE,Mobile,Federal,T2
7QQA9ME,38,75266,88851,745,0,111.8,Never,60-89,W,Web,Federal,T3
FK09HI8,37,36536,40489,592,340,111.6,Never,30-59,W,Agent,Consolidation,T2
18UCC3A,58,69951,14611,660,290,95.2,>1yr,Current,W,IVR,Consolidation,T4
NJBQ9VF,57,40287,48706,807,348,97.3,>1yr,60-89,MW,Mobile,Consolidation,T4
8YB7QH1,62,63391,59204,757,28,105.2,>1yr,30-59,S,Mobile,Consolidation,T6
9N5MZ75,25,66763,50522,590,155,114.4,Never,60-89,NE,IVR,Federal,T3
PEW8Z7W,50,69427,55555,669,168,97.1,>1yr,Current,S,Web,Consolidation,T6
RY5DYB0,22,64888,110284,720,163,109.7,>1yr,60-89,NE,Mobile,Federal,T3
IDMPFUZ,59,38712,40754,672,297,101.6,>1yr,Current,S,IVR,Consolidation,T4
AC0387T,68,91671,27430,652,215,100.4,Never,Current,MW,Web,Federal,T5
5QIK94E,27,76653,62290,591,255,104.0,<30d,1-29,W,Web,Consolidation,T4
RFAJ4OI,46,40029,39912,662,176,96.0,Never,Current,S,Mobile,Consolidation,T5
UE7ZD0Q,52,74183,41620,740,205,101.0,<30d,Current,NE,Agent,Consolidation,T8
OLAQI80,26,61966,49400,763,382,108.9,Never,60-89,S,Web,Federal,T1
AXWA5J3,30,22554,25494,636,483,105.9,Never,60-89,W,Agent,Consolidation,T2
OTWZ5T2,31,26259,39399,682,133,100.8,Never,1-29,W,IVR,Federal,T5
3NTOVSB,69,41153,36194,748,244,112.9,<30d,30-59,W,Agent,Consolidation,T3
OB0XTNM,34,23928,63505,634,9,99.6,<30d,Current,W,Mobile,Consolidation,T8
NZ07K4A,59,56041,74489,673,0,96.6,1-12mo,Current,NE,Agent,Federal,T7
6NFWSKY,59,76111,2978,672,161,108.1,Never,30-59,S,IVR,Consolidation,T3
3270AK5,57,65216,39259,659,423,100.6,>1yr,30-59,S,Web,Consolidation,T4
0OPI4WA,36,103196,14756,572,0,98.1,>1yr,Current,MW,Agent,Consolidation,T6
QG2DIKH,47,56985,73947,721,323,112.3,Never,30-59,MW,Agent,Federal,T2
1NC6VS7,39,58116,67569,777,217,114.0,>1yr,90+,S,Agent,Federal,T3
N2FB4OL,64,39551,54947,676,252,114.5,Never,30-59,MW,IVR,Federal,T2
V6ON8IX,63,51156,36368,669,109,109.9,Never,60-89,S,IVR,Consolidation,T3
XJAMGG2,46,57891,75787,713,61,107.3,1-12mo,30-59,S,Agent,Consolidation,T7
0EEAX9K,38,82291,76593,704,52,95.2,Never,1-29,S,Web,Federal,T5
A0VPFEN,25,80405,54288,671,0,108.9,1-12mo,30-59,MW,IVR,Consolidation,T3
ULQFNQX,49,23605,99394,767,0,113.7,Never,30-59,W,IVR,Consolidation,T3
3TX9WKE,24,35439,71923,633,331,100.1,<30d,30-59,MW,Agent,Consolidation,T4
V4XGILK,56,54589,62482,597,154,113.9,>1yr,60-89,NE,Agent,Consolidation,T3
022LIS0,35,37878,63200,663,415,110.5,1-12mo,60-89,W,IVR,Consolidation,T2
HV235CW,52,65371,3825,603,367,99.0,<30d,30-59,S,Mobile,Federal,T4
PBNZJW0,47,68684,50215,645,189,95.6,Never,Current,W,Agent,Consolidation,T5
APAUPIT,67,70176,3864,578,0,96.0,Never,Current,S,IVR,Consolidation,T5
1LDK850,31,80311,0,655,333,103.6,Never,60-89,NE,IVR,Consolidation,T4
U6QVB3R,23,30365,15752,708,183,114.2,Never,60-89,W,Agent,Consolidation,T3
HW5KGKV,67,49536,14203,687,119,111.0,1-12mo,30-59,S,Mobile,Federal,T3
SHCTADM,54,30192,47824,627,254,113.2,1-12mo,30-59,W,Web,Consolidation,T2
XQ8ILPC,55,40199,48148,700,0,103.9,>1yr,Current,NE,Mobile,Federal,T6
LK6RK68,64,72698,0,567,109,96.9,Never,Current,W,IVR,Federal,T5
P3Z2QLW,47,43606,29412,629,0,105.9,Never,60-89,W,Mobile,Federal,T5
6UY4DQA,58,15595,76050,693,149,107.3,>1yr,30-59,NE,Agent,Consolidation,T6
P6ZTTM5,66,19642,24466,652,177,99.0,<30d,Current,NE,Agent,Consolidation,T8
HD9OW0S,56,64906,31264,634,78,95.3,1-12mo,Current,W,Mobile,Consolidation,T7
2AGIYLM,57,77433,42316,651,537,110.4,Never,30-59,NE,Web,Consolidation,T1
NZNNC00,27,56448,24226,743,55,108.2,Never,30-59,MW,IVR,Federal,T3
TVPO073,33,51934,55619,753,278,112.9,Never,60-89,MW,Web,Consolidation,T2
AQ2UZIY,68,54626,52486,634,302,99.1,1-12mo,90+,NE,Web,Consolidation,T4
H6ZK5VB,53,78122,56580,585,58,106.7,1-12mo,30-59,NE,IVR,Federal,T7
281GI3S,49,83571,62919,685,327,114.8,<30d,30-59,MW,IVR,Federal,T2
X9AT2CL,42,68717,49628,648,228,110.6,>1yr,60-89,W,Mobile,Consolidation,T3
H8OU2LZ,37,25474,73924,680,193,102.1,<30d,Current,W,Mobile,Consolidation,T8
CV9BQN2,67,46974,19984,653,169,114.9,Never,60-89,NE,IVR,Federal,T3
LR79RHK,24,15000,0,679,344,96.7,>1yr,30-59,MW,Mobile,Consolidation,T4
X01FMZX,31,34695,40262,772,19,95.2,1-12mo,Current,MW,Mobile,Federal,T7
BVRIZRW,25,73355,33554,613,131,113.6,<30d,60-89,NE,Web,Federal,T3
N8OJFW4,61,68772,65781,739,166,104.3,<30d,Current,S,Agent,Consolidation,T8
F4YMRA3,53,81148,34845,754,135,104.5,Never,Current,MW,IVR,Consolidation,T5
YNMUYWE,24,35567,59786,747,0,109.2,Never,90+,W,Web,Consolidation,T3
6YXPAJ5,39,47719,103103,707,208,110.3,Never,60-89,S,Agent,Consolidation,T3
KSO3L3V,27,37707,87870,592,396,97.0,Never,90+,MW,Agent,Federal,T4
46765JA,54,129654,45166,651,93,103.1,1-12mo,Current,S,Web,Consolidation,T7
19AW0JO,44,67159,35726,638,341,106.3,1-12mo,60-89,NE,IVR,Federal,T2
J1Z8HUW,49,109189,49647,719,124,99.7,>1yr,Current,W,Web,Consolidation,T6
LC7KCP1,69,53924,76211,624,0,101.2,<30d,1-29,NE,IVR,Federal,T8
Z0KEVPY,53,37093,56407,672,545,114.6,<30d,90+,MW,Web,Federal,T2
1P9SAAQ,62,15000,49031,691,585,107.5,1-12mo,60-89,W,Mobile,Federal,T2
CA6ON7X,46,64660,49852,745,184,95.2,Never,1-29,S,Mobile,Federal,T5
73UR2OQ,27,67381,109595,628,187,100.8,Never,Current,S,Agent,Consolidation,T5
JJPLL8J,31,44691,53212,651,297,103.5,<30d,Current,S,Web,Consolidation,T4
XG2EJK4,64,18443,45766,739,0,109.7,>1yr,60-89,MW,Mobile,Federal,T3
B7KEF5M,42,28874,74425,658,85,101.1,1-12mo,Current,S,Web,Federal,T7
JKMHUBI,56,18116,17826,714,398,108.5,<30d,60-89,NE,Web,Consolidation,T2
ET7LX3Q,60,78617,81212,598,153,102.7,Never,Current,NE,IVR,Federal,T5
K5F8D49,70,44205,51202,713,81,105.0,1-12mo,1-29,NE,Agent,Federal,T7
270JOS1,59,77566,72234,742,132,103.6,<30d,Current,MW,Mobile,Federal,T8
E74XU4V,38,100581,40782,825,143,102.6,>1yr,Current,NE,Web,Federal,T6
59EV9X6,51,90450,52996,735,0,101.8,<30d,Current,W,IVR,Consolidation,T8
FFORXFH,24,44772,35580,623,296,108.2,Never,60-89,W,Agent,Consolidation,T2
GQFWD81,54,51089,34275,600,52,108.4,1-12mo,30-59,S,IVR,Federal,T3
DD2LB4L,68,57735,24644,707,156,105.6,>1yr,90+,MW,Web,Federal,T6
8R2GJKW,38,54644,30953,681,0,96.0,>1yr,1-29,NE,Mobile,Consolidation,T6
VITYS6K,57,28973,45287,655,296,105.2,>1yr,30-59,W,IVR,Consolidation,T2
4YRU2N4,60,61459,60782,800,287,112.8,1-12mo,30-59,W,Mobile,Federal,T2
OQPSQVA,39,52104,48982,685,69,114.4,>1yr,90+,MW,Web,Federal,T3
2IGADMD,48,35283,97377,711,199,107.9,<30d,30-59,W,Mobile,Federal,T8
EG3SAJC,68,49510,19767,709,0,104.4,>1yr,Current,S,Mobile,Federal,T6
QO5JIY3,45,61481,3461,605,264,107.3,>1yr,60-89,MW,Web,Federal,T2
9IYLIHG,54,81013,31249,673,199,106.3,<30d,60-89,MW,Agent,Federal,T8
YJ36QZB,42,69148,36381,727,0,111.9,Never,30-59,S,IVR,Federal,T3
1ZU34SZ,63,48031,39643,760,363,101.8,Never,30-59,W,Web,Federal,T4
VJKMJHY,25,37062,45553,623,112,101.4,<30d,Current,W,Web,Consolidation,T8
3JC7PPV,31,52681,77781,640,193,96.7,Never,Current,W,Web,Consolidation,T5
IGL8IP1,25,33440,60642,750,31,104.2,Never,1-29,MW,Agent,Consolidation,T5
SD35RIA,29,60646,60657,705,281,101.3,<30d,Current,S,IVR,Federal,T4
E2Z4IYN,22,65815,40201,678,233,111.9,<30d,30-59,MW,Agent,Federal,T3
9O2NDDA,35,15000,46923,667,191,113.6,Never,30-59,W,Agent,Consolidation,T3
AFC9GF7,51,78788,21919,718,200,114.8,>1yr,30-59,W,Web,Federal,T3
CJXJKK1,31,31360,51073,536,0,96.2,>1yr,Current,NE,Web,Federal,T6
0FWQ0LT,41,51805,0,701,247,111.9,>1yr,90+,NE,IVR,Consolidation,T3
13MZP9N,42,55970,14011,690,172,100.7,1-12mo,Current,NE,Web,Federal,T7
03Q7STC,58,47296,27778,647,302,102.6,Never,30-59,NE,IVR,Federal,T4
TS5XSA6,67,92476,63267,850,233,105.9,>1yr,30-59,MW,Web,Federal,T6
JY40MBN,29,53837,67388,657,263,110.8,<30d,30-59,S,Mobile,Federal,T2
VRFLDNA,28,75774,14070,764,95,100.1,Never,1-29,S,Mobile,Consolidation,T5
N2RAKP5,26,47330,73673,707,53,111.3,Never,30-59,MW,IVR,Federal,T3
9JHH26P,28,55293,52334,652,530,110.4,Never,90+,S,Web,Consolidation,T1
C0XK9P8,51,58382,47316,547,123,106.0,1-12mo,30-59,S,Web,Federal,T7
LKH8XJN,60,65074,23713,719,95,113.3,<30d,60-89,W,Web,Federal,T3
JH3NJI0,59,63651,21843,694,41,100.1,Never,Current,S,Mobile,Consolidation,T5
IXJLVTK,58,65395,44382,663,191,111.4,Never,30-59,W,Mobile,Consolidation,T3
ICUKAYD,46,23794,49246,826,0,97.8,<30d,Current,NE,IVR,Federal,T8
BRVQLJA,62,87171,49045,717,301,114.2,>1yr,30-59,W,Agent,Consolidation,T2
2J91Y93,57,37147,24214,678,382,110.1,Never,30-59,W,Mobile,Federal,T1
ST0AYSY,65,84970,29046,572,419,99.9,<30d,30-59,W,Mobile,Consolidation,T4
XOU3TUM,59,43637,8622,739,0,102.2,1-12mo,Current,MW,IVR,Consolidation,T7
M6O8ET3,66,96696,31350,651,160,109.3,Never,60-89,MW,IVR,Federal,T3
RHZXJDQ,39,61836,65240,810,0,95.6,<30d,Current,W,Mobile,Federal,T8
DP2VSKP,63,65762,41532,691,338,95.4,<30d,60-89,NE,Web,Consolidation,T4
EXAIBFC,27,35698,28574,650,36,110.7,<30d,30-59,W,Agent,Federal,T3
419Q6OA,25,67080,31534,701,93,104.4,1-12mo,1-29,W,Web,Federal,T7
LWYD9KW,49,65854,41899,805,345,105.4,<30d,60-89,S,Agent,Federal,T2
FPETAG3,62,53549,26965,739,192,114.4,<30d,60-89,W,Web,Federal,T3
AAUL723,35,31304,85032,703,284,109.8,>1yr,30-59,W,Mobile,Consolidation,T2
53TK3OL,66,83786,56866,755,84,98.5,1-12mo,1-29,MW,Agent,Consolidation,T7
WWJOUO6,30,48279,41934,764,0,108.2,>1yr,60-89,S,IVR,Consolidation,T3
M4LTLZP,46,38182,38379,670,228,106.9,>1yr,90+,MW,Web,Federal,T6
JV2XXJY,61,50496,25085,581,210,97.3,1-12mo,1-29,W,Mobile,Federal,T7
GD8RWZV,40,55218,101638,629,594,102.4,>1yr,30-59,S,Web,Consolidation,T4
FJRYDGQ,38,78936,67604,677,150,95.9,<30d,Current,MW,Web,Federal,T8
2T6V863,58,69751,76206,626,249,111.4,Never,90+,NE,Mobile,Federal,T3
TVIE6LG,51,35095,69970,821,0,99.5,1-12mo,Current,W,Agent,Federal,T7
RAG5GTF,62,51388,56616,699,156,104.1,Never,Current,S,Web,Consolidation,T5
Y0W7BLX,43,35448,62444,745,265,99.6,1-12mo,Current,W,Web,Consolidation,T4
241Y608,34,77740,27956,717,189,109.6,<30d,60-89,MW,Agent,Consolidation,T3
JB6EQII,65,91117,38340,649,371,98.7,>1yr,60-89,NE,Mobile,Federal,T4
7U3JMKK,66,57010,47361,611,479,113.3,>1yr,30-59,S,IVR,Consolidation,T1
7OKM5Q7,35,15000,55213,743,230,101.3,<30d,Current,S,Web,Consolidation,T8
7L1YY42,31,54312,61384,594,106,100.7,Never,Current,MW,Web,Federal,T5
HZIHOUY,64,19861,38326,694,280,104.2,<30d,1-29,S,Web,Federal,T4
38IX15E,42,76654,46274,690,0,104.0,1-12mo,1-29,MW,Web,Federal,T7
YO673RE,56,52847,61679,822,199,107.9,<30d,90+,S,Mobile,Consolidation,T8
AIR16DH,42,57906,12614,738,0,115.0,>1yr,60-89,NE,Web,Federal,T3
D59D4T9,57,37270,68225,642,156,108.7,<30d,90+,W,Mobile,Consolidation,T3
DLKINHR,30,84087,54297,538,183,106.8,1-12mo,30-59,NE,Web,Federal,T7
WLP7OWO,46,45499,0,663,0,104.2,Never,1-29,NE,Agent,Federal,T5
DSVSG5X,35,96964,47312,655,562,95.8,<30d,30-59,S,Web,Federal,T4
ZVGIUYH,45,55405,20950,471,185,98.9,Never,Current,MW,Web,Federal,T5
OVQCEBW,44,56912,0,687,204,95.9,<30d,Current,NE,Agent,Consolidation,T8
62XG5GV,50,47881,74405,766,338,96.8,<30d,30-59,MW,Web,Federal,T4
PJE8Y49,53,58537,34893,716,154,108.2,>1yr,90+,W,Agent,Consolidation,T3
27TDQ7C,43,75972,68405,625,47,108.4,1-12mo,90+,S,Mobile,Federal,T3
OT1NYJ5,56,76429,79726,778,124,112.1,<30d,30-59,MW,Agent,Federal,T3
CEX7HTQ,45,52694,53469,676,254,98.2,>1yr,Current,MW,Mobile,Consolidation,T4
W6PCCBT,70,72134,64030,656,31,109.9,>1yr,30-59,S,IVR,Federal,T3
4W7602S,56,69534,5883,832,95,111.6,<30d,60-89,W,Web,Federal,T3
Z9FMSTR,58,58449,57758,639,126,101.9,>1yr,Current,W,Agent,Consolidation,T6
6RECRZW,39,36937,8684,718,37,108.3,>1yr,60-89,MW,Mobile,Consolidation,T3
10KQMQ2,31,42236,57859,637,426,113.1,1-12mo,30-59,MW,Mobile,Federal,T2
ESWOPYE,26,71902,38858,721,52,102.1,1-12mo,Current,NE,Web,Consolidation,T7
IK4Z9YW,22,15000,76286,729,453,102.5,1-12mo,60-89,W,IVR,Federal,T4
PFX2F5Q,65,46902,85628,731,178,105.0,Never,Current,MW,Web,Consolidation,T5
KKDJEL2,24,80516,35591,637,160,103.6,1-12mo,1-29,W,Agent,Consolidation,T7
8DT6ZXQ,28,35160,58256,775,262,97.2,1-12mo,1-29,W,IVR,Federal,T4
87WX5ON,44,49048,68789,751,421,113.1,Never,60-89,NE,Mobile,Federal,T1
Z2187YU,46,65042,34375,623,15,113.0,1-12mo,30-59,NE,Web,Consolidation,T3
FAVJTBV,70,15000,92584,578,156,105.6,<30d,30-59,W,IVR,Federal,T8
I9TMJZP,33,64958,19019,585,368,110.5,>1yr,30-59,S,Mobile,Consolidation,T1
LY9PRBM,25,59245,75420,706,401,105.9,Never,60-89,NE,Web,Federal,T2
SNNQ5BR,40,71812,41052,618,232,100.5,Never,1-29,MW,Web,Federal,T5
FKQ026M,53,83729,48291,692,332,101.0,>1yr,60-89,W,Web,Consolidation,T4
CIEAXV8,52,74502,55957,694,320,111.9,1-12mo,30-59,W,Mobile,Federal,T2
AMK8JCQ,59,44564,25965,684,144,110.1,1-12mo,30-59,NE,Web,Federal,T3
B31LHHL,32,50240,8837,803,229,98.2,1-12mo,Current,NE,Agent,Federal,T7
Z4JVAJ8,52,57298,62394,613,123,108.6,>1yr,30-59,S,Web,Consolidation,T3
XBTG4TA,67,48652,43595,676,3,102.9,>1yr,Current,S,Mobile,Federal,T6
8NQ4REH,66,35201,32667,600,306,96.3,Never,30-59,W,Mobile,Consolidation,T4
KLYL5D8,55,52823,82032,696,254,109.2,>1yr,60-89,W,Mobile,Federal,T2
Y1FTKWK,38,75690,59965,639,407,96.4,Never,30-59,NE,Mobile,Federal,T4
M1C7H2N,32,73576,29971,701,230,114.8,>1yr,60-89,W,Agent,Consolidation,T3
FD3WY00,70,59844,33955,674,175,100.1,1-12mo,Current,NE,Agent,Federal,T7
UG4GRT1,54,45957,61137,782,125,95.9,<30d,Current,MW,Web,Federal,T8
WYB8NYS,23,60385,5584,661,314,100.8,Never,30-59,NE,IVR,Consolidation,T4
0X3YFFA,31,75228,20178,745,0,108.1,>1yr,30-59,NE,Web,Federal,T3
DS8BE58,59,40450,75120,708,461,108.6,>1yr,30-59,W,Web,Federal,T1
MMA1JVS,52,50454,15203,745,189,101.1,<30d,1-29,NE,Agent,Consolidation,T8
P862K6A,62,60126,80264,763,244,109.6,1-12mo,90+,MW,Web,Federal,T3
QD7CT7T,29,63128,71467,755,212,96.0,<30d,Current,NE,IVR,Consolidation,T8
N5IKMHB,46,15000,37758,587,246,102.9,<30d,1-29,NE,Mobile,Consolidation,T8
N70ASPA,67,58299,78618,729,121,96.3,>1yr,1-29,NE,Agent,Consolidation,T6
13A3XLD,32,47916,0,652,458,112.6,<30d,60-89,S,Web,Federal,T2
YCPX6OY,29,78856,0,687,77,111.5,Never,30-59,W,IVR,Federal,T3
D2XS08R,42,62158,20292,736,354,106.1,>1yr,90+,MW,Agent,Federal,T2
PTQL6I7,28,56790,45287,714,451,112.9,<30d,30-59,NE,Web,Federal,T2
789CKDD,62,58718,55477,739,354,105.8,<30d,90+,MW,Web,Consolidation,T2
GM2VQ07,24,45609,67566,594,48,110.2,>1yr,30-59,NE,IVR,Consolidation,T3
UG7F4QP,45,41973,4155,796,218,114.4,Never,30-59,W,Web,Consolidation,T3
PAHC4OA,44,62740,69513,657,343,111.4,>1yr,30-59,MW,Agent,Consolidation,T2
8IV8XE7,53,76048,16253,719,197,106.3,Never,30-59,NE,Agent,Federal,T5
XYL6PK7,38,71584,35361,704,391,102.5,<30d,90+,S,Web,Federal,T4
AGW9PS8,52,40009,64332,700,368,97.6,<30d,30-59,NE,Agent,Federal,T4
B4F5XD1,35,62652,110938,828,174,99.9,Never,Current,S,IVR,Federal,T5
WZKQSBH,39,97256,63421,797,0,114.6,>1yr,30-59,W,IVR,Federal,T3
MVRM8G6,43,58000,43526,682,193,102.6,<30d,Current,S,Mobile,Federal,T8
QENVU41,36,79196,65890,692,67,112.1,<30d,60-89,W,Agent,Consolidation,T3
WV72DUS,25,54286,62200,662,70,100.6,>1yr,1-29,S,Web,Federal,T6
70F34P4,30,41002,67811,693,175,105.0,<30d,Current,MW,Mobile,Federal,T8
CWVUSRF,50,43848,16313,621,238,112.5,>1yr,60-89,S,IVR,Consolidation,T3
WL2B1F5,48,63010,11616,658,0,105.3,>1yr,30-59,W,Mobile,Federal,T6
8BYGEV9,61,56395,67141,755,27,114.4,>1yr,60-89,NE,IVR,Consolidation,T3
0HOND4S,48,44122,12620,714,79,100.0,>1yr,Current,MW,Web,Consolidation,T6
MI5957N,31,71325,44635,649,174,112.4,Never,30-59,NE,IVR,Consolidation,T3
NRQDMPS,36,35987,38057,604,427,110.0,1-12mo,60-89,W,Mobile,Consolidation,T2
NS4UFK4,43,50773,6658,550,286,108.9,1-12mo,60-89,MW,Web,Federal,T2
N0VQCPK,46,65335,41633,671,102,103.5,>1yr,Current,NE,Web,Consolidation,T6
VZ6OI7X,29,68462,18224,712,0,108.5,1-12mo,30-59,NE,Web,Federal,T3
7380PSL,66,75619,31147,714,17,108.1,<30d,30-59,MW,Web,Federal,T3
9QIDC7N,38,38406,54334,720,268,111.6,<30d,60-89,W,IVR,Consolidation,T2
LGSECCD,61,57248,26535,675,0,103.9,<30d,Current,W,Web,Federal,T8
VFEBRMB,38,40434,56517,664,74,96.6,1-12mo,1-29,S,Mobile,Consolidation,T7
E2COACU,44,73912,68098,754,272,97.3,1-12mo,Current,S,Agent,Consolidation,T4
NGV0MEW,47,47129,30746,626,57,100.5,1-12mo,Current,MW,Web,Consolidation,T7
W341L3K,36,30306,0,652,257,101.2,1-12mo,Current,W,Agent,Consolidation,T4
7M1IQOZ,42,27104,42176,747,0,100.8,Never,Current,S,IVR,Federal,T5
SAM9LQA,43,51052,81040,699,18,108.8,Never,60-89,W,IVR,Consolidation,T3
JLI6UL4,51,39332,46563,633,39,114.0,<30d,30-59,W,IVR,Federal,T3
965BCJP,68,70762,61071,658,137,100.5,1-12mo,Current,S,Agent,Federal,T7
LZWSMM1,59,78577,39791,698,205,107.7,1-12mo,60-89,NE,Mobile,Consolidation,T7
QP7ACY6,37,52392,62345,726,88,107.9,>1yr,60-89,NE,IVR,Consolidation,T6
PP6UI7S,40,50969,24249,608,160,112.2,>1yr,30-59,S,Agent,Consolidation,T3
YOSYIG4,25,47629,47272,756,138,113.5,1-12mo,30-59,NE,Web,Consolidation,T3
5FUD6H0,52,60252,88684,659,141,111.0,Never,30-59,MW,Mobile,Consolidation,T3
T6N8LIY,44,81844,69238,595,0,97.0,Never,Current,W,Agent,Consolidation,T5
L72RJTP,28,61244,80618,637,510,106.6,>1yr,90+,W,Web,Federal,T2
LSJNVCV,25,84940,43336,652,378,104.8,<30d,30-59,MW,Agent,Federal,T4
ELJZDUH,43,49248,52155,607,373,99.5,Never,60-89,NE,IVR,Consolidation,T4
HC4RIIZ,40,37283,78928,627,122,114.7,1-12mo,60-89,MW,IVR,Consolidation,T3
Z798747,60,66592,29445,778,84,108.2,<30d,30-59,S,Web,Federal,T3
MZZGDEG,50,34036,28810,625,0,107.3,<30d,60-89,NE,Mobile,Federal,T8
10O4ZJ5,67,60246,28822,599,167,109.0,<30d,60-89,MW,Agent,Federal,T3
U21MH7F,37,69396,26590,649,0,102.3,Never,Current,MW,Agent,Federal,T5
RDRM6OG,52,69968,28079,781,0,104.9,<30d,Current,NE,Web,Consolidation,T8
SY1BVOM,43,85519,24713,660,225,112.5,>1yr,30-59,W,IVR,Federal,T3
7QO1UL5,51,41092,37362,634,40,98.3,Never,Current,NE,Mobile,Federal,T5
3LS6DZ4,50,34184,40643,708,159,99.0,Never,1-29,S,Web,Consolidation,T5
74F4S88,25,17304,46835,617,181,103.2,>1yr,Current,MW,IVR,Federal,T6
OKYXTOY,35,27983,55447,745,0,106.5,>1yr,60-89,NE,Web,Consolidation,T6
GOB01ER,50,56615,53354,652,467,95.1,Never,30-59,MW,Agent,Consolidation,T4
DFM5Q3H,23,71785,52752,639,79,101.9,>1yr,Current,W,Agent,Consolidation,T6
FYFULFH,32,70466,8431,758,22,105.9,Never,60-89,NE,Agent,Consolidation,T5
79LG29M,44,63954,36806,640,178,112.9,<30d,30-59,MW,Web,Federal,T3
IE85T6M,38,75005,52620,725,323,104.0,<30d,30-59,NE,Mobile,Federal,T4
DVJWUJ8,67,72799,80665,648,328,105.5,Never,30-59,S,Mobile,Consolidation,T2
HYQCPVY,25,62498,90016,615,509,104.0,Never,30-59,S,Agent,Federal,T4
SGMLRCA,60,70085,51358,602,537,110.1,>1yr,60-89,S,IVR,Consolidation,T1
0KI57U1,48,65040,101021,648,387,102.2,1-12mo,60-89,NE,IVR,Consolidation,T4
IIPQV2N,60,48400,31278,635,348,108.2,Never,60-89,NE,IVR,Federal,T2
NCDSCAN,64,76335,53728,620,2,96.6,Never,Current,W,IVR,Consolidation,T5
0FAQMYY,48,45239,39394,613,48,97.8,Never,Current,W,Web,Consolidation,T5
NXZBNW2,47,65185,42708,720,173,96.3,>1yr,Current,NE,Agent,Consolidation,T6
BGWT7A9,32,55508,29167,671,262,96.7,Never,Current,NE,Web,Federal,T4
EY508QN,60,81103,48395,530,206,111.7,<30d,30-59,S,IVR,Federal,T3
PSH5JUH,49,45714,12041,631,8,109.3,>1yr,60-89,S,Mobile,Federal,T3
DDZYMPA,28,56524,22581,687,219,96.6,>1yr,1-29,NE,Web,Federal,T6
TTZXZU1,63,54873,8559,635,143,110.8,1-12mo,30-59,S,Agent,Federal,T3
3P2EOYA,54,83782,40537,790,273,105.6,<30d,60-89,MW,Web,Federal,T2
F5L246M,53,82431,74789,621,197,100.0,1-12mo,Current,NE,Mobile,Consolidation,T7
AVABKRF,54,26211,6637,615,192,114.4,>1yr,30-59,MW,Web,Federal,T3
Z0C7TBR,70,42585,68552,797,333,113.7,<30d,30-59,MW,Agent,Federal,T2
BZUTLF8,36,63210,22933,706,379,110.1,Never,30-59,NE,Web,Consolidation,T1
Z6E3T0U,24,51610,33881,645,161,109.2,1-12mo,30-59,W,Web,Federal,T3
7X6JBIN,70,57416,9600,705,417,108.9,Never,90+,W,IVR,Consolidation,T1
UFHN039,61,15000,56571,596,145,108.8,1-12mo,90+,S,IVR,Federal,T3
UG12AKW,40,78058,61651,656,129,97.8,1-12mo,1-29,W,Web,Consolidation,T7
NE4Q71K,51,48839,63886,660,343,99.5,1-12mo,30-59,NE,Agent,Consolidation,T4
EWKCDD1,42,50650,35044,671,0,98.6,<30d,Current,NE,Agent,Consolidation,T8
2B7PM61,41,45367,10073,680,215,110.2,<30d,60-89,NE,Mobile,Federal,T3
O4O3S45,36,68913,37448,653,286,105.7,<30d,60-89,S,Agent,Consolidation,T2
BA11964,65,75419,65968,727,420,99.1,1-12mo,30-59,NE,Agent,Consolidation,T4
53ASTY6,46,57441,54752,609,174,114.9,>1yr,60-89,W,Agent,Federal,T3
X3ZHUMM,26,40078,77952,850,0,113.4,<30d,90+,S,Web,Federal,T3
RIVJ8K3,46,39556,0,732,96,108.9,>1yr,30-59,MW,Mobile,Federal,T3
6AC39MN,58,69819,61513,598,175,98.3,>1yr,Current,W,IVR,Federal,T6
RWKQYH0,42,22252,37058,683,296,99.2,Never,1-29,W,Mobile,Consolidation,T4
DORV572,46,62707,33910,587,638,103.9,>1yr,30-59,MW,IVR,Federal,T4
FDE5MV2,58,86883,92754,647,312,98.4,>1yr,30-59,MW,Mobile,Federal,T4
42SCSGS,34,60613,38345,779,0,96.6,Never,Current,W,IVR,Federal,T5
O3W3DNY,68,42565,86404,633,236,102.2,>1yr,Current,MW,Mobile,Consolidation,T6
AIBF1O6,26,80107,48569,579,377,111.3,>1yr,30-59,S,Agent,Federal,T1
D86H8DC,43,15000,51484,560,0,102.5,<30d,Current,W,IVR,Consolidation,T8
BUTWBYX,51,65317,58071,622,342,100.6,1-12mo,90+,S,Mobile,Federal,T4
Y8TKGKR,47,63725,94364,631,273,107.1,<30d,90+,MW,Web,Consolidation,T2
9XFNTQU,68,105051,3233,710,94,97.0,>1yr,1-29,NE,IVR,Consolidation,T6
HQPEHC2,65,66781,39197,681,274,104.7,Never,1-29,W,Agent,Federal,T4
6JRXZQV,22,54762,61587,642,0,114.9,1-12mo,30-59,S,Mobile,Federal,T3
980G9D9,36,66703,55346,657,126,106.7,>1yr,60-89,W,Mobile,Federal,T6
8D4QFAH,22,72251,0,714,243,103.5,<30d,1-29,MW,IVR,Consolidation,T8
5OSODAN,48,30864,8602,710,1,106.8,<30d,30-59,NE,Web,Federal,T8
8H7RLRE,57,42620,15241,785,162,114.9,Never,60-89,S,Mobile,Consolidation,T3
1XNI9NE,25,41167,35690,625,190,107.0,>1yr,60-89,NE,Agent,Consolidation,T6
YXRP8JY,61,15000,36634,624,111,98.3,Never,Current,S,Agent,Federal,T5
9I93M7N,56,17973,63756,757,233,100.6,Never,Current,S,IVR,Federal,T5
T070OST,44,68199,58436,683,410,95.3,>1yr,30-59,NE,Web,Federal,T4
0Q5CARY,53,34668,39795,658,0,111.7,>1yr,30-59,S,IVR,Federal,T3
YXF3XGX,45,82907,26089,587,280,102.1,1-12mo,Current,W,Agent,Consolidation,T4
S0ITVV7,63,71795,45422,665,64,109.3,1-12mo,30-59,S,Mobile,Consolidation,T3
WPPL3QS,61,18193,83533,679,112,96.1,1-12mo,Current,W,Agent,Consolidation,T7
1LRZYO0,62,83584,67353,702,457,101.8,>1yr,30-59,NE,Web,Federal,T4
G75OLN5,25,76974,79094,700,240,109.9,<30d,60-89,S,IVR,Federal,T3
JS9BDFH,58,74339,74662,614,83,108.4,<30d,30-59,NE,IVR,Federal,T3
061H4FP,45,15166,17549,678,254,112.0,Never,30-59,NE,IVR,Federal,T2
SKR533V,36,51182,49450,696,152,105.9,Never,30-59,NE,Agent,Federal,T5
O9DBF06,26,24902,7734,653,0,98.8,Never,1-29,W,Mobile,Consolidation,T5
JEM7B92,25,48435,81551,693,0,102.3,<30d,Current,NE,Agent,Consolidation,T8
1OTLC7C,44,90576,46401,678,0,109.6,1-12mo,90+,S,Web,Consolidation,T3
E7JJHTH,70,34127,22359,704,208,103.1,1-12mo,Current,S,Agent,Federal,T7
S6WRH7C,58,55814,41185,552,0,100.1,<30d,Current,W,Mobile,Consolidation,T8
ZBVGMLQ,36,55167,87648,709,11,104.3,1-12mo,Current,S,Agent,Federal,T7
S3QD8Y0,60,46152,90500,557,38,108.2,1-12mo,60-89,NE,Mobile,Consolidation,T3
2X44E5Q,33,47275,63407,749,172,103.1,Never,Current,NE,Web,Federal,T5
ZIHFA5V,64,67259,8366,744,379,106.0,1-12mo,90+,NE,Mobile,Federal,T2
JBC6LCG,55,56114,42695,671,0,104.1,1-12mo,Current,W,Web,Consolidation,T7
P8H00DW,53,56156,69757,708,22,110.8,>1yr,90+,MW,IVR,Consolidation,T3
NOMIMPN,49,88719,26589,781,151,98.8,Never,Current,W,IVR,Consolidation,T5
27DMMHY,62,72210,5802,631,33,105.6,<30d,30-59,NE,Mobile,Consolidation,T8
DL9SY9Q,35,61304,42498,675,25,101.7,1-12mo,Current,W,IVR,Federal,T7
71IZ5A7,43,27651,32435,566,28,108.2,Never,60-89,NE,Agent,Consolidation,T3
OCTXWJ7,39,57693,23935,544,270,109.0,<30d,30-59,NE,IVR,Consolidation,T2
2MDNETV,69,93024,24653,727,248,101.1,1-12mo,Current,NE,Web,Federal,T7
9K4LNJ0,54,48666,42058,686,130,98.4,<30d,1-29,W,Mobile,Federal,T8
09C809V,31,58855,70749,617,649,106.2,<30d,30-59,MW,Agent,Consolidation,T2
OOXUKAR,64,44746,46606,777,131,96.9,>1yr,Current,MW,IVR,Federal,T6
FEOCC0C,53,29801,52600,589,257,97.4,1-12mo,Current,NE,Web,Consolidation,T4
YBKDZZD,64,71930,43729,655,468,111.6,Never,30-59,NE,IVR,Consolidation,T1
3DVC0IG,59,48187,73525,621,122,97.9,>1yr,Current,S,Agent,Federal,T6
JH4G5NZ,26,41920,48354,633,138,107.3,<30d,30-59,MW,Mobile,Federal,T8
NAW3JP0,27,56143,99429,648,0,111.7,1-12mo,60-89,MW,Agent,Federal,T3
8CCF8JI,62,48961,69431,769,58,105.3,<30d,90+,NE,Web,Consolidation,T8
306EAS9,57,30280,21203,515,22,113.1,<30d,30-59,S,Agent,Federal,T3
SSN54LE,49,91841,31383,675,96,111.1,<30d,30-59,MW,Mobile,Federal,T3
ONHU2T4,32,61729,82639,575,0,108.1,Never,90+,W,Mobile,Consolidation,T3
3RQBZBS,58,40824,63246,662,0,101.3,<30d,Current,NE,Agent,Consolidation,T8
YXUUJJ8,22,54929,15412,703,171,111.9,Never,60-89,S,IVR,Consolidation,T3
ZVY3AJJ,41,49809,90389,698,94,101.8,1-12mo,1-29,S,Mobile,Federal,T7
RUNI0FP,26,67035,45079,663,664,110.9,1-12mo,30-59,W,IVR,Consolidation,T2
R1JGRPB,33,70502,35074,645,137,111.7,<30d,60-89,S,Web,Federal,T3
LCF21M2,61,72727,85013,587,338,105.8,1-12mo,60-89,S,Agent,Federal,T2
ZJFW9S9,36,15000,78600,741,282,101.3,Never,Current,MW,Web,Federal,T4
2XF1N6W,67,62623,61723,666,85,114.6,1-12mo,30-59,W,IVR,Consolidation,T3
1Y9KVLA,37,95768,67082,688,0,96.7,Never,Current,MW,Web,Federal,T5
XZKWAJW,36,87396,52430,710,267,113.7,1-12mo,30-59,W,IVR,Federal,T2
XOJHV7K,56,28052,39023,607,25,109.1,>1yr,30-59,W,Web,Federal,T3
WT5E3RL,39,52092,35386,705,228,109.1,Never,30-59,W,IVR,Federal,T3
XCVDFCM,31,63717,0,661,155,95.6,Never,1-29,MW,Mobile,Federal,T5
TAE2Z06,55,58118,47376,724,217,105.3,Never,30-59,NE,Web,Federal,T5
EB7DFQJ,37,65146,35881,707,249,114.8,>1yr,30-59,S,Web,Consolidation,T3
4D9Y95S,54,40311,80334,698,339,98.8,>1yr,60-89,NE,Mobile,Federal,T4
FVHB1TJ,32,61825,16792,653,10,110.3,<30d,30-59,S,Web,Consolidation,T3
XA56QQS,44,54806,0,611,370,109.2,Never,30-59,S,IVR,Federal,T1
2VDG7DG,41,37275,24140,630,377,96.9,Never,30-59,NE,Mobile,Consolidation,T4
TJRSM0D,53,50688,31874,653,0,101.8,1-12mo,1-29,W,IVR,Federal,T7
JTMULZ5,58,15000,50388,781,342,108.9,Never,30-59,NE,Mobile,Federal,T2
SRLPX0S,65,55383,49471,728,294,96.8,<30d,Current,MW,IVR,Federal,T4
ICY4KE3,62,54163,10697,709,87,107.0,1-12mo,90+,W,Mobile,Consolidation,T7
VPASRGY,47,64651,46368,574,241,100.3,Never,1-29,S,IVR,Consolidation,T5
G2Y952A,63,65937,49486,819,448,110.6,<30d,60-89,NE,Mobile,Consolidation,T2
1964900,65,56277,7108,631,188,105.1,Never,60-89,W,Web,Consolidation,T5
U1FHESH,58,64540,77174,683,285,95.3,>1yr,1-29,S,Web,Federal,T4
FPBYB31,62,50586,47037,720,301,99.1,Never,90+,S,Mobile,Consolidation,T4
ILKC2BJ,67,53579,58392,744,343,100.4,Never,30-59,S,Agent,Federal,T4
R59YSY3,65,73426,25841,520,457,107.0,1-12mo,30-59,NE,Mobile,Federal,T2
44VT0TX,32,66323,21797,680,392,95.8,>1yr,30-59,W,Web,Consolidation,T4
Z4KLHQE,57,37265,22884,746,353,114.5,<30d,60-89,NE,Mobile,Consolidation,T2
UTRGW6X,25,29646,41049,668,23,95.7,>1yr,Current,S,Agent,Consolidation,T6
0WQH0U2,64,15000,48946,565,340,97.2,<30d,30-59,W,Agent,Federal,T4
JK98DEN,36,45489,30469,724,62,100.7,1-12mo,Current,NE,IVR,Federal,T7
KKKK5A4,68,68784,49268,699,190,106.7,1-12mo,30-59,S,Mobile,Federal,T7
TPRV9G4,36,42961,10999,685,377,99.4,<30d,90+,MW,Web,Consolidation,T4
5PDWKE1,50,85455,25913,680,287,106.9,>1yr,60-89,NE,Web,Consolidation,T2
G0UY8CD,39,22424,83691,554,422,99.3,<30d,30-59,W,Mobile,Federal,T4
XJM1PIZ,59,64307,67098,654,118,105.7,Never,30-59,S,Mobile,Federal,T5
DBDTHJ1,49,57244,46871,666,0,96.5,Never,Current,W,Agent,Federal,T5
J86SPEV,35,29463,22286,599,165,97.2,1-12mo,Current,MW,Mobile,Consolidation,T7
SBN1SDM,26,65435,35136,710,111,103.2,1-12mo,Current,S,Agent,Consolidation,T7
BWQPA0J,63,76595,40457,665,37,113.2,Never,30-59,W,Agent,Federal,T3
8SW9FBR,22,48258,0,663,0,114.8,Never,60-89,W,IVR,Federal,T3
1CKGPV8,52,27289,27457,681,0,103.7,<30d,1-29,NE,IVR,Consolidation,T8
DT5YDZ1,51,57085,60267,777,0,100.8,<30d,Current,MW,Mobile,Consolidation,T8
KLKFLYM,26,49207,9401,659,293,110.9,1-12mo,30-59,MW,Mobile,Federal,T2
GLROB9H,45,66157,49025,686,101,100.3,Never,Current,NE,Mobile,Federal,T5
84ZMT8F,63,40443,23931,567,243,110.1,<30d,30-59,W,Mobile,Federal,T3
5QBUJVV,32,26290,49460,626,150,100.7,1-12mo,Current,S,Web,Consolidation,T7
TXQJ6HQ,43,40777,32235,693,0,112.8,<30d,60-89,W,Mobile,Consolidation,T3
3L87JHZ,69,92572,0,703,145,110.8,1-12mo,90+,W,Agent,Consolidation,T3
LJXUVSU,65,40103,50560,547,5,114.0,1-12mo,30-59,NE,Agent,Consolidation,T3
N1CTTQ8,34,43061,0,622,202,110.0,<30d,60-89,W,Mobile,Federal,T3
K31ZV50,60,67993,38062,710,378,108.6,1-12mo,30-59,W,Mobile,Consolidation,T2
N3YI0XG,25,56002,17285,623,52,113.6,Never,30-59,W,Agent,Federal,T3
CLJNAF6,59,35890,78710,745,218,103.8,<30d,Current,S,Mobile,Federal,T8
2LLI3C1,66,63687,42348,607,173,112.9,<30d,60-89,S,Mobile,Federal,T3
57AE4EM,31,55254,23733,813,229,101.4,Never,1-29,W,IVR,Consolidation,T5
3OFCQ2Y,63,56900,45135,808,0,104.2,Never,Current,S,Web,Federal,T5
KZG807P,23,49336,39449,638,0,105.7,>1yr,90+,MW,Mobile,Consolidation,T6
K8AWZ6T,22,52992,32640,705,46,114.4,<30d,60-89,S,Web,Consolidation,T3
7LNLGB1,63,85909,89758,568,101,101.7,1-12mo,1-29,W,Mobile,Federal,T7
X3CTOMF,27,41086,23425,637,178,114.6,>1yr,60-89,NE,IVR,Federal,T3
B5H9JPQ,31,58289,61196,650,223,109.3,>1yr,30-59,MW,IVR,Consolidation,T3
WECHPIW,46,47288,58464,731,167,106.5,<30d,30-59,W,IVR,Consolidation,T8
SVY3QBH,32,64661,28151,723,270,106.9,1-12mo,60-89,MW,Web,Federal,T2
4SLTE25,49,48593,56281,668,232,95.3,1-12mo,Current,S,Mobile,Federal,T7
EMOT3L6,53,66105,31907,671,0,108.6,<30d,60-89,NE,Agent,Federal,T3
DSC4GL3,53,69367,4129,651,330,101.7,<30d,90+,W,IVR,Consolidation,T4
OCLZHUD,59,21096,61891,740,279,105.9,Never,30-59,MW,Web,Federal,T2
2ALC5J0,61,58247,75281,577,0,108.1,<30d,30-59,NE,Mobile,Consolidation,T3
YBLVF4O,51,94411,12378,613,0,106.1,>1yr,30-59,MW,Web,Federal,T6
5IK9D99,61,34454,80297,792,242,99.9,>1yr,Current,NE,IVR,Consolidation,T6
IJ0KNNS,63,85689,66245,655,0,97.7,>1yr,Current,W,Web,Consolidation,T6
YS59SAM,57,58206,47844,675,0,97.1,1-12mo,Current,S,Web,Consolidation,T7
XEZ8FER,69,72599,45462,630,41,110.2,1-12mo,90+,MW,Agent,Federal,T3
VXT3H6T,70,56374,61572,636,139,111.0,Never,90+,S,Mobile,Federal,T3
05JR9C9,60,50289,78533,609,113,100.7,>1yr,Current,W,IVR,Federal,T6
50ZYAZA,44,88216,38374,597,737,109.2,>1yr,30-59,NE,Mobile,Federal,T1
I8W211Q,33,55605,46788,639,418,114.4,Never,30-59,W,Agent,Federal,T1
LHDJ1A9,29,82961,57341,646,268,108.9,<30d,60-89,S,Web,Federal,T2
KB99QPT,46,64128,72116,730,0,104.0,1-12mo,Current,W,Agent,Federal,T7
U86VPW0,30,92541,36811,666,0,101.0,Never,Current,MW,Web,Consolidation,T5
KE5JXOK,67,26935,86198,710,76,108.8,>1yr,90+,NE,Agent,Federal,T3
DULX4OC,35,56806,41981,613,268,109.0,>1yr,60-89,W,Mobile,Federal,T2
CQJKF5D,44,15000,21328,627,455,101.2,>1yr,90+,NE,Agent,Federal,T4
E3HIF0N,41,51853,0,594,0,114.3,Never,60-89,S,Agent,Consolidation,T3
TF3AP5J,61,56932,72704,655,289,104.6,<30d,1-29,S,Web,Consolidation,T4
3ZDZE3I,30,63286,39630,668,357,102.0,Never,30-59,W,IVR,Federal,T4
S3YW9OT,61,60143,14770,656,0,101.0,<30d,1-29,NE,Agent,Consolidation,T8
GHSMQ80,23,65435,25994,771,143,99.5,Never,Current,NE,Mobile,Consolidation,T5
GYG1Q09,25,86059,54409,742,81,110.5,Never,30-59,W,Agent,Federal,T3
MLBOA83,63,45293,61031,548,129,104.4,1-12mo,Current,W,IVR,Federal,T7
KROTI82,42,87272,47903,642,233,98.8,Never,Current,NE,Agent,Consolidation,T5
G5CYE7U,24,33957,41362,663,103,108.1,1-12mo,30-59,S,Agent,Consolidation,T3
OMN27EV,35,32892,72485,711,388,101.3,<30d,60-89,MW,Web,Federal,T4
W6FTNRV,66,36032,57083,672,357,109.7,<30d,60-89,MW,Web,Consolidation,T2
L3TXGEM,63,46971,77426,775,302,104.3,<30d,30-59,W,Mobile,Consolidation,T4
4L1KUP7,65,46727,23754,726,193,114.5,>1yr,60-89,W,IVR,Federal,T3
PHJN0TL,56,52583,21739,741,218,108.1,>1yr,30-59,MW,Mobile,Federal,T3
XUTO9XZ,48,46728,21280,553,0,114.7,>1yr,60-89,MW,Agent,Consolidation,T3
PUROS1Z,53,39639,50644,798,540,111.4,1-12mo,30-59,W,IVR,Federal,T2
6KS4W78,22,90352,14270,662,127,114.7,<30d,30-59,NE,Mobile,Federal,T3
DJ49IDW,44,74659,27941,630,229,108.6,>1yr,90+,MW,Agent,Consolidation,T3
VXZ61UQ,24,53714,53752,709,0,104.0,<30d,Current,W,Web,Federal,T8
1J1875D,39,59461,57002,724,207,102.1,Never,1-29,W,Mobile,Federal,T5
1BYNGOP,58,26449,62248,694,172,98.8,1-12mo,Current,NE,Web,Federal,T7
ARSF0JO,44,57726,19682,545,266,100.1,1-12mo,Current,MW,IVR,Federal,T4
HJKLNHC,46,42317,314,586,431,107.0,1-12mo,60-89,NE,Agent,Consolidation,T2
IMTJQ0Q,29,63654,61699,616,160,101.8,<30d,Current,W,Agent,Consolidation,T8
YPI8D00,55,36365,35877,702,165,108.6,>1yr,60-89,MW,Mobile,Federal,T3
60V67D8,25,35758,56381,667,162,113.6,1-12mo,30-59,NE,Web,Federal,T3
4LP1UQK,24,16426,31918,711,2,106.4,1-12mo,30-59,NE,Agent,Consolidation,T7
KP039A2,66,69288,6292,707,59,98.8,1-12mo,Current,NE,IVR,Federal,T7
H5RLGX0,26,57650,54250,665,35,101.4,1-12mo,Current,S,Mobile,Consolidation,T7
UHCQ7FR,62,37154,18770,619,396,107.0,1-12mo,30-59,NE,IVR,Federal,T2
CXWFQ8U,56,39063,51084,687,0,101.3,<30d,Current,MW,Agent,Federal,T8
FXJMSA6,59,86577,31332,618,111,105.3,1-12mo,60-89,W,Mobile,Federal,T7
CABHU9C,49,82885,42312,714,0,109.2,Never,60-89,MW,Web,Federal,T3
8F9EGAL,56,46474,80814,571,222,99.8,>1yr,Current,W,Mobile,Consolidation,T6
0KS61TD,57,76228,102058,704,0,108.8,Never,60-89,MW,Web,Federal,T3
74FPNDI,23,24539,88880,677,242,97.6,>1yr,Current,S,Agent,Federal,T6
DRY8LA1,50,49485,35350,643,106,102.2,Never,Current,S,Mobile,Federal,T5
V91NZIB,59,37276,46846,793,452,105.7,>1yr,90+,MW,Agent,Federal,T2
UX6CQ4R,52,36516,90992,566,274,111.5,>1yr,90+,W,IVR,Federal,T2
1RG4HW6,59,58922,19625,708,370,96.7,Never,90+,S,Agent,Consolidation,T4
FHHD765,70,25755,37993,778,244,105.2,<30d,60-89,S,Agent,Federal,T8
EXL8T92,67,57592,38893,644,424,98.8,<30d,30-59,MW,Web,Federal,T4
N8DC83U,54,52859,109186,726,362,109.9,1-12mo,60-89,S,Mobile,Consolidation,T2
CXHZMZR,57,36941,76644,707,232,113.8,1-12mo,30-59,S,Mobile,Consolidation,T3
FJ7WT24,43,74214,10561,645,42,106.9,Never,30-59,NE,IVR,Consolidation,T5
F6EBNL6,48,49037,54761,628,444,110.1,1-12mo,60-89,NE,Web,Consolidation,T2
UOQ182G,62,48215,68494,663,136,102.7,>1yr,Current,S,Mobile,Federal,T6
BWC1DR1,45,31203,56017,749,32,105.6,1-12mo,30-59,S,Web,Consolidation,T7
BIRQLEM,61,68153,29355,698,194,98.1,>1yr,1-29,S,Mobile,Consolidation,T6
6CPBPEM,68,44575,79723,681,247,96.2,1-12mo,Current,W,Mobile,Consolidation,T7
6K9D2AY,43,80775,74103,604,95,107.9,1-12mo,30-59,MW,Agent,Federal,T7
9X58D13,40,49309,47095,649,370,112.2,1-12mo,30-59,MW,Agent,Federal,T2
5P25UWN,34,69204,33465,684,322,99.8,>1yr,30-59,MW,Web,Consolidation,T4
1D3UZJ0,59,73075,92659,668,277,114.1,<30d,30-59,MW,Agent,Federal,T2
1TO2ADB,35,42854,62054,686,0,112.2,<30d,30-59,NE,Agent,Federal,T3
62J3594,27,43944,29098,579,164,99.3,Never,Current,NE,Agent,Federal,T5
81LKSRB,61,48553,60934,713,166,101.0,Never,Current,S,Agent,Federal,T5
BI663BY,52,34518,40990,691,0,106.1,>1yr,30-59,NE,Web,Federal,T6
91NUQ2G,45,58169,26225,697,31,102.6,Never,Current,MW,Mobile,Consolidation,T5
8O5MQ7V,67,64841,13434,550,144,112.7,1-12mo,30-59,W,Agent,Consolidation,T3
0B1KR32,55,73970,51080,702,196,98.7,1-12mo,1-29,MW,Agent,Federal,T7
UIXHM2T,23,57699,38995,586,93,109.0,1-12mo,90+,S,Mobile,Federal,T3
PFMHM29,34,41339,49821,670,167,98.5,Never,Current,W,Agent,Consolidation,T5
KECTJKS,37,31150,27659,687,0,95.8,<30d,Current,MW,Agent,Federal,T8
NYTLEJ1,28,61330,81803,705,286,111.6,1-12mo,60-89,W,Mobile,Federal,T2
BQ6QU3Y,37,30110,86111,645,155,103.6,<30d,Current,W,Mobile,Federal,T8
M8D754T,44,49201,18852,607,313,97.5,Never,30-59,NE,Mobile,Federal,T4
MG2P2HU,37,88702,49721,740,42,101.4,>1yr,Current,S,Mobile,Consolidation,T6
HTTZCGN,27,70076,84182,645,254,102.6,1-12mo,Current,NE,Agent,Consolidation,T4
8Z2QEG4,36,38784,65563,688,155,110.5,Never,30-59,NE,Mobile,Consolidation,T3
H7PJGPI,49,59700,67804,632,245,110.3,>1yr,60-89,W,Mobile,Consolidation,T3
NIPPG60,40,50762,71940,613,75,99.5,>1yr,Current,NE,Mobile,Consolidation,T6
BXRKFIP,54,53091,39866,724,326,114.6,>1yr,60-89,MW,Mobile,Federal,T2
SBNW30R,36,105518,25136,600,434,108.2,<30d,90+,MW,IVR,Federal,T2
9WE0C51,66,22195,73196,742,360,103.3,Never,30-59,W,Agent,Federal,T4
BKB3CL1,49,50959,33247,730,263,113.8,1-12mo,30-59,MW,Web,Consolidation,T2
Y5LTT8C,38,47329,34167,574,205,104.8,Never,Current,NE,Agent,Federal,T5
RHJPKQ1,43,45463,7626,686,101,101.7,<30d,1-29,NE,Mobile,Consolidation,T8
BDRWIBL,34,60569,31740,661,0,106.6,1-12mo,30-59,S,Agent,Consolidation,T7
DEHV87A,64,38170,11227,687,386,104.4,Never,90+,NE,IVR,Federal,T4
R5G2M3B,24,41935,71475,692,42,113.3,1-12mo,30-59,S,Agent,Consolidation,T3
6NJDSIO,30,61874,58605,652,438,114.3,1-12mo,60-89,MW,IVR,Consolidation,T2
V6BRN8F,30,54346,64107,769,77,114.0,Never,60-89,MW,IVR,Consolidation,T3
6WILAJ9,47,65963,38577,712,124,105.6,<30d,60-89,NE,Mobile,Federal,T8
L174NT0,33,70969,65885,718,72,103.7,>1yr,Current,NE,Agent,Federal,T6
3R828RP,31,70448,72565,632,458,107.8,<30d,60-89,NE,IVR,Federal,T2
51JXVO1,66,53607,76586,639,63,110.9,>1yr,90+,S,Mobile,Consolidation,T3
VJYS8HF,38,70349,17471,701,353,107.0,>1yr,30-59,S,Web,Consolidation,T2
295LGZ0,63,55444,87021,741,114,114.8,Never,90+,S,Mobile,Consolidation,T3
S9VHGLP,39,53562,62525,763,463,101.3,Never,60-89,S,IVR,Federal,T4
ZYW5HEX,57,76334,29528,662,25,114.0,>1yr,60-89,MW,IVR,Federal,T3
7L89Z0W,28,58992,29331,635,505,107.8,>1yr,60-89,MW,Web,Federal,T2
6JW203Z,46,81686,68674,619,503,108.4,Never,30-59,NE,Agent,Federal,T1
DU7P1VU,63,59431,51419,711,199,99.3,<30d,Current,S,Web,Federal,T8
EP7YD13,25,63072,45624,624,290,112.2,>1yr,60-89,NE,Mobile,Consolidation,T2
2PO5PUB,50,43169,43671,631,104,101.8,<30d,Current,W,IVR,Consolidation,T8
L4WR48J,63,57662,59349,732,52,101.8,Never,Current,MW,IVR,Consolidation,T5
MRK2IA0,55,34121,59889,509,57,113.7,<30d,90+,W,Agent,Consolidation,T3
XOYH25E,56,77081,26612,595,421,104.4,<30d,30-59,S,Web,Federal,T4
L7AWJM7,27,61479,0,722,416,107.2,<30d,60-89,NE,Web,Consolidation,T2
PKI2GCU,69,82815,100731,617,146,106.0,Never,30-59,MW,Agent,Federal,T5
UBNQ4HB,61,67194,38370,677,265,95.2,>1yr,Current,NE,Mobile,Consolidation,T4
MNQOXQE,46,69117,20954,658,442,101.5,1-12mo,30-59,S,Web,Consolidation,T4
TTPVJV1,65,71382,71291,600,422,107.7,<30d,60-89,S,IVR,Consolidation,T2
US34B1W,40,15000,0,562,191,105.6,1-12mo,30-59,NE,Web,Federal,T7
FJ2B75N,60,59176,57945,748,295,114.0,<30d,60-89,NE,Web,Consolidation,T2
0K3I74P,54,63638,57001,761,291,113.7,1-12mo,60-89,W,Agent,Federal,T2
5L72TB9,68,55847,10786,578,416,101.5,<30d,30-59,MW,IVR,Federal,T4
73RWPYY,61,55126,32516,668,256,96.7,Never,Current,W,Mobile,Consolidation,T4
IVNQ8RU,22,28125,22226,629,350,103.6,Never,60-89,NE,Agent,Federal,T4
8Y2TK02,59,63479,35979,715,249,97.2,1-12mo,Current,NE,IVR,Consolidation,T7
H7XZ605,48,53782,0,650,244,113.7,>1yr,60-89,NE,Agent,Consolidation,T3
3NWWWWM,69,63105,61075,757,99,113.1,Never,30-59,S,Web,Federal,T3
P67NGKN,35,48937,61386,738,0,106.1,>1yr,60-89,S,Agent,Federal,T6
B6F4O96,69,49805,43850,736,148,106.8,Never,60-89,MW,Agent,Consolidation,T5
94LRAGC,69,58463,39489,698,40,98.1,>1yr,Current,NE,IVR,Federal,T6
S00GOBS,68,50578,47790,650,173,114.2,1-12mo,60-89,NE,Web,Federal,T3
JZ2ON0G,44,54551,39077,769,0,106.9,>1yr,60-89,S,IVR,Federal,T6
NEA63NZ,24,76745,52550,749,369,112.4,>1yr,90+,NE,Agent,Federal,T1
TPDRR64,70,60375,19032,705,679,105.6,<30d,30-59,W,Mobile,Federal,T2
KGSCT60,30,63701,39023,670,133,112.5,>1yr,30-59,NE,Web,Federal,T3
WC9Y4YS,59,15000,65993,750,384,112.3,<30d,90+,MW,Mobile,Consolidation,T2
YFXUQMI,45,93912,35016,744,212,95.3,1-12mo,Current,NE,Web,Federal,T7
OM8W91C,53,44003,32893,589,222,100.5,Never,Current,S,Web,Consolidation,T5
NLKKNT8,66,27024,44867,716,0,102.2,<30d,Current,MW,Mobile,Consolidation,T8
W8EDUAU,25,59346,79144,759,408,106.0,Never,60-89,S,IVR,Consolidation,T2
HW50HYP,29,48366,9437,688,0,98.8,<30d,Current,MW,Agent,Consolidation,T8
4COSQCJ,36,31866,46723,691,142,111.1,>1yr,60-89,S,Mobile,Consolidation,T3
12GNJ54,23,67716,37803,676,0,106.7,1-12mo,30-59,MW,Web,Federal,T7
7DW4Y75,62,52621,34811,738,259,98.3,<30d,Current,S,IVR,Consolidation,T4
TQHBLYB,35,54314,38338,668,197,114.1,Never,60-89,S,Agent,Consolidation,T3
DG3RXNN,32,52244,4776,766,73,95.7,>1yr,Current,W,Mobile,Federal,T6
BI51PAV,46,49085,51735,759,189,97.2,1-12mo,Current,NE,Mobile,Federal,T7
OEUWKN7,63,47059,31751,614,283,105.6,>1yr,30-59,MW,IVR,Federal,T2
X9TVAAQ,50,17996,33395,611,9,109.0,<30d,60-89,NE,IVR,Federal,T3
SNA3O3D,68,91135,50550,656,132,107.1,>1yr,60-89,MW,IVR,Consolidation,T6
JEUSZHQ,45,24597,31979,627,286,99.4,<30d,Current,W,Agent,Federal,T4
D3HTSF3,54,79672,73342,602,59,102.1,1-12mo,Current,MW,Mobile,Federal,T7
1TT8Y4K,44,62706,10736,711,147,105.1,1-12mo,30-59,NE,IVR,Consolidation,T7
U9OVFWS,26,21693,28501,591,426,112.7,>1yr,90+,NE,Web,Federal,T1
266FQ92,29,60237,25114,660,52,110.4,1-12mo,30-59,NE,Agent,Consolidation,T3
UEKMZE3,62,62540,37508,705,355,106.9,<30d,30-59,NE,Mobile,Consolidation,T2
8NA0XB1,57,59656,88027,734,404,108.8,Never,60-89,S,Agent,Federal,T1
YOECO2E,50,48871,32345,660,135,96.9,<30d,Current,MW,Web,Consolidation,T8
ZFQEC0S,64,46717,17957,636,32,101.2,Never,Current,S,Agent,Consolidation,T5
0CFRK2S,60,69575,53676,599,0,110.6,1-12mo,30-59,MW,Web,Federal,T3
HPW8R40,24,49121,12034,708,297,108.7,<30d,30-59,MW,Agent,Consolidation,T2
X43Y1SG,62,62312,19133,673,241,101.6,<30d,Current,S,Mobile,Federal,T8
6IDHRQY,40,80450,28569,744,168,97.8,1-12mo,Current,W,Mobile,Consolidation,T7
NBLOT61,57,60849,45080,557,0,101.9,<30d,Current,W,Agent,Federal,T8
LE5JTRF,43,32102,44214,664,306,109.8,1-12mo,30-59,S,Mobile,Federal,T2
Z9YBEX4,58,71759,27069,606,216,110.9,1-12mo,90+,MW,Mobile,Consolidation,T3
E3FNT5J,25,67172,0,623,0,96.7,>1yr,Current,MW,IVR,Consolidation,T6
NNKDQT2,67,68898,57392,632,232,103.4,1-12mo,Current,S,Mobile,Federal,T7
1NJ5AE2,56,58344,47234,667,0,99.7,>1yr,Current,MW,Web,Federal,T6
X3A6CG5,67,85702,45914,701,123,103.5,<30d,1-29,S,Web,Federal,T8
KUZUB1T,70,77701,101385,527,39,95.1,Never,Current,NE,Agent,Federal,T5
YFUEL1F,42,43351,52192,810,48,98.1,1-12mo,Current,W,Web,Consolidation,T7
R3S5E43,45,92181,51457,656,357,114.3,>1yr,30-59,W,IVR,Federal,T1
84NHMZV,26,46851,64215,744,332,101.7,Never,30-59,NE,Mobile,Consolidation,T4
WAGD4UZ,22,59049,69757,637,209,95.6,1-12mo,Current,MW,IVR,Consolidation,T7
4OI54HB,57,58412,24229,744,203,96.0,1-12mo,Current,NE,Agent,Consolidation,T7
3ZIIQ45,55,55037,35276,612,176,105.7,1-12mo,30-59,NE,Agent,Consolidation,T7
VUKN16K,43,69406,68483,679,228,110.6,<30d,90+,W,Web,Federal,T3
M6ND64C,22,84333,76971,636,166,98.8,Never,Current,MW,Web,Federal,T5
M2VG6GD,65,49001,9768,692,297,110.8,Never,30-59,S,Mobile,Consolidation,T2
HBLVD6E,61,73834,39999,770,0,105.9,1-12mo,30-59,NE,Mobile,Federal,T7
LJKGN2Z,70,67980,45271,686,149,102.9,>1yr,1-29,S,Web,Federal,T6
VQNXQJB,55,43164,74896,688,285,98.2,Never,Current,MW,IVR,Federal,T4
7IHFV3V,33,66129,33371,635,411,104.0,<30d,60-89,NE,Agent,Federal,T4
UJP98H2,44,64148,42356,593,132,113.1,Never,90+,W,IVR,Federal,T3
HR1HTFE,41,78302,51331,792,77,102.0,1-12mo,Current,NE,Agent,Federal,T7
N600G66,38,56387,20624,568,126,112.7,1-12mo,60-89,W,IVR,Consolidation,T3
K1QBDMZ,56,61422,62818,698,230,100.3,Never,Current,NE,IVR,Federal,T5
QGHT07J,66,112228,54214,622,0,113.8,1-12mo,60-89,S,Mobile,Federal,T3
X41OL8F,23,15000,80647,572,49,111.3,>1yr,30-59,MW,Mobile,Federal,T3
TTE2KSE,41,91565,39203,677,3,101.2,1-12mo,1-29,NE,Web,Federal,T7
UTZ2ZKG,70,44373,64480,689,99,107.9,1-12mo,60-89,MW,Mobile,Federal,T7
JHX8CBJ,59,37738,82031,694,210,107.2,Never,90+,MW,Agent,Federal,T5
TBTA75Q,23,62714,53479,657,0,104.1,<30d,Current,MW,Web,Consolidation,T8
ZEXILNM,34,65002,3278,657,115,109.9,1-12mo,30-59,S,Mobile,Consolidation,T3
6ST5X4E,64,68424,42110,618,0,111.9,Never,60-89,W,IVR,Federal,T3
HYKY29H,58,41655,38377,835,287,111.2,1-12mo,30-59,W,Web,Federal,T2
MGWL1I5,30,49233,44925,597,376,102.3,<30d,90+,MW,IVR,Federal,T4
7HQ1KCI,61,70852,34132,613,0,97.2,1-12mo,Current,S,Web,Federal,T7
43K11SX,65,61689,102116,616,46,99.7,>1yr,Current,MW,Agent,Consolidation,T6
7O37KGG,63,73937,27251,778,472,100.3,Never,30-59,S,Mobile,Consolidation,T4
YS23MPU,53,42777,97485,747,286,114.7,>1yr,60-89,W,Web,Federal,T2
IEWMGVT,39,60340,0,564,242,101.7,1-12mo,1-29,W,Mobile,Consolidation,T7
BI2LEO7,65,70892,39587,688,290,103.8,<30d,Current,S,Mobile,Consolidation,T4
S48G6TE,24,42913,50523,626,171,110.0,<30d,30-59,MW,IVR,Federal,T3
YJTEUPV,70,15000,58434,630,420,103.3,<30d,90+,NE,Web,Federal,T4
IVAH9KB,60,76013,23388,706,328,101.4,1-12mo,90+,W,IVR,Consolidation,T4
U6ZON4C,53,80193,75742,777,328,113.6,Never,30-59,MW,Mobile,Federal,T2
AHWU13O,45,33965,71577,597,0,100.8,1-12mo,1-29,NE,Web,Consolidation,T7
XW0FDQ7,59,59510,41817,673,0,114.0,1-12mo,90+,MW,Web,Consolidation,T3
OCQ3E4P,63,78783,66531,783,526,100.5,>1yr,90+,NE,IVR,Consolidation,T4
AD2QXG6,46,36620,39725,657,215,99.1,1-12mo,1-29,NE,Web,Consolidation,T7
O23PX2U,31,39674,0,635,17,113.6,>1yr,30-59,W,Mobile,Consolidation,T3
TFHG4FN,49,36119,32947,718,60,110.3,<30d,30-59,MW,Mobile,Consolidation,T3
KVSORCX,63,66587,68531,663,136,97.6,<30d,Current,MW,Agent,Consolidation,T8
UDZNUBF,69,59612,52899,574,0,110.9,<30d,30-59,S,IVR,Consolidation,T3
MIVSQJU,46,98480,120378,716,141,113.2,1-12mo,60-89,NE,IVR,Consolidation,T3
32FS50F,67,51222,29899,723,407,103.2,1-12mo,30-59,W,IVR,Federal,T4
9A9NTBI,48,40215,74899,705,0,96.0,<30d,1-29,S,Agent,Federal,T8
GPGVO54,38,64363,47442,612,64,105.5,Never,30-59,W,Web,Consolidation,T5
135GT14,62,52477,75809,661,304,108.8,>1yr,90+,MW,IVR,Federal,T2
QVIW921,39,64462,19341,723,238,101.3,>1yr,Current,MW,Mobile,Consolidation,T6
LNS6BAE,40,69921,107784,610,98,109.7,Never,30-59,NE,Web,Consolidation,T3
SS8ESUN,24,53510,40933,683,36,99.9,1-12mo,Current,W,Mobile,Consolidation,T7
393ARSX,44,54318,59379,625,318,98.0,1-12mo,60-89,MW,Web,Federal,T4
2B82ZT7,62,64510,42902,840,0,105.5,<30d,90+,S,Agent,Federal,T8
HY68ES1,63,29599,73596,692,0,112.7,1-12mo,60-89,W,Mobile,Federal,T3
CLZNBZ9,55,32421,15552,681,36,108.3,1-12mo,30-59,MW,Agent,Consolidation,T3
4GSH018,69,21776,36281,688,380,103.2,Never,30-59,W,Web,Consolidation,T4
VDBK6K4,36,52230,50354,662,448,112.4,>1yr,30-59,MW,IVR,Consolidation,T1
9NG7PBI,43,63783,0,741,51,107.4,>1yr,30-59,NE,IVR,Federal,T6
3OMVBB6,39,31777,67801,587,0,98.5,Never,1-29,NE,Web,Consolidation,T5
WFAVDQG,70,92567,47835,645,429,112.2,Never,30-59,W,Agent,Federal,T1
R1ESSX3,64,37701,63465,644,0,113.0,<30d,60-89,NE,IVR,Consolidation,T3
21GUC02,36,83106,0,745,310,107.2,Never,60-89,S,IVR,Federal,T2
ZRTTZER,37,60078,8270,675,127,108.5,>1yr,30-59,S,Mobile,Federal,T3
4J98O2E,23,49976,3939,674,217,113.2,Never,90+,NE,Agent,Federal,T3
29PBXO0,29,76499,80506,590,333,114.2,<30d,60-89,MW,Mobile,Federal,T2
RTVHGZV,43,44519,15006,702,0,99.2,1-12mo,Current,NE,Agent,Federal,T7
BEF6JPW,36,54609,84740,697,127,95.6,>1yr,1-29,MW,Web,Consolidation,T6
9NGQG0Q,28,55341,58003,829,134,102.6,1-12mo,Current,MW,Web,Consolidation,T7
IOVX5ZS,42,68944,33017,670,0,95.0,1-12mo,Current,NE,IVR,Federal,T7
FG0BPUC,63,64495,25590,706,128,111.6,1-12mo,60-89,NE,Mobile,Federal,T3
B1L2VJ2,39,73945,23247,599,239,114.7,>1yr,30-59,NE,Mobile,Federal,T3
Q5YO71B,38,104286,83984,674,229,105.6,Never,30-59,S,IVR,Federal,T5
EMHS90F,35,74805,32629,596,225,101.5,1-12mo,Current,NE,Web,Federal,T7
6YN3VTB,64,35152,77207,754,328,103.4,>1yr,30-59,S,Mobile,Consolidation,T4
3D9QQFC,58,53626,88710,659,252,99.3,<30d,1-29,MW,Mobile,Federal,T4
SQ3CVGM,70,75238,59805,752,176,106.4,>1yr,30-59,MW,IVR,Federal,T6
ILH9BVK,68,48612,31505,590,0,105.8,1-12mo,30-59,W,Agent,Consolidation,T7
UYNGRRQ,58,49069,62541,577,199,102.0,Never,Current,S,Mobile,Consolidation,T5
HAPN5B9,32,41322,26968,657,345,107.0,>1yr,30-59,W,IVR,Federal,T2
YTL34YC,69,86649,88620,699,130,111.8,1-12mo,30-59,W,Mobile,Consolidation,T3
S1P9ALF,31,59910,41060,690,163,104.3,>1yr,Current,S,Web,Consolidation,T6
RXE1A6P,34,72154,18570,772,307,95.8,<30d,30-59,S,IVR,Federal,T4
BY6YV38,61,15000,0,801,211,109.3,1-12mo,30-59,S,Web,Consolidation,T3
H04NZBU,70,69359,53554,509,206,98.0,<30d,Current,W,Web,Consolidation,T8
JKG9WNH,22,91146,58930,645,3,114.3,Never,60-89,W,Mobile,Consolidation,T3
CBE5HMM,36,39211,32597,650,0,110.5,<30d,60-89,W,Mobile,Federal,T3
22IDSLW,42,71622,48054,548,213,96.6,<30d,Current,MW,Agent,Consolidation,T8
AYPPE5I,53,15000,54598,736,160,103.8,>1yr,Current,W,Web,Consolidation,T6
IAHJDVJ,25,93039,17308,799,0,102.5,>1yr,Current,NE,Web,Consolidation,T6
51IS11M,41,61986,37745,767,305,99.4,1-12mo,90+,NE,IVR,Federal,T4
KUT2F54,60,52530,50315,461,0,96.0,1-12mo,Current,W,Web,Consolidation,T7
88LFOIQ,35,70977,52473,630,0,112.9,1-12mo,30-59,W,Web,Consolidation,T3
R99LFCK,28,41562,57717,621,355,108.4,Never,30-59,S,Agent,Federal,T1
LIJ4RDP,41,62405,29427,725,298,98.9,>1yr,Current,NE,Web,Consolidation,T4
DWLZJGP,42,71154,49218,659,96,100.1,Never,Current,W,Agent,Federal,T5
EPLCA1J,33,72357,32106,629,253,106.4,Never,90+,S,Web,Federal,T2
TGHO348,24,88253,62893,653,120,96.1,1-12mo,1-29,MW,Mobile,Federal,T7
NH04C8O,33,60081,36966,653,183,108.0,>1yr,60-89,MW,Agent,Consolidation,T6
RDFNBKX,35,66442,53756,580,0,105.7,Never,60-89,W,IVR,Federal,T5
LBGNJSK,60,59245,55832,730,15,113.3,1-12mo,90+,W,Agent,Consolidation,T3
43IIL1J,24,62212,61525,607,19,104.3,1-12mo,Current,S,Web,Consolidation,T7
KXCT2RI,42,42300,56135,691,35,105.3,Never,60-89,S,Agent,Consolidation,T5
NDLRWQ4,28,85920,33207,704,0,107.5,Never,90+,NE,Agent,Federal,T5
R4AFABL,64,51165,81733,678,143,108.4,>1yr,90+,S,IVR,Federal,T3
0S0L802,26,37859,6486,574,207,113.7,<30d,90+,NE,Mobile,Federal,T3
EJN63KH,33,40262,38945,707,0,105.8,<30d,30-59,NE,Mobile,Federal,T8
YQ2IBXD,69,50143,50933,610,428,114.0,<30d,30-59,MW,Mobile,Consolidation,T2
MDKZLI9,37,57899,13950,590,22,104.2,>1yr,1-29,NE,IVR,Consolidation,T6
BE08ASV,62,66013,75799,643,228,108.1,>1yr,30-59,NE,Agent,Federal,T3
CE3W1HP,48,42872,77356,614,120,107.8,<30d,60-89,MW,IVR,Federal,T8
KRSJTCM,32,69240,58017,758,45,110.1,1-12mo,60-89,S,IVR,Federal,T3
QGB0NH0,43,30635,41094,717,241,108.1,1-12mo,60-89,S,Mobile,Consolidation,T3
0CPYS2P,38,48380,46056,674,214,104.5,1-12mo,Current,NE,Mobile,Federal,T7
4MEQFHU,31,70527,49595,606,132,100.7,1-12mo,Current,MW,Agent,Federal,T7
O81U3IR,23,32328,15372,668,0,111.4,Never,60-89,W,Agent,Federal,T3
P9OHNVA,22,49446,74346,670,36,100.5,Never,Current,W,IVR,Federal,T5
WFTW8UJ,25,45321,58061,780,378,100.6,<30d,30-59,S,IVR,Federal,T4
JN1XWOX,56,71770,61228,616,355,111.9,>1yr,60-89,S,IVR,Federal,T1
ITA7397,36,59848,20619,696,337,104.3,<30d,30-59,W,Agent,Consolidation,T4
GMLGISO,32,93131,0,643,201,97.4,Never,Current,S,Agent,Consolidation,T5
FKRHV1D,68,59202,37756,690,0,110.2,<30d,30-59,S,Mobile,Federal,T3
A9QZU0Q,61,69949,54909,659,296,101.9,1-12mo,1-29,NE,Web,Consolidation,T4
4HTE7SP,22,39079,28671,664,342,103.5,<30d,90+,S,Mobile,Consolidation,T4
A2VNFWK,47,45436,88123,527,285,101.3,Never,Current,MW,IVR,Consolidation,T4
56K4K0S,55,63153,58418,722,486,112.9,Never,30-59,MW,Web,Federal,T1
1XBLFJY,27,21991,75492,628,149,114.3,1-12mo,30-59,S,Web,Consolidation,T3
CV547BF,45,35600,36321,781,132,101.0,>1yr,Current,W,IVR,Federal,T6
KBJOHQP,58,55301,27315,727,501,95.9,Never,60-89,S,IVR,Consolidation,T4
Z5Y6I1P,29,62926,90123,567,0,112.9,1-12mo,30-59,NE,Web,Federal,T3
ZQGB1AS,28,57210,58451,706,268,96.4,>1yr,Current,NE,IVR,Federal,T4
A3DKP6E,66,36057,27013,703,197,98.2,Never,1-29,NE,IVR,Federal,T5
Y2B0OGJ,43,59293,22047,621,180,110.6,1-12mo,60-89,S,Agent,Consolidation,T3
35BSDIY,70,71390,58003,778,284,108.3,1-12mo,30-59,W,IVR,Consolidation,T2
GA3H62X,30,27050,46595,756,0,102.6,Never,1-29,W,IVR,Federal,T5
SKO6JP6,67,56145,25836,588,0,100.2,>1yr,Current,W,Mobile,Federal,T6
38UQLVR,22,46718,64244,618,197,105.1,Never,30-59,MW,Web,Consolidation,T5
344C1KA,33,49569,30525,666,49,109.9,Never,30-59,MW,IVR,Consolidation,T3
TZ25S2R,53,55821,15871,750,0,109.6,<30d,60-89,NE,IVR,Federal,T3
4X0UA0X,54,54762,31516,773,354,107.9,>1yr,90+,MW,Web,Consolidation,T2
4XX21LD,52,61949,49673,642,281,102.7,Never,Current,S,IVR,Federal,T4
DIZ3705,61,85998,99643,729,395,96.2,<30d,90+,MW,Mobile,Consolidation,T4
FA9GCQ4,53,74129,64606,686,198,95.2,Never,1-29,S,Mobile,Federal,T5
JP9ZORR,55,67136,27540,702,272,111.8,>1yr,30-59,MW,Web,Federal,T2
R1UNUWK,29,87401,40122,768,193,104.0,<30d,Current,S,Mobile,Federal,T8
ZPPUZSS,46,63430,16454,543,647,107.6,1-12mo,60-89,S,Agent,Federal,T2
Q3FXROE,58,87600,34049,653,25,105.4,>1yr,30-59,W,Web,Federal,T6
MQVOOOJ,40,38250,9558,734,101,110.6,1-12mo,60-89,MW,Mobile,Federal,T3
J62DXX1,22,75432,64510,570,176,109.5,Never,60-89,MW,Web,Consolidation,T3
9UEHH0K,36,66803,58313,601,295,113.2,1-12mo,30-59,S,IVR,Federal,T2
EX1GCQV,67,71482,41540,676,236,98.5,<30d,1-29,NE,Mobile,Consolidation,T8
AZP1FEX,56,44361,34910,714,241,99.5,<30d,1-29,S,Mobile,Federal,T8
TCJEVVG,67,98811,26723,585,178,97.8,>1yr,1-29,MW,IVR,Consolidation,T6
CPONZVB,70,15134,32952,618,93,107.0,<30d,30-59,NE,IVR,Federal,T8
08H1IZ1,25,42379,60998,735,83,104.6,>1yr,Current,W,Agent,Consolidation,T6
W0PG66M,55,73099,90411,742,200,105.5,<30d,30-59,NE,Web,Consolidation,T8
J0DBVDC,41,55950,68443,692,104,105.1,1-12mo,60-89,NE,IVR,Federal,T7
BHIMGXH,29,23486,83536,697,345,95.8,Never,30-59,S,IVR,Consolidation,T4
1Q4XWIS,62,75798,49499,667,281,114.8,<30d,30-59,S,Agent,Federal,T2
ZBIQ0QN,27,63637,23181,705,186,114.4,1-12mo,30-59,NE,Mobile,Federal,T3
WI1VG2V,47,45932,66144,719,0,105.1,1-12mo,30-59,W,Web,Federal,T7
8MYIL7P,64,45453,49585,632,158,103.3,Never,Current,W,Mobile,Consolidation,T5
IB4P89T,36,32951,48144,815,68,111.5,>1yr,90+,S,Web,Federal,T3
49LUXHY,34,58483,33340,644,0,104.2,1-12mo,Current,W,Mobile,Consolidation,T7
GT4SODR,70,72297,64146,696,132,100.1,>1yr,Current,S,Web,Consolidation,T6
7R0P52Q,65,49039,11260,688,0,104.4,>1yr,1-29,W,Agent,Consolidation,T6
CAN7X23,64,80552,0,658,175,98.2,Never,1-29,W,IVR,Consolidation,T5
NH4B7EP,41,47381,57585,626,110,96.9,<30d,Current,W,Web,Federal,T8
C2P1NQP,48,42191,22073,628,22,109.2,Never,90+,NE,Agent,Federal,T3
L5KK6NU,68,83528,77590,602,350,100.0,1-12mo,60-89,NE,IVR,Consolidation,T4
CABR06P,38,48680,39566,695,252,96.8,1-12mo,Current,MW,Web,Consolidation,T4
TZ9KQED,24,39600,45536,695,2,101.7,1-12mo,Current,MW,Mobile,Federal,T7
WC8KXHN,56,77941,63308,626,0,105.3,<30d,30-59,MW,IVR,Consolidation,T8
8Q1ROEX,68,47641,77052,789,167,106.7,1-12mo,60-89,NE,Mobile,Federal,T7
NEV6927,45,48065,44053,566,234,96.1,1-12mo,Current,S,IVR,Federal,T7
996V9BN,64,47406,50284,629,441,110.4,1-12mo,30-59,W,Mobile,Federal,T2
PHA4PY9,58,54421,75905,650,152,104.9,<30d,Current,S,IVR,Federal,T8
RW5YC66,32,74323,79233,702,182,111.9,>1yr,60-89,MW,IVR,Federal,T3
NYUTCS7,31,26886,54035,630,316,112.9,1-12mo,60-89,W,Web,Federal,T2
S2FLEKN,23,88268,44164,616,541,103.1,<30d,30-59,S,Mobile,Consolidation,T4
Y5BI8W1,26,20081,14221,743,26,111.4,<30d,30-59,W,Agent,Consolidation,T3
H56PTK3,62,65073,56879,618,0,110.9,Never,30-59,W,Mobile,Federal,T3
9HCXHJ9,66,40456,63487,707,0,96.2,>1yr,Current,NE,Mobile,Federal,T6
AMC4OLE,60,48279,45140,706,670,107.3,>1yr,90+,W,Agent,Consolidation,T2
LT8ZN0F,34,29906,66582,740,285,95.9,Never,Current,S,Web,Consolidation,T4
IX8J4WK,34,75354,0,645,451,97.2,<30d,30-59,MW,Agent,Consolidation,T4
LOL0QYF,58,58383,42428,662,359,114.2,Never,60-89,W,Agent,Consolidation,T1
RSJTLAT,40,83144,26365,747,25,97.4,<30d,1-29,W,IVR,Consolidation,T8
ITCK7LJ,27,71015,36091,752,246,111.5,1-12mo,30-59,S,Agent,Federal,T3
H4GW4E3,50,59990,20715,598,251,109.9,1-12mo,30-59,NE,Agent,Federal,T2
WD6ZX9C,46,60764,44739,789,134,110.3,<30d,30-59,NE,Web,Federal,T3
G3GM23O,46,73071,31020,734,257,100.9,1-12mo,Current,NE,Web,Federal,T4
QY22GFS,60,70305,26912,814,258,95.5,>1yr,Current,MW,Agent,Consolidation,T4
YAFQQ6H,60,48966,85063,629,360,105.3,Never,60-89,S,Mobile,Consolidation,T2
0COTNWC,27,72057,41829,622,0,107.7,>1yr,30-59,S,Mobile,Consolidation,T6
U5EWLTB,68,50272,22340,712,341,107.2,>1yr,90+,NE,Mobile,Federal,T2
E4CYODQ,23,54704,24669,621,394,105.0,>1yr,30-59,S,Mobile,Consolidation,T4
8UB2R80,52,87899,19564,710,0,97.5,Never,Current,S,IVR,Consolidation,T5
JWVUD1E,44,69564,52072,703,177,112.1,<30d,30-59,W,Agent,Federal,T3
69E3VBK,39,27082,10453,601,111,114.8,<30d,30-59,NE,Web,Consolidation,T3
9ZAOZF5,25,39668,18676,680,100,95.6,1-12mo,Current,W,IVR,Consolidation,T7
Z1ZDJSP,52,76263,20466,687,0,96.8,Never,Current,NE,Web,Consolidation,T5
KUW4MO6,42,77121,27513,690,160,96.7,Never,Current,W,Web,Federal,T5
U0GCIOF,31,55695,56084,769,17,104.9,>1yr,Current,S,IVR,Federal,T6
0M1R2WK,32,70609,57824,641,144,106.6,>1yr,60-89,NE,Web,Federal,T6
11Z5WOG,56,56731,107449,674,98,111.6,Never,30-59,S,Mobile,Federal,T3
H6FXX2D,48,15000,100271,639,480,103.3,Never,60-89,NE,Agent,Consolidation,T4
EXSMRPB,51,68951,111533,751,59,102.5,Never,1-29,S,Web,Consolidation,T5
VS92J60,68,37876,6084,656,263,101.6,<30d,Current,MW,Mobile,Consolidation,T4
YYY4XIQ,36,49477,63935,729,271,95.4,<30d,Current,W,Web,Federal,T4
1O0CMQA,43,77213,0,755,227,114.6,<30d,30-59,NE,Agent,Consolidation,T3
0XA7K1T,54,47963,60853,617,115,105.0,>1yr,Current,MW,Web,Consolidation,T6
FQOY299,32,74339,42741,699,231,106.7,<30d,30-59,S,Mobile,Consolidation,T8
61BI7C4,45,51523,30295,719,83,107.8,>1yr,30-59,NE,Web,Federal,T6
ZRVMWHC,37,38790,36953,674,287,95.6,>1yr,Current,MW,IVR,Consolidation,T4
T59KQ47,24,40811,0,741,179,103.7,1-12mo,1-29,W,Web,Consolidation,T7
LXP9L89,62,79644,22751,677,95,100.7,<30d,1-29,W,Web,Consolidation,T8
CJEPD22,61,40537,23550,626,309,113.8,>1yr,90+,W,Agent,Federal,T2
LY6M28C,52,99633,31276,632,214,96.5,1-12mo,Current,MW,Agent,Consolidation,T7
NRB5ZQR,41,47662,17059,584,0,111.8,<30d,60-89,W,Agent,Consolidation,T3
R4YIYC6,26,77605,55077,734,143,97.8,<30d,Current,S,IVR,Federal,T8
RST1KJ7,40,59024,18133,805,201,97.4,Never,Current,S,IVR,Consolidation,T5
03DCDJF,26,52886,61377,712,327,106.7,1-12mo,30-59,MW,IVR,Consolidation,T2
N23YR4P,45,91769,80996,739,59,103.0,<30d,Current,W,Web,Consolidation,T8
4WFXIWO,57,32523,29139,753,0,105.0,Never,Current,MW,Mobile,Federal,T5
ZV8BCLK,54,40012,38425,679,412,112.7,>1yr,30-59,S,Web,Consolidation,T1
SPUR5BQ,60,79018,53977,661,173,105.9,1-12mo,30-59,W,Mobile,Consolidation,T7
PS2ZO22,46,67929,44736,583,25,112.0,Never,30-59,MW,Mobile,Federal,T3
PT8RRK4,58,45371,41217,617,88,106.5,Never,30-59,W,Mobile,Federal,T5
V5K9W0Z,33,17975,28989,676,81,113.3,1-12mo,30-59,S,IVR,Consolidation,T3
8Z9SK64,58,41987,22874,683,276,111.8,<30d,90+,S,IVR,Federal,T2
NX84U4D,26,44743,24640,591,171,107.0,Never,90+,S,Agent,Consolidation,T5
VXWQQY5,50,35893,10032,639,246,108.6,Never,30-59,NE,Agent,Consolidation,T3
UL5VQ59,61,53895,37092,703,325,102.4,>1yr,30-59,NE,Web,Consolidation,T4
1QRMZVP,36,31716,33289,576,303,101.5,<30d,60-89,MW,IVR,Consolidation,T4
F308ZD1,55,34599,65259,594,661,105.7,Never,90+,S,Agent,Federal,T2
UYHLKLI,33,57539,46959,630,269,104.4,<30d,Current,S,IVR,Consolidation,T4
3CZJ124,63,45808,59877,572,184,110.2,>1yr,30-59,MW,Web,Consolidation,T3
LCXKCAW,63,44913,7111,591,81,112.1,>1yr,30-59,MW,Web,Consolidation,T3
SF1B2JJ,35,64776,59349,683,0,101.1,Never,Current,MW,Web,Federal,T5
JCKXFIG,26,67910,44822,736,11,109.0,>1yr,60-89,S,Agent,Consolidation,T3
6RLHTG7,62,28652,61931,733,285,110.2,>1yr,90+,W,IVR,Consolidation,T2
ETBE9ME,33,52184,53024,711,263,103.1,1-12mo,Current,MW,IVR,Consolidation,T4
O6VXK6M,31,44966,55538,696,329,106.3,<30d,30-59,S,Agent,Consolidation,T2
LXMGEVX,39,32916,43129,720,84,98.1,<30d,Current,W,IVR,Federal,T8
VGE340Y,61,28718,23338,660,165,110.4,Never,60-89,NE,IVR,Federal,T3
KL281JG,70,50880,46975,540,0,95.7,>1yr,1-29,S,Mobile,Consolidation,T6
F1JUPXO,41,96524,46304,741,329,95.5,<30d,60-89,NE,Mobile,Federal,T4
9JDF52C,30,50006,77996,678,258,98.3,>1yr,Current,S,Web,Federal,T4
PR4J3OL,54,58292,40826,480,321,101.4,>1yr,30-59,W,IVR,Consolidation,T4
GM2K0VX,51,64540,19512,701,98,97.4,>1yr,Current,W,Mobile,Federal,T6
SNG14V5,40,71564,28408,772,363,105.4,Never,90+,NE,IVR,Consolidation,T2
N28D7OE,63,78400,67769,590,46,100.1,1-12mo,Current,W,Mobile,Federal,T7
BJNSNKR,44,70003,55207,734,66,100.4,>1yr,1-29,NE,Mobile,Federal,T6
0ZX1T90,51,59358,30012,826,270,99.3,Never,Current,NE,Mobile,Federal,T4
FDEX4M3,33,26094,57440,695,140,108.2,Never,30-59,MW,Agent,Federal,T3
1JUJN4U,61,88012,32810,519,433,114.9,>1yr,60-89,MW,Agent,Federal,T1
Y8FACSI,66,67337,9207,692,159,100.9,Never,Current,W,Agent,Federal,T5
9DW080K,42,79758,36264,621,190,105.0,<30d,Current,NE,Web,Consolidation,T8
ILHGRY5,52,49469,15721,648,263,107.8,1-12mo,30-59,S,Web,Federal,T2
OLKVX8X,32,37122,16468,749,0,109.2,>1yr,30-59,MW,Mobile,Consolidation,T3
E1NUKWH,56,53310,93333,591,91,114.7,<30d,60-89,MW,IVR,Consolidation,T3
O8AWPOJ,42,68523,54286,694,163,111.8,1-12mo,60-89,S,Mobile,Consolidation,T3
LHL68FY,29,57127,9691,686,131,112.6,<30d,30-59,S,IVR,Federal,T3
PDMZYB0,36,40981,17667,633,209,105.0,Never,Current,MW,Agent,Consolidation,T5
B4RTSTI,32,15000,27980,785,186,113.0,>1yr,30-59,S,Web,Federal,T3
TI0TF7J,54,55336,89215,586,221,106.7,>1yr,30-59,NE,Mobile,Federal,T6
FU1SKVM,23,59031,57587,749,208,97.5,<30d,Current,W,IVR,Consolidation,T8
AHNGUUV,55,49346,39058,654,214,114.0,Never,30-59,W,Agent,Consolidation,T3
J7T30FA,51,67016,44005,836,0,104.5,<30d,Current,MW,Web,Consolidation,T8
ORRLNUH,58,61581,48836,651,178,109.8,Never,30-59,NE,IVR,Federal,T3
9AV8LNF,51,45953,70097,681,535,100.2,Never,60-89,W,IVR,Federal,T4
DQKDG0G,55,26954,41206,623,17,104.8,1-12mo,Current,NE,Agent,Federal,T7
RD4UKPO,57,38716,15779,756,69,96.4,<30d,Current,S,Web,Federal,T8
V2MYBQ4,66,60702,43256,703,301,112.0,>1yr,30-59,MW,Agent,Consolidation,T2
CKW5AHA,67,49307,74274,696,390,98.1,>1yr,90+,NE,Agent,Federal,T4
IDPHU2Y,67,99558,31454,746,340,97.5,1-12mo,60-89,MW,IVR,Consolidation,T4
86U0LQH,62,123247,40767,661,245,111.2,>1yr,90+,S,Web,Consolidation,T3
U4IX4J6,67,81582,48622,498,116,113.9,Never,60-89,NE,IVR,Federal,T3
E3MBB86,41,38455,50121,783,136,112.4,>1yr,60-89,S,Web,Federal,T3
0ZKQDRK,64,48254,7906,643,136,110.2,<30d,30-59,W,Mobile,Federal,T3
KCVAQ10,27,61820,44521,657,217,103.9,1-12mo,Current,S,Mobile,Consolidation,T7
YC0DFD3,23,48766,78691,576,278,106.7,1-12mo,60-89,MW,IVR,Federal,T2
WVGNOPH,28,67660,47212,748,91,97.9,<30d,Current,MW,Agent,Consolidation,T8
CTYST7R,58,56466,4284,591,371,99.8,Never,90+,MW,Web,Consolidation,T4
HVABT6Z,43,74134,79753,675,16,108.1,<30d,60-89,MW,IVR,Consolidation,T3
ZSVF2JZ,27,50122,72538,793,262,107.2,1-12mo,60-89,S,IVR,Consolidation,T2
9DLF89O,22,98252,55593,650,43,109.0,>1yr,60-89,W,Mobile,Consolidation,T3
LLE24BJ,54,43099,37168,706,356,114.4,Never,90+,MW,Mobile,Consolidation,T1
EBBDHDL,66,49737,33965,623,340,101.5,Never,90+,W,IVR,Consolidation,T4
6INIUJ5,37,15000,18585,595,145,108.6,<30d,60-89,MW,Agent,Consolidation,T3
TH8P7B9,29,44862,45736,780,114,113.3,<30d,30-59,S,Agent,Consolidation,T3
0ABHK7U,39,41115,41375,705,48,102.1,1-12mo,Current,NE,Mobile,Consolidation,T7
F4O87DB,57,31305,32360,702,309,113.6,Never,30-59,W,Mobile,Federal,T2
X7MBKIY,65,49407,46480,706,66,99.5,1-12mo,Current,NE,Agent,Federal,T7
P4CD2YW,62,60262,17785,669,58,110.7,>1yr,30-59,MW,Agent,Federal,T3
VRB7R5X,31,95483,2717,693,174,100.5,1-12mo,1-29,MW,IVR,Consolidation,T7
WCDIHNM,28,79794,32197,671,398,96.5,>1yr,60-89,MW,Agent,Federal,T4
ZGQRUL7,30,78848,45091,792,175,97.6,>1yr,Current,NE,Web,Consolidation,T6
FSATNC4,54,44071,29656,662,339,107.1,Never,90+,W,Mobile,Federal,T2
B0EQEY9,67,86873,38661,659,186,110.8,1-12mo,60-89,NE,Web,Consolidation,T3
CPT6VN3,38,37583,50299,640,345,113.4,<30d,90+,NE,Mobile,Federal,T2
R5V10FG,40,28206,66602,621,211,107.3,1-12mo,30-59,W,Agent,Federal,T7
R25HC3A,55,73223,44969,672,373,114.6,1-12mo,60-89,S,Web,Federal,T2
GX4L6JO,47,62055,106249,628,35,111.1,Never,30-59,S,Agent,Federal,T3
R3K6ZHL,42,38237,46323,714,115,114.5,<30d,30-59,S,Mobile,Federal,T3
JFMFLZL,51,39011,14383,695,0,101.7,>1yr,1-29,NE,Mobile,Consolidation,T6
85YG7XE,53,59770,26612,678,180,111.4,<30d,30-59,W,Web,Federal,T3
HGIX2NX,70,73149,75624,776,322,105.3,<30d,60-89,NE,IVR,Federal,T2
H0XOIZ5,35,48316,5319,593,121,98.4,1-12mo,Current,MW,Web,Federal,T7
H7KD2IT,59,81500,59481,749,310,108.1,Never,30-59,W,Web,Federal,T2
NICCS9K,57,46973,20936,647,317,98.2,1-12mo,60-89,S,Mobile,Consolidation,T4
QK3HAQB,43,26961,64346,706,426,102.0,1-12mo,30-59,W,Agent,Federal,T4
4FOH5CL,25,54244,58491,613,68,111.5,>1yr,60-89,MW,Agent,Consolidation,T3
8XABRNJ,70,30452,26714,536,373,109.4,1-12mo,30-59,NE,IVR,Federal,T2
T57YEER,44,59230,53658,673,194,102.3,>1yr,1-29,S,Mobile,Consolidation,T6
GZC45HZ,29,45879,62820,789,152,112.1,>1yr,60-89,S,IVR,Consolidation,T3
IMEID63,41,89556,10929,627,198,108.2,>1yr,30-59,S,Agent,Consolidation,T3
HBYCXKE,29,56942,58539,792,199,114.1,>1yr,90+,W,Mobile,Federal,T3
7PSX13N,68,30112,69523,693,0,96.5,>1yr,Current,S,Web,Consolidation,T6
1WBT9XK,35,31418,60622,595,123,108.1,>1yr,30-59,W,Mobile,Consolidation,T3
6RDPEIV,67,49068,72341,700,97,114.8,Never,60-89,S,Mobile,Consolidation,T3
3M700FV,45,24914,72731,638,366,95.7,>1yr,60-89,MW,Mobile,Federal,T4
V4NJFCJ,33,46082,73366,666,107,103.2,<30d,Current,MW,Web,Federal,T8
WL0YWWQ,36,51303,29024,733,240,104.7,Never,Current,MW,Agent,Consolidation,T5
N7U8PWD,26,89314,96415,654,17,106.2,>1yr,90+,W,Mobile,Consolidation,T6
2G57FL2,52,47940,68379,625,0,102.9,<30d,Current,NE,Web,Consolidation,T8
J5ACZ93,56,42456,54990,780,181,108.7,<30d,30-59,W,IVR,Consolidation,T3
UNU2GPV,46,59811,76800,697,478,99.3,1-12mo,90+,MW,IVR,Federal,T4
O3S30ZO,49,95706,22242,678,138,99.2,Never,Current,NE,Mobile,Federal,T5
WQ38OB3,68,15000,35129,677,0,99.2,>1yr,Current,S,IVR,Federal,T6
XSFLL4U,56,79064,31247,657,339,112.6,>1yr,60-89,MW,IVR,Consolidation,T2
ISZPH64,53,44707,0,602,267,101.0,Never,Current,S,IVR,Federal,T4
59E35JL,43,67742,55652,614,0,103.5,1-12mo,Current,S,IVR,Consolidation,T7
5VI06QV,63,42194,55649,790,163,104.6,<30d,1-29,MW,Mobile,Federal,T8
HBGHEDM,46,47581,53324,643,155,103.3,Never,Current,MW,IVR,Federal,T5
KR04FST,39,55364,40932,658,186,95.2,<30d,Current,MW,Agent,Consolidation,T8
3TP11MV,69,21152,46592,663,0,109.4,1-12mo,60-89,NE,Web,Federal,T3
AJS5LOG,28,43730,34116,631,131,97.1,1-12mo,1-29,NE,IVR,Federal,T7
99SVCKX,58,45147,24432,618,258,102.0,<30d,Current,MW,Web,Federal,T4
7Y9FC6D,66,33530,25901,661,276,105.3,1-12mo,30-59,MW,Mobile,Consolidation,T2
MFMVSNU,43,49863,23053,558,228,106.8,<30d,90+,S,Mobile,Federal,T8
0F549WS,51,61422,72203,631,0,110.1,>1yr,90+,S,Mobile,Consolidation,T3
7HS00PY,67,47526,63118,774,24,111.8,>1yr,90+,NE,Agent,Consolidation,T3
6TQ438N,38,26611,90437,739,532,99.0,<30d,90+,W,IVR,Consolidation,T4
RF5XY6M,34,55289,73144,711,37,104.6,>1yr,Current,NE,Web,Federal,T6
F2KB085,44,64250,64557,641,0,106.1,<30d,60-89,S,IVR,Consolidation,T8
8Q5SNF5,36,51988,0,665,22,96.8,1-12mo,Current,S,Agent,Federal,T7
P1BSHW2,43,36746,70029,616,223,98.5,1-12mo,Current,S,Mobile,Federal,T7
TZO614D,51,83345,41919,655,15,100.6,<30d,Current,S,Mobile,Consolidation,T8
VGHLJHU,37,51767,26597,699,146,104.9,>1yr,Current,NE,Agent,Consolidation,T6
5DH445I,29,31535,54606,737,116,98.2,1-12mo,Current,W,Agent,Federal,T7
5J58B0E,43,45497,20233,564,209,111.0,>1yr,60-89,W,IVR,Consolidation,T3
M0JC0QZ,60,39958,110818,576,255,103.9,Never,Current,NE,IVR,Consolidation,T4
41KIS5S,28,40532,13821,715,0,100.1,>1yr,1-29,NE,Mobile,Federal,T6
IJWUG59,67,17117,47162,788,291,103.9,<30d,Current,S,Web,Consolidation,T4
RPY2017,51,62933,38463,684,400,112.2,>1yr,90+,MW,Web,Consolidation,T1
SQFJGGB,34,55250,48404,741,154,110.1,Never,60-89,W,IVR,Consolidation,T3
38GQ588,49,53712,5458,638,211,104.4,Never,1-29,W,Agent,Federal,T5
A58SMGX,56,66756,53938,701,314,112.2,>1yr,90+,NE,Web,Consolidation,T2
WFGOZQ3,60,74471,38054,767,338,111.3,Never,30-59,MW,Web,Consolidation,T2
E3N0QV9,65,71072,58640,723,178,96.9,1-12mo,Current,NE,Agent,Federal,T7
EAR0XH3,46,67649,57959,570,95,100.9,<30d,1-29,MW,Web,Consolidation,T8
1VFGO3L,32,48056,63289,595,437,108.6,<30d,60-89,MW,IVR,Federal,T2
WSVECKU,31,82260,48275,688,36,105.7,<30d,60-89,NE,Web,Consolidation,T8
0ZAEAJA,65,29954,32251,622,125,104.9,1-12mo,Current,NE,IVR,Consolidation,T7
3SQ8O38,59,53430,57976,544,168,104.2,1-12mo,Current,S,Agent,Federal,T7
T2ITN8Q,56,59737,29500,660,90,95.3,>1yr,Current,S,Web,Federal,T6
DE89YTI,51,34316,34358,664,0,106.1,<30d,30-59,MW,IVR,Consolidation,T8
HR5XGY3,62,43978,42110,804,213,96.3,<30d,Current,W,Web,Federal,T8
SRH205I,56,43453,27609,699,0,111.8,1-12mo,30-59,S,IVR,Consolidation,T3
A0KE1PB,44,72736,43321,613,518,103.9,Never,30-59,W,Agent,Federal,T4
0B3NCB6,57,25354,52772,646,210,98.1,Never,Current,MW,Web,Consolidation,T5
YK5E6HD,65,76517,28674,587,258,102.6,1-12mo,Current,NE,Agent,Federal,T4
7L302BF,59,88266,35904,696,280,103.4,1-12mo,1-29,MW,Web,Federal,T4
KL3RN5Y,56,42164,66751,644,459,110.1,<30d,30-59,MW,IVR,Federal,T2
R5JJSOV,37,72880,34677,692,277,106.5,1-12mo,90+,S,Agent,Federal,T2
1N77G5E,29,48701,48753,619,401,111.6,1-12mo,30-59,W,Web,Federal,T2
S36ZO2G,40,62070,12366,643,0,105.2,1-12mo,30-59,W,Web,Federal,T7
J8LZ47O,60,32976,54966,689,359,113.7,1-12mo,30-59,MW,Web,Federal,T2
BY5O0ZS,58,38988,26295,666,138,96.6,>1yr,Current,MW,Mobile,Consolidation,T6
Q4ZCX64,48,84890,57415,618,0,107.1,Never,60-89,W,Agent,Federal,T5
YLSO3LP,23,69908,6519,619,76,95.4,Never,Current,NE,Web,Consolidation,T5
N9VAC2R,63,15000,23408,751,87,104.4,1-12mo,1-29,S,IVR,Federal,T7
8VQOWY1,28,50090,187,692,402,106.9,1-12mo,30-59,S,Web,Consolidation,T2
GUAELAA,58,18967,59090,668,187,100.6,Never,Current,W,Mobile,Federal,T5
1QBDAE5,57,19774,53016,654,184,99.1,>1yr,Current,S,Mobile,Consolidation,T6
W40J7TU,68,79524,38836,630,160,106.3,Never,90+,MW,Mobile,Consolidation,T5
T7ENZNZ,67,38644,28835,723,232,102.6,Never,Current,W,Mobile,Federal,T5
TZUH3D7,31,34380,61279,729,359,104.7,>1yr,30-59,NE,Agent,Federal,T4
EMRHCE8,25,38154,37652,658,92,101.9,1-12mo,Current,MW,IVR,Consolidation,T7
XQB9YXR,40,57877,42011,740,0,97.2,1-12mo,Current,W,IVR,Federal,T7
6HZJ5WC,44,62893,22667,614,174,111.8,>1yr,30-59,W,Mobile,Consolidation,T3
EWMHVWH,29,56257,21519,599,0,98.1,Never,Current,NE,IVR,Federal,T5
MR86O5L,45,42414,57183,547,231,110.5,>1yr,30-59,S,Web,Federal,T3
Z1DCTPI,50,66407,20630,755,303,110.0,1-12mo,90+,NE,Web,Federal,T2
0KCOIGN,57,58046,50333,712,257,95.8,<30d,Current,S,Agent,Federal,T4
GQ6YHQT,57,79727,43200,731,0,109.9,Never,60-89,S,Mobile,Consolidation,T3
4C3V1PX,42,43061,55431,705,203,110.4,Never,30-59,W,IVR,Federal,T3
7PM3PZF,38,60626,57356,711,507,111.3,Never,90+,NE,Mobile,Federal,T1
Q91EDRK,31,60607,33317,611,243,95.3,<30d,1-29,NE,Agent,Consolidation,T8
S4IP2NV,39,36580,59475,755,56,107.1,Never,30-59,MW,Web,Consolidation,T5
6D58BMX,38,74782,60685,610,147,107.2,Never,90+,S,Agent,Consolidation,T5
R9H5RO3,35,30926,32694,589,0,102.9,>1yr,Current,MW,IVR,Federal,T6
LAVTF0O,29,46141,96750,686,96,111.2,>1yr,30-59,W,Web,Consolidation,T3
AUNDEEV,30,72595,47702,712,117,112.9,1-12mo,30-59,MW,Agent,Federal,T3
UTWGQSI,39,53187,56353,649,31,99.1,Never,Current,NE,Agent,Consolidation,T5
9H2IV18,23,81535,20547,636,226,114.0,>1yr,60-89,S,Agent,Consolidation,T3
210PSK0,53,47136,73863,695,174,113.8,<30d,30-59,S,Web,Consolidation,T3
5JPCLW6,41,56373,42518,624,68,103.8,>1yr,1-29,MW,Agent,Consolidation,T6
CPJ0JNE,48,42244,53966,730,192,105.2,1-12mo,30-59,MW,Agent,Federal,T7
9N2TJL2,53,83116,47747,790,252,109.5,>1yr,30-59,MW,Mobile,Consolidation,T2
9IH1RLY,47,69466,16534,724,195,106.0,1-12mo,60-89,S,Agent,Federal,T7
QC45YPR,44,71703,6595,635,0,109.3,>1yr,30-59,MW,Mobile,Consolidation,T3
84500EI,61,40682,33320,589,172,102.7,Never,Current,NE,Web,Federal,T5
H1VS4HW,39,52775,45241,657,12,107.0,<30d,60-89,NE,Mobile,Consolidation,T8
COG5FHU,24,49976,60786,609,272,108.5,<30d,60-89,S,IVR,Federal,T2
5G4TFIW,51,35047,15290,695,172,95.6,1-12mo,1-29,MW,Web,Federal,T7
P4SXRXQ,49,71301,38517,793,88,110.2,<30d,60-89,MW,Web,Consolidation,T3
4KFOOQI,34,67845,24789,682,119,105.4,Never,30-59,MW,Web,Consolidation,T5
45RWWBZ,64,46732,35237,736,276,112.6,>1yr,60-89,NE,Mobile,Consolidation,T2
ZLMDXRL,44,52271,78573,736,279,98.0,1-12mo,Current,S,IVR,Federal,T4
C7F8BN6,36,43051,71225,688,136,107.3,<30d,30-59,NE,Mobile,Consolidation,T8
B0DGB6A,55,57714,59051,621,207,97.0,Never,Current,MW,Agent,Consolidation,T5
FJ7MSG7,35,42490,46953,704,447,108.7,>1yr,30-59,W,IVR,Federal,T1
34330N6,43,54750,70545,699,0,109.8,Never,60-89,W,Mobile,Federal,T3
BEUTLWG,65,57561,32859,739,143,113.6,<30d,60-89,NE,IVR,Federal,T3
6SN9ROW,50,63162,55154,640,226,108.6,Never,30-59,S,Mobile,Consolidation,T3
TM5W1VM,26,38400,33511,600,0,103.9,>1yr,Current,W,Web,Federal,T6
0H64BHZ,29,43134,13520,633,0,102.7,<30d,Current,MW,Web,Federal,T8
95JPSQC,57,43247,21444,572,0,101.0,<30d,1-29,NE,Web,Consolidation,T8
JYFHE6A,52,36258,55813,734,337,112.2,<30d,60-89,W,Agent,Federal,T2
LGNW9P0,52,76668,59662,686,269,97.6,<30d,1-29,W,Mobile,Consolidation,T4
HM3L3U0,67,76692,28005,747,246,109.3,<30d,60-89,NE,Agent,Consolidation,T3
OS5Y1CJ,35,64921,21774,691,75,95.2,>1yr,Current,MW,Agent,Federal,T6
BUQKMTX,56,66590,94715,709,0,96.0,>1yr,Current,MW,Agent,Federal,T6
CGGAR6J,65,64181,27851,619,397,106.9,>1yr,30-59,S,IVR,Federal,T2
B2KAZFR,37,40968,62605,565,73,111.4,>1yr,30-59,MW,IVR,Federal,T3
ZPCZBC0,25,58413,89921,671,161,108.0,>1yr,60-89,S,Web,Federal,T6
8SWYWGU,28,35232,49297,680,54,107.6,1-12mo,60-89,S,Mobile,Federal,T7
HW1LS76,47,56481,0,617,205,108.4,1-12mo,30-59,NE,Agent,Federal,T3
5V0RZOS,33,69276,29923,605,123,104.6,>1yr,Current,MW,Agent,Federal,T6
4JL4AVF,57,50123,81511,663,200,98.3,>1yr,Current,S,Agent,Federal,T6
3YSZIXB,59,34205,63773,605,221,101.2,1-12mo,Current,S,Mobile,Federal,T7
GE6T0M2,48,47722,11349,654,151,111.8,<30d,60-89,NE,Agent,Federal,T3
P5ETQT2,68,15000,73377,761,351,104.9,>1yr,30-59,MW,Web,Consolidation,T4
8Z2I56W,48,34205,42082,649,304,109.4,<30d,60-89,S,Web,Consolidation,T2
BFAWRMX,47,48782,50599,766,134,100.2,Never,Current,NE,Mobile,Consolidation,T5
G8U9FM0,32,45663,77194,675,238,113.6,<30d,30-59,NE,Agent,Consolidation,T3
4NHIF4B,43,39063,42636,753,179,98.4,>1yr,Current,MW,Mobile,Federal,T6
2P1B63E,58,59546,51826,579,255,112.8,>1yr,60-89,MW,Agent,Consolidation,T2
OX961A0,60,79738,103562,582,298,105.4,>1yr,60-89,W,IVR,Federal,T2
XP2KNCB,62,40868,0,520,301,100.8,Never,30-59,W,IVR,Federal,T4
Y221EJY,68,35970,58945,685,565,111.0,<30d,30-59,NE,Web,Federal,T2
GUENNXH,52,63197,75450,635,48,109.1,>1yr,30-59,MW,Mobile,Consolidation,T3
NX1TDY9,26,36452,94006,642,124,113.9,1-12mo,30-59,NE,IVR,Federal,T3
J1Y74UA,62,51856,56355,627,214,113.8,<30d,90+,W,Web,Consolidation,T3
D5I5HKX,57,86638,41519,609,191,113.2,1-12mo,30-59,MW,Web,Consolidation,T3
DB8IZJ3,39,64423,92532,613,112,111.2,1-12mo,30-59,S,Mobile,Federal,T3
NQNMA92,51,46506,12221,649,0,101.9,Never,Current,S,Mobile,Consolidation,T5
Q3LMMU6,43,26480,39968,603,128,107.6,<30d,30-59,NE,Agent,Consolidation,T8
FTJZ0L1,52,65655,94811,707,247,100.1,>1yr,Current,W,Mobile,Federal,T6
TS0ATDR,25,66826,75140,704,374,100.7,1-12mo,60-89,S,Web,Federal,T4
P7WF5ZW,33,44167,62763,566,100,98.2,>1yr,Current,NE,Mobile,Federal,T6
8AV8NVN,63,109366,29186,592,262,110.4,1-12mo,60-89,MW,Web,Consolidation,T2
WBZKCHY,67,15000,34779,675,172,109.4,>1yr,30-59,NE,Web,Consolidation,T3
LFCEW4G,47,72756,68636,791,314,112.9,<30d,30-59,NE,Web,Consolidation,T2
IV6JEQ6,61,81819,54769,820,176,113.9,Never,30-59,NE,Web,Federal,T3
5NW1OSG,25,22508,35617,620,273,102.3,Never,1-29,W,Web,Consolidation,T4
WOCIXAM,39,42964,51709,632,102,101.6,>1yr,Current,S,Mobile,Consolidation,T6
0WBLTH3,43,18579,47720,730,261,112.7,Never,60-89,S,IVR,Federal,T2
1MXWI7L,70,20215,99274,692,0,113.6,>1yr,90+,MW,Agent,Consolidation,T3
Q3OPE7X,68,85368,38433,668,252,105.7,Never,60-89,MW,IVR,Consolidation,T2
L1EAXLD,54,57218,36823,729,103,112.5,>1yr,90+,NE,Mobile,Federal,T3
6M0A86E,22,60565,3458,767,531,106.2,Never,30-59,NE,Agent,Consolidation,T2
X4BOCJE,64,70136,12142,645,95,101.3,Never,Current,NE,Web,Federal,T5
GPR5UCA,22,15000,19671,692,174,108.3,>1yr,30-59,S,Web,Federal,T3
3K5DRVA,43,59848,14562,645,114,98.5,>1yr,Current,S,IVR,Consolidation,T6
ZJMJO9N,53,60945,40790,662,0,100.5,<30d,Current,MW,Web,Consolidation,T8
U1BMXST,31,66349,53971,659,20,110.6,Never,30-59,MW,Web,Consolidation,T3
UIFDQFR,67,28885,11273,572,200,95.5,<30d,Current,W,Agent,Consolidation,T8
39YHL3F,66,16551,55492,627,48,114.2,1-12mo,30-59,NE,Mobile,Federal,T3
GY63TK8,38,44168,49695,651,99,99.8,Never,1-29,MW,Agent,Federal,T5
F9PFKB1,60,50334,22534,728,189,101.5,1-12mo,Current,S,IVR,Consolidation,T7
QMHJNXC,41,39478,70817,685,0,101.9,1-12mo,1-29,W,IVR,Federal,T7
AGH3CMW,39,79080,68376,720,81,110.2,<30d,30-59,NE,Agent,Consolidation,T3
5TR0IHU,28,48587,58255,725,200,112.2,<30d,60-89,S,Mobile,Consolidation,T3
O7YTJV8,57,78339,57272,560,0,114.3,>1yr,30-59,NE,IVR,Federal,T3
4LQIIUO,64,64833,80720,716,417,97.8,1-12mo,30-59,NE,IVR,Consolidation,T4
ICC5BVV,53,57449,63075,718,0,98.5,1-12mo,1-29,NE,IVR,Consolidation,T7
MBS9C1K,58,59162,44183,812,252,114.8,>1yr,90+,W,Web,Consolidation,T2
1JUG9UN,30,60598,12201,698,126,112.7,<30d,30-59,W,IVR,Consolidation,T3
B23GWRJ,40,33940,53159,777,75,109.4,1-12mo,30-59,S,Web,Federal,T3
PI0JDD3,66,75222,27130,684,89,109.7,<30d,60-89,S,IVR,Federal,T3
RVCD0X7,41,57622,23681,775,256,101.4,Never,1-29,S,IVR,Federal,T4
1YSEVN9,22,41228,28863,649,466,103.7,Never,60-89,MW,Web,Federal,T4
0R29RXM,32,50229,37300,821,489,109.5,>1yr,30-59,W,Web,Consolidation,T1
LK83REZ,39,57387,50669,678,178,109.2,>1yr,30-59,MW,Web,Federal,T3
WN88QJK,65,86613,88208,600,297,111.3,<30d,30-59,W,IVR,Federal,T2
TGGZ4TM,56,15000,40924,628,137,112.0,>1yr,30-59,W,Web,Consolidation,T3
Q1FQFPG,54,72538,80790,635,67,104.8,Never,Current,S,Mobile,Consolidation,T5
4CQ8PKA,62,41076,14493,762,25,97.4,>1yr,Current,NE,Agent,Federal,T6
95EI0JD,54,54097,42847,654,16,99.1,1-12mo,1-29,MW,IVR,Federal,T7
YFNIKKI,62,56694,54248,613,257,112.7,1-12mo,30-59,W,Web,Federal,T2
J2SES7X,57,38768,64618,634,6,108.8,Never,60-89,NE,IVR,Consolidation,T3
Y0IYJU3,43,79089,30076,606,165,109.6,Never,60-89,S,Agent,Consolidation,T3
CNUHVMC,55,73918,61779,676,301,99.1,>1yr,30-59,W,Mobile,Federal,T4
2VKBALO,33,38984,0,628,0,114.2,>1yr,60-89,NE,Agent,Consolidation,T3
EYVQ19G,57,43949,53900,679,250,105.0,>1yr,Current,NE,Web,Consolidation,T6
EHBCNF7,48,40919,57130,798,283,98.5,>1yr,Current,W,Mobile,Consolidation,T4
2S7PBOZ,33,51878,101018,680,68,104.9,Never,Current,W,Web,Federal,T5
IAFQ6GR,36,40798,56447,635,213,110.1,<30d,60-89,MW,Agent,Federal,T3
2659Y3B,54,46280,13108,703,309,114.8,Never,30-59,NE,Mobile,Federal,T2
VMH9Y0M,45,44670,48822,653,397,112.4,<30d,30-59,MW,Agent,Consolidation,T2
BZ7A97D,32,51385,25265,669,371,111.2,Never,60-89,W,Web,Consolidation,T1
YUVW1GI,52,35866,35744,567,297,108.3,1-12mo,60-89,W,Web,Federal,T2
MI8D7XC,49,46699,5833,803,147,97.1,>1yr,Current,W,Mobile,Federal,T6
2GG1N34,23,32721,81905,677,0,96.5,>1yr,Current,MW,IVR,Federal,T6
RKFORGX,47,58473,43032,587,156,109.1,<30d,30-59,NE,IVR,Federal,T3
HCOQE4J,60,69921,9779,724,36,102.2,Never,Current,S,Agent,Federal,T5
OAQSVRH,56,36696,27095,647,102,96.4,Never,1-29,W,Mobile,Federal,T5
XGKG8WM,25,67479,58835,713,191,108.7,>1yr,60-89,W,Web,Federal,T3
0ODLS0G,48,44368,41543,667,22,113.2,1-12mo,30-59,MW,Agent,Consolidation,T3
JYV743W,67,40379,46945,740,331,110.7,>1yr,60-89,S,IVR,Federal,T2
WSBW4CC,39,85956,42293,641,261,99.5,Never,Current,W,Mobile,Federal,T4
CFH55WA,65,42010,82645,621,101,106.3,Never,60-89,W,Agent,Federal,T5
TSACK6S,47,32998,48414,654,380,107.9,>1yr,30-59,MW,IVR,Consolidation,T2
X0ZOVW7,34,59006,52558,624,168,102.7,Never,Current,W,Mobile,Consolidation,T5
U8TCHU0,24,76078,28458,728,146,108.6,1-12mo,60-89,NE,Web,Consolidation,T3
GASTMVQ,69,39330,75347,626,0,102.0,>1yr,Current,W,Mobile,Federal,T6
8AT4MVD,55,64398,43043,636,135,112.1,Never,30-59,W,IVR,Consolidation,T3
BV8H1K1,31,70553,76483,671,0,97.3,<30d,Current,W,Mobile,Federal,T8
ITSCDY5,62,66626,32182,541,0,114.8,<30d,30-59,W,Web,Federal,T3
WYRQINU,62,41526,35888,698,112,113.9,>1yr,60-89,S,IVR,Consolidation,T3
PRKIG1W,58,70238,16110,588,191,98.7,<30d,Current,S,Agent,Consolidation,T8
1SETHC0,33,42772,42086,659,160,95.5,>1yr,Current,MW,Web,Consolidation,T6
I0J62P2,55,36335,56098,698,74,95.8,<30d,1-29,MW,Web,Federal,T8
JXTFDAW,54,35590,35222,521,179,104.6,>1yr,Current,NE,Web,Federal,T6
4539V2T,36,48598,68617,680,0,113.1,>1yr,30-59,MW,Web,Federal,T3
K4JYF9P,37,100170,73509,607,253,104.6,1-12mo,Current,MW,Agent,Federal,T4
5480087,34,61942,9434,693,178,99.8,Never,Current,W,Mobile,Consolidation,T5
OMGNMXC,59,55130,49951,850,177,96.8,1-12mo,Current,S,IVR,Federal,T7
WJZMAXT,54,57310,52892,718,134,101.3,<30d,Current,S,Web,Federal,T8
1FQWUQ4,36,50000,32224,665,141,97.2,1-12mo,1-29,S,Web,Federal,T7
FODLJ8Q,63,74783,36211,695,314,98.8,>1yr,60-89,W,Agent,Consolidation,T4
Y3FHJ0Y,47,39719,45726,669,144,106.3,<30d,30-59,S,Mobile,Consolidation,T8
5X8PQKG,22,44874,3467,761,396,96.1,1-12mo,60-89,W,Agent,Consolidation,T4
Z4002IG,26,81551,20326,675,416,101.1,1-12mo,30-59,NE,Mobile,Federal,T4
266943D,38,15000,66234,628,51,113.5,>1yr,30-59,S,Mobile,Consolidation,T3
2AHQL1B,69,17326,13556,683,187,108.9,Never,60-89,NE,Agent,Federal,T3
ZSRR116,52,75327,30807,640,293,98.1,<30d,1-29,W,Mobile,Consolidation,T4
TLY8ZDW,35,66026,59908,620,273,110.6,>1yr,60-89,MW,Web,Consolidation,T2
KV3071M,36,67268,42184,546,153,107.6,<30d,60-89,W,Agent,Consolidation,T8
U9DRB8O,70,49156,65758,736,271,98.1,>1yr,1-29,W,Web,Consolidation,T4
1W4DEXM,54,20500,33065,672,308,108.0,Never,90+,S,Mobile,Consolidation,T2
K994ZLI,52,73300,0,628,0,110.3,>1yr,30-59,MW,IVR,Federal,T3
NC2SZI1,29,91233,115795,734,212,105.4,<30d,30-59,MW,IVR,Federal,T8
S8BL8KV,34,63137,42824,698,323,114.2,1-12mo,30-59,NE,Agent,Consolidation,T2
QUX3D2O,61,62146,20915,685,0,109.8,1-12mo,30-59,S,Mobile,Federal,T3
HNQ90G3,49,24618,53922,706,159,108.6,1-12mo,30-59,S,Agent,Consolidation,T3
KR3Z0PN,69,73787,33610,740,77,104.7,1-12mo,1-29,NE,Mobile,Consolidation,T7
DSOH8LN,54,76338,60564,695,47,105.4,<30d,90+,MW,Mobile,Consolidation,T8
QCLNZ39,33,51110,89408,619,188,112.4,<30d,90+,MW,Mobile,Federal,T3
VEM2BS1,47,17142,65852,635,198,96.0,>1yr,Current,NE,Web,Consolidation,T6
C5GE3Y9,26,15000,58017,602,376,107.9,>1yr,60-89,S,Mobile,Consolidation,T2
XPFW2M2,64,41600,70126,591,114,103.7,>1yr,Current,W,Mobile,Federal,T6
QUMAPKI,49,59788,59511,683,115,111.2,<30d,30-59,W,IVR,Consolidation,T3
BRIAWW7,70,73679,19300,752,182,107.7,Never,30-59,S,Mobile,Consolidation,T5
8VJ4T57,55,64730,21977,655,266,96.0,Never,Current,NE,Agent,Federal,T4
8E0AEJE,44,31315,56433,661,333,98.9,>1yr,60-89,MW,Agent,Federal,T4
87OLLCM,60,63025,54375,675,229,105.3,<30d,30-59,MW,IVR,Federal,T8
SKK9XCS,44,55162,53912,767,397,96.3,>1yr,30-59,NE,Web,Consolidation,T4
O6NWV4D,31,60313,35358,763,415,106.6,1-12mo,60-89,NE,Mobile,Consolidation,T2
YVC0FR7,40,67584,75805,684,362,96.8,<30d,30-59,S,Web,Federal,T4
RZB34HZ,58,74927,43992,602,213,110.6,>1yr,60-89,MW,Mobile,Federal,T3
XH0LRXN,44,79973,42229,682,163,102.0,>1yr,Current,NE,Agent,Consolidation,T6
A41EQ2M,62,66022,72003,639,122,113.9,1-12mo,60-89,S,Web,Consolidation,T3
KBXR25G,39,64597,38574,618,0,101.9,1-12mo,Current,MW,Agent,Federal,T7
T97YG8A,28,58152,30867,771,72,98.0,>1yr,Current,S,Agent,Consolidation,T6
XESYAUY,65,66729,26320,688,48,107.4,1-12mo,30-59,S,Agent,Consolidation,T7
RR68JL1,64,24371,92095,713,242,96.7,>1yr,Current,S,Web,Consolidation,T6
7S4PHSA,43,84104,68389,720,256,99.0,>1yr,Current,MW,IVR,Federal,T4
Q51H02S,69,56649,26673,718,263,114.7,<30d,60-89,S,IVR,Federal,T2
XJYQDEP,55,34424,41506,634,287,95.3,<30d,Current,NE,Web,Federal,T4
R47Z1K1,67,74648,32895,743,230,114.6,>1yr,30-59,S,IVR,Federal,T3
YYVO138,56,41320,0,627,0,101.9,>1yr,Current,S,IVR,Consolidation,T6
5QK2K5S,57,69367,65336,644,97,109.2,1-12mo,60-89,NE,Mobile,Consolidation,T3
IW60KVK,38,51198,28987,701,0,106.7,1-12mo,30-59,W,Web,Consolidation,T7
R459P60,44,57003,86272,620,166,99.3,>1yr,Current,MW,IVR,Federal,T6
4WIC44Z,57,60153,47061,740,90,108.3,Never,30-59,W,Agent,Federal,T3
2D104RU,62,81853,58723,709,97,99.6,Never,Current,MW,Mobile,Federal,T5
PXG2N2D,48,57839,20534,665,43,100.4,>1yr,Current,MW,Agent,Consolidation,T6
SUFGH49,50,56181,26563,694,151,110.7,<30d,30-59,W,IVR,Consolidation,T3
J9839N3,55,52590,281,596,16,107.7,<30d,60-89,W,IVR,Consolidation,T8
JVYPSRN,39,73064,22961,716,85,102.1,<30d,Current,W,Mobile,Federal,T8
MYUE0I9,55,53584,41718,718,214,103.5,>1yr,Current,NE,IVR,Federal,T6
A59MVNN,69,62784,76081,682,240,99.4,<30d,Current,S,IVR,Consolidation,T8
49DILI4,52,60237,91302,607,281,104.2,>1yr,1-29,NE,Agent,Consolidation,T4
5J9WSTK,26,64713,79694,688,203,99.4,1-12mo,Current,W,Agent,Federal,T7
VHENEYI,41,15246,36671,761,91,100.3,Never,1-29,S,IVR,Federal,T5
1V58OXN,39,89547,51441,640,311,98.7,1-12mo,60-89,W,Agent,Consolidation,T4
22Q8N11,22,37645,22308,693,242,96.0,<30d,1-29,W,Mobile,Consolidation,T8
ZIBUP5V,40,15009,64014,635,139,113.7,>1yr,30-59,S,Mobile,Consolidation,T3
5Q59IQX,46,74970,67964,641,32,99.1,>1yr,1-29,S,Agent,Federal,T6
RKPJDZP,58,103196,59268,796,0,107.1,1-12mo,30-59,W,Mobile,Consolidation,T7
RPUGPWH,67,68389,7803,586,265,101.3,>1yr,1-29,W,Agent,Federal,T4
0ICF7JH,61,56944,69847,680,197,98.5,Never,Current,W,Agent,Federal,T5
U74MSSA,56,43245,0,657,204,103.4,>1yr,1-29,S,IVR,Consolidation,T6
D2BOV9F,62,39086,16328,695,257,99.5,<30d,Current,NE,Web,Consolidation,T4
OCEC9Y5,34,60570,37058,708,0,100.9,1-12mo,Current,S,Web,Consolidation,T7
TM3IDDU,54,66793,0,686,288,108.3,<30d,30-59,NE,IVR,Consolidation,T2
7AQCYBR,63,72232,59310,667,236,111.1,1-12mo,30-59,NE,IVR,Consolidation,T3
EGMD21Y,44,60544,50156,660,299,98.8,Never,Current,S,Agent,Federal,T4
LBSQXJV,50,112240,42104,733,204,106.6,>1yr,60-89,W,Web,Consolidation,T6
NQFTOMX,22,51100,21153,742,376,108.7,>1yr,30-59,NE,Mobile,Consolidation,T1
38MM5LZ,63,28949,31927,678,94,114.8,<30d,60-89,W,IVR,Federal,T3
O1JML20,36,106088,30915,660,371,103.2,<30d,30-59,NE,Web,Consolidation,T4
2UVGQAG,50,30267,37461,659,380,96.2,1-12mo,30-59,NE,Agent,Federal,T4
UN3JZGR,52,72645,73034,646,0,109.4,>1yr,60-89,MW,Web,Federal,T3
O677MHR,30,50323,38373,696,25,112.6,Never,30-59,W,Mobile,Federal,T3
NIPDFUQ,59,51809,48191,625,270,97.0,1-12mo,Current,W,Mobile,Federal,T4
GUGZM2B,65,44263,37900,683,0,108.1,<30d,30-59,NE,Web,Federal,T3
0CSU7MX,40,55225,25687,850,275,107.5,>1yr,30-59,NE,Agent,Federal,T2
5SYCX7W,32,46744,64224,678,139,95.1,>1yr,Current,NE,Agent,Consolidation,T6
ABCE7HA,61,43096,9465,630,307,98.3,Never,30-59,MW,Web,Federal,T4
89TPG4J,44,64129,7658,748,86,110.9,1-12mo,60-89,S,Web,Consolidation,T3
CU9P1EF,40,79149,54331,735,71,96.7,<30d,Current,MW,Agent,Federal,T8
WPQ5ZXI,48,76771,42434,751,420,113.7,<30d,30-59,MW,Agent,Consolidation,T2
QVOHEVB,38,66230,87966,758,224,105.7,>1yr,30-59,W,IVR,Consolidation,T6
1AL2W8O,38,44722,46468,551,499,110.8,Never,30-59,MW,IVR,Consolidation,T1
DHH48X0,62,51576,59959,668,110,106.1,Never,30-59,MW,Agent,Federal,T5
X3BIKAC,41,71108,65000,668,431,107.7,>1yr,90+,NE,Agent,Federal,T2
PY65Q75,31,50896,62541,730,528,106.6,Never,60-89,S,IVR,Federal,T2
EV12B96,58,80717,75854,716,9,101.8,Never,Current,W,IVR,Federal,T5
IDCUD58,58,78586,55417,767,165,102.8,>1yr,Current,W,Agent,Federal,T6
E0R3F82,57,94835,39266,658,173,106.8,<30d,60-89,NE,Web,Federal,T8
M6E5Y1X,62,53920,51771,691,65,102.9,<30d,Current,S,Agent,Consolidation,T8
5KA57OX,24,35136,46995,634,64,107.9,1-12mo,30-59,NE,Web,Federal,T7
UGD84UA,41,52071,24614,610,68,108.0,1-12mo,30-59,W,IVR,Consolidation,T7
2BM6I4N,57,69750,65438,684,139,105.0,>1yr,1-29,MW,Web,Federal,T6
UURA0N1,30,72652,44705,687,177,100.2,<30d,Current,NE,IVR,Federal,T8
8DALZN5,48,45264,26993,659,217,109.1,Never,30-59,W,IVR,Consolidation,T3
TWT7CSY,33,58725,23312,550,158,99.8,<30d,Current,NE,Web,Federal,T8
YKF21SS,43,65844,72121,740,72,111.3,<30d,60-89,W,Mobile,Consolidation,T3
H75CDZZ,68,49317,37102,785,224,112.6,<30d,60-89,MW,Mobile,Federal,T3
OPHNDDX,70,50078,12294,593,270,104.1,Never,Current,NE,Agent,Consolidation,T4
3FJFK9M,66,58007,36271,709,77,102.9,Never,Current,NE,Mobile,Consolidation,T5
8UX9SPK,68,74406,85236,624,282,110.9,>1yr,30-59,W,Web,Federal,T2
O5UCRYW,47,67292,7040,663,0,107.9,Never,30-59,NE,Agent,Consolidation,T5
IDU8A5Z,41,43431,34666,688,203,108.7,>1yr,30-59,NE,Web,Federal,T3
RX9VK3K,60,50221,59900,747,282,99.8,Never,1-29,S,Web,Consolidation,T4
FBSK2BL,63,37771,0,668,94,102.4,<30d,Current,MW,Web,Federal,T8
WJ1W3PW,36,82053,64517,691,253,102.1,1-12mo,1-29,NE,IVR,Consolidation,T4
2UDKIE4,47,86967,26379,778,325,97.8,1-12mo,60-89,S,Web,Federal,T4
8FZCVM3,31,69334,50592,689,0,107.7,Never,30-59,MW,Agent,Federal,T5
JG5QGZ9,35,62280,13701,686,416,114.0,>1yr,60-89,MW,IVR,Federal,T1
309G4JL,60,85821,2576,679,204,108.5,1-12mo,90+,NE,Agent,Consolidation,T3
754580G,25,76374,0,734,255,108.3,<30d,30-59,MW,IVR,Consolidation,T2
CG4Y9Z4,50,61914,31513,669,324,99.7,1-12mo,60-89,S,Web,Federal,T4
YL1SIET,35,69863,12799,668,25,96.7,>1yr,1-29,MW,Mobile,Consolidation,T6
ARVYWW7,53,87730,42516,667,70,98.6,<30d,Current,S,Agent,Consolidation,T8
BEAFWO7,25,64237,6312,631,397,113.4,<30d,30-59,S,Mobile,Federal,T2
EKMRW7V,33,66122,46043,693,152,97.9,<30d,Current,MW,Mobile,Consolidation,T8
99D2NLF,29,53641,21068,752,0,97.8,Never,Current,MW,Agent,Federal,T5
Y27OOXN,57,58288,32647,718,368,109.9,<30d,30-59,W,Web,Consolidation,T2
M4SIERY,43,81618,44334,663,92,104.0,1-12mo,1-29,NE,Agent,Consolidation,T7
5A2DTA3,37,54896,47447,611,167,108.6,1-12mo,60-89,W,Mobile,Federal,T3
RKSNTP1,67,85174,36358,717,151,103.9,<30d,Current,W,Web,Consolidation,T8
QHPKJ9Y,57,55467,37485,670,196,108.7,1-12mo,60-89,NE,Agent,Federal,T3
9BOK8ZP,61,81467,61703,769,61,108.4,>1yr,60-89,NE,Mobile,Consolidation,T3
YD858TD,59,64134,15272,733,0,108.6,1-12mo,90+,W,Web,Federal,T3
21XEWLY,54,54393,70393,754,27,97.2,>1yr,Current,W,Web,Federal,T6
212AZ4L,38,113683,54677,670,166,99.5,<30d,Current,MW,Web,Federal,T8
4Z0WTHU,25,93025,58154,779,524,103.0,1-12mo,60-89,MW,Web,Federal,T4
REFNLA8,36,50415,40382,684,0,109.4,<30d,60-89,W,Mobile,Consolidation,T3
LQ2O1RS,58,56773,18062,632,66,97.8,>1yr,Current,W,Mobile,Consolidation,T6
DUG2XT2,37,85358,68652,636,658,106.5,>1yr,60-89,S,Mobile,Federal,T2
23O65Z1,48,66767,39297,595,196,108.2,Never,90+,W,IVR,Consolidation,T3
IVHS0JA,32,54735,20137,689,60,111.9,<30d,30-59,NE,IVR,Consolidation,T3
EP3HSCK,32,57644,0,645,300,113.6,>1yr,60-89,S,IVR,Federal,T2
538UQJL,33,53271,28159,641,236,104.9,<30d,Current,NE,Agent,Consolidation,T8
5M280B5,60,77995,36611,695,246,98.6,<30d,Current,S,Web,Federal,T8
PJ3GB8O,32,81200,26016,604,40,108.4,>1yr,30-59,W,Web,Consolidation,T3
337AZ1N,41,84815,42356,610,352,113.8,<30d,60-89,NE,Web,Federal,T2
VTHHR8A,24,42802,12510,678,369,106.8,<30d,60-89,W,Agent,Consolidation,T2
3DBHS1B,60,55587,80614,618,176,109.1,Never,60-89,W,IVR,Federal,T3
JBUO7HH,63,35083,65339,688,0,103.3,<30d,Current,W,Agent,Federal,T8
MJCCGCE,43,52516,85722,821,199,107.6,<30d,30-59,MW,Agent,Federal,T8
JZLM143,29,49164,75794,790,0,107.2,Never,30-59,W,Agent,Consolidation,T5
PCYPE4H,25,49009,63777,717,0,98.2,Never,Current,S,IVR,Federal,T5
SRW7TQ7,67,68940,57065,626,222,112.7,1-12mo,60-89,W,Mobile,Consolidation,T3
ZSV8KGO,67,18680,45230,663,0,107.7,1-12mo,60-89,NE,Agent,Federal,T7
XQYFV72,38,52712,75992,571,112,103.9,1-12mo,Current,MW,IVR,Federal,T7
0GKF73Z,48,60681,5389,631,0,109.3,Never,90+,MW,Web,Federal,T3
1FC1XLO,24,15000,71458,676,87,99.9,>1yr,Current,MW,Web,Consolidation,T6
BZQNG4A,46,22188,26876,559,326,108.4,<30d,60-89,W,IVR,Consolidation,T2
CUPKW5U,61,50325,16300,710,19,99.5,>1yr,Current,MW,Web,Consolidation,T6
MTTPSUN,65,61988,32115,609,225,111.9,1-12mo,30-59,MW,Agent,Federal,T3
VUXRP8N,37,41936,90098,690,212,108.7,1-12mo,90+,NE,Mobile,Federal,T3
F9VXOOF,61,52700,60696,687,89,105.2,1-12mo,30-59,MW,IVR,Federal,T7
E6MWC89,47,55496,0,686,228,99.0,<30d,1-29,S,IVR,Consolidation,T8
FSOEPZ1,58,43680,24214,699,131,113.7,1-12mo,90+,S,Mobile,Consolidation,T3
I631EE3,26,23601,28644,718,192,104.2,1-12mo,Current,S,Mobile,Federal,T7
SE530FL,25,32258,73229,732,331,100.4,>1yr,60-89,MW,Web,Consolidation,T4
JS7I36R,43,57185,0,648,228,103.7,>1yr,Current,S,Mobile,Consolidation,T6
DA1W4AL,62,65301,16337,783,320,111.5,>1yr,90+,MW,IVR,Consolidation,T2
MYYFXOG,58,26273,7591,617,240,108.2,1-12mo,30-59,W,Mobile,Federal,T3
P3L1E47,38,55603,31888,784,125,106.2,>1yr,30-59,W,Agent,Consolidation,T6
SGENDQJ,25,55208,43661,607,38,101.8,Never,Current,W,Mobile,Consolidation,T5
0XTUP1C,44,98869,69509,674,56,100.7,<30d,1-29,MW,IVR,Federal,T8
OZIX8JI,49,51703,47109,661,56,98.3,Never,Current,MW,Agent,Consolidation,T5
EKEWUNV,43,27264,31816,622,163,103.3,Never,Current,NE,IVR,Federal,T5
MFZNV3C,49,43950,42715,753,0,110.2,<30d,60-89,MW,IVR,Consolidation,T3
2YEFT3P,31,77987,85072,694,148,114.2,<30d,60-89,MW,Agent,Federal,T3
ZI7RASB,43,28006,34582,650,112,105.7,<30d,60-89,NE,IVR,Federal,T8
5AD3QMR,62,91922,51218,641,181,104.8,1-12mo,Current,NE,Web,Federal,T7
GUEFEO9,66,58097,67485,790,144,104.4,<30d,Current,MW,Mobile,Consolidation,T8
M4C39CO,48,77972,36162,719,419,110.1,>1yr,30-59,MW,Mobile,Consolidation,T1
0Y8T4NR,51,37649,59390,753,196,102.5,>1yr,Current,W,Agent,Consolidation,T6
UNHS5NC,31,53500,11948,698,337,104.4,1-12mo,90+,W,Mobile,Federal,T4
WG6CI6D,24,58059,20560,687,292,102.4,Never,Current,NE,IVR,Federal,T4
FHJ6PYP,51,15000,19974,622,138,112.6,>1yr,60-89,MW,Mobile,Federal,T3
JNWQ2RR,42,15000,71302,703,121,99.5,>1yr,Current,NE,Web,Federal,T6
6UH2WYO,65,60671,29947,735,0,105.3,1-12mo,30-59,S,Mobile,Consolidation,T7
LJAKC8F,32,45057,12635,706,227,108.3,<30d,30-59,MW,IVR,Federal,T3
0L2UO51,60,70870,27662,662,143,114.0,>1yr,30-59,NE,Web,Consolidation,T3
TBTEHSJ,29,39654,46447,631,7,114.7,>1yr,60-89,NE,Web,Consolidation,T3
Z20F9RW,54,47253,85968,735,0,100.1,1-12mo,Current,W,Agent,Federal,T7
6HKSM4C,39,81493,28448,657,259,102.2,<30d,Current,S,IVR,Consolidation,T4
V82N7G2,64,104334,9005,748,230,106.0,Never,30-59,MW,Agent,Consolidation,T5
RKJYIR6,62,38520,6400,714,0,113.6,1-12mo,90+,NE,IVR,Consolidation,T3
NYGNRWX,53,72977,51316,781,191,108.7,>1yr,90+,MW,Mobile,Federal,T3
BPNY7RY,27,71154,7279,660,134,99.9,<30d,Current,W,Web,Federal,T8
5J10DAA,50,49014,75921,759,43,100.3,>1yr,Current,S,IVR,Consolidation,T6
RYO47ZQ,51,54703,40150,524,0,109.8,1-12mo,30-59,W,Web,Federal,T3
A7H456J,22,70219,6780,727,74,99.4,1-12mo,Current,MW,Agent,Consolidation,T7
AU5GWDH,41,59016,82558,694,49,114.6,Never,30-59,MW,Mobile,Consolidation,T3
Q9YU3AR,53,58733,23633,674,0,113.4,>1yr,60-89,NE,Agent,Federal,T3
CIP3GHR,43,49285,0,746,0,101.4,1-12mo,1-29,W,IVR,Federal,T7
FZVP23J,61,58472,34189,640,5,105.6,1-12mo,90+,MW,Agent,Consolidation,T7
5Z9WIWF,57,56029,69341,688,72,110.4,Never,90+,W,Web,Federal,T3
JYKK5UC,64,71305,25201,622,70,114.3,>1yr,30-59,MW,Web,Federal,T3
FTGUUBO,40,57157,48738,646,307,107.8,1-12mo,60-89,MW,IVR,Consolidation,T2
1QKN5HA,62,101040,21412,622,260,109.8,>1yr,60-89,NE,Agent,Consolidation,T2
5ECQSZR,64,60307,5776,602,285,101.3,1-12mo,Current,S,Web,Federal,T4
WEPFJD8,60,75299,80312,613,367,112.9,1-12mo,30-59,NE,Mobile,Consolidation,T2
XOJV4XF,25,65517,4087,693,0,100.6,<30d,Current,W,Web,Consolidation,T8
F53EFLB,35,74633,50592,642,254,97.4,<30d,1-29,W,Web,Consolidation,T4
SL69R48,60,39416,0,831,156,112.6,1-12mo,30-59,S,IVR,Consolidation,T3
XBDP1FS,26,21167,75383,551,42,109.4,Never,90+,S,Web,Consolidation,T3
T4BMJ7F,56,67671,55293,723,102,98.7,>1yr,Current,MW,Web,Federal,T6
JZNSJE2,60,66509,55108,686,265,103.6,1-12mo,Current,MW,Agent,Consolidation,T4
GSLOZ11,37,30461,35443,696,215,110.6,<30d,60-89,MW,Agent,Consolidation,T3
02OE6VG,22,48477,39025,755,286,101.3,1-12mo,Current,W,Web,Consolidation,T4
DM7J3EP,27,72227,59972,691,35,97.7,<30d,Current,S,Agent,Consolidation,T8
I9QDMOC,25,79231,5668,694,219,95.2,1-12mo,Current,W,Agent,Federal,T7
ZEGMEPC,35,15000,102912,713,0,109.9,<30d,60-89,MW,IVR,Federal,T3
GICV33Z,68,59669,29961,726,282,96.0,>1yr,Current,MW,Web,Consolidation,T4
WKJCPRT,29,86415,73407,771,235,105.8,Never,30-59,S,Mobile,Federal,T5
AALYG81,25,49674,27518,676,146,109.0,Never,30-59,S,Mobile,Consolidation,T3
OK9BIJ5,57,52409,4921,594,447,97.0,<30d,30-59,NE,Mobile,Federal,T4
1H926QA,45,55343,32349,782,365,95.8,<30d,90+,NE,Mobile,Federal,T4
B060V1K,58,62877,36877,666,170,107.6,>1yr,30-59,W,Agent,Federal,T6
6X9OW64,27,35473,37697,692,120,108.8,Never,30-59,S,Mobile,Consolidation,T3
NDEJDJV,62,63366,37154,721,38,98.6,>1yr,Current,S,Web,Federal,T6
9XDU28X,42,26804,35688,592,334,99.6,1-12mo,30-59,S,IVR,Federal,T4
V5VKHJB,24,50579,41189,770,30,110.6,>1yr,30-59,W,Agent,Consolidation,T3
OE0NVQR,65,56534,0,604,236,111.5,Never,60-89,NE,Web,Federal,T3
6VS74QM,51,40264,49877,785,431,107.1,1-12mo,30-59,W,Agent,Consolidation,T2
NNGBTMS,56,45102,44070,588,157,107.7,Never,30-59,NE,Agent,Federal,T5
MTL4JBV,47,54249,50938,697,0,108.2,<30d,60-89,W,IVR,Consolidation,T3
JAQD8BB,24,30162,10812,559,0,95.2,>1yr,Current,W,Agent,Consolidation,T6
1NY5SQQ,28,55286,13713,695,334,99.1,1-12mo,30-59,NE,IVR,Federal,T4
3D8GX7A,41,51953,43534,702,20,110.8,1-12mo,30-59,S,Mobile,Consolidation,T3
5YM0EBT,53,46841,42384,624,53,111.7,>1yr,30-59,S,IVR,Consolidation,T3
FDAKPG6,47,74452,27671,736,389,99.7,<30d,90+,S,Agent,Consolidation,T4
GYKUI0I,39,57483,74206,654,317,108.2,<30d,30-59,S,Agent,Consolidation,T2
WS1FVBA,64,40620,50635,702,342,101.8,>1yr,30-59,NE,IVR,Consolidation,T4
PSNZ2AY,26,61998,38933,536,159,110.1,<30d,90+,S,Web,Federal,T3
ZIA2CXR,36,93780,36267,654,354,109.2,Never,60-89,W,Agent,Federal,T1
D57QSWK,22,41048,53950,761,121,101.7,>1yr,1-29,S,IVR,Federal,T6
2GQGPEL,66,62999,51570,611,0,103.5,1-12mo,Current,W,IVR,Consolidation,T7
5BNLSMI,22,35107,61226,613,21,102.3,<30d,1-29,W,Mobile,Federal,T8
HEFZ9BN,66,65696,19261,546,162,102.4,<30d,Current,S,Mobile,Consolidation,T8
V2FN7PT,61,33993,0,626,63,108.1,Never,30-59,S,IVR,Consolidation,T3
87HK6PY,24,34152,43493,742,259,102.8,1-12mo,Current,W,Web,Consolidation,T4
3CYJT9H,63,71849,27221,583,113,97.1,<30d,Current,NE,Agent,Consolidation,T8
HCHWQL5,56,46839,87393,584,59,101.3,1-12mo,Current,W,Web,Federal,T7
WDY5Q8Y,23,37666,39510,659,283,96.3,<30d,Current,MW,IVR,Federal,T4
UX0SGRC,32,59776,57816,658,401,99.4,Never,30-59,MW,IVR,Consolidation,T4
XL3500O,68,90238,1159,659,119,95.6,>1yr,Current,W,Mobile,Consolidation,T6
91CA4V3,31,47491,54090,658,0,99.9,<30d,1-29,S,Mobile,Federal,T8
WOGQMP2,45,30721,49507,800,148,113.0,>1yr,30-59,NE,Agent,Consolidation,T3
KOEVP2M,35,81350,10008,632,16,111.9,1-12mo,30-59,NE,Agent,Federal,T3
YTL3GF9,49,72179,67660,745,413,107.2,Never,30-59,W,Agent,Federal,T2
YEOK5BX,54,57646,69492,761,43,111.7,>1yr,30-59,MW,Agent,Consolidation,T3
3V4RCLN,29,68062,73489,719,85,97.2,<30d,Current,W,Agent,Consolidation,T8
B477O7O,24,83190,20097,631,187,105.9,1-12mo,30-59,S,Mobile,Federal,T7
V1T6SNB,64,16606,26418,694,15,101.5,1-12mo,Current,S,Web,Consolidation,T7
LF260IE,27,63843,20584,664,0,114.1,1-12mo,90+,MW,Agent,Federal,T3
SKVTWM5,57,69655,24109,637,232,97.5,<30d,Current,S,Mobile,Federal,T8
JOYTDRE,67,34404,48719,621,169,110.6,<30d,30-59,MW,Web,Consolidation,T3
CE8TIQN,32,59824,19183,595,248,110.3,1-12mo,60-89,S,Agent,Federal,T3
KB7HMSY,29,108186,25253,728,428,110.1,1-12mo,60-89,S,IVR,Federal,T2
G4Y6YPC,60,70880,86677,665,315,97.2,<30d,30-59,W,Web,Consolidation,T4
4FHZHZT,58,82570,126314,691,199,98.3,>1yr,Current,NE,Agent,Consolidation,T6
UCNG2CZ,55,50764,65885,669,182,98.4,<30d,Current,MW,Web,Consolidation,T8
VL8VJT5,50,97548,56808,666,204,104.5,Never,Current,W,Mobile,Federal,T5
PSZS6QG,41,66943,81138,668,228,96.6,1-12mo,1-29,MW,IVR,Consolidation,T7
0BK9M8Z,31,62303,37260,648,239,95.1,<30d,1-29,MW,Web,Consolidation,T8
LMEXU5T,61,64513,74709,778,354,114.9,1-12mo,30-59,NE,Web,Consolidation,T2
6RT3DGS,46,70986,71610,637,51,103.9,<30d,Current,MW,Mobile,Consolidation,T8
UR1GNW6,33,42237,23790,680,421,95.2,Never,60-89,MW,Web,Consolidation,T4
531XIMU,41,73308,43687,646,0,101.8,Never,1-29,S,Mobile,Federal,T5
ZVYGAA4,44,70636,73064,596,521,95.9,<30d,30-59,MW,Web,Federal,T4
EYJGGOI,69,68241,10866,687,388,111.3,Never,30-59,S,Agent,Federal,T1
A6HDDA0,33,24206,36062,720,294,110.6,1-12mo,60-89,NE,Agent,Consolidation,T2
GE6IOJ8,47,50606,49680,733,183,114.1,1-12mo,60-89,MW,Web,Federal,T3
TFH08VJ,22,38231,71291,664,46,103.0,1-12mo,Current,MW,Mobile,Federal,T7
64V61EE,66,60138,19496,643,179,113.6,<30d,60-89,W,IVR,Consolidation,T3
NYOAW36,51,83196,75818,636,210,105.4,1-12mo,60-89,S,Agent,Consolidation,T7
0IVF8KD,24,47811,30525,595,266,114.7,Never,60-89,MW,Web,Federal,T2
IWZ5SCB,26,51039,68206,612,55,96.9,>1yr,1-29,S,Agent,Consolidation,T6
RYUTZCU,54,90766,95280,689,251,105.8,Never,30-59,NE,Web,Consolidation,T2
A2CDNIB,70,32932,62510,664,297,103.9,>1yr,Current,NE,Mobile,Federal,T4
36Z5BAF,30,21653,34083,681,506,113.7,<30d,60-89,NE,Web,Federal,T2
JLDKGBZ,59,45602,33731,758,175,103.5,<30d,1-29,NE,Web,Consolidation,T8
0K7JUHT,44,76693,77881,698,0,110.0,>1yr,30-59,W,Web,Consolidation,T3
QEEJ0MZ,42,65226,43629,598,55,112.1,Never,30-59,NE,Web,Federal,T3
JL7MGOH,39,29831,20909,695,0,102.3,>1yr,Current,S,Agent,Consolidation,T6
HNXOGG7,30,81584,69929,661,377,99.5,1-12mo,60-89,W,IVR,Consolidation,T4
DJ401JW,29,75483,38405,662,81,96.8,>1yr,1-29,W,Agent,Consolidation,T6
19Y98B4,49,69033,12026,760,168,96.9,1-12mo,Current,W,Agent,Consolidation,T7
RBPIY7P,46,69472,31699,530,331,97.6,>1yr,60-89,W,Agent,Consolidation,T4
922KWTR,45,59805,39250,637,38,113.8,<30d,30-59,W,Mobile,Federal,T3
EVTHO87,28,53792,29429,626,254,102.9,Never,Current,S,Web,Federal,T4
KPEQOAE,69,41293,43504,674,209,104.3,Never,Current,NE,Mobile,Consolidation,T5
RIGNA1Z,34,63521,22647,601,179,99.7,>1yr,Current,W,Web,Federal,T6
4IQL7ZU,47,77671,66903,673,0,111.3,1-12mo,60-89,S,Web,Federal,T3
4QLR3RG,37,72504,76124,740,0,101.7,Never,1-29,S,Web,Consolidation,T5
K13S5W2,48,54367,23320,625,326,109.2,1-12mo,60-89,MW,Mobile,Federal,T2
XSBVEZH,68,59255,52717,720,64,110.3,Never,30-59,MW,Agent,Consolidation,T3
JZN5C5I,67,34410,38355,595,271,98.6,Never,Current,W,IVR,Federal,T4
C7YEQGY,34,65052,40039,695,463,110.2,>1yr,30-59,W,Web,Federal,T1
1B870M1,44,32748,26518,797,258,104.8,<30d,Current,MW,IVR,Consolidation,T4
TXNOGCQ,46,85061,76224,759,330,100.0,<30d,30-59,W,IVR,Federal,T4
RIPSDGJ,64,74540,81928,689,0,109.5,<30d,30-59,W,IVR,Federal,T3
BG3DFOX,43,50165,45216,566,147,105.2,1-12mo,60-89,W,Agent,Consolidation,T7
I0LATE2,26,37392,84415,645,342,109.3,1-12mo,30-59,NE,Web,Consolidation,T2
ARRBDRB,31,45929,3446,735,603,102.7,>1yr,60-89,S,IVR,Consolidation,T4
F8H7LN6,66,62531,9754,640,222,112.9,>1yr,30-59,MW,IVR,Federal,T3
9FOYAND,57,42720,0,608,71,97.0,>1yr,Current,MW,Web,Consolidation,T6
Y3O7WU8,48,70543,91476,810,351,99.1,Never,90+,W,Agent,Federal,T4
8G14GE5,64,51837,18228,697,0,102.3,1-12mo,Current,NE,Web,Consolidation,T7
YKVODE1,60,63100,82916,669,0,109.1,<30d,60-89,MW,Mobile,Federal,T3
K08R0QE,68,71935,105354,713,154,104.4,<30d,Current,MW,IVR,Federal,T8
243LTE3,43,59054,49450,659,401,98.4,<30d,60-89,W,Web,Federal,T4
VM2V3E3,35,31248,34661,655,67,114.1,<30d,30-59,NE,Web,Federal,T3
85XMBV7,60,33242,41761,611,162,111.7,1-12mo,90+,W,IVR,Consolidation,T3
P9TZJ5M,53,77521,32477,695,126,97.6,<30d,Current,MW,Agent,Federal,T8
P5SAL7S,63,49932,30317,774,419,108.1,<30d,30-59,MW,Agent,Consolidation,T2
A4WXT3I,54,82220,6610,700,26,108.3,<30d,60-89,W,Web,Consolidation,T3
5931YTI,39,18332,90399,594,659,110.2,1-12mo,30-59,MW,IVR,Federal,T2
POZ73NY,54,61282,23343,719,120,111.2,>1yr,30-59,W,Mobile,Consolidation,T3
QGDBYU7,32,58874,37509,746,16,103.9,<30d,Current,S,Agent,Consolidation,T8
KXEGMX3,27,50016,53435,776,385,114.2,Never,60-89,S,Agent,Consolidation,T1
ERU4MVV,42,70376,13256,595,223,106.5,<30d,60-89,W,Web,Federal,T8
94M6KFM,37,86880,55013,761,127,99.0,>1yr,Current,S,Mobile,Consolidation,T6
2R9P3YO,24,92446,78877,850,105,95.9,1-12mo,1-29,W,Mobile,Federal,T7
44RBLLP,63,85046,64958,673,336,105.4,Never,60-89,MW,Mobile,Federal,T2
P8AAI51,61,77450,8908,696,102,101.6,<30d,Current,W,Web,Federal,T8
LDYO8IJ,56,63222,44104,736,375,97.5,<30d,60-89,S,IVR,Federal,T4
06KDBCK,33,79981,98275,815,120,100.3,<30d,Current,W,Agent,Consolidation,T8
CHYN8TW,69,55276,57011,651,323,107.1,>1yr,30-59,NE,Agent,Federal,T2
ZDBAADL,32,35197,91895,710,368,97.0,<30d,30-59,W,IVR,Consolidation,T4
IRORWWR,35,32406,0,644,151,109.2,1-12mo,30-59,MW,IVR,Consolidation,T3
TSBTWTA,42,45603,56878,645,57,108.5,1-12mo,90+,MW,Agent,Federal,T3
Y96T62Y,47,53240,24873,617,88,105.3,>1yr,30-59,W,IVR,Federal,T6
HQTSCQZ,25,45000,24849,683,171,107.0,Never,90+,NE,IVR,Federal,T5
5M6T2AB,54,83229,63765,631,142,96.0,1-12mo,Current,NE,Agent,Federal,T7
FV4DVRM,29,40296,44440,661,221,104.4,Never,1-29,MW,Mobile,Federal,T5
8DJ23JV,28,82101,9588,638,218,111.4,Never,60-89,W,Web,Consolidation,T3
JLMADVT,26,61336,71710,606,209,114.7,1-12mo,30-59,W,Web,Consolidation,T3
OUKAYMR,58,74079,12448,653,31,96.3,1-12mo,Current,W,Mobile,Consolidation,T7
W2DS6O3,39,68130,44949,583,250,114.9,Never,30-59,MW,Agent,Consolidation,T3
OHZSE3J,64,54385,21496,622,306,97.8,>1yr,30-59,NE,IVR,Consolidation,T4
AWQSI3H,31,40870,55297,725,125,112.8,<30d,30-59,S,Web,Consolidation,T3
6TIUYJQ,65,49204,33923,757,72,97.8,<30d,Current,W,Agent,Consolidation,T8
X4XSUOW,70,85653,60848,691,227,104.3,1-12mo,Current,S,Agent,Consolidation,T7
SD5D4LM,68,67322,39268,704,13,103.2,<30d,1-29,S,IVR,Consolidation,T8
FCG2YEM,67,69812,26949,748,215,109.6,Never,60-89,W,Web,Federal,T3
7EG00IO,52,57731,52465,638,0,95.1,>1yr,1-29,W,Mobile,Consolidation,T6
2A5GZ84,47,28769,44521,742,66,101.3,Never,Current,W,IVR,Consolidation,T5
VQTG5DT,25,20219,22812,807,97,110.9,Never,30-59,W,Web,Consolidation,T3
IPZ2SND,67,42970,21825,713,85,109.7,Never,30-59,NE,Agent,Federal,T3
THBDRPJ,33,50925,63558,756,138,97.1,>1yr,Current,NE,Mobile,Consolidation,T6
CT643VS,63,37970,30278,656,357,105.8,Never,30-59,S,Web,Federal,T2
WZV9WGJ,64,51679,25291,603,20,108.6,Never,60-89,NE,IVR,Federal,T3
RJQB01E,56,60637,105194,684,92,97.5,<30d,Current,MW,IVR,Federal,T8
S3YQPNN,44,68247,54052,733,2,108.3,1-12mo,60-89,W,Web,Consolidation,T3
0DDLOLG,48,62854,89684,630,34,111.8,1-12mo,60-89,MW,Web,Consolidation,T3
OOVSEBA,30,80062,82868,710,200,112.9,>1yr,30-59,NE,Web,Federal,T3
RPSBIZF,59,35069,0,655,294,113.9,<30d,30-59,W,Web,Consolidation,T2
U5XA7CY,39,46131,76414,611,86,98.6,<30d,Current,NE,Web,Federal,T8
U48K0EP,28,22378,13729,652,273,103.1,1-12mo,Current,S,Agent,Consolidation,T4
DQN47TO,50,54965,68272,652,117,106.5,<30d,60-89,W,Web,Consolidation,T8
PDOI0JG,32,80694,77059,649,153,108.5,>1yr,60-89,S,Agent,Federal,T3
U9JY782,64,84296,38455,752,0,111.6,>1yr,60-89,MW,Web,Federal,T3
AO41SAV,23,57029,39852,665,342,102.2,<30d,90+,MW,IVR,Federal,T4
JCUVZP7,60,15000,41619,633,231,109.8,Never,90+,MW,Mobile,Consolidation,T3
KEHF376,32,61983,58664,664,148,114.5,Never,90+,W,Web,Consolidation,T3
C3IOGDX,65,44864,52455,650,99,110.4,1-12mo,30-59,S,Web,Federal,T3
95EX9Z2,40,63101,45344,696,161,96.6,<30d,Current,S,Web,Federal,T8
QCGTO9W,47,29092,59346,742,0,110.1,1-12mo,60-89,NE,Mobile,Consolidation,T3
CKT7PK8,25,51683,60778,605,223,108.5,<30d,60-89,NE,Agent,Consolidation,T3
VI7AXJG,59,34323,14509,590,414,112.5,Never,60-89,MW,Web,Federal,T1
OP8LDES,57,50836,43662,687,111,97.9,1-12mo,Current,MW,Agent,Consolidation,T7
Z4U7Y4P,47,33171,22580,586,2,113.7,Never,60-89,NE,Web,Consolidation,T3
EWTXXGH,23,43807,99700,776,329,101.6,Never,30-59,W,Web,Federal,T4
AZZN0AV,54,69395,51922,638,207,97.5,Never,Current,W,Agent,Consolidation,T5
TCAT3W7,51,50820,72959,657,261,108.4,1-12mo,60-89,W,IVR,Federal,T2
FPQ43CD,69,99120,24785,619,203,113.8,<30d,90+,S,Web,Federal,T3
MJWOKAO,42,43491,0,637,426,106.2,>1yr,60-89,W,Mobile,Consolidation,T2
B3I0G0G,32,81178,68093,712,323,99.2,1-12mo,30-59,MW,Agent,Consolidation,T4
SQGF0DI,38,66881,51272,627,267,109.1,Never,30-59,MW,Agent,Consolidation,T2
5X3KTAZ,49,53973,46197,631,283,105.6,Never,90+,NE,Agent,Federal,T2
OH9GZO8,49,46539,52520,628,154,107.6,Never,60-89,NE,IVR,Consolidation,T5
TP2R87N,28,30267,75360,637,182,103.4,Never,Current,S,Web,Federal,T5
C8G368Z,27,68179,28680,823,0,107.9,1-12mo,30-59,S,Mobile,Federal,T7
4NCLZGY,37,47064,0,792,339,102.2,1-12mo,30-59,MW,Web,Consolidation,T4
BUU2G8Z,64,20903,18603,580,395,104.4,1-12mo,90+,W,Web,Consolidation,T4
KBDXGY0,39,49748,29846,685,0,108.0,>1yr,30-59,MW,Agent,Consolidation,T6
ATZA3J5,53,25078,35941,527,381,100.1,<30d,60-89,W,IVR,Consolidation,T4
UENU0O9,27,55866,18588,607,110,99.3,1-12mo,Current,NE,Web,Consolidation,T7
EEBS8FR,33,41315,15847,600,307,104.8,1-12mo,60-89,S,Agent,Consolidation,T4
KFP69ZZ,45,98238,78315,701,282,100.6,1-12mo,1-29,NE,Web,Federal,T4
K66X06X,67,25641,58676,633,99,102.4,>1yr,Current,W,IVR,Consolidation,T6
XXJ8PQ7,22,69907,91106,689,314,99.5,>1yr,30-59,NE,Agent,Consolidation,T4
FLMBH6R,46,41895,42027,705,119,95.8,Never,Current,W,Mobile,Consolidation,T5
25JOQKK,53,53858,32400,666,303,111.9,<30d,30-59,W,IVR,Federal,T2
N1EXU14,40,49613,35520,659,230,103.4,<30d,Current,W,IVR,Consolidation,T8
KFP3T92,37,36979,54574,706,335,114.5,<30d,30-59,MW,Agent,Federal,T2
PMOXJDH,27,58296,58343,663,78,109.4,>1yr,60-89,MW,Agent,Consolidation,T3
V21U27L,52,57826,40067,677,150,111.4,>1yr,30-59,W,Mobile,Consolidation,T3
37UQDV0,57,73064,77137,732,184,110.3,>1yr,90+,S,IVR,Federal,T3
J8WIEI0,34,50959,54581,615,320,105.8,<30d,30-59,MW,IVR,Consolidation,T2
BAQVDHL,70,78081,1725,590,217,98.1,Never,Current,S,Web,Consolidation,T5
U5XX1OP,50,79963,49561,625,182,104.7,<30d,1-29,MW,IVR,Consolidation,T8
A8XIRK1,25,39983,8257,556,235,107.8,>1yr,60-89,MW,IVR,Consolidation,T6
MTO4TMM,29,39243,56987,646,286,103.9,>1yr,Current,NE,Web,Federal,T4
MD8F7BX,59,40025,31559,704,21,105.9,<30d,90+,S,Web,Federal,T8
T4ZX05I,70,30375,2002,683,163,110.2,Never,30-59,W,Agent,Consolidation,T3
FGK5WYL,47,35583,25060,675,446,105.5,Never,30-59,W,Mobile,Consolidation,T2
YDOQ83X,64,84653,42037,739,0,99.2,>1yr,Current,S,IVR,Consolidation,T6
1E8KBP2,44,45942,47477,564,127,113.1,>1yr,30-59,S,IVR,Consolidation,T3
F3OWRUL,52,65309,79788,768,352,107.7,<30d,30-59,NE,IVR,Federal,T2
8KO5DQZ,56,31129,14203,683,221,100.5,Never,1-29,S,Agent,Federal,T5
Y6VGK5I,52,67661,89101,540,125,102.4,>1yr,Current,S,IVR,Federal,T6
FPKFQ0J,56,49327,33042,720,310,101.7,1-12mo,60-89,W,Web,Consolidation,T4
G20JX5U,25,76738,33074,801,297,97.7,<30d,Current,W,Web,Federal,T4
FP4BXQ2,63,38148,44300,699,333,109.1,<30d,30-59,S,Agent,Consolidation,T2
KQ7JI07,51,53993,39506,579,127,96.4,<30d,Current,MW,Mobile,Federal,T8
I8SBN5E,57,76698,31311,647,210,113.9,Never,90+,NE,Agent,Consolidation,T3
UHPKF8U,47,18499,27630,646,0,103.1,Never,1-29,MW,Web,Consolidation,T5
401EOV4,22,23664,54003,713,123,98.5,Never,1-29,MW,Agent,Consolidation,T5
WR44EFG,25,66570,75008,634,0,99.1,1-12mo,Current,S,Web,Federal,T7
HADDB66,34,46028,63510,733,0,113.9,>1yr,90+,NE,Mobile,Consolidation,T3
RUVH3UJ,60,23516,60223,710,435,101.9,Never,30-59,W,Mobile,Consolidation,T4
IQ35A7Z,61,22189,39030,721,106,111.5,Never,30-59,MW,Mobile,Federal,T3
ZY4J1ID,52,17884,47297,642,209,112.6,Never,90+,MW,Agent,Consolidation,T3
PDF4SV3,64,65070,35255,716,19,105.8,<30d,30-59,MW,Agent,Consolidation,T8
WW2LTJ0,64,48264,907,638,233,103.7,<30d,Current,MW,Web,Consolidation,T8
9L7APWR,40,56795,9890,554,312,97.6,1-12mo,30-59,S,Agent,Consolidation,T4
1U786XX,32,52624,71263,684,254,96.7,1-12mo,Current,MW,Agent,Federal,T4
ROV3GE1,36,53000,23291,651,29,104.6,1-12mo,Current,W,Web,Consolidation,T7
QXL545G,57,23129,55414,765,27,99.2,<30d,Current,S,IVR,Federal,T8
GU6QP9Q,28,69229,77931,788,362,108.6,1-12mo,30-59,W,IVR,Consolidation,T2
J6PMQRH,26,62329,80487,630,233,113.8,<30d,30-59,S,Mobile,Consolidation,T3
CNSUTCJ,38,47988,14719,733,347,113.8,Never,30-59,NE,Web,Consolidation,T2
YV10EF1,25,40700,47811,631,190,102.8,Never,Current,MW,IVR,Consolidation,T5
6HLD7XD,28,43746,42728,679,76,110.5,Never,30-59,MW,Web,Federal,T3
AZEQ79D,47,51658,48147,725,285,104.7,1-12mo,Current,W,Mobile,Federal,T4
AED2VRE,24,80046,52801,707,236,98.1,Never,1-29,NE,IVR,Consolidation,T5
O689BM6,54,76940,0,713,41,98.7,<30d,Current,W,Web,Federal,T8
XL2DSTQ,38,40830,33367,711,123,113.4,1-12mo,30-59,NE,Agent,Federal,T3
AYKV27G,50,56645,23200,685,284,108.8,Never,60-89,NE,IVR,Consolidation,T2
LCTNXSV,64,77594,51736,664,212,107.8,<30d,30-59,MW,Web,Federal,T8
4TYP7MD,30,52273,10273,690,369,102.1,>1yr,60-89,NE,IVR,Consolidation,T4
QRCLEKA,46,44956,56565,727,420,110.9,Never,60-89,MW,Web,Consolidation,T1
COL89MY,70,61500,88416,788,316,115.0,<30d,90+,S,Web,Federal,T2
PDI3X85,22,62339,100026,716,164,107.0,1-12mo,30-59,MW,Mobile,Consolidation,T7
H8XAACV,26,51081,53756,738,119,102.1,>1yr,Current,W,IVR,Federal,T6
IR5PIV9,32,52354,41845,770,143,96.2,<30d,Current,MW,Mobile,Federal,T8
U130KWM,45,52024,37878,698,127,111.9,Never,30-59,NE,Web,Federal,T3
JN2AW0X,25,85014,33371,753,233,99.4,<30d,Current,MW,Mobile,Federal,T8
ZCCCAOL,30,28415,92285,539,238,101.5,Never,Current,NE,IVR,Federal,T5
LBWOMFV,56,67352,30892,607,572,109.4,Never,30-59,NE,Agent,Federal,T1
MU2BDTQ,37,76862,63477,743,22,103.3,>1yr,1-29,MW,Mobile,Federal,T6
F02T0Q8,45,69330,58925,711,0,107.0,Never,30-59,MW,Agent,Consolidation,T5
V79UKQ8,61,16132,42294,650,561,101.5,>1yr,90+,W,Mobile,Federal,T4
QE7RRQR,56,52894,43396,736,148,110.5,1-12mo,90+,NE,Web,Consolidation,T3
NJBZMST,39,55819,43089,666,167,107.7,>1yr,30-59,S,IVR,Consolidation,T6
G32HFHL,42,15000,37093,677,0,113.9,Never,30-59,MW,Agent,Federal,T3
6ZXN29J,40,58149,2788,614,403,114.2,Never,60-89,MW,Web,Federal,T1
18CWRYO,22,82014,29718,842,0,105.3,Never,30-59,W,IVR,Consolidation,T5
2XKR2T9,52,47290,60423,734,142,101.4,Never,Current,MW,Agent,Federal,T5
8TL9ELG,25,44640,84451,676,238,99.2,<30d,Current,W,IVR,Federal,T8
ONSSDZO,63,76188,11631,695,0,96.7,1-12mo,Current,S,Mobile,Consolidation,T7
NWNWAB4,54,59425,60527,612,0,109.1,1-12mo,30-59,W,Web,Consolidation,T3
LLWBGZY,58,42751,30727,633,122,108.6,Never,30-59,S,IVR,Consolidation,T3
DZC8DT7,42,59348,66499,751,125,107.2,1-12mo,30-59,NE,Agent,Federal,T7
GBKVHH2,68,58775,15385,745,0,114.9,>1yr,30-59,MW,Agent,Federal,T3
8XYFW44,30,55802,16791,649,100,100.0,>1yr,Current,NE,Mobile,Consolidation,T6
W1NJB3Z,35,51017,17150,661,441,108.3,Never,90+,S,Agent,Consolidation,T1
FGZC4GN,68,71167,42283,698,411,97.1,1-12mo,60-89,NE,IVR,Federal,T4
F5T415S,30,65339,63967,656,286,114.1,<30d,30-59,NE,Web,Federal,T2
FU1K7N9,65,41449,49884,714,103,107.6,1-12mo,30-59,W,IVR,Federal,T7
Y1HZBF7,58,31248,64949,697,43,112.0,1-12mo,30-59,NE,Agent,Consolidation,T3
PMAW1EW,49,34320,52397,744,53,97.0,1-12mo,Current,NE,IVR,Consolidation,T7
DTZDEV7,57,58398,18483,775,215,109.1,<30d,30-59,MW,IVR,Consolidation,T3
0T0Z0NE,64,82246,38190,694,248,110.7,<30d,90+,W,IVR,Consolidation,T3
04RP2TA,37,48144,44069,630,218,106.1,1-12mo,60-89,MW,Mobile,Federal,T7
NHJJS1U,31,31879,55132,660,313,109.3,1-12mo,90+,S,Agent,Consolidation,T2
RIO0QLP,28,47412,47828,621,0,113.0,<30d,90+,S,Agent,Consolidation,T3
D4F8SOW,59,83786,54243,704,0,102.9,>1yr,Current,MW,Web,Federal,T6
U8NU4VE,49,48739,29993,623,0,99.1,<30d,Current,S,IVR,Federal,T8
1U3PT7I,62,62795,36883,733,0,105.3,>1yr,30-59,W,Agent,Consolidation,T6
0J7GV5P,45,66110,8059,650,40,111.1,Never,60-89,MW,Agent,Consolidation,T3
DRXYS4T,37,83163,16886,606,64,96.6,<30d,1-29,W,IVR,Federal,T8
2FOGVAW,58,32841,0,657,212,105.4,1-12mo,30-59,S,Web,Federal,T7
XZWWIM2,55,53527,21019,702,134,109.3,>1yr,90+,MW,IVR,Consolidation,T3
TR5GB0V,46,80470,2354,731,292,103.6,<30d,Current,S,Web,Consolidation,T4
TMDADGA,58,69212,30344,633,48,96.9,1-12mo,Current,W,Agent,Federal,T7
BLWCK4B,34,23053,95178,713,0,113.3,1-12mo,90+,NE,Mobile,Federal,T3
8O15TK5,29,36542,61817,670,318,100.6,>1yr,30-59,W,Agent,Consolidation,T4
ITQH6BR,66,62919,82292,746,208,101.6,<30d,1-29,W,Mobile,Federal,T8
VTD6DNN,44,60431,44507,637,249,99.3,<30d,Current,MW,Mobile,Federal,T8
LLLUX5M,36,56268,10709,654,115,106.9,>1yr,60-89,MW,Mobile,Consolidation,T6
9U8M1CK,68,44760,23294,656,161,105.7,<30d,30-59,W,IVR,Consolidation,T8
SWXWN9H,50,26359,43081,682,370,109.5,1-12mo,30-59,MW,IVR,Consolidation,T2
0SSIUUW,27,50141,55023,602,347,113.6,>1yr,60-89,NE,Mobile,Consolidation,T2
WILS385,25,77199,63067,634,0,109.2,Never,30-59,MW,Agent,Federal,T3
WASP38Z,67,85489,41231,585,289,98.3,Never,Current,S,IVR,Consolidation,T4
ASOXSCP,38,82736,9403,621,291,112.9,1-12mo,60-89,NE,Agent,Federal,T2
2CWDE10,47,63644,46971,723,263,112.4,Never,30-59,S,Mobile,Consolidation,T2
ENZMOWG,50,37797,80066,634,280,103.7,<30d,1-29,NE,Web,Federal,T4
2QGN3L8,23,55180,95542,674,360,99.7,1-12mo,60-89,MW,Mobile,Federal,T4
AIK1ZH9,31,81110,21221,699,253,95.7,>1yr,1-29,W,IVR,Federal,T4
5LD8TJ9,49,61979,46695,723,248,102.6,Never,Current,NE,Agent,Consolidation,T5
OHL9OX0,66,82775,35885,689,172,108.8,>1yr,60-89,NE,Web,Federal,T3
SMHH429,46,51775,60960,768,265,111.8,>1yr,60-89,W,Agent,Consolidation,T2
D4MAJZY,25,72982,46959,680,4,95.6,<30d,Current,MW,Web,Federal,T8
7D52FH0,48,34663,19411,554,215,110.5,>1yr,30-59,W,Web,Federal,T3
VBYBDSI,43,50714,49995,728,122,113.2,1-12mo,30-59,NE,Agent,Federal,T3
QO29MXF,68,71658,24375,617,227,108.7,Never,30-59,NE,IVR,Federal,T3
XC4EJ37,49,55214,51488,677,325,107.5,1-12mo,60-89,S,Mobile,Federal,T2
CZW31PW,69,41885,32211,755,0,97.7,Never,Current,MW,Mobile,Federal,T5
R5XVXHF,58,65695,39326,681,144,104.2,1-12mo,Current,W,Mobile,Consolidation,T7
NILCPOH,57,54834,47190,795,429,98.7,<30d,60-89,S,IVR,Consolidation,T4
UFMG9SK,48,63017,23767,732,211,113.5,>1yr,30-59,NE,Web,Consolidation,T3
CUV8VJE,36,37250,457,746,307,99.8,<30d,90+,S,Agent,Consolidation,T4
PJOD0GT,67,54295,27023,719,0,103.5,1-12mo,Current,S,Agent,Consolidation,T7
99L1S9Y,58,43976,56902,576,45,114.6,>1yr,60-89,MW,Web,Consolidation,T3
Z4A7UQR,36,60422,12899,568,220,113.8,Never,30-59,MW,Agent,Consolidation,T3
G2MI2ZD,65,42723,74258,792,0,114.1,<30d,90+,MW,Mobile,Federal,T3
ARN2ZVF,26,67206,73893,694,289,109.2,Never,60-89,W,Mobile,Federal,T2
0BI6FOK,40,54808,58411,666,203,112.7,Never,30-59,MW,Agent,Federal,T3
GODRDIV,24,26937,51007,623,329,99.8,<30d,90+,S,Mobile,Consolidation,T4
XD9PTTB,62,77610,41941,728,625,100.1,1-12mo,90+,S,Web,Consolidation,T4
TIMKNQH,55,44195,48114,654,149,110.8,Never,30-59,MW,Mobile,Consolidation,T3
IJB6M5V,64,72599,18208,715,409,100.7,1-12mo,90+,S,Web,Consolidation,T4
MV4CH17,23,25691,43497,746,260,115.0,Never,30-59,NE,Web,Consolidation,T2
WK21EWM,51,42421,15546,663,246,96.3,1-12mo,Current,S,IVR,Consolidation,T7
4ZUE9OX,25,66482,56196,717,150,95.1,<30d,Current,W,IVR,Federal,T8
IU3DGIN,43,64153,39347,730,50,113.0,>1yr,60-89,S,Web,Consolidation,T3
ILKNZAJ,32,62658,73757,668,47,105.5,>1yr,30-59,W,IVR,Consolidation,T6
6AMTOAQ,24,18833,33390,670,100,100.1,>1yr,1-29,W,IVR,Federal,T6
L07UWV7,39,43018,22932,733,288,100.0,Never,Current,MW,Agent,Federal,T4
WHAIX3J,64,21314,39820,631,0,101.5,<30d,Current,W,IVR,Consolidation,T8
XFYSDEI,65,23277,111919,632,335,108.9,1-12mo,60-89,MW,Web,Federal,T2
IS5RSND,55,74943,40996,718,0,101.2,Never,Current,W,Agent,Federal,T5
AF1RZVB,64,78293,65079,704,224,102.9,>1yr,Current,W,IVR,Consolidation,T6
ROKRA3C,63,65777,76071,602,139,105.9,Never,30-59,MW,Web,Consolidation,T5
HDHXPP8,58,54352,0,823,189,103.7,>1yr,Current,W,Mobile,Consolidation,T6
S595WHI,26,36199,69395,576,268,110.1,Never,30-59,NE,Agent,Consolidation,T2
U9MDWX8,56,36361,112299,615,240,112.9,1-12mo,30-59,W,Agent,Federal,T3
N5W6TSN,29,42078,45437,720,1,112.4,>1yr,30-59,MW,Mobile,Federal,T3
WFIM41C,64,49527,61542,668,359,110.0,1-12mo,30-59,MW,Web,Federal,T2
JLLCYOO,61,53741,52698,601,370,112.2,1-12mo,90+,NE,IVR,Consolidation,T2
VQQHSUA,39,59659,0,657,341,112.4,1-12mo,90+,S,Web,Consolidation,T2
IF7UX69,59,32652,87317,683,121,99.3,Never,Current,W,Web,Consolidation,T5
ZP0V0WR,64,58881,52377,738,260,109.8,1-12mo,30-59,W,IVR,Federal,T2
01RBPIV,47,52581,18836,814,124,113.5,<30d,30-59,W,Agent,Federal,T3
WS05M50,40,55658,33925,707,195,99.3,1-12mo,Current,NE,IVR,Federal,T7
C3L7OL3,31,41587,53413,683,363,111.7,<30d,30-59,S,Mobile,Federal,T2
DGH6656,58,44067,48919,668,212,97.1,Never,Current,NE,IVR,Consolidation,T5
3J1MRM1,55,16176,58787,580,204,103.8,>1yr,Current,NE,Mobile,Federal,T6
W8UW9ZA,64,94229,421,673,299,100.5,1-12mo,1-29,S,Mobile,Consolidation,T4
D3IIBM8,33,52497,44158,685,209,105.7,>1yr,60-89,NE,Mobile,Consolidation,T6
U07TVVC,60,77842,30411,728,0,101.8,<30d,Current,NE,Web,Consolidation,T8
O9D3K3X,24,62719,30052,757,57,108.9,Never,30-59,W,Agent,Consolidation,T3
M4TMO2G,51,32455,34787,728,198,98.5,<30d,Current,MW,Agent,Federal,T8
FDYZGO4,62,60870,51424,675,106,104.7,Never,Current,S,IVR,Federal,T5
B6U6OXA,26,33454,19549,694,246,113.9,<30d,30-59,NE,IVR,Consolidation,T3
Z1NC7YJ,26,15000,5664,750,301,104.9,<30d,30-59,NE,Mobile,Consolidation,T4
HEIFBV1,32,60272,42999,735,289,100.6,Never,Current,MW,Agent,Consolidation,T4
BPCOKAU,22,43747,14120,683,282,112.3,Never,60-89,MW,IVR,Consolidation,T2
P9KO7PL,69,57503,24266,687,0,113.1,Never,30-59,S,Web,Consolidation,T3
GR14HMH,41,62683,27438,850,273,104.4,Never,1-29,NE,IVR,Consolidation,T4
NINR91O,48,77810,56284,675,370,102.9,Never,60-89,W,Web,Federal,T4
96LUQXK,24,76202,111742,672,351,96.1,>1yr,30-59,S,Agent,Federal,T4
KA9N1Q8,64,51042,35134,692,218,100.1,<30d,Current,MW,Mobile,Federal,T8
NAHYV0K,65,57044,42984,705,128,100.5,1-12mo,Current,W,Agent,Consolidation,T7
EYLJGXS,42,31982,14605,761,155,108.5,<30d,30-59,S,Agent,Consolidation,T3
S1G7NHT,42,82224,44065,711,437,104.3,>1yr,30-59,NE,IVR,Consolidation,T4
4TP4W73,39,48690,73725,603,286,98.2,1-12mo,Current,MW,Web,Consolidation,T4
CO0K13D,39,70551,0,748,437,113.7,1-12mo,60-89,MW,Agent,Federal,T2
204U9XR,53,38365,54350,738,0,110.2,>1yr,60-89,S,Agent,Federal,T3
EQ53X3O,57,58467,31506,707,0,106.7,1-12mo,30-59,W,Mobile,Federal,T7
XMU3PZZ,28,25930,52126,768,206,114.5,>1yr,30-59,S,IVR,Consolidation,T3
FI9LCYX,32,91920,31990,784,32,97.8,>1yr,1-29,MW,Agent,Consolidation,T6
DZUI9RB,65,64193,43603,621,252,105.8,>1yr,90+,MW,IVR,Consolidation,T2
FP5EA1V,42,49226,74244,542,171,113.8,Never,30-59,NE,Web,Consolidation,T3
QGJEN94,50,38807,40377,741,67,103.7,1-12mo,Current,MW,Agent,Consolidation,T7
7R25O0D,51,50957,61341,643,367,114.9,>1yr,60-89,NE,Mobile,Federal,T1
WWYNC0R,30,59945,22108,675,118,107.8,<30d,30-59,S,IVR,Consolidation,T8
3Z00VLR,32,53705,6374,747,189,96.3,Never,1-29,S,IVR,Federal,T5
CU7Z5KK,48,53717,18690,730,248,109.2,>1yr,30-59,MW,Web,Consolidation,T3
FH4QWQX,43,38378,58338,799,454,97.2,>1yr,60-89,NE,Web,Federal,T4
7TMV5A0,57,32609,6210,740,512,95.1,<30d,30-59,S,Agent,Consolidation,T4
LE4HMTX,25,51982,12001,545,138,97.3,>1yr,Current,W,Mobile,Federal,T6
VCWA7QF,53,51500,11190,642,227,101.3,>1yr,Current,S,Mobile,Federal,T6
ZGP5M5W,27,50587,50012,721,40,107.2,Never,30-59,W,Mobile,Consolidation,T5
IVUJU7N,51,76091,61378,718,228,99.6,1-12mo,1-29,NE,IVR,Consolidation,T7
LYNTWYB,35,53209,12910,691,122,104.0,Never,1-29,W,Agent,Federal,T5
4PUVFA2,33,38870,72058,666,203,104.1,Never,Current,NE,Mobile,Consolidation,T5
KRGAV9E,25,59589,53517,613,214,112.6,Never,30-59,S,Web,Federal,T3
EGU84S1,58,50010,40773,646,388,102.5,>1yr,60-89,MW,Agent,Consolidation,T4
SNDFN7J,55,50832,67213,684,206,100.8,<30d,Current,NE,Agent,Federal,T8
XNMWWVG,43,44087,50901,762,139,110.5,1-12mo,90+,W,IVR,Consolidation,T3
JPBJIPA,39,44630,69192,541,183,96.8,Never,1-29,MW,Mobile,Consolidation,T5
MHD4F0M,43,82448,55976,670,0,99.5,>1yr,Current,W,Web,Consolidation,T6
M2PLN3Y,25,38530,18503,698,302,113.6,<30d,30-59,W,Mobile,Consolidation,T2
TK70U9P,35,49765,52752,735,282,105.0,1-12mo,Current,W,Web,Federal,T4
ZDX186J,22,65912,63345,757,5,101.0,>1yr,Current,W,Web,Consolidation,T6
MAC643K,67,40702,59946,736,0,102.5,1-12mo,1-29,MW,Mobile,Federal,T7
T9DSU50,47,72106,43528,605,171,102.9,<30d,Current,MW,Agent,Federal,T8
AVGL6NQ,45,53817,7628,713,273,106.9,<30d,60-89,W,Web,Federal,T2
652LCWG,66,72116,43386,786,403,108.7,1-12mo,30-59,W,IVR,Consolidation,T2
15R6665,59,89607,13267,749,236,97.0,1-12mo,1-29,W,Web,Consolidation,T7
JEBAU57,49,34011,0,593,178,109.7,Never,30-59,W,Agent,Consolidation,T3
Z2PC5ST,61,63335,48305,716,280,100.0,>1yr,1-29,W,IVR,Consolidation,T4
7KGIJAE,25,53920,123402,623,44,114.3,<30d,30-59,W,IVR,Federal,T3
FQIU4LA,36,41053,41860,618,107,98.8,<30d,Current,NE,Mobile,Federal,T8
8MAD6AC,42,53540,48336,638,114,104.1,>1yr,1-29,NE,Mobile,Federal,T6
JG4Y5EG,64,53004,18060,646,349,109.4,>1yr,60-89,W,IVR,Consolidation,T2
UFO7BNW,68,69170,38076,699,17,105.9,>1yr,60-89,W,Mobile,Federal,T6
KIXTANX,70,30358,49820,600,29,99.0,1-12mo,1-29,S,Mobile,Consolidation,T7
1N39BLL,37,67752,95956,653,355,111.8,Never,60-89,W,IVR,Federal,T1
OM5C1V9,23,30596,77146,641,0,113.3,>1yr,90+,NE,Agent,Federal,T3
R5BGN4S,54,60844,60350,652,442,97.9,>1yr,30-59,MW,IVR,Consolidation,T4
PDGOL2L,28,48538,34713,668,286,111.1,Never,30-59,NE,Agent,Federal,T2
XAB0J16,50,52439,47326,608,0,98.7,1-12mo,Current,NE,Mobile,Federal,T7
EHRUA1F,24,46812,41156,754,0,112.6,<30d,90+,S,Mobile,Federal,T3
ZTRN3KZ,70,30693,36868,601,281,101.6,>1yr,1-29,NE,Agent,Consolidation,T4
8XF4MP9,31,91199,47694,637,394,113.3,Never,30-59,W,Mobile,Federal,T1
K7CYPO0,34,17783,63132,748,224,114.6,<30d,60-89,MW,Agent,Federal,T3
GVZLDNY,36,62608,37477,616,351,111.4,>1yr,30-59,NE,IVR,Consolidation,T1
G41FFXW,54,67198,64131,753,593,114.5,Never,60-89,MW,Mobile,Federal,T1
ZAHTMFE,68,47870,69786,596,308,106.6,1-12mo,60-89,S,IVR,Consolidation,T2
67W8AX0,43,43807,43191,645,121,102.9,Never,Current,S,Mobile,Consolidation,T5
1310FID,34,85987,26857,659,224,95.6,<30d,Current,NE,Agent,Consolidation,T8
AAGQC7D,61,49778,57799,763,323,106.8,<30d,90+,S,Mobile,Consolidation,T2
R3Q5VZB,61,83224,68287,685,341,104.0,>1yr,90+,MW,Web,Consolidation,T4
9HOHYBU,36,50141,77362,634,289,109.2,1-12mo,30-59,S,Mobile,Consolidation,T2
CAI2TDY,45,58254,34059,622,0,102.2,>1yr,1-29,S,Mobile,Federal,T6
AZZLQWX,53,40446,51817,637,135,112.2,1-12mo,60-89,W,Web,Consolidation,T3
UEDSK1I,36,63062,48704,722,179,114.9,<30d,30-59,W,Agent,Federal,T3
OAI2QVX,60,52740,32172,596,32,106.1,Never,60-89,W,Agent,Consolidation,T5
1TJ3MWC,64,65797,83488,612,144,102.0,1-12mo,Current,W,Agent,Consolidation,T7
IRQTNHN,55,74034,26248,557,0,96.2,1-12mo,Current,W,Web,Federal,T7
86G9V9R,60,61362,52595,746,290,98.5,1-12mo,1-29,NE,Mobile,Federal,T4
D7JRELA,28,15000,42472,591,453,112.3,>1yr,30-59,S,Agent,Consolidation,T1
SOFN0KJ,37,33856,70598,709,191,105.2,<30d,30-59,W,Agent,Federal,T8
31BZPND,33,61091,51867,619,387,104.5,1-12mo,60-89,MW,Web,Federal,T4
FEIRXVU,63,53911,61451,779,183,96.2,<30d,Current,MW,IVR,Federal,T8
MUWAHXH,46,57808,23279,763,0,103.5,Never,Current,NE,Web,Consolidation,T5
TEY0TGJ,51,44475,63188,643,346,103.4,>1yr,60-89,S,Mobile,Consolidation,T4
SDAVM41,29,81662,59061,812,364,112.9,>1yr,60-89,S,Agent,Federal,T1
8P8FNS9,52,59780,0,653,107,103.0,>1yr,Current,W,Web,Consolidation,T6
ZT7PM93,36,28744,60662,761,38,109.9,>1yr,30-59,MW,Mobile,Federal,T3
RLL3I1J,57,52689,63074,648,426,106.6,<30d,30-59,S,IVR,Federal,T2
QBCGXPL,30,45875,56721,613,473,106.8,<30d,30-59,MW,IVR,Consolidation,T2
1YFTOSZ,24,42819,52146,767,0,97.1,>1yr,Current,W,Mobile,Consolidation,T6
XXS0SP3,43,43121,32164,721,9,102.6,>1yr,Current,MW,IVR,Consolidation,T6
SLX81G4,32,66373,20385,767,471,99.8,Never,60-89,S,Agent,Federal,T4
HNJ1J9H,36,76561,32750,698,33,96.1,Never,Current,MW,IVR,Consolidation,T5
DEGKF4M,24,71670,57168,603,261,98.4,>1yr,Current,MW,Agent,Federal,T4
6Z1VCUB,60,63223,44406,646,390,113.5,1-12mo,60-89,NE,IVR,Federal,T2
0G0W629,49,51322,62733,643,305,103.4,Never,60-89,MW,Mobile,Federal,T4
3G0X3T5,58,73483,21556,689,40,113.8,Never,30-59,W,Web,Federal,T3
LL6IGYZ,42,36501,52741,814,123,104.7,<30d,1-29,S,IVR,Consolidation,T8
5XIDN76,41,66212,27071,682,69,112.4,<30d,60-89,W,IVR,Federal,T3
NYHPAV1,44,51816,87842,600,297,110.2,<30d,30-59,S,IVR,Consolidation,T2
5LJ0V2P,23,54079,66040,720,291,108.5,>1yr,90+,NE,Agent,Consolidation,T2
OJE8K1T,62,45295,53489,607,359,98.5,>1yr,30-59,S,Mobile,Consolidation,T4
R5GFSBH,61,46206,30182,808,333,104.0,>1yr,30-59,S,Agent,Consolidation,T4
VUH0DVX,43,57445,55819,717,262,99.0,1-12mo,Current,NE,IVR,Federal,T4
I5YMHTU,27,59715,19048,637,228,113.1,>1yr,30-59,MW,IVR,Federal,T3
WE9DG4K,27,68288,4134,565,7,106.6,>1yr,30-59,S,Agent,Consolidation,T6
ZMIWA2I,49,47800,99312,653,85,101.0,>1yr,Current,MW,Web,Federal,T6
Y52YEWK,66,36382,34116,737,16,98.4,>1yr,Current,NE,Agent,Consolidation,T6
RJE2VEB,53,45402,48679,697,368,102.0,<30d,30-59,MW,Web,Federal,T4
80IOCDF,28,51141,18869,673,121,105.2,Never,30-59,MW,Agent,Consolidation,T5
HZG18BD,23,36313,0,718,0,111.4,Never,30-59,S,Agent,Federal,T3
DKOY0UT,51,66248,41136,673,48,98.3,Never,Current,NE,Web,Federal,T5
DLXDVO9,26,41149,59385,529,0,107.6,1-12mo,60-89,NE,IVR,Consolidation,T7
HMDSGFC,62,53505,66126,740,25,104.4,Never,Current,S,Mobile,Consolidation,T5
SF5NZR9,41,59427,26441,613,246,113.4,Never,60-89,NE,Web,Federal,T3
MIS1EJY,66,37194,10014,670,0,111.9,<30d,60-89,S,IVR,Federal,T3
CWPT4P8,43,90754,69351,685,352,98.9,>1yr,30-59,NE,Mobile,Federal,T4
9649PLG,35,70989,57639,559,96,105.7,Never,30-59,S,Web,Consolidation,T5
PQBECQ0,36,53696,49329,707,439,96.7,Never,90+,MW,Agent,Federal,T4
DJ0XX9O,28,75992,26833,690,178,101.4,>1yr,Current,W,Web,Federal,T6
17HB294,23,65404,47289,687,0,96.4,<30d,Current,W,Agent,Federal,T8
XF0RZZT,42,66488,51944,659,168,113.7,1-12mo,30-59,NE,Mobile,Consolidation,T3
HRBZ5HR,40,18174,46285,629,0,100.8,>1yr,Current,S,Agent,Consolidation,T6
TYA50HV,63,25322,31794,680,450,106.4,<30d,60-89,W,Mobile,Federal,T2
B8K0HX2,36,71070,35350,699,0,114.7,>1yr,60-89,MW,Agent,Federal,T3
AQT9S55,33,34835,53070,639,474,106.2,1-12mo,30-59,MW,Web,Consolidation,T2
9IU34Z9,26,60441,35152,628,61,95.4,<30d,Current,MW,Agent,Federal,T8
2DJFIGJ,45,32581,45165,686,108,99.0,>1yr,Current,W,IVR,Federal,T6
N8GDDXX,44,63201,64138,603,172,110.8,1-12mo,60-89,MW,IVR,Federal,T3
72J7A48,42,59684,81324,776,0,108.2,>1yr,60-89,NE,IVR,Federal,T3
OSIJXKY,23,55018,20913,693,188,100.5,1-12mo,Current,S,IVR,Federal,T7
483TYIG,64,61129,25446,651,156,102.8,<30d,Current,NE,Mobile,Consolidation,T8
MHH809D,44,72773,110807,614,273,112.5,Never,60-89,W,Agent,Federal,T2
N0CYGK3,57,15000,68599,846,158,113.6,>1yr,60-89,S,Agent,Federal,T3
F3X9FIC,64,56064,25272,623,287,99.2,1-12mo,1-29,W,IVR,Federal,T4
V9701ZD,31,62213,25592,725,0,113.8,Never,90+,NE,Web,Consolidation,T3
KQ2L4P6,45,52692,20341,659,119,99.2,1-12mo,Current,W,IVR,Consolidation,T7
I8KEQIS,27,15000,55140,708,98,110.8,Never,30-59,NE,Agent,Federal,T3
CRIUD04,36,55524,42094,721,355,97.8,Never,90+,MW,IVR,Federal,T4
92KQS2O,56,48508,9572,636,272,114.2,>1yr,30-59,NE,Web,Consolidation,T2
5C9151M,26,58329,84669,787,231,111.7,1-12mo,30-59,W,Web,Federal,T3
LP4IXS7,35,26952,55787,769,363,105.9,<30d,60-89,S,Mobile,Consolidation,T2
O1I89LD,35,51931,68295,663,279,111.6,Never,30-59,W,IVR,Federal,T2
OMLRX01,34,50178,59416,589,179,101.5,>1yr,Current,MW,Mobile,Federal,T6
Y7P9SN6,69,72676,54665,595,0,99.7,<30d,Current,MW,Mobile,Consolidation,T8
PSPS5EY,45,23489,65128,697,27,106.4,<30d,30-59,MW,IVR,Federal,T8
J1ZG36B,36,56154,56780,687,258,103.8,>1yr,Current,MW,Agent,Federal,T4
GIVA32K,68,29550,25068,678,174,111.2,>1yr,30-59,MW,IVR,Consolidation,T3
S3DSW6R,45,41503,40690,614,162,103.3,>1yr,Current,MW,Mobile,Consolidation,T6
7EFCFM3,25,38421,55305,707,173,98.7,Never,1-29,NE,Agent,Consolidation,T5
KXBCJG3,63,91030,45405,669,0,104.0,Never,Current,NE,Mobile,Federal,T5
3AYFI3V,62,29204,62171,539,312,103.5,Never,60-89,W,Mobile,Consolidation,T4
HL5RKVQ,57,64186,27610,716,72,105.7,>1yr,60-89,MW,Agent,Federal,T6
E9CH91B,31,57175,52161,610,334,95.0,1-12mo,30-59,NE,Agent,Federal,T4
R70DUOU,29,38350,97249,620,520,109.5,<30d,30-59,S,Web,Consolidation,T2
3UNFFUD,46,28199,82041,729,236,99.5,<30d,Current,W,Mobile,Federal,T8
7T6C4FI,37,63910,56338,691,258,113.8,1-12mo,30-59,MW,Agent,Federal,T2
1I5R2JN,39,77882,71057,637,161,96.7,>1yr,Current,S,Web,Consolidation,T6
LJA7N25,32,38366,56396,709,321,103.2,Never,60-89,NE,IVR,Federal,T4
NBNWLH0,25,66503,47703,644,0,98.9,>1yr,Current,W,Mobile,Federal,T6
YKOCLC1,64,65386,4971,723,114,97.8,1-12mo,Current,W,Web,Consolidation,T7
DHGB6I2,53,82214,13878,698,49,113.9,>1yr,30-59,S,Web,Consolidation,T3
A0BBOJG,22,34974,43042,788,364,100.3,1-12mo,30-59,W,Mobile,Consolidation,T4
LRR89UD,53,36042,35879,715,357,100.5,<30d,60-89,MW,Agent,Federal,T4
E23VT53,23,58003,0,666,153,110.3,>1yr,60-89,NE,Agent,Federal,T3
6DY9A4I,30,37028,0,629,431,107.1,<30d,60-89,W,Mobile,Federal,T2
W7FDSYU,30,51523,56153,727,132,102.9,1-12mo,Current,S,Web,Federal,T7
C9YET1T,23,19580,72563,694,111,107.6,Never,30-59,NE,Mobile,Federal,T5
Z61LXL4,43,77316,74131,683,551,107.8,Never,60-89,S,Web,Federal,T2
UFBNMBC,37,29327,74918,690,225,99.8,1-12mo,Current,NE,Web,Consolidation,T7
H3YLDY0,24,23616,89796,605,108,107.9,<30d,30-59,NE,Web,Federal,T8
85ITLG0,36,88983,28499,609,303,95.9,Never,60-89,NE,IVR,Consolidation,T4
VDROK89,47,19908,22677,650,129,96.0,<30d,Current,NE,Mobile,Consolidation,T8
9XAMNC2,61,33385,11581,642,256,98.7,Never,Current,S,IVR,Consolidation,T4
OO8FQQ5,33,81051,44909,630,173,97.1,>1yr,Current,NE,Mobile,Federal,T6
0YKFTM4,57,49547,25032,708,227,99.6,<30d,1-29,W,Web,Federal,T8
MONPW2A,45,40779,73662,751,0,114.8,1-12mo,30-59,MW,IVR,Consolidation,T3
VXG0HDU,24,47426,79284,690,144,108.7,>1yr,30-59,MW,Mobile,Consolidation,T3
6NRZ1E7,41,57352,41083,770,189,111.9,1-12mo,30-59,MW,Web,Consolidation,T3
FTPKCRV,58,30767,73469,712,0,100.7,>1yr,Current,NE,IVR,Federal,T6
2N611L8,48,59876,49382,580,12,110.5,>1yr,30-59,W,Agent,Federal,T3
DMRYBMU,49,56515,48312,693,55,100.7,1-12mo,Current,MW,Web,Federal,T7
JIRCIG1,55,53077,51805,627,0,105.0,>1yr,Current,MW,IVR,Federal,T6
6TGUF13,41,59447,2940,638,165,98.0,1-12mo,Current,MW,IVR,Consolidation,T7
O3NK24D,23,24182,21289,692,0,104.8,<30d,Current,MW,IVR,Federal,T8
MAF2IX1,52,56217,47550,639,189,109.9,1-12mo,30-59,W,Web,Federal,T3
SYUEI6Z,53,37951,71415,642,95,107.4,<30d,30-59,S,Mobile,Federal,T8
E3ZM5GF,51,44111,28176,613,277,97.7,Never,Current,S,Agent,Federal,T4
9CUD1NJ,40,63256,100287,624,97,95.1,<30d,Current,W,Mobile,Consolidation,T8
1X8KDJC,40,64652,59828,653,0,112.4,1-12mo,30-59,W,Mobile,Consolidation,T3
NWARWZW,47,69558,0,665,209,102.9,<30d,Current,NE,Mobile,Federal,T8
3J3RCDP,60,15000,67849,632,0,100.4,1-12mo,Current,W,IVR,Federal,T7
CUIJYU0,59,52993,56358,563,376,96.8,>1yr,60-89,S,IVR,Consolidation,T4
FKCSB35,56,34427,5667,623,217,107.3,<30d,60-89,W,Web,Consolidation,T8
FCUM83V,35,82055,104143,680,127,111.3,>1yr,30-59,W,Mobile,Federal,T3
J6LL4KR,54,63126,35983,740,400,114.0,1-12mo,60-89,S,Web,Federal,T2
LOFWP3O,33,94762,111500,701,60,103.1,Never,Current,MW,IVR,Consolidation,T5
HIL6IXR,33,46914,49000,636,210,105.1,>1yr,30-59,MW,Web,Federal,T6
I8I5RTN,22,38870,61079,607,101,105.8,1-12mo,30-59,NE,Agent,Federal,T7
ZJY9LE1,66,74770,21410,652,340,101.9,1-12mo,30-59,S,Web,Consolidation,T4
1Y57XGE,45,38267,16871,634,357,113.9,1-12mo,30-59,NE,Agent,Federal,T2
7443UC0,25,71441,56247,697,134,101.1,>1yr,Current,S,IVR,Federal,T6
BUYQXGT,66,31716,66468,713,240,111.0,>1yr,60-89,W,Mobile,Consolidation,T3
DJ3LYYX,33,71320,55458,642,43,99.7,1-12mo,Current,W,Mobile,Consolidation,T7
S47JK6H,52,56132,24482,673,263,100.5,1-12mo,Current,MW,Agent,Federal,T4
54D17FE,31,38497,18833,634,0,96.3,1-12mo,Current,W,IVR,Federal,T7
CB6M05K,62,36077,60374,723,161,109.3,1-12mo,60-89,S,Web,Federal,T3
J8PND5L,60,35932,64205,758,121,110.9,1-12mo,90+,NE,Agent,Consolidation,T3
NU8NTOB,26,79387,90082,714,213,109.9,Never,60-89,MW,IVR,Consolidation,T3
0I9IPH5,50,45528,43053,661,423,95.9,<30d,90+,S,Web,Federal,T4
ZVIKGWL,66,17882,58761,731,56,104.7,<30d,Current,MW,IVR,Consolidation,T8
2DWRQZY,60,23739,50118,702,279,97.6,Never,Current,NE,IVR,Consolidation,T4
NTEA51R,40,83320,41506,734,82,108.6,<30d,60-89,NE,Web,Consolidation,T3
WCUYMTO,31,58570,18875,811,425,103.9,>1yr,60-89,MW,Mobile,Federal,T4
8DSM4Y3,25,82148,93129,630,89,106.7,<30d,30-59,S,IVR,Consolidation,T8
TTM2A5I,36,65462,83285,640,455,105.8,>1yr,60-89,MW,Web,Federal,T2
RRXTOD1,23,61025,18994,739,434,103.0,<30d,30-59,NE,Web,Federal,T4
QMAH98M,50,75145,85274,629,11,100.9,>1yr,Current,NE,Mobile,Federal,T6
ICRSIZ7,69,55046,21541,724,488,100.1,>1yr,60-89,W,Mobile,Federal,T4
1SHAP38,53,91706,54110,580,275,98.0,1-12mo,1-29,W,Mobile,Consolidation,T4
C1N6YE0,50,88082,66503,603,407,111.8,Never,90+,S,Agent,Federal,T1
2PPF09N,46,55984,16783,793,0,99.8,1-12mo,Current,W,Web,Consolidation,T7
7UR6FOV,30,18944,16667,728,263,98.2,1-12mo,Current,W,Mobile,Federal,T4
B3B2PYV,54,65088,45099,703,0,103.9,Never,Current,W,Mobile,Consolidation,T5
1K5SURL,44,114222,99683,850,435,108.8,<30d,30-59,NE,IVR,Consolidation,T2
MIK21BQ,65,39228,62619,571,171,112.1,>1yr,30-59,MW,Agent,Consolidation,T3
316NCXO,52,58008,55578,623,281,100.0,1-12mo,Current,W,Web,Consolidation,T4
16W3XCG,38,64432,24267,732,230,99.3,Never,1-29,S,Web,Consolidation,T5
XCCTMUY,24,80785,76226,677,0,104.6,<30d,Current,NE,IVR,Consolidation,T8
XVHHRIV,22,105569,49559,553,0,104.0,Never,Current,MW,Web,Federal,T5
5LOK6VO,58,26433,57659,758,495,114.3,Never,90+,S,Agent,Federal,T1
TO03DRW,41,39468,34328,641,607,101.3,Never,30-59,W,Agent,Federal,T4
ZFY8CUS,27,49007,48107,609,234,103.7,Never,Current,W,Agent,Federal,T5
5CQZ9YF,68,37358,31212,782,173,103.5,<30d,1-29,MW,IVR,Consolidation,T8
2NUZT1J,23,26909,17327,604,175,101.5,1-12mo,1-29,MW,Agent,Consolidation,T7
95P3Y29,43,40909,27051,639,224,108.2,1-12mo,60-89,W,IVR,Consolidation,T3
TASROOA,26,26489,12625,717,200,105.0,<30d,Current,S,Web,Consolidation,T8
09988L0,58,74919,76139,587,99,96.2,Never,Current,S,Mobile,Federal,T5
IE5A6UB,55,38537,32968,676,216,103.4,Never,Current,MW,Agent,Federal,T5
44I0M1X,29,64100,82308,640,75,98.5,1-12mo,1-29,MW,Mobile,Federal,T7
NUZGFBO,37,73186,26043,646,447,109.8,>1yr,30-59,W,IVR,Federal,T1
N8EDEBD,22,40497,28274,745,0,99.3,>1yr,Current,MW,Mobile,Consolidation,T6
E9AI48Z,41,49162,8495,619,117,105.6,>1yr,30-59,MW,Mobile,Federal,T6
0JW68CY,37,54016,66692,714,262,109.7,1-12mo,30-59,MW,IVR,Consolidation,T2
3UXFX1T,59,65811,65174,661,0,107.5,<30d,30-59,S,Web,Consolidation,T8
MWTNQXY,30,47838,31114,640,200,98.3,<30d,1-29,W,Agent,Federal,T8
LUWGPKI,29,62802,40436,717,230,97.6,>1yr,Current,MW,Web,Federal,T6
XHZFSTG,33,64573,28917,659,143,109.0,Never,90+,S,IVR,Federal,T3
TBL2N79,48,65039,29414,687,176,112.1,1-12mo,60-89,S,IVR,Consolidation,T3
UO705RM,49,84128,47032,562,0,113.5,>1yr,30-59,S,IVR,Consolidation,T3
7HGXVZ3,50,66528,56046,718,109,113.8,<30d,90+,W,Agent,Federal,T3
D8AD0PU,31,62889,48664,776,67,106.6,<30d,60-89,NE,Mobile,Consolidation,T8
AY7DR3V,41,24545,35908,721,0,97.3,1-12mo,Current,NE,Mobile,Consolidation,T7
987F7IE,36,48830,69751,641,385,107.6,1-12mo,60-89,MW,Mobile,Federal,T2
IZG7FCR,57,28989,83724,705,384,113.1,<30d,60-89,S,Web,Federal,T2
GIN75U0,42,37633,7762,786,0,104.0,<30d,1-29,W,Web,Federal,T8
62SFAUV,68,72213,60025,700,325,114.6,>1yr,60-89,NE,Agent,Consolidation,T2
DFWKTG6,60,23612,103554,605,345,102.9,<30d,30-59,MW,IVR,Federal,T4
MKOF39P,38,34723,31003,690,239,96.4,1-12mo,1-29,MW,Web,Consolidation,T7
CI9O47N,65,66275,62372,620,430,96.9,Never,90+,MW,Agent,Consolidation,T4
5XBQN8X,42,45407,51139,590,192,106.1,<30d,90+,S,Mobile,Consolidation,T8
2ER7MHJ,60,39623,78094,575,44,100.5,<30d,1-29,NE,Mobile,Federal,T8
L9ZVWMO,56,30854,0,590,42,97.4,>1yr,Current,MW,Mobile,Federal,T6
5FSZWEE,23,44959,45859,658,51,113.8,Never,30-59,W,IVR,Federal,T3
PT3NCPQ,27,35405,68929,694,0,97.8,1-12mo,Current,W,IVR,Consolidation,T7
FTTMLM5,64,41728,55056,665,167,106.3,>1yr,30-59,S,Agent,Federal,T6
8S46BQY,52,70379,49425,656,0,111.7,>1yr,90+,NE,IVR,Federal,T3
YJMKAP8,59,68415,40350,589,118,111.3,<30d,60-89,MW,Web,Consolidation,T3
K9KLP4B,58,63096,52383,619,73,100.6,>1yr,Current,MW,Web,Federal,T6
ND2TG4W,25,51582,26350,664,248,109.1,>1yr,60-89,S,IVR,Federal,T3
I8RCUKX,48,59046,39993,604,11,108.6,>1yr,90+,S,Mobile,Consolidation,T3
P8L7NHW,69,58400,20814,701,203,113.8,>1yr,90+,W,IVR,Consolidation,T3
6Y74VQT,56,15000,10579,743,95,107.1,Never,60-89,S,Agent,Federal,T5
5MNRQFD,70,51428,45986,662,105,114.6,<30d,30-59,S,Agent,Consolidation,T3
SIDHLBJ,31,27916,73999,668,399,95.5,1-12mo,30-59,W,Web,Consolidation,T4
9IDG13A,55,26374,72275,647,537,98.1,<30d,90+,W,Mobile,Consolidation,T4
U22L2PE,35,42156,70891,659,264,95.5,Never,Current,NE,Web,Consolidation,T4
PJCWMYF,23,72842,44663,596,365,102.7,>1yr,60-89,NE,IVR,Federal,T4
0IQIFDR,62,69108,42344,577,180,98.9,1-12mo,1-29,S,Agent,Consolidation,T7
O3EKM6Z,38,43202,39646,622,109,97.5,Never,Current,NE,Web,Federal,T5
SR19A90,70,48425,0,616,0,108.1,>1yr,30-59,W,Mobile,Federal,T3
RFHXI9R,67,97966,36768,760,153,100.3,>1yr,Current,W,IVR,Consolidation,T6
E2FBPKS,70,69157,58356,714,207,95.7,1-12mo,Current,W,IVR,Federal,T7
HZ7QHMO,26,62358,70621,675,431,105.5,>1yr,60-89,NE,Mobile,Consolidation,T2
JWSUPQ1,23,56149,56886,660,63,109.2,<30d,60-89,MW,Agent,Federal,T3
PU0OXYW,47,65718,46209,595,183,98.2,1-12mo,Current,MW,Mobile,Consolidation,T7
MG64LYD,44,46633,47070,730,237,113.8,>1yr,90+,NE,Agent,Federal,T3
NPJJZFK,27,24727,53107,703,132,104.2,Never,Current,W,Mobile,Consolidation,T5
ABXB0B6,35,63657,60066,698,0,105.4,1-12mo,30-59,W,Agent,Federal,T7
HKXGN95,23,16862,81289,651,378,113.4,Never,30-59,NE,Web,Consolidation,T1
EPWS0UU,34,84834,0,608,413,101.9,1-12mo,30-59,W,IVR,Federal,T4
SWTMTPQ,46,79801,63546,738,97,105.7,Never,30-59,MW,Mobile,Federal,T5
N1ZUBBZ,33,56808,40165,718,78,102.9,Never,Current,MW,Mobile,Consolidation,T5
T8KKOZ8,54,56776,29921,675,319,110.5,<30d,30-59,NE,Web,Federal,T2
PAUGIP5,52,45645,46348,585,296,104.3,Never,Current,MW,Mobile,Consolidation,T4
BHZC2JS,68,39781,32899,741,14,112.9,<30d,60-89,NE,Mobile,Consolidation,T3
UW1DALM,68,81722,40587,657,291,111.1,>1yr,60-89,NE,Web,Federal,T2
XF8HI88,22,25138,80544,726,138,106.8,>1yr,90+,NE,Mobile,Consolidation,T6
HDAKPD6,50,67515,71098,561,112,112.5,>1yr,30-59,NE,Agent,Consolidation,T3
UJ00OO0,68,66906,52893,659,445,108.4,<30d,60-89,S,Mobile,Consolidation,T2
4Q1E7OM,62,58961,37622,740,114,114.2,>1yr,60-89,S,IVR,Consolidation,T3
694X8FO,62,43419,17782,586,93,107.3,<30d,30-59,NE,Mobile,Federal,T8
INU5PJZ,42,80049,41677,743,135,96.0,<30d,Current,S,Mobile,Consolidation,T8
2BPKC41,22,52528,42810,644,0,109.0,>1yr,30-59,S,Mobile,Consolidation,T3
XE0H84B,64,51616,26886,646,177,113.3,1-12mo,30-59,NE,Mobile,Federal,T3
GBJ0RZR,42,54171,18925,611,238,101.8,>1yr,Current,NE,Agent,Federal,T6
ZGNX12C,22,43287,34444,755,383,103.5,>1yr,90+,NE,Mobile,Federal,T4
94WXKL3,55,15000,44606,673,123,95.1,Never,Current,NE,Mobile,Consolidation,T5
WW2IDM9,57,50027,14264,746,124,114.2,>1yr,30-59,W,Agent,Consolidation,T3
EGIPRE6,31,15000,59373,789,265,95.2,>1yr,Current,MW,Mobile,Federal,T4
NM5Q9O2,70,74652,51513,709,20,114.9,Never,90+,W,Agent,Federal,T3
ZHWA17C,55,65288,51064,637,306,106.8,<30d,30-59,MW,IVR,Federal,T2
29G6HLW,48,48145,5364,650,440,97.9,<30d,30-59,NE,IVR,Consolidation,T4
WRDXT1Q,65,57715,0,710,249,96.5,Never,Current,S,Web,Consolidation,T5
4YYAY5C,36,50428,710,699,245,109.1,1-12mo,90+,S,IVR,Consolidation,T3
UA0PY97,43,34361,37539,667,307,108.0,Never,60-89,NE,Mobile,Consolidation,T2
EO5OQZP,36,81654,72687,706,198,109.2,>1yr,30-59,MW,Mobile,Consolidation,T3
UDFG6B0,45,45034,64215,692,9,106.2,>1yr,30-59,S,Web,Consolidation,T6
CI397V3,67,92027,47311,746,271,102.2,>1yr,Current,S,Agent,Federal,T4
J8QHXQX,58,88373,47327,743,213,100.5,Never,Current,MW,IVR,Consolidation,T5
Z7A7JOP,40,67356,29660,833,93,101.4,>1yr,1-29,S,IVR,Federal,T6
AS9BHYG,59,46428,0,798,216,106.4,Never,30-59,W,Mobile,Federal,T5
HC8BJOZ,29,42356,75429,702,15,100.8,Never,Current,MW,IVR,Federal,T5
U9BF5YU,28,66268,28242,703,106,111.6,>1yr,60-89,S,Mobile,Federal,T3
X2PTZPZ,54,58896,52923,721,264,105.3,>1yr,90+,NE,Mobile,Federal,T2
9J67PLG,59,68505,14191,674,404,113.8,1-12mo,30-59,W,Web,Consolidation,T2
B65V1PP,30,62528,43967,633,355,96.5,Never,90+,MW,Mobile,Consolidation,T4
WMTE5PR,69,23094,21439,560,87,99.8,Never,1-29,NE,Web,Consolidation,T5
U6YW5KK,70,32674,69926,772,99,110.0,<30d,30-59,MW,Agent,Consolidation,T3
Z2VX7MW,26,69997,35115,579,0,106.0,1-12mo,90+,NE,IVR,Federal,T7
8Q360CR,41,56231,47397,712,200,107.7,1-12mo,30-59,W,Web,Consolidation,T7
2JVODMD,67,83260,113979,765,115,107.2,1-12mo,30-59,S,IVR,Federal,T7
Y2BASSF,62,64094,31896,633,101,99.9,1-12mo,Current,S,Web,Consolidation,T7
7U3QL5B,36,64965,77897,683,71,103.9,Never,Current,MW,Mobile,Consolidation,T5
DCVFYEL,29,58679,49203,709,406,108.9,Never,30-59,NE,Agent,Federal,T1
RHOLVPO,55,52626,33162,781,245,96.4,<30d,Current,W,IVR,Consolidation,T8
3OFLYS1,67,79055,86019,722,241,100.9,Never,1-29,S,Web,Consolidation,T5
M6RF0WY,64,84788,40679,612,323,98.1,>1yr,30-59,NE,Agent,Federal,T4
IO9YGDR,44,50694,20732,629,130,98.0,>1yr,Current,W,Web,Consolidation,T6
IJSAQV7,63,50951,68934,599,0,104.4,Never,Current,W,Web,Consolidation,T5
SBOXTMB,57,48651,63030,714,232,111.7,>1yr,30-59,S,IVR,Consolidation,T3
GTSH03I,59,57782,77440,639,91,108.3,<30d,30-59,S,IVR,Consolidation,T3
Q0CRRO5,53,28446,29190,684,0,95.0,1-12mo,Current,NE,Web,Consolidation,T7
9QV4QG7,70,67400,45807,671,105,106.3,1-12mo,60-89,S,Web,Federal,T7
CYO7H0H,25,74507,48358,603,276,96.7,Never,Current,MW,Agent,Consolidation,T4
BQRH4ZA,61,33518,648,682,192,113.2,Never,90+,W,IVR,Consolidation,T3
NUKROK6,26,70519,0,772,93,97.1,1-12mo,Current,NE,Mobile,Consolidation,T7
TO8USZO,61,29518,40405,748,70,98.4,>1yr,1-29,W,Web,Consolidation,T6
UF469OC,61,47675,58044,658,386,104.4,<30d,30-59,NE,Web,Federal,T4
4D6JOUL,23,85178,9469,618,143,108.2,Never,60-89,MW,Agent,Federal,T3
6YZLBQN,44,87776,12099,665,393,114.9,>1yr,30-59,NE,IVR,Federal,T1
MCK9NHO,68,54115,0,695,410,98.3,>1yr,60-89,S,Mobile,Consolidation,T4
V3QGMQ1,28,62916,79172,669,332,104.5,1-12mo,60-89,NE,Web,Consolidation,T4
02G3484,25,57083,6649,584,248,106.4,<30d,60-89,MW,IVR,Federal,T8
P9FCSV1,47,96770,53520,680,37,103.0,1-12mo,1-29,NE,Mobile,Consolidation,T7
I3MTZSS,55,55981,32570,713,218,102.6,1-12mo,1-29,NE,IVR,Consolidation,T7
ZIBWEER,63,50129,35782,597,389,112.7,<30d,90+,MW,Mobile,Federal,T2
49XK4CI,37,45505,43983,597,215,113.4,>1yr,60-89,S,IVR,Consolidation,T3
1E9NPAC,46,75168,74790,662,21,105.3,1-12mo,90+,NE,Agent,Federal,T7
X2SSA31,68,69595,9218,737,139,112.7,Never,30-59,W,IVR,Consolidation,T3
4MJEHWH,42,38657,0,643,35,96.8,>1yr,1-29,S,Web,Federal,T6
15UYX32,56,55603,48107,673,77,97.2,>1yr,Current,MW,Agent,Federal,T6
57NNDYP,69,64192,68226,559,0,114.7,1-12mo,30-59,W,Web,Federal,T3
FMEHW93,53,60994,32196,721,35,97.2,>1yr,Current,W,Agent,Consolidation,T6
O2C2ULX,44,77449,0,726,226,107.4,Never,30-59,MW,IVR,Consolidation,T5
QEGGZ5O,29,62977,58045,544,421,113.1,1-12mo,30-59,NE,Mobile,Consolidation,T2
27W5LOW,63,54118,64733,613,32,106.7,Never,30-59,MW,Web,Consolidation,T5
H5QXLAN,33,88687,32834,661,256,95.7,<30d,1-29,NE,Web,Federal,T4
5IDNHM2,45,53190,35299,767,205,98.5,Never,Current,MW,Agent,Federal,T5
6M6R7B0,36,64915,66305,761,0,105.9,Never,60-89,W,Web,Consolidation,T5
UHKGWU2,38,75756,36627,768,296,109.2,>1yr,30-59,S,IVR,Federal,T2
565ZCHI,57,56774,79900,702,231,100.9,<30d,Current,NE,Web,Consolidation,T8
0QV6AJD,27,59167,0,656,152,105.5,1-12mo,90+,W,Agent,Consolidation,T7
AJSO7L2,31,43702,55814,672,313,108.8,Never,30-59,S,Web,Federal,T2
FOBKC85,70,33617,60872,633,0,96.7,>1yr,Current,W,Agent,Consolidation,T6
ESGKL3N,67,46211,20465,650,192,111.1,<30d,60-89,MW,IVR,Consolidation,T3
0U5GKTV,42,71283,33561,660,410,99.2,Never,30-59,S,IVR,Federal,T4
NL58M7Q,46,51437,45294,614,72,106.9,1-12mo,30-59,S,Mobile,Federal,T7
GJSXBBL,52,69865,68080,809,312,106.4,<30d,90+,NE,Web,Consolidation,T2
JQO5XJD,32,57216,81606,625,205,100.8,<30d,Current,S,Mobile,Federal,T8
H1R3ER2,55,22182,1612,721,283,103.5,<30d,1-29,S,Agent,Consolidation,T4
LRI0RAO,61,55140,82760,777,152,95.2,<30d,Current,NE,Mobile,Consolidation,T8
AWU39KY,65,38759,77167,667,249,101.6,Never,Current,W,Web,Federal,T5
8O7S7S4,28,65116,57930,647,117,112.0,>1yr,60-89,W,IVR,Consolidation,T3
AYYDP3N,69,15000,22632,517,402,107.9,<30d,90+,NE,IVR,Federal,T2
BRU6F6X,66,42134,33525,633,376,107.8,Never,60-89,MW,Agent,Federal,T2
23M6OV1,58,70670,57788,718,243,100.9,Never,Current,S,Web,Federal,T5
YZZLRUF,60,68632,17757,850,0,107.4,>1yr,30-59,S,Web,Consolidation,T6
2NQFE78,53,105181,18189,687,394,110.6,Never,90+,MW,Mobile,Consolidation,T1
TG6J6A6,27,39152,22323,707,163,101.8,<30d,Current,S,Web,Federal,T8
NP99DJN,39,72201,0,724,142,96.0,1-12mo,Current,W,Web,Consolidation,T7
183V3ZI,50,67053,22353,785,12,111.7,>1yr,30-59,S,Agent,Federal,T3
9MO5G0W,40,40071,57759,710,643,100.9,<30d,30-59,MW,Agent,Federal,T4
LON4P8R,53,43640,66641,548,0,112.2,>1yr,30-59,W,IVR,Consolidation,T3
UQC7YHL,67,68366,43699,735,365,114.3,<30d,30-59,W,Web,Consolidation,T2
PVDF5WL,59,62447,29633,723,13,102.8,1-12mo,Current,NE,Web,Federal,T7
V80BYBA,69,53387,23658,611,177,104.8,<30d,Current,MW,Mobile,Consolidation,T8
D4MTXXZ,54,15000,70238,769,403,110.1,Never,90+,W,Agent,Federal,T1
AP1AR3Q,69,67024,46021,539,281,106.5,>1yr,60-89,W,Agent,Consolidation,T2
AZTJBXB,65,56502,35124,684,339,102.0,Never,30-59,W,Agent,Consolidation,T4
YCSRZ6C,59,52759,102279,722,0,101.8,Never,Current,MW,Agent,Consolidation,T5
XJ4BJJ0,24,80866,61977,611,144,103.0,>1yr,Current,MW,Mobile,Federal,T6
L69Z053,55,48534,9763,605,217,96.6,Never,Current,S,Mobile,Consolidation,T5
S9Q5GBC,60,78582,0,623,0,104.4,<30d,Current,S,Mobile,Consolidation,T8
DAULHAZ,31,66179,47735,553,154,101.7,<30d,Current,S,IVR,Federal,T8
DJ06MBF,42,95900,23392,712,202,112.4,<30d,90+,S,Agent,Consolidation,T3
5YOKQIE,26,41882,57941,668,225,109.6,>1yr,60-89,NE,Agent,Consolidation,T3
20BQFBP,49,24865,63428,764,312,101.7,<30d,90+,S,Mobile,Consolidation,T4
TVP63G6,56,72269,42999,691,0,110.3,1-12mo,30-59,NE,Agent,Consolidation,T3
Z2OS5IF,51,79170,38461,718,307,100.8,1-12mo,30-59,NE,Mobile,Consolidation,T4
SOE690U,45,15000,42809,746,251,108.1,1-12mo,60-89,MW,Web,Federal,T2
VGMGG7N,65,33256,57962,598,0,102.0,>1yr,Current,W,Mobile,Consolidation,T6
NYIGAV7,23,55744,30859,665,0,105.3,1-12mo,30-59,S,IVR,Federal,T7
L63OXA6,29,105567,67476,696,56,109.2,<30d,30-59,W,Web,Consolidation,T3
07MY3ZA,59,19504,18426,703,131,101.4,Never,Current,MW,Mobile,Federal,T5
75EKXJX,41,31926,32387,562,28,104.5,1-12mo,1-29,W,Agent,Consolidation,T7
QUTQ416,41,39446,48310,735,291,102.9,Never,Current,S,Mobile,Federal,T4
C1UY6UN,30,53757,39073,621,433,97.1,>1yr,30-59,NE,Mobile,Federal,T4
KPWVIVQ,38,76546,36120,654,440,96.7,Never,60-89,W,IVR,Consolidation,T4
KVNQFHK,62,56291,39156,656,0,103.5,1-12mo,1-29,MW,Agent,Federal,T7
UPOM1K9,63,60716,48104,546,265,108.4,Never,60-89,NE,Web,Consolidation,T2
BXK6HYJ,60,87367,24159,752,121,96.0,>1yr,Current,W,Mobile,Federal,T6
3P49MM6,46,57486,36755,628,282,106.5,Never,30-59,NE,Web,Consolidation,T2
PG2K70C,33,89599,78287,712,103,111.0,Never,30-59,NE,Mobile,Federal,T3
DPDHW6W,58,62199,58337,613,130,110.4,<30d,60-89,S,Mobile,Consolidation,T3
O3D9IKF,62,63742,22321,543,198,112.0,1-12mo,60-89,W,Agent,Consolidation,T3
14QUXIB,56,41772,0,632,235,101.8,>1yr,Current,NE,Mobile,Consolidation,T6
LYZY3OH,65,70770,38335,634,363,112.2,<30d,30-59,S,Web,Federal,T2
EOWM78D,70,69697,52703,589,315,113.4,>1yr,30-59,W,Web,Consolidation,T2
OUWSW16,49,60836,45880,516,455,106.5,Never,30-59,NE,Agent,Consolidation,T2
VCQHQ9H,60,41842,24995,714,0,111.5,<30d,90+,W,Mobile,Federal,T3
0JC5SVN,35,56509,19974,601,269,106.3,1-12mo,30-59,S,Web,Consolidation,T2
L7PWP9V,34,95510,43392,733,518,108.8,>1yr,90+,W,Agent,Federal,T1
LGHAKGQ,58,41328,66315,700,0,114.9,<30d,30-59,W,IVR,Consolidation,T3
1JY5GKS,70,39008,25140,612,121,96.1,<30d,Current,S,Mobile,Federal,T8
OT1162E,53,16400,74624,774,311,103.2,<30d,90+,W,Mobile,Consolidation,T4
4Q7YB94,59,40068,42955,850,188,105.9,1-12mo,30-59,S,Mobile,Federal,T7
S9S5OXR,34,52953,37558,692,659,111.5,1-12mo,60-89,NE,IVR,Consolidation,T2
37XEBEW,28,25515,68577,688,0,106.6,>1yr,90+,MW,IVR,Consolidation,T6
SDJ3NFT,23,95349,77508,608,221,102.7,>1yr,Current,MW,Web,Consolidation,T6
G7M3ZPI,26,27091,36019,545,0,103.1,<30d,1-29,MW,IVR,Federal,T8
5REDNTX,59,56609,5135,731,133,110.2,Never,30-59,W,Mobile,Consolidation,T3
TSKUYG2,31,90939,63706,655,187,100.7,<30d,Current,S,Agent,Federal,T8
IT9GL04,49,48336,63130,546,179,103.6,Never,Current,W,IVR,Consolidation,T5
B3XFMD8,28,28935,84772,733,173,110.4,<30d,30-59,NE,Agent,Federal,T3
N41P02J,26,74464,33617,732,81,102.4,1-12mo,Current,MW,IVR,Federal,T7
WR3L885,27,69291,518,612,207,113.5,<30d,90+,NE,Mobile,Consolidation,T3
2JNARMC,56,47383,20284,729,135,101.0,1-12mo,Current,W,Agent,Federal,T7
0IHHR4S,55,60084,67700,731,216,110.5,>1yr,30-59,W,IVR,Federal,T3
W1KHUU5,38,60855,21278,577,148,105.1,1-12mo,90+,NE,Agent,Federal,T7
88PMUZH,29,37371,77504,681,0,102.8,1-12mo,Current,NE,Agent,Federal,T7
Z2KKCEA,63,67099,70228,596,32,97.9,<30d,1-29,NE,IVR,Federal,T8
67FB0F5,41,72608,58229,596,0,97.5,>1yr,Current,W,Agent,Federal,T6
TGIWFAW,51,65798,71142,677,175,101.1,<30d,Current,S,Web,Consolidation,T8
D84YSI2,65,30523,15413,722,417,105.4,<30d,30-59,NE,Web,Consolidation,T2
IQN1CIZ,39,45735,43288,606,167,105.8,1-12mo,60-89,S,Agent,Federal,T7
2KVC8JB,32,52709,72863,666,323,100.6,Never,90+,S,IVR,Consolidation,T4
LRYM2HV,36,56991,86237,655,101,109.6,<30d,30-59,W,Agent,Consolidation,T3
62UZ2C8,54,26968,80414,710,103,108.2,<30d,90+,NE,Agent,Consolidation,T3
J2FDYDS,38,124261,53669,694,420,103.5,Never,60-89,NE,Agent,Consolidation,T4
IMW0SXW,64,86400,41816,650,50,105.7,<30d,30-59,W,Agent,Federal,T8
1BE2E3P,38,66547,74536,544,408,113.1,1-12mo,30-59,S,Mobile,Consolidation,T2
763BGD8,70,40964,40070,687,342,98.3,>1yr,90+,NE,Web,Consolidation,T4
N8ZK40J,49,33463,12144,586,141,114.4,Never,60-89,W,Web,Consolidation,T3
7QNKRVE,65,44741,34259,620,0,108.7,>1yr,30-59,S,Web,Consolidation,T3
I88OTUU,30,36306,91823,601,0,106.8,>1yr,30-59,S,Agent,Federal,T6
SDMP22G,54,51191,3748,531,280,109.2,Never,90+,MW,Mobile,Federal,T2
Y2QKJ8F,57,52983,72578,702,165,109.6,Never,30-59,MW,Web,Consolidation,T3
4ME951M,64,26501,66848,719,241,106.6,1-12mo,30-59,S,Web,Consolidation,T7
EJZD4OH,23,41011,38753,694,402,112.2,Never,30-59,S,Agent,Consolidation,T1
BQ8KULR,61,32923,34817,615,92,112.6,>1yr,90+,S,Mobile,Consolidation,T3
FEIRDG1,29,67582,46399,771,138,114.1,1-12mo,60-89,S,Web,Federal,T3
5HNCYNJ,65,46806,102616,797,0,108.8,<30d,60-89,NE,Agent,Federal,T3
CQPQTYO,70,46383,75083,647,254,112.2,<30d,60-89,MW,Mobile,Consolidation,T2
VHUS45A,25,24349,29322,710,92,108.0,1-12mo,60-89,W,Mobile,Federal,T7
GDQ6J9U,47,74668,43723,616,73,107.3,<30d,60-89,W,IVR,Federal,T8
XXRNQPJ,55,39192,56289,705,0,108.6,1-12mo,90+,NE,Mobile,Federal,T3
CETC5HI,67,23975,68978,617,32,103.7,<30d,Current,MW,Web,Consolidation,T8
B092YOV,54,51951,81768,607,390,108.1,>1yr,60-89,NE,IVR,Consolidation,T1
1M6AKFY,46,47947,49566,662,236,112.9,<30d,30-59,NE,Mobile,Consolidation,T3
QUCM3KG,44,40398,56604,777,0,113.3,>1yr,60-89,W,Agent,Federal,T3
RRYN9XC,31,82890,41996,694,0,107.8,Never,60-89,W,Web,Consolidation,T5
2204YNT,44,69793,43322,644,22,104.9,Never,Current,W,Mobile,Consolidation,T5
BGS764G,27,69346,49383,769,0,100.2,>1yr,Current,NE,Web,Consolidation,T6
TNTRXP9,46,68917,29434,627,0,98.1,1-12mo,Current,NE,Agent,Consolidation,T7
GAR4101,55,68443,51595,637,23,105.7,>1yr,60-89,W,Web,Federal,T6
HMY5A3X,25,91824,72978,640,0,104.3,>1yr,Current,S,Agent,Consolidation,T6
PJ97Y44,35,61967,59078,635,243,103.4,1-12mo,Current,S,Agent,Federal,T7
Q1V925B,40,35199,73324,634,410,99.6,1-12mo,90+,NE,IVR,Federal,T4
IP122IR,35,80718,43846,725,0,103.0,<30d,Current,W,IVR,Federal,T8
