Borrower_ID,Age,Annual_Income,Credit_Score,Loan_Balance,Delinquency_Status,Primary_Channel,Region,Loan_Type
MP5JHDT,65,31651,671,47060,30-59,Mobile,W,Consolidation
GT0R0VI,25,33956,781,0,60-89,IVR,NE,Consolidation
FFTOUHY,55,21167,617,29107,30-59,Agent,S,Federal
3MQWY2N,29,59080,639,29022,Current,Web,NE,Private
J6U9BL5,21,28279,727,26141,90+,IVR,MW,Private
3KH3H1G,26,75446,616,15047,60-89,IVR,S,Private
ODYD3UI,55,33904,703,3122,Current,IVR,S,Federal
R965R96,70,76550,666,39766,90+,Web,W,Consolidation
ITIZ7TF,47,48488,720,27496,30-59,IVR,MW,Consolidation
2V0MW40,43,61305,624,20339,30-59,IVR,MW,Private
XSLKGFZ,33,22569,680,29564,60-89,Agent,W,Private
SC74C5A,46,53203,699,31523,Current,Agent,W,Consolidation
XE4E5YW,46,80122,741,50183,90+,Web,W,Private
CNMJDO7,39,22061,713,10615,30-59,Web,S,Private
EKZ83Y0,40,12000,713,29574,30-59,Agent,S,Consolidation
8B543BB,71,90963,693,44831,Current,Agent,W,Federal
UGGJMQ6,41,13019,643,12273,1-29,IVR,S,Private
3K5B8SN,60,91486,701,28198,Current,Agent,S,Consolidation
2AWVSPY,67,70925,663,47707,1-29,Web,MW,Federal
XRUM2LH,46,28427,831,27476,60-89,Agent,W,Private
HZCD3GE,57,76373,704,15271,Current,Agent,NE,Consolidation
F2K5C3Z,72,63691,724,8267,30-59,IVR,S,Consolidation
ZYV9BIN,37,55586,737,0,60-89,Agent,NE,Consolidation
TQSYQQT,64,17218,653,44825,60-89,Web,W,Private
DVDXDF6,32,58323,677,16603,90+,Mobile,MW,Private
NPK270T,24,68179,705,2796,30-59,Agent,W,Consolidation
5UOFWB0,61,49475,700,0,1-29,Mobile,MW,Federal
JXT3CNR,61,17670,554,30051,30-59,IVR,S,Private
2ZQSV51,56,54194,741,0,1-29,Web,S,Private
KU2K5EB,30,38084,725,42160,90+,Mobile,NE,Federal
QPNRC3Z,72,56833,604,38047,60-89,Agent,NE,Private
Z9PAT3H,42,32940,720,33478,90+,Mobile,MW,Consolidation
AEHPITZ,42,40087,733,20020,1-29,Mobile,S,Private
JA1V2TG,46,114964,716,44416,Current,Mobile,S,Private
5AFQONY,74,71609,718,31386,Current,Mobile,MW,Federal
CVS3ZRB,23,57789,713,0,30-59,Mobile,W,Private
XU1OUBN,23,43446,630,8326,30-59,Mobile,NE,Private
N6Y830X,43,81715,746,26756,1-29,IVR,MW,Consolidation
ZXVKKZC,28,26291,685,0,1-29,IVR,MW,Private
HL2C53K,69,52905,658,22952,30-59,Agent,NE,Federal
YYJ47CC,40,101804,725,0,Current,Agent,MW,Consolidation
4X6VVWN,30,71733,679,182,Current,Mobile,W,Consolidation
RDU4XSZ,39,27183,702,15351,30-59,Web,MW,Private
YU98GFE,29,46770,610,44033,30-59,IVR,W,Federal
BRRNTYL,26,49314,642,36599,30-59,Agent,W,Consolidation
U9KDP5R,56,29370,724,42458,1-29,Mobile,MW,Federal
EPEKGVZ,70,75755,571,16815,30-59,IVR,S,Consolidation
HEZ74LA,32,56505,730,10333,30-59,Agent,MW,Private
ZASYWDR,66,53997,783,49386,1-29,Mobile,MW,Consolidation
8A906K3,53,22936,626,29289,90+,Agent,W,Consolidation
5V38N2U,43,66299,651,11160,1-29,Mobile,NE,Federal
7E6L8XC,28,36925,850,64282,60-89,Agent,W,Federal
WH8VLIG,73,75978,713,38816,90+,IVR,S,Consolidation
ESIRQ4T,74,12000,558,58142,90+,Mobile,MW,Private
NYWBTF4,54,24101,596,27706,90+,IVR,MW,Private
0AJBV6J,59,56205,674,3896,1-29,Mobile,S,Federal
DSTVAHM,23,64335,688,59701,Current,Mobile,S,Federal
PDU3NM0,52,35158,722,23827,Current,Web,NE,Private
RS6C4X5,48,47979,771,24276,90+,Mobile,S,Consolidation
ISZ514G,58,42458,704,2062,30-59,Web,W,Federal
9967ST8,55,74526,697,0,Current,IVR,W,Federal
AHNMOQD,30,30737,634,41750,1-29,Mobile,NE,Consolidation
49EKYK7,74,82130,679,31916,1-29,Agent,S,Private
4ZLDAJJ,60,103939,657,1206,1-29,IVR,W,Federal
C02ZKEH,65,77407,664,31849,1-29,Web,S,Private
09VS9KK,59,60107,588,7624,60-89,Web,S,Private
35X3X10,61,21174,718,15376,90+,IVR,W,Federal
2K6MU0D,70,40940,572,32450,30-59,Agent,NE,Consolidation
H33IC44,47,47816,767,0,30-59,Web,NE,Consolidation
GOI9WM1,39,15352,754,64804,1-29,Agent,W,Private
FUW48XL,56,17222,699,22734,60-89,Mobile,W,Federal
Y4A15F4,67,65321,763,52676,90+,Mobile,W,Private
BSEPR1B,33,56534,632,50271,30-59,IVR,MW,Federal
TH9KP6A,58,47909,580,6564,90+,Agent,W,Consolidation
56AG39B,47,37033,647,9515,1-29,IVR,NE,Federal
DY571VX,58,89213,706,23513,60-89,IVR,MW,Consolidation
VTXR6MS,26,77753,612,26761,90+,Mobile,NE,Consolidation
FIZ17YB,48,59712,635,9766,90+,IVR,S,Consolidation
U514DYM,40,113844,752,12475,Current,Mobile,S,Consolidation
T8J3AO8,24,65285,692,33109,30-59,Web,NE,Private
EX3Y5IX,31,23549,664,31263,30-59,IVR,NE,Consolidation
5X6E9D7,22,38061,593,44267,60-89,IVR,S,Private
P4NP00N,67,39111,630,8915,1-29,Web,MW,Private
QG77469,73,30305,672,52408,30-59,IVR,NE,Private
VK658OV,67,53496,665,30676,30-59,IVR,W,Federal
EDBPBX2,38,55838,671,37169,90+,IVR,MW,Private
9ZC2WOU,51,71873,705,47544,90+,Agent,MW,Federal
Y2RL4N7,65,79542,774,30508,60-89,Agent,W,Consolidation
FQX780T,42,34338,617,39244,30-59,Web,NE,Federal
0OAWHN2,27,72611,542,24645,30-59,IVR,NE,Federal
H7LZMCK,73,12629,659,19770,30-59,Mobile,S,Private
P8UW1U8,19,27979,698,36112,Current,IVR,MW,Private
UYH2W9O,48,60863,705,50411,1-29,Web,S,Federal
H3JI9PV,22,43591,594,0,30-59,Mobile,NE,Federal
XAW5NV1,31,58768,637,42472,60-89,Mobile,MW,Private
T780ICS,72,52448,755,8516,1-29,Agent,W,Federal
NTQX45J,51,89183,750,0,Current,Agent,S,Private
7PCHCBN,54,43164,733,9113,60-89,Web,NE,Federal
IMRSXKJ,34,24975,618,42296,30-59,IVR,S,Federal
Y4H03B2,48,33843,692,18653,Current,IVR,NE,Consolidation
60YUP1S,60,41472,592,49596,60-89,Agent,W,Consolidation
W48HMKN,47,32845,662,13974,1-29,Web,W,Federal
CD6XHMK,60,22275,737,44460,60-89,IVR,MW,Consolidation
VCHRM3W,53,31107,612,32249,60-89,Web,W,Private
4TW5S63,39,61983,719,4486,90+,Web,W,Consolidation
O2M71HS,37,28542,660,14349,90+,Web,MW,Consolidation
S5RMJPC,58,44647,755,55704,30-59,Mobile,MW,Consolidation
XTKXGY9,58,92039,689,35302,Current,Agent,MW,Federal
OSA6S9R,21,32412,623,34032,Current,Agent,NE,Private
2W0DKTS,46,80809,748,47905,60-89,IVR,MW,Consolidation
J5N860A,55,57860,634,0,60-89,IVR,W,Federal
TFLWEST,34,65985,674,55273,30-59,Mobile,W,Federal
COWEEVX,40,53834,675,0,30-59,Mobile,S,Federal
EPO772N,33,49783,709,37163,Current,Web,W,Consolidation
FPHG4BC,57,86071,722,37548,30-59,IVR,MW,Consolidation
U3M3TD7,31,50477,736,29748,60-89,Mobile,MW,Federal
LYFAY0X,35,51896,654,38286,60-89,Web,S,Private
OQ6PK5M,23,90079,682,0,Current,Web,MW,Federal
5ED5GGS,24,24652,673,37064,30-59,IVR,S,Federal
W5QQB5I,29,62154,704,4770,1-29,Web,S,Consolidation
1I3EYJ5,31,21910,729,16665,30-59,Web,S,Consolidation
HBVMDCD,74,66869,732,23916,30-59,Mobile,MW,Federal
ARQJW72,44,61894,620,53107,1-29,Mobile,NE,Consolidation
0SEJOKI,37,101762,692,8462,Current,IVR,MW,Federal
FY4DKV7,70,59672,762,23838,60-89,Agent,W,Consolidation
56JD1BP,44,43294,613,10256,30-59,Web,S,Private
AZH7PGS,62,45872,738,29066,30-59,Agent,W,Private
QRIQYE1,29,32109,805,16782,90+,Agent,MW,Private
5WWWOSL,59,58090,674,49904,90+,Web,NE,Federal
G5ZMTGA,70,45477,776,32079,Current,IVR,W,Private
LZOHFDD,52,61702,771,8712,1-29,Web,S,Federal
02XVXIT,38,22698,806,0,1-29,Mobile,MW,Federal
RV8VOYG,21,77025,630,40718,1-29,Web,MW,Private
2R83QSY,42,42420,671,16425,30-59,Agent,S,Consolidation
FLVQARJ,54,62863,772,10905,90+,Agent,W,Federal
M6XHIGX,43,26684,763,12603,60-89,IVR,MW,Federal
B2NIXI8,47,45184,628,54595,1-29,Agent,MW,Federal
2JXJCCH,62,24655,733,44229,30-59,Agent,W,Private
CGIZZM3,27,63173,626,39717,60-89,IVR,MW,Consolidation
Q8BZ53G,64,65244,605,49898,90+,Agent,W,Federal
Q5XCB7E,73,63000,771,31509,30-59,Web,NE,Private
LJFEDTE,18,18028,707,60243,60-89,Agent,MW,Federal
RUTF966,43,70064,734,46754,60-89,Web,MW,Consolidation
Y79KVLS,66,12000,675,1221,90+,Web,S,Consolidation
9FWVVSK,72,44196,746,12075,60-89,Mobile,W,Consolidation
P30TX8J,35,47072,654,35956,1-29,Web,S,Federal
FVSJW7T,47,70704,712,16180,30-59,Web,MW,Private
YE9PN93,37,94149,683,36717,Current,IVR,W,Federal
OOH1XAW,18,33587,709,11589,90+,Agent,S,Consolidation
IK7ZIEM,63,53886,645,45835,1-29,Web,S,Federal
IARN4FL,39,53635,710,11496,60-89,Mobile,NE,Private
UDMK3P6,41,57507,678,56185,60-89,IVR,MW,Consolidation
H41A68T,63,58531,565,365,90+,Web,S,Consolidation
K87322H,19,70942,714,19892,30-59,Web,S,Private
J5XFEUB,32,45691,647,22124,1-29,Agent,S,Federal
TCV1LTW,48,35106,691,0,90+,IVR,S,Private
M33MG1Z,38,84209,609,6566,30-59,Agent,W,Federal
DFRLW6J,18,52862,667,52170,90+,Agent,NE,Consolidation
JHB0NA7,25,64911,707,0,1-29,Agent,MW,Federal
68UUJ2G,75,45751,739,25944,Current,Agent,MW,Federal
3MUB6LB,65,12000,640,23744,Current,IVR,S,Private
L1YN4CB,44,49971,713,14621,1-29,Agent,S,Federal
5EGLKXG,18,52714,716,29214,30-59,IVR,NE,Federal
IF5Q9JU,38,88527,602,19286,60-89,Web,MW,Federal
6SF9NRM,41,67021,617,22784,30-59,Web,S,Consolidation
TFDX0UG,49,34622,670,14426,30-59,Web,NE,Federal
A98BWNA,65,39488,752,14569,60-89,IVR,W,Consolidation
HJ4WUPR,20,93858,601,44251,Current,IVR,NE,Federal
2SVHOTQ,35,70372,732,6718,Current,IVR,W,Federal
OXENFRR,72,56589,596,0,60-89,Mobile,MW,Federal
QPKI7P5,48,13480,644,27728,30-59,Agent,NE,Federal
1B07G2R,50,58627,677,35586,1-29,IVR,NE,Federal
6763V1M,72,32521,662,31141,30-59,Web,MW,Consolidation
NUO9RT4,46,41337,747,44428,60-89,IVR,W,Consolidation
4191HKK,60,57297,738,55844,30-59,Mobile,S,Private
LCRZ3RJ,22,85305,805,34955,60-89,IVR,NE,Federal
K6FA2HZ,75,34207,733,19971,30-59,Agent,S,Private
07X887L,26,13807,644,17385,Current,Mobile,S,Consolidation
MOPG8UX,32,80385,674,56293,Current,Agent,W,Private
YK9CIUB,48,60493,648,0,Current,Mobile,NE,Consolidation
ET1OVEJ,64,44935,670,12693,30-59,Mobile,MW,Consolidation
1ZNG13W,65,52855,665,63589,60-89,Agent,W,Consolidation
N04FDTZ,29,55067,517,12848,30-59,Mobile,S,Federal
7Z4SZM1,53,55019,676,36260,60-89,Web,MW,Consolidation
WHG0U43,48,12000,687,0,Current,Agent,MW,Private
K9VAK1V,63,51189,567,37605,60-89,Web,S,Private
F4P9OQK,33,37805,541,3603,30-59,Mobile,W,Consolidation
3PT47XX,41,29954,659,40264,60-89,Web,NE,Private
AOFW8XU,49,39273,658,38408,30-59,IVR,W,Private
VASIFPW,43,49483,760,14769,90+,IVR,NE,Private
Z36U8UE,71,39828,771,12545,60-89,IVR,S,Federal
MB0IDD0,73,18865,586,37444,60-89,Mobile,S,Private
YC3RWQM,51,49939,764,17761,60-89,IVR,NE,Consolidation
VHF48UZ,40,57145,686,40540,Current,Mobile,S,Private
KBPTZRR,45,34720,741,47414,60-89,Web,W,Consolidation
UYUCECJ,34,62001,758,1656,90+,Mobile,NE,Private
FQ12PQQ,27,85687,656,19384,90+,Agent,MW,Federal
NL86O1B,57,18455,672,14391,90+,Web,NE,Consolidation
Y587XIR,44,60060,635,16384,60-89,Agent,NE,Federal
HE3DHSU,40,56000,659,9939,Current,IVR,NE,Private
0NUJE8V,31,59912,734,43870,90+,Mobile,S,Federal
PGFZXX6,66,59879,706,28415,30-59,Web,NE,Consolidation
J6SFAS0,68,39799,659,37436,1-29,Agent,MW,Consolidation
1ZHQUNU,57,51281,605,7160,60-89,IVR,S,Consolidation
JLLZ90Z,72,104114,608,25505,Current,Agent,MW,Private
PBJRDHQ,55,29431,723,27942,1-29,Agent,NE,Federal
6XF9ZJB,59,60990,639,13703,90+,Mobile,NE,Private
ZG1NAT0,55,60433,653,47248,60-89,IVR,S,Private
VSKY6C5,21,46045,594,26254,90+,Mobile,W,Federal
HBXLBC8,57,57921,654,4224,1-29,IVR,S,Federal
91F4X2B,38,81047,592,24206,30-59,Mobile,MW,Private
60N330P,36,81302,697,51993,Current,Mobile,NE,Federal
TLDKZ27,48,56054,602,22832,60-89,IVR,S,Consolidation
6NE4590,23,24712,624,32010,Current,Mobile,W,Federal
7GCJBEO,49,54257,632,20718,Current,Agent,MW,Consolidation
3CUK52C,62,48038,655,15065,30-59,IVR,NE,Consolidation
6I4BHMY,46,54618,666,26979,60-89,Mobile,W,Private
5ZHCN8I,69,22331,694,37438,1-29,Web,S,Consolidation
T7ZEWVI,34,12000,728,46397,1-29,IVR,S,Federal
ICD0LSF,74,17029,607,28654,30-59,Mobile,W,Federal
ENMB9UP,64,75867,688,15313,90+,IVR,NE,Federal
O3JRBLO,24,39969,670,22946,30-59,IVR,S,Federal
NYCTOPS,45,42989,680,20849,Current,Web,S,Federal
TSUJT70,51,28756,698,0,60-89,IVR,W,Consolidation
RV3HONI,45,48025,753,10035,30-59,IVR,MW,Federal
QFTQ973,49,48225,727,16225,Current,IVR,W,Private
92TP6QA,36,58544,694,53849,90+,Web,S,Private
9WXN91T,62,73734,752,9587,30-59,IVR,MW,Consolidation
NLP2S07,35,75968,746,23375,1-29,Web,NE,Federal
DPGAH3P,51,56433,760,66410,Current,Agent,S,Federal
M5JLSBO,54,31142,755,30756,Current,Mobile,W,Consolidation
GQ8G9P6,57,58948,667,14437,60-89,Agent,MW,Federal
4SU3COJ,43,46027,753,21990,Current,Mobile,MW,Federal
H73R21L,25,108782,657,26562,1-29,IVR,S,Federal
6QPJN22,62,64688,637,54223,90+,Web,MW,Consolidation
V3ACSHU,39,57040,681,22506,60-89,Web,W,Federal
EV8729C,72,36487,609,31832,30-59,Agent,W,Consolidation
0YS1SBD,24,65185,636,14648,1-29,IVR,W,Consolidation
ABL30X0,60,56703,621,61375,30-59,IVR,W,Federal
D3FVNV4,59,39160,647,20271,60-89,Web,NE,Private
0W6A718,45,69508,650,25160,1-29,Mobile,S,Consolidation
SEVL7FQ,18,52527,689,54972,1-29,Mobile,MW,Federal
UW2AWW7,19,34030,775,41684,30-59,Web,NE,Federal
XMZ2CAO,53,50897,695,21754,60-89,Agent,MW,Consolidation
6C2CU7O,18,46309,568,13640,90+,Mobile,S,Consolidation
49Q6QF1,34,45050,669,47280,60-89,Web,W,Federal
T5U694K,36,51034,763,41228,30-59,Agent,NE,Federal
XJBV9M1,31,44585,752,46405,60-89,Mobile,MW,Consolidation
CZCECER,41,39680,718,11108,90+,Web,S,Private
IDMI247,65,49953,623,52768,Current,IVR,S,Consolidation
6SO049R,52,57269,709,21889,Current,Web,W,Consolidation
VB9WBB5,32,77430,682,1858,90+,Mobile,W,Consolidation
4UF3S9M,73,53269,763,8401,30-59,Web,NE,Consolidation
6I8UXK0,39,37636,611,0,30-59,Web,S,Consolidation
RL21MVE,64,40819,723,0,90+,Mobile,W,Private
LQLFWUU,66,54175,622,46060,30-59,Web,S,Consolidation
AESQAXM,24,72921,706,10878,90+,Mobile,S,Federal
GGKYCSN,18,67987,744,180,90+,Web,S,Consolidation
JNHAV07,21,30599,723,36304,Current,IVR,MW,Private
3IEDD07,44,28634,579,72393,30-59,Agent,MW,Federal
9PAPKRV,60,20160,611,1624,30-59,Agent,S,Private
TGO2T7Q,71,40564,775,50987,60-89,Agent,S,Consolidation
5GDEJ31,48,78444,796,17134,90+,IVR,MW,Consolidation
FGNMV3X,20,30189,611,7977,60-89,Web,W,Consolidation
LI8CXU1,68,45681,596,23299,30-59,IVR,W,Federal
UUG95RL,64,67062,681,0,1-29,Mobile,W,Federal
U7C1A7Y,46,82129,650,65263,60-89,Mobile,S,Federal
T1N0NRX,58,46353,783,48131,Current,Mobile,S,Private
V7HRBFG,45,12000,650,20359,90+,Mobile,NE,Private
4AVYKR6,19,58897,726,10219,1-29,Agent,S,Consolidation
NWTLBN4,33,45266,656,24815,1-29,Web,NE,Consolidation
PBLA6SZ,75,36362,672,26435,1-29,Agent,S,Federal
JBLORIP,63,46061,678,34035,Current,Mobile,S,Federal
MLEOZPR,61,30374,618,6964,90+,Agent,S,Private
54087WS,34,66366,750,26772,1-29,IVR,W,Private
TWD96HH,66,28716,704,78132,60-89,IVR,S,Consolidation
517DXJ1,41,45035,690,38906,Current,Web,MW,Consolidation
B6ZJGUB,32,49839,670,17307,1-29,IVR,NE,Federal
FNX74SS,19,50359,505,13349,90+,Web,NE,Federal
WOO0HLL,20,60273,630,28270,60-89,Web,S,Consolidation
5DGSIRI,59,81022,694,20774,60-89,IVR,W,Federal
HL5V32B,69,46083,735,12157,90+,Web,W,Federal
1NGWZHE,62,61164,627,48074,60-89,Agent,W,Private
HDJ7O9X,47,34563,655,0,30-59,Agent,NE,Consolidation
D00YKGA,58,93739,697,17224,Current,Mobile,MW,Private
S5HRC2H,30,42567,729,42558,Current,Mobile,NE,Federal
4S5TR21,35,24908,657,19455,90+,Agent,NE,Federal
59HOTGD,23,35619,741,20946,60-89,IVR,MW,Private
0JGUC3T,41,52629,725,14498,1-29,Web,MW,Federal
ZF5187O,27,59972,610,1020,30-59,Web,MW,Federal
6ZJ02K6,48,64277,713,13931,30-59,Agent,S,Consolidation
ZCV3HRQ,35,40380,582,0,30-59,Agent,NE,Federal
Q5N5KXQ,66,41145,700,41648,60-89,Mobile,W,Private
1Z337C7,60,38071,747,18617,90+,Mobile,W,Consolidation
3VD141A,27,82854,733,40686,30-59,Web,NE,Consolidation
E2ATN2T,65,49410,736,24538,90+,Mobile,MW,Private
4DILRZQ,23,86111,663,6791,30-59,Mobile,S,Private
FJ8HDI8,27,12000,682,28751,1-29,Mobile,S,Consolidation
7W683O3,52,17030,642,35483,1-29,Web,MW,Consolidation
V6FLVYW,25,38571,750,13923,90+,IVR,MW,Private
IFM5CI7,33,58829,731,11045,1-29,Mobile,NE,Private
6CYO51K,30,45942,649,0,1-29,Mobile,MW,Federal
1ENNGAY,21,28414,685,19370,60-89,Mobile,NE,Federal
06FTLO4,56,67066,677,34523,30-59,Web,MW,Private
AS12Q31,36,14575,725,48932,60-89,Mobile,W,Private
YRR4CKC,33,54854,739,33469,60-89,Agent,W,Federal
T2A1Q4P,68,44739,657,36948,30-59,Agent,NE,Consolidation
WOBYEZW,51,96031,704,0,1-29,Agent,W,Private
GYTBGHR,21,60783,689,0,1-29,Agent,S,Federal
GTBIDDV,25,56701,561,23334,90+,Agent,MW,Private
7R2FMFP,66,76964,662,13383,Current,Web,S,Consolidation
16GBOL0,53,75700,678,21145,30-59,Agent,NE,Consolidation
60YOKR7,73,35495,764,16491,1-29,Mobile,S,Consolidation
NPN3VGI,21,42409,609,29758,90+,Mobile,W,Private
ZXRI7SI,52,22967,687,37182,90+,Agent,W,Federal
YFKKPD4,49,28014,659,56602,30-59,Web,S,Federal
A2YY3HB,73,12000,707,13411,30-59,IVR,S,Private
SZQG6PK,63,42623,694,51120,30-59,Web,S,Consolidation
10LGS48,40,61230,638,12956,Current,Agent,MW,Private
XGYH6K9,67,59441,744,61122,1-29,Mobile,NE,Federal
VRBJ3HI,30,46830,677,37628,90+,Web,S,Private
PN0TYTW,47,73368,768,13937,60-89,IVR,S,Private
0A0RA0Y,37,22081,770,11017,60-89,Web,W,Private
2ADL7GE,24,12000,610,33052,60-89,Mobile,W,Private
2KLYYVU,74,29397,661,21544,30-59,Web,NE,Consolidation
GR6E7GA,29,43754,702,24378,90+,Web,NE,Private
ZMQ77HN,64,25485,737,4083,1-29,Agent,NE,Private
J8TH1PQ,44,45429,681,10076,Current,Agent,S,Federal
4EUTAWJ,19,33596,625,8563,1-29,IVR,W,Private
ZMPOGO9,19,33800,722,32875,60-89,Agent,W,Private
E4033GN,28,59012,678,15288,30-59,IVR,MW,Private
8DJZR5S,45,27354,647,43727,90+,Agent,MW,Private
GGO46X1,58,79984,606,23210,60-89,Web,S,Federal
6E4Z1WM,73,55874,671,52507,30-59,Mobile,NE,Private
LP7DGT6,64,53028,745,0,30-59,Web,NE,Consolidation
EUGQV2X,46,65237,714,57010,1-29,Web,MW,Federal
755NF4Z,35,65866,736,43317,30-59,Mobile,NE,Federal
VK0UCC1,39,51784,661,28340,Current,Mobile,MW,Consolidation
LGQE6XB,61,71077,701,35523,1-29,Agent,NE,Private
YN9382K,66,76744,579,29569,30-59,Web,W,Consolidation
B1N6QWA,50,63739,584,23796,60-89,Web,W,Federal
F8NBEWU,42,49544,671,29737,1-29,Web,MW,Federal
ISXHVT1,22,65162,693,15397,90+,Agent,S,Consolidation
6P5XH4Z,70,36371,705,55329,Current,Web,S,Consolidation
HUFN4VN,51,62224,719,39024,30-59,Mobile,MW,Consolidation
2J8NP9S,54,66108,749,41700,Current,IVR,S,Consolidation
92MI560,58,60558,604,56264,30-59,Agent,W,Federal
EJHJZQ9,60,35310,721,36323,60-89,IVR,MW,Private
1HMJUH0,34,76920,641,32951,1-29,Web,NE,Private
6PHK0VX,26,76030,682,45852,1-29,IVR,MW,Private
Y2BAQMR,66,79991,712,28695,90+,IVR,S,Consolidation
9M0GAKA,19,46999,647,30456,Current,IVR,S,Consolidation
F751VUT,42,82978,710,17418,30-59,Agent,W,Federal
2TX2XS4,27,83042,644,38875,60-89,Web,NE,Private
WX86Y4I,73,15740,687,45040,60-89,Mobile,S,Consolidation
98CJNJZ,71,116853,698,2439,Current,Agent,NE,Private
SDFC8IO,36,24369,634,0,30-59,Web,W,Federal
1I1CCMN,52,63109,696,45145,60-89,IVR,W,Private
9YETB15,52,45531,701,35255,30-59,IVR,W,Consolidation
6HFEPYD,47,51392,725,30350,90+,Agent,MW,Federal
RTC0Z7Q,50,41777,622,43485,60-89,Mobile,W,Consolidation
D0P92K3,26,79719,781,32341,30-59,IVR,W,Consolidation
430LR3O,74,27215,729,56271,1-29,IVR,NE,Private
NCPRCWF,60,59214,694,52177,30-59,Mobile,W,Federal
VH71HW3,19,62502,635,41537,60-89,Mobile,S,Private
GVYIE6I,71,63248,694,53290,90+,Mobile,S,Private
ZOD9GEV,28,77063,769,20149,1-29,Mobile,NE,Federal
03V1NPC,66,53998,620,31366,1-29,Web,NE,Consolidation
3BPEQPR,53,85879,799,0,90+,Mobile,NE,Private
EOCMBZJ,27,28121,632,26158,90+,Web,S,Private
077HBFF,40,12000,650,58763,90+,Mobile,S,Consolidation
ZXYVGSV,30,25424,626,66831,1-29,Web,NE,Private
EBXGKYA,67,12139,670,10852,90+,Agent,NE,Federal
K13ZP84,66,63887,705,8176,Current,IVR,NE,Federal
K5DJ3RZ,45,12164,723,63311,1-29,Mobile,S,Consolidation
XOGXVX9,40,64275,598,22143,60-89,Mobile,NE,Federal
DKNL48K,68,35058,590,16623,30-59,IVR,MW,Consolidation
RF4FXEN,38,48837,688,3862,1-29,IVR,S,Consolidation
BF6BIO0,27,47653,745,9972,1-29,Mobile,W,Federal
ZVR9D02,27,76552,648,21738,60-89,Agent,NE,Private
LPQK5FP,19,39679,701,9976,30-59,Web,S,Private
AHZG85S,38,12000,740,49635,1-29,Web,W,Private
O1LIYMW,30,31469,816,30337,90+,Mobile,MW,Federal
VH3T8X2,69,65641,547,18761,30-59,Web,S,Consolidation
QG4QLV7,52,83807,658,5721,90+,Web,NE,Private
5WMG7F1,36,42913,709,26920,30-59,Web,NE,Consolidation
1X9G4OE,72,65173,725,14533,60-89,IVR,NE,Consolidation
1ZSMH12,51,64153,618,2811,30-59,Mobile,MW,Private
PP0KLX5,21,42397,666,43645,30-59,Web,S,Private
4YKFJRA,32,20472,617,31294,60-89,Mobile,S,Federal
D56YJV6,18,39748,662,28254,Current,Agent,MW,Private
A2CQBYW,29,12000,636,63400,60-89,Web,W,Federal
I6OEUH8,40,23240,676,19073,1-29,IVR,S,Consolidation
ZD76SZN,24,25933,766,0,60-89,Mobile,S,Consolidation
0MQA1CC,40,65904,676,20641,1-29,Mobile,NE,Private
X5RIGO3,47,84842,756,10011,60-89,Agent,W,Consolidation
HJ3MUUR,67,20537,624,6484,Current,Web,S,Federal
AYLLD4Y,25,33359,652,36355,1-29,IVR,NE,Consolidation
454PW1V,43,56962,685,31535,60-89,IVR,W,Consolidation
PLC6PRR,71,25279,748,29739,1-29,IVR,W,Federal
BOTOV50,74,54847,675,19927,Current,IVR,S,Federal
KBHB7S9,68,46299,701,19077,Current,Web,MW,Federal
J6BRJDN,22,22664,681,19677,1-29,Agent,MW,Private
RLGDJ7W,56,91109,640,50653,1-29,Web,W,Private
2T8QC13,39,42218,672,31524,30-59,Agent,S,Federal
H30153S,63,56760,801,10805,90+,Mobile,W,Federal
PKSS9AW,37,67743,670,26283,30-59,Mobile,S,Consolidation
YHABG09,44,23862,642,35027,90+,Mobile,MW,Consolidation
AFCB3D6,47,58726,717,45385,60-89,Mobile,W,Private
93LV3C3,27,78285,581,39516,30-59,Mobile,S,Consolidation
CSWIYF9,30,39724,777,54229,1-29,Web,MW,Consolidation
27NLS4S,56,75547,657,5036,30-59,Mobile,NE,Private
1EKVIPA,18,31977,613,7463,30-59,Web,NE,Private
PUBKOPS,66,18456,629,18654,1-29,Agent,S,Consolidation
ZMPWB0F,60,82296,640,29329,30-59,Agent,S,Consolidation
HVOGE67,74,58851,659,33955,30-59,Mobile,W,Private
VAJIMMN,36,84138,708,34125,90+,IVR,W,Private
SM5R7GO,37,23890,775,0,90+,Agent,MW,Consolidation
V3ED46K,24,20993,667,21727,30-59,Agent,W,Private
KWD3X2K,52,29961,612,35447,30-59,Web,S,Consolidation
AU5S843,41,49263,761,35012,60-89,IVR,W,Private
0NW60JS,61,84880,693,5434,60-89,Mobile,MW,Private
P37IPDT,20,12000,649,20749,60-89,Web,S,Private
0UNJF4U,46,12000,697,21176,60-89,Mobile,NE,Private
JQCYYPQ,22,22718,724,17343,Current,Web,MW,Consolidation
5FL42VL,71,87235,570,26510,30-59,Web,S,Private
QVAYXAR,66,40513,622,9095,Current,IVR,MW,Federal
G4C1ARR,22,52564,680,25525,30-59,IVR,NE,Consolidation
6J5Q1D7,31,33416,709,44487,Current,Agent,S,Private
GOCRK53,50,63974,716,42819,1-29,Agent,W,Consolidation
VKOG101,30,73278,633,38444,Current,Agent,W,Consolidation
UV1FICT,71,60209,686,21252,30-59,Mobile,NE,Federal
BISCW1P,59,37438,800,32392,1-29,Agent,MW,Consolidation
O6OUZ1E,60,18405,819,5085,Current,Web,NE,Consolidation
5485HCQ,40,41147,764,15003,90+,Web,MW,Federal
L1LXK68,22,56088,705,8332,60-89,Mobile,W,Consolidation
B9640RG,34,74838,626,24903,1-29,Web,S,Federal
UZ68YU3,45,41707,706,45496,30-59,IVR,W,Federal
DY4LRE7,33,43432,621,29767,30-59,Web,S,Federal
QOHN3DG,41,47283,707,28022,60-89,IVR,MW,Federal
3C07BTI,36,50418,573,2079,30-59,Web,NE,Consolidation
8DRC11E,47,64888,761,31543,Current,IVR,NE,Private
K33UFEV,43,36450,579,51488,60-89,Web,NE,Private
WX0I3A4,41,30541,700,47118,60-89,Mobile,NE,Federal
XG6OIB5,52,92554,772,38794,Current,IVR,MW,Federal
RYOHCKN,35,45299,689,16129,Current,IVR,MW,Federal
Y2B73RR,52,59697,674,8084,30-59,Agent,S,Private
EXPFSLT,62,46029,700,33814,Current,Mobile,S,Private
ZTX2KYZ,64,42673,745,41982,90+,Agent,NE,Federal
DNF4X13,65,30671,752,31057,90+,Web,MW,Federal
B2PC3Q1,53,46741,706,30352,1-29,Web,W,Federal
XLGFWMV,68,73153,597,29906,90+,Web,S,Consolidation
LULYM7Y,67,102882,638,49799,Current,Agent,MW,Private
OZIT4MM,38,12691,741,28909,90+,Web,W,Consolidation
5GG0V5D,74,62212,658,41369,90+,Web,W,Consolidation
BES81DE,37,54610,702,40111,Current,Web,NE,Consolidation
WF1TQV0,67,65053,689,42080,60-89,IVR,MW,Private
85DW1NN,63,96070,755,53158,Current,Mobile,MW,Consolidation
9DCNWMB,64,38522,747,11234,90+,Web,MW,Federal
NHFOQ0Z,47,52442,746,19236,Current,IVR,S,Consolidation
C2RRA3P,44,42739,619,8256,30-59,IVR,W,Private
WPRLPG7,29,59592,654,22011,Current,Agent,W,Consolidation
XO7I88M,18,66667,631,36430,30-59,IVR,W,Private
BLQI1N6,45,71379,663,37028,30-59,IVR,NE,Consolidation
LGIC5L3,54,69348,670,28157,30-59,Web,W,Private
OSP89UK,70,58199,669,37262,60-89,Web,NE,Private
JSSUUQO,32,56070,615,42821,30-59,IVR,NE,Private
P36KY6Y,63,89204,655,13714,60-89,Web,W,Private
VWHHOLI,59,63513,650,7111,Current,Agent,S,Federal
9KWMOGY,36,20568,676,36686,Current,Mobile,NE,Federal
6N9GYRL,67,78955,691,7617,90+,IVR,W,Private
MJJX23L,50,31520,771,21468,1-29,Mobile,W,Federal
WE3DKS4,74,78210,810,12635,90+,Web,S,Private
NJ7VBJR,42,83889,740,0,Current,IVR,W,Federal
XPESHA6,49,69328,691,36663,90+,Agent,MW,Federal
N4XXZU3,31,39816,637,36950,Current,Web,S,Private
TAR0KO3,47,40208,660,23378,Current,Web,W,Private
FKHDIU1,19,28440,696,24053,1-29,IVR,NE,Private
3M9NPK2,61,84347,600,44034,60-89,Web,W,Private
RHY1HNX,29,65204,622,33059,90+,Web,W,Private
24SMGP0,24,22245,625,39920,1-29,Mobile,W,Private
XAJI0Y6,63,59781,607,45957,30-59,Agent,MW,Consolidation
FYX0JOC,56,44655,677,36103,60-89,Mobile,S,Consolidation
N20BWD7,48,31985,809,40655,90+,Web,NE,Consolidation
ZZZ6CTE,43,26283,648,52012,90+,Mobile,W,Consolidation
F74RQVF,68,36758,656,10670,1-29,Mobile,W,Federal
NNHJ7XV,25,31936,655,6925,90+,Web,MW,Private
3T9LP2E,48,54968,698,2976,30-59,Web,MW,Federal
KTOC1YF,70,53459,700,10550,Current,Web,MW,Federal
ZV4U3BB,34,24781,620,37722,1-29,Mobile,NE,Private
L0W5RXM,30,35752,633,9741,90+,Agent,W,Private
9REDG4F,26,60805,684,29949,90+,Web,W,Private
V1QSA11,68,25035,739,39863,1-29,Web,MW,Consolidation
TMD4F9H,44,58160,648,42503,Current,IVR,W,Federal
ELKO48D,37,71043,757,0,Current,Web,S,Federal
295P1CC,64,48196,716,26102,1-29,IVR,NE,Consolidation
37VG688,23,45429,665,27722,90+,IVR,MW,Consolidation
KTAKPUX,48,59052,813,6851,30-59,Mobile,NE,Consolidation
812HNC0,28,24284,764,17498,30-59,Agent,W,Federal
839AG77,69,45965,744,0,1-29,IVR,W,Consolidation
EZWJTX3,61,42923,785,7632,Current,IVR,NE,Consolidation
G3ZJ395,29,38921,711,22952,1-29,IVR,W,Consolidation
7BMZRR4,41,59897,743,47630,1-29,Web,S,Private
JLTEIYZ,41,35997,751,24219,Current,IVR,S,Private
8CX5DNS,25,57905,680,33763,30-59,Agent,S,Consolidation
Q0X717H,36,71406,777,31991,60-89,Web,MW,Private
DX1ZFMQ,40,63980,639,27484,Current,Agent,NE,Federal
7Y1UVJY,53,95639,660,41447,Current,Agent,NE,Federal
KBP2QD6,69,51206,691,24263,1-29,Mobile,NE,Private
IJPSHOX,50,38626,609,18244,30-59,Web,W,Consolidation
PGB8IY5,39,40135,587,31420,30-59,IVR,W,Consolidation
6209C3A,19,94775,749,28112,Current,Agent,NE,Private
CXTJYRD,25,82838,760,0,1-29,Mobile,NE,Federal
OSOH5V6,52,68227,714,22801,60-89,Web,S,Private
EXIFH93,29,84854,672,0,1-29,Agent,MW,Federal
YMFVTAC,55,64534,698,26083,60-89,Mobile,S,Private
VFCMQ0O,55,32013,697,31360,30-59,IVR,S,Private
SGPAGI3,54,80666,635,42292,60-89,Web,W,Federal
AVAFIVA,18,48855,707,15122,60-89,Mobile,NE,Consolidation
FG0DJQ1,57,15756,755,0,90+,Mobile,MW,Private
7FGFP2G,23,49373,751,0,1-29,Mobile,NE,Consolidation
LLWNAK2,18,65215,767,8767,60-89,Web,NE,Consolidation
XW1TBRW,24,67740,636,36922,Current,IVR,NE,Federal
MJ1QI9M,21,46896,600,35310,90+,Agent,NE,Private
CR26UU6,28,49317,636,30953,Current,IVR,NE,Federal
MZLO9LN,42,68309,749,72401,30-59,Web,W,Private
Z4VOYBJ,33,44150,646,44236,1-29,IVR,S,Consolidation
0ISB5IQ,73,73341,660,26009,30-59,IVR,MW,Consolidation
HRZFDYX,55,74143,717,26212,60-89,Mobile,MW,Consolidation
M13O1BS,61,37975,662,27610,Current,Mobile,NE,Consolidation
H8P9LVE,20,48980,672,59337,1-29,Web,NE,Federal
Q1QU1RE,18,22252,613,7371,90+,Agent,W,Federal
KHG24A9,60,56505,656,16973,30-59,Agent,W,Federal
WCRH9LQ,72,70695,709,18933,60-89,Agent,NE,Federal
TH9IIUK,24,35004,656,8775,Current,Agent,S,Federal
KSE0APH,56,36971,541,36706,90+,Mobile,S,Federal
CJQ427U,55,47715,716,25370,60-89,Mobile,MW,Federal
Q7AR42D,19,31761,638,29713,90+,Mobile,NE,Private
YRMG97P,46,53877,601,22281,60-89,Agent,NE,Private
NSM9HWG,64,12000,778,25904,Current,IVR,NE,Private
1ZR7KQ9,32,55361,624,30073,1-29,Agent,NE,Federal
T3W5UZB,54,74126,759,24500,1-29,Agent,W,Consolidation
LYF6NXX,35,70415,707,38528,90+,Mobile,S,Consolidation
1Y4YHGA,53,69836,666,23747,30-59,IVR,W,Consolidation
MTZ1FPR,66,24713,734,0,30-59,IVR,W,Federal
GQGV8H0,53,37901,747,25111,30-59,Web,MW,Private
JPMLNL7,33,58093,689,23938,30-59,Mobile,NE,Federal
BFUK9E1,37,36017,632,25212,Current,IVR,S,Consolidation
Y0JHPBG,18,12000,705,51275,1-29,Mobile,MW,Consolidation
EMTSWAA,73,57736,622,19001,1-29,Mobile,S,Consolidation
X2HK5GY,31,27601,645,29960,60-89,IVR,S,Federal
U7EGPNN,56,70889,724,18188,1-29,Web,MW,Consolidation
U49A9OP,20,39370,749,40389,1-29,IVR,S,Private
GGHKHE1,45,30777,653,5998,90+,Agent,S,Private
YPL1OUC,61,76016,687,8059,60-89,IVR,MW,Federal
92XPI86,18,52594,738,0,1-29,Web,NE,Federal
0TB81OU,46,69088,767,19486,90+,Web,W,Consolidation
NKXKBEF,60,49404,650,27360,1-29,Mobile,MW,Federal
9UWHTC4,48,53291,707,47118,Current,Agent,W,Private
32AN417,71,52893,689,44913,90+,Mobile,NE,Consolidation
5R8IST0,73,59726,682,9675,Current,IVR,MW,Private
ICXBR8I,72,71602,656,75839,Current,Mobile,MW,Consolidation
C72EQ8A,22,30533,726,31840,90+,IVR,W,Federal
5FG3MLO,75,50347,719,24067,30-59,Mobile,NE,Federal
YT1R9GG,52,53890,682,38584,1-29,IVR,S,Consolidation
VXPJ4HN,70,57194,678,1166,90+,Agent,MW,Private
76RWR3S,47,85079,684,33028,90+,IVR,NE,Federal
KE0QC96,29,70023,650,9001,60-89,IVR,MW,Federal
PAHRX7B,69,47109,653,55602,90+,Web,W,Consolidation
8BW69ZM,74,27451,729,45241,1-29,IVR,MW,Consolidation
EYREHKX,56,12000,689,47153,60-89,Agent,S,Federal
EZRAD8E,49,27253,696,44807,1-29,Mobile,S,Private
0ZO9VCE,21,79771,644,25719,90+,Web,NE,Consolidation
DT7U6CL,30,90510,643,8783,1-29,IVR,W,Consolidation
E58F3OB,34,20643,739,98271,30-59,Web,NE,Consolidation
2RA81RX,38,65463,746,62624,1-29,Agent,S,Private
ZXDF0NS,21,92343,749,5963,1-29,IVR,MW,Private
JUXVMFQ,61,85245,690,21633,90+,IVR,NE,Federal
57NZ3A8,41,54432,660,42031,90+,Web,S,Consolidation
TE1EL8I,52,63651,580,51901,30-59,Agent,NE,Consolidation
V9FAA4Q,71,60338,728,30766,Current,Mobile,NE,Federal
K5OGZ2U,66,80773,619,35113,30-59,IVR,W,Federal
MJ22OIG,58,88729,697,25222,90+,Web,S,Private
H4VJXOT,50,77363,683,20295,60-89,IVR,MW,Consolidation
K8I174L,65,101038,709,36088,Current,Mobile,S,Federal
V2UXSSL,28,59462,638,56380,60-89,Agent,W,Private
MQX5GGO,60,84162,625,23013,1-29,Web,S,Consolidation
ZSJQ77Z,20,102417,695,23008,Current,Agent,S,Private
PCKBQRG,28,70548,646,57109,Current,Agent,NE,Private
0NE6YIW,34,60845,790,0,Current,Web,W,Consolidation
U7JHQDX,34,63283,736,19131,1-29,IVR,S,Private
I74KZT2,43,104685,699,46653,Current,Agent,W,Federal
4T0KZXG,60,56689,640,37380,90+,Mobile,NE,Consolidation
5WSU536,67,74917,707,36258,30-59,IVR,S,Private
88SUKE8,55,78673,685,9093,60-89,Web,S,Consolidation
H40DPMX,36,58849,646,63237,30-59,Web,S,Federal
ZVR8VBY,58,64613,737,17390,90+,Mobile,W,Private
7D835KU,71,45251,654,11536,30-59,Agent,W,Consolidation
Z5ZPXEG,70,29344,833,14891,Current,Mobile,MW,Consolidation
YHRQG3I,31,64391,674,29059,Current,Web,NE,Consolidation
AP3JFW7,57,63913,766,65059,60-89,IVR,MW,Federal
EMG7IZ2,58,29765,778,28683,90+,IVR,S,Federal
A30KK9J,66,49943,698,20336,1-29,IVR,MW,Private
1BKJGSE,75,58542,710,19500,1-29,Web,NE,Consolidation
JESPS8Q,66,51595,716,47543,60-89,Agent,S,Private
SSJHMOT,48,45106,635,11753,60-89,IVR,MW,Private
IRL481X,36,65349,727,32427,30-59,Web,S,Private
DA24MKS,29,79680,785,33272,Current,Mobile,MW,Consolidation
EBMQPJB,27,80857,646,56746,90+,IVR,NE,Private
VPXD06J,38,35329,672,23604,90+,Mobile,W,Federal
G42H5ZX,49,55988,601,29507,60-89,Agent,NE,Consolidation
VW5OXIO,49,44115,650,35805,Current,Agent,W,Private
1WL2I4B,55,12000,588,29353,30-59,IVR,MW,Private
60P0HZW,64,12000,724,31689,Current,Mobile,MW,Private
SY6GPE3,50,76057,805,16084,90+,Agent,S,Private
BAVOTVZ,32,48748,653,19388,60-89,Agent,NE,Private
NIOLOAQ,18,92964,694,45774,Current,Web,W,Private
O79H4HA,37,35797,627,34344,Current,Agent,W,Consolidation
ERI8D5S,72,35552,508,65266,60-89,Mobile,S,Consolidation
3FNXTIW,59,48043,707,37712,60-89,Agent,MW,Private
NCRJAV6,26,42516,596,17935,30-59,Agent,MW,Private
O7DUG8P,24,45090,602,4803,90+,IVR,MW,Consolidation
XKMLMK4,35,35924,582,16052,90+,Agent,S,Private
CNIL847,38,34234,619,36486,30-59,Mobile,MW,Private
2L16YBO,31,23064,617,15046,90+,Mobile,NE,Consolidation
EI7K8EV,50,21737,713,57812,1-29,Web,MW,Private
FQSDQ26,28,42956,557,9977,30-59,Agent,MW,Private
TRQINDA,69,19913,585,21878,30-59,Agent,NE,Federal
3V47XOL,30,35092,667,32816,Current,Web,NE,Consolidation
6FWRONB,33,55156,751,41149,Current,Mobile,W,Private
FOMJOQJ,28,23627,686,48724,30-59,Mobile,NE,Federal
5KUPFKQ,23,80439,617,32948,60-89,Web,NE,Private
BVUM9BU,31,53784,668,19423,60-89,Web,NE,Federal
LCEZH82,63,42258,742,44691,Current,Web,NE,Private
2WZOIV1,74,45539,640,50014,60-89,Agent,NE,Federal
BFKBFFA,20,72290,775,45765,90+,Web,W,Private
78P0TWB,22,42391,589,2136,90+,Web,NE,Private
PGEY18J,72,76754,784,9096,60-89,IVR,S,Consolidation
947XKJQ,55,51863,611,37931,90+,Web,NE,Consolidation
LU3NDZ3,31,47088,670,24678,90+,Mobile,MW,Private
1CJFX5L,53,12000,708,35184,30-59,Web,S,Consolidation
109ZDO0,67,99917,700,50594,Current,Agent,W,Federal
UUPGNIF,42,69493,559,24747,30-59,Agent,W,Federal
OWNX23V,75,45269,520,18958,60-89,IVR,W,Consolidation
82SALJR,58,52457,618,24968,90+,Agent,NE,Federal
4O8LYEC,50,68247,572,23768,30-59,Mobile,NE,Private
X8DY3PW,67,33746,700,4253,1-29,Agent,W,Private
6BCPWEI,28,66200,698,65969,Current,Mobile,NE,Private
NUUN4TJ,26,49676,735,49738,30-59,Web,S,Federal
R821UZV,43,62507,745,11482,Current,Mobile,MW,Federal
GBPADUS,47,68979,681,53301,1-29,Agent,W,Federal
TMBAOD5,29,12000,614,17374,60-89,Web,W,Consolidation
8389214,33,46164,585,38807,60-89,Mobile,W,Consolidation
ZKG84YN,39,81701,688,43892,90+,Web,W,Federal
2CKNIQ7,44,24808,706,34461,1-29,Agent,NE,Consolidation
FVX9PD3,24,87876,603,11178,90+,Web,W,Consolidation
15TT2JW,22,31948,727,31816,60-89,Web,NE,Consolidation
BOVB1ZJ,56,56669,647,41097,Current,IVR,MW,Federal
8P8PCGN,73,52935,670,3230,30-59,Web,S,Federal
NVOKEYN,36,92535,658,17329,1-29,Web,NE,Federal
LYYZZ0J,30,22312,697,31049,1-29,Web,NE,Consolidation
JHOJALB,44,67288,647,27932,Current,Agent,MW,Consolidation
ICVLK6T,24,62946,534,23105,60-89,Web,MW,Private
4N6QROL,36,20409,702,13205,Current,Agent,MW,Federal
JK4SMTW,49,51103,736,9824,30-59,Web,S,Federal
XDW0YCY,70,54106,651,24830,30-59,Agent,MW,Private
LF65J1V,38,36199,678,40800,30-59,IVR,S,Federal
4CZOVFV,42,76624,565,0,30-59,Mobile,MW,Consolidation
QJ3IZBT,26,58489,598,3333,30-59,Agent,MW,Consolidation
I4X6G1E,55,65258,572,41860,30-59,Web,MW,Federal
TXCB48Y,46,87834,681,15144,1-29,Web,S,Consolidation
HS7XM7I,53,49571,689,50691,90+,Agent,S,Private
QCAUE1H,52,42232,702,37804,30-59,Web,MW,Consolidation
YYSM4YY,27,72764,586,39449,60-89,Mobile,W,Consolidation
61N7FDR,33,52911,734,18004,90+,Web,W,Federal
BDW56FK,40,40787,729,45905,60-89,Web,NE,Federal
8D0MZHR,39,56359,752,12180,60-89,Mobile,W,Federal
1G0R6W6,31,82693,665,53125,Current,Mobile,S,Federal
1M6U2LL,22,72289,731,36771,1-29,Web,S,Consolidation
PMZ6387,52,41542,686,28368,Current,Agent,W,Private
3I6WTL0,72,67587,710,16104,1-29,Agent,NE,Private
5Z0WEE8,59,49849,647,3221,60-89,Mobile,NE,Private
WYX9TRF,63,45805,702,19089,1-29,IVR,S,Consolidation
8UMNW6L,58,21508,742,16904,60-89,IVR,MW,Consolidation
24G1IQ3,34,12000,648,40532,Current,Agent,S,Federal
JYITRZR,36,25005,617,8471,60-89,IVR,MW,Consolidation
MGOLOQC,73,43076,686,23538,60-89,Agent,NE,Federal
INPFGOM,37,65579,714,16081,60-89,Agent,W,Federal
3XZ6OLB,63,57790,669,45944,90+,Mobile,MW,Consolidation
D2Q4DB2,68,38817,744,0,30-59,Agent,W,Federal
UHZ1GV0,42,49155,642,8040,Current,Mobile,S,Consolidation
67DXLSE,56,57295,654,34502,60-89,IVR,W,Private
N31372V,20,50912,766,38555,90+,IVR,NE,Private
VUDQZG2,37,12000,729,33655,60-89,Mobile,S,Private
T26YS44,50,31844,718,42269,Current,IVR,MW,Private
GGMINUD,51,56513,727,41090,1-29,Web,MW,Consolidation
GKPLRGG,30,33610,677,24573,30-59,Mobile,S,Private
X6KDD49,39,91622,725,24322,Current,Agent,W,Consolidation
A1IOPRA,43,61245,667,2700,Current,IVR,W,Private
66CNOLJ,30,18969,733,15276,Current,IVR,S,Federal
1R1Y9CC,36,55667,747,43272,Current,Agent,W,Private
9UZA9QV,49,16448,684,0,Current,IVR,NE,Federal
VGUW6YZ,24,70386,674,25867,60-89,Mobile,MW,Private
3GMEFG9,70,92270,801,42846,Current,Web,NE,Private
0BD4AQB,45,96633,610,715,1-29,IVR,NE,Private
T16MIGO,53,24769,690,28136,30-59,Mobile,NE,Federal
XF7JXJN,59,76654,677,6635,30-59,IVR,W,Private
U2EB0T4,51,54306,666,0,60-89,IVR,W,Consolidation
2ZQYJM3,21,53081,642,0,60-89,Mobile,W,Private
S2LYM9V,24,43837,736,32896,60-89,Agent,S,Consolidation
QDBXVH7,72,49658,705,3019,60-89,IVR,NE,Private
1TRBXAZ,71,21814,727,34781,90+,Mobile,W,Consolidation
OHNJYPO,48,59896,618,295,30-59,Web,W,Federal
00H2K2P,47,46242,747,0,30-59,Web,S,Consolidation
V5IPBXM,23,60309,730,37463,1-29,IVR,S,Federal
9847MVO,21,58849,810,13752,90+,Mobile,NE,Federal
HFAKGPP,52,18971,595,33802,60-89,Web,MW,Consolidation
07UJ4FQ,65,44608,614,29334,60-89,Agent,MW,Federal
1PTXGSR,45,89881,603,14674,90+,Web,NE,Consolidation
2HOQ5E7,56,43036,652,55321,90+,Web,NE,Consolidation
F2K1XER,43,24482,631,20701,30-59,Agent,NE,Federal
4K88K68,41,30431,716,31804,60-89,Web,S,Consolidation
TEQ3CYF,34,81429,680,55318,60-89,Mobile,NE,Private
TQPQ4BW,20,63927,603,33571,60-89,Agent,MW,Federal
J0VYSD3,43,26396,743,43306,1-29,Web,MW,Private
B7R3OCW,41,51773,683,39687,Current,IVR,W,Private
L2LD05N,19,48096,681,0,Current,Mobile,S,Consolidation
UY5BFYG,21,72672,691,30236,Current,Web,S,Private
IEW12WB,27,16345,527,36844,60-89,Mobile,S,Consolidation
F7DIVZG,30,22483,698,24794,90+,Web,NE,Consolidation
SP7QFQ9,41,26151,706,18262,60-89,Agent,W,Consolidation
UNEI5NC,43,74945,674,0,1-29,Mobile,W,Consolidation
K1D8NRU,64,12000,741,27557,Current,Mobile,MW,Consolidation
KH8VXPS,37,33804,599,26400,30-59,Mobile,S,Federal
NC7M1VK,67,51136,663,10016,30-59,Agent,NE,Federal
PKXVHAG,23,12000,638,43311,Current,Web,W,Private
BMJXMIK,37,12375,735,20070,90+,Mobile,W,Consolidation
9W4UOV5,66,29053,576,8937,60-89,Web,W,Consolidation
UIECHZS,20,38961,684,44463,60-89,IVR,W,Private
4M1TRPU,48,27551,715,39563,Current,IVR,W,Private
AC2EXVA,47,38267,704,22646,1-29,IVR,NE,Federal
XOLXCY6,25,49894,665,10035,90+,Agent,NE,Federal
URUDO4C,71,53332,468,50172,90+,IVR,S,Consolidation
YEE2ABG,34,32814,620,48822,30-59,Mobile,W,Private
6S1GIGU,72,32718,583,43088,60-89,IVR,MW,Private
PXWE7R4,27,85863,742,32744,60-89,Agent,S,Consolidation
IG6UO3Z,23,78454,762,31126,30-59,Mobile,W,Consolidation
65Q2EFH,63,36092,670,39924,Current,Mobile,W,Consolidation
6OY77G6,19,37304,664,18125,30-59,Mobile,MW,Private
MDX52F7,38,58751,787,20400,30-59,Web,NE,Federal
7BZEGBL,37,103326,731,47969,Current,IVR,W,Private
6LESTL7,33,66675,779,24070,Current,IVR,MW,Federal
7MOU3DN,39,59408,603,16495,60-89,Mobile,S,Federal
MFQTNDY,65,38951,697,73135,Current,Web,S,Consolidation
JN7C41Q,68,27687,732,29511,60-89,Agent,NE,Federal
X5BT8ZE,70,35703,672,34383,90+,IVR,W,Federal
BLCQZJ8,23,29854,653,20940,90+,Agent,S,Private
F6FU547,30,96434,666,28821,Current,Mobile,MW,Private
DPBHSAH,46,56716,604,0,30-59,Mobile,NE,Consolidation
N8WWIIF,24,44900,616,8386,60-89,Agent,S,Consolidation
8JP3HTN,50,75985,612,29454,30-59,Web,MW,Private
F9AWRZV,32,26471,673,5399,Current,Agent,W,Consolidation
3YJ6KL9,63,78107,743,12455,60-89,Agent,S,Private
5NMTVZ2,34,104648,653,69866,1-29,Agent,MW,Federal
RQNTJVU,75,63520,755,56915,1-29,Mobile,W,Consolidation
YELDAUG,71,29035,616,53425,60-89,Mobile,W,Consolidation
NB4GH2M,55,23650,606,29251,30-59,Agent,S,Private
DQ5WB27,58,16711,711,51501,1-29,IVR,MW,Consolidation
SW5EJR9,49,47503,758,30085,Current,IVR,NE,Federal
0ZVQLQP,62,63359,677,17972,60-89,IVR,S,Private
VWIEB97,55,49229,707,4680,1-29,Mobile,NE,Federal
6QSTTGI,54,39986,608,11545,60-89,Web,NE,Private
J8IJUMD,27,51354,744,0,30-59,IVR,W,Federal
ZQXIWE6,68,61569,628,24512,1-29,Web,MW,Consolidation
WLPTPOM,27,68254,650,46033,1-29,Web,W,Consolidation
VNQFSTY,57,58668,652,5250,90+,Agent,W,Consolidation
LF43RSA,24,73931,675,25375,1-29,Agent,NE,Private
OLQ54WF,21,75689,715,16707,1-29,IVR,MW,Consolidation
D2SMD7K,63,78580,785,26181,Current,Web,W,Private
QPNJI8F,74,69309,608,37463,90+,Agent,W,Federal
YVPAGAU,52,83073,659,6873,30-59,Web,S,Private
6QNG8DZ,73,71119,665,720,30-59,IVR,S,Private
3D7JI6I,20,43127,754,29443,1-29,IVR,MW,Federal
DBFWYJX,46,64800,639,1309,60-89,Agent,NE,Consolidation
B2PN4U6,46,28601,743,20268,30-59,IVR,W,Private
U15OS8I,52,38991,694,36332,30-59,IVR,S,Consolidation
9IY4X41,73,88687,777,19472,Current,IVR,MW,Federal
QN15IKP,41,61722,783,38830,1-29,IVR,MW,Consolidation
EZ19YEI,74,34171,632,14879,30-59,IVR,W,Private
YRH62E2,60,77188,604,40040,30-59,Agent,NE,Federal
B9YNZ51,50,82690,595,36550,30-59,IVR,MW,Consolidation
OL5U7NT,67,44455,598,12387,30-59,IVR,NE,Private
3PCL1S2,38,48504,608,28913,30-59,Mobile,S,Private
VOBVOLI,57,66452,713,48778,30-59,IVR,W,Federal
779460K,69,72307,799,33066,30-59,Web,W,Private
5NLZL7H,58,90527,775,5190,Current,Web,W,Private
F4AKDNA,56,56538,708,33007,90+,Mobile,S,Federal
VHG9P01,23,38542,686,7915,Current,Agent,W,Federal
H6T1NTM,61,38888,698,24938,1-29,Agent,NE,Consolidation
Y1LI8AR,57,29678,655,53066,30-59,Agent,NE,Private
EUPZ4SB,29,35138,702,31511,60-89,Web,W,Private
XEK0Q92,50,95225,647,14293,Current,Mobile,NE,Federal
MC07LBL,55,69774,637,37337,30-59,Agent,NE,Private
DTOOHUA,61,76132,782,18699,1-29,Web,S,Private
OH9K4C8,61,80830,760,26343,Current,Mobile,MW,Private
EMRUYP0,27,70071,695,0,1-29,IVR,MW,Consolidation
JQ6FX7X,25,38120,688,0,Current,IVR,NE,Federal
6W32VAA,67,86676,687,36940,90+,IVR,MW,Private
OFN1R4K,73,45282,642,31761,1-29,IVR,W,Private
55V6J9R,47,49289,723,42312,60-89,Web,S,Private
7EY3TPE,45,35940,733,43908,30-59,IVR,MW,Consolidation
17A8RNX,71,45113,689,43877,30-59,IVR,W,Federal
F4LTYYT,55,39671,689,0,90+,Web,NE,Federal
6RPKI9T,71,60121,568,39958,60-89,IVR,W,Private
WER8ZDX,45,43433,700,7202,60-89,Mobile,MW,Federal
WF8KPQP,69,54141,748,2729,Current,Mobile,W,Private
V6443KT,21,39810,639,16322,Current,Agent,NE,Consolidation
176C1K0,32,32016,708,37107,Current,Web,S,Consolidation
2ABKVBL,52,58174,680,0,Current,Web,NE,Consolidation
80NR53F,73,12000,668,0,30-59,IVR,MW,Consolidation
NTDR5XY,33,43478,758,45372,60-89,Web,S,Consolidation
HD6OI9D,34,17003,743,54916,30-59,IVR,NE,Consolidation
ONSRHDV,49,23770,737,835,60-89,IVR,NE,Consolidation
JOSCT8O,71,29909,746,30478,1-29,Web,S,Private
5GZPL1Q,51,61146,637,26594,Current,Agent,NE,Private
BQONVW8,45,66914,667,15980,1-29,Web,W,Consolidation
2O655W5,27,27589,714,39880,Current,Mobile,NE,Private
Z0XV6DD,44,62880,611,30291,60-89,Agent,W,Consolidation
Y4V8CQD,35,37657,672,63644,90+,Agent,S,Federal
HNTCVL0,45,67904,672,44250,30-59,Mobile,NE,Federal
04YHRPW,68,30670,633,38320,30-59,Agent,W,Federal
5R5SSXR,23,60279,711,36722,90+,IVR,NE,Consolidation
EEP2R61,64,32942,664,442,Current,Agent,W,Private
QTJQMUZ,43,37111,725,36530,30-59,Mobile,MW,Federal
SB65MZC,25,38404,694,29969,90+,Mobile,MW,Federal
AYCDY1Q,39,81812,558,45631,30-59,Web,NE,Federal
3VPF9PA,59,58513,739,563,60-89,Web,S,Private
9MQ11PH,59,36956,707,11193,1-29,IVR,MW,Federal
XZN96UE,21,62317,732,42768,1-29,Agent,MW,Federal
IE8MYLA,22,54098,623,5150,1-29,Web,MW,Private
82511VS,52,48272,706,58096,90+,IVR,S,Private
85ZD7SC,44,44547,700,55656,Current,Agent,S,Consolidation
7IYGC9G,19,52855,731,36804,60-89,Mobile,W,Private
4PB9M9W,39,58090,770,26208,30-59,IVR,MW,Private
Z8043JJ,18,87104,657,15500,1-29,Agent,S,Federal
P35T54G,33,61068,650,29601,Current,Web,NE,Consolidation
1YGLVXF,38,24268,731,8884,Current,Web,S,Consolidation
YFB8CX9,20,42626,718,16558,90+,Agent,NE,Consolidation
NJKA34M,74,43276,683,29226,Current,Mobile,MW,Federal
4B0A4SK,70,45727,782,44519,30-59,IVR,S,Private
SAO2QWK,74,62364,717,34733,90+,Agent,W,Federal
A5U6HC3,64,38744,690,30353,Current,IVR,NE,Private
01811NA,66,51446,688,34659,60-89,Web,W,Consolidation
DMC2RH2,57,67510,600,0,30-59,IVR,MW,Federal
D5EQY08,18,53292,678,39213,60-89,Web,NE,Federal
ZORXVJM,59,20564,716,44300,60-89,IVR,W,Private
GUWYH36,49,68168,761,10163,Current,Mobile,W,Federal
HGQK820,52,47712,663,29367,30-59,Web,NE,Private
O0A89JP,67,47719,732,28903,1-29,IVR,MW,Federal
78ZOHEO,43,44957,685,37713,60-89,IVR,NE,Private
8C4AG1Q,22,40650,652,43243,30-59,Mobile,MW,Consolidation
Z3NX39R,72,70577,779,76640,60-89,Mobile,W,Federal
ZTWXOL4,24,59270,712,58315,Current,Mobile,S,Private
S11Q01Y,62,71522,694,34690,30-59,Agent,MW,Consolidation
W739V57,72,44229,626,15737,60-89,Web,S,Private
G0JG3YT,34,72225,697,1181,90+,Agent,W,Federal
3QVBNK0,19,53300,600,40953,30-59,Agent,MW,Consolidation
XLUL6LG,61,55759,766,28072,60-89,Mobile,W,Consolidation
QVDZ4X1,47,60853,644,50217,60-89,Agent,W,Consolidation
3MKR4L2,45,76687,655,9495,30-59,Mobile,NE,Consolidation
6B0M1G0,46,42147,647,26799,Current,IVR,S,Consolidation
WEEHWJQ,19,68346,588,36453,30-59,Agent,W,Private
YP6S0VD,32,15619,591,42320,60-89,Web,W,Consolidation
3H8FVXR,37,72332,825,26212,Current,IVR,NE,Consolidation
WB5SPFF,60,57674,655,30973,90+,Mobile,NE,Consolidation
5H2IN2B,47,45639,661,27487,60-89,Web,W,Federal
36LZMS8,19,63277,612,23299,60-89,Web,NE,Federal
F245Y96,20,59474,612,30561,30-59,Mobile,NE,Federal
C4C25SW,50,27089,631,4589,1-29,IVR,MW,Private
7UQ10EA,26,32243,543,50267,90+,Agent,MW,Private
M9YE77J,43,51496,720,20023,30-59,Mobile,NE,Private
OH9SDBD,30,49862,583,20219,60-89,Agent,S,Federal
FO9RE3D,48,51912,746,43422,30-59,Web,MW,Federal
2Y0EAP5,37,43508,668,17771,60-89,Web,W,Federal
ENWLKM0,61,12000,738,70873,1-29,IVR,NE,Federal
IXMC4SX,44,59372,677,33417,30-59,Web,W,Private
ISB8363,68,48309,662,55176,30-59,Web,W,Federal
DLONKCP,36,62081,699,19446,1-29,Web,W,Federal
1TJL2FX,42,94845,684,65858,Current,Mobile,MW,Consolidation
7GT76I3,27,40951,740,58619,60-89,IVR,NE,Consolidation
9YQ5QHS,26,63107,632,36809,30-59,Agent,MW,Consolidation
VHLG4JG,60,34727,755,29055,Current,IVR,NE,Consolidation
Q0RR1L9,40,68243,687,39077,60-89,Agent,NE,Private
ATJ9TZE,20,74871,797,14787,1-29,IVR,S,Private
1N0GJOF,59,45264,652,26318,Current,Mobile,S,Private
E8M1WFQ,46,39028,698,16138,30-59,Web,W,Consolidation
N699FIA,34,29489,764,23204,30-59,Web,S,Federal
TLVVBA0,47,44108,685,23704,Current,IVR,NE,Private
90MCZH7,45,34168,720,18274,60-89,IVR,MW,Private
ZEPFEKX,28,76700,612,30602,60-89,Web,W,Private
PSLSIYL,23,72544,770,42157,1-29,Agent,MW,Federal
1VAA4LT,54,51079,746,19020,90+,Mobile,S,Private
ZCS7GFM,53,62448,702,21174,30-59,Agent,S,Federal
AGIWZ9U,71,74413,657,14051,90+,Mobile,S,Federal
2G0RF1L,54,12000,643,5764,30-59,Agent,MW,Federal
HT7PZE9,65,73376,719,1391,30-59,Web,W,Consolidation
F7G2QEH,33,37947,687,25602,1-29,Mobile,NE,Private
XWI7084,65,27873,574,9761,90+,Mobile,S,Consolidation
7PNFIRC,52,65254,698,50482,1-29,Web,NE,Consolidation
T22HDEK,65,50463,683,13560,30-59,Agent,W,Federal
UJUFO0L,31,23378,726,39703,60-89,Mobile,MW,Consolidation
5D3GO8J,65,18122,698,21723,Current,Mobile,NE,Federal
TQV9OB3,61,51087,642,36787,Current,IVR,W,Consolidation
EWMUB4F,38,27857,738,51597,1-29,Web,S,Federal
7FZIBDM,54,61869,740,0,60-89,Web,MW,Consolidation
LPVOWCP,32,84992,661,1819,90+,Mobile,NE,Consolidation
IELDVOJ,18,63427,673,30887,Current,Mobile,W,Consolidation
WQFFP5N,22,67398,722,35662,60-89,Mobile,NE,Consolidation
8TANA6U,43,27521,673,43295,1-29,Agent,W,Federal
ZQW29AS,50,63157,781,22665,90+,Agent,S,Consolidation
CRRBIHT,68,12000,718,34092,90+,Agent,W,Consolidation
DFHG6W3,34,65126,727,48220,60-89,Mobile,MW,Private
F8Z1R50,54,69740,702,58600,30-59,Agent,MW,Private
BRX8U73,46,59137,705,54965,Current,Web,W,Consolidation
JSS3T14,21,64605,610,34615,60-89,Mobile,S,Private
DGEJ1DG,46,16072,647,20130,60-89,IVR,W,Private
3PC0OXI,22,17036,810,62371,30-59,IVR,W,Private
MRU4NSI,55,96208,612,10410,1-29,Web,W,Federal
673KLLZ,55,59673,613,31698,30-59,IVR,MW,Consolidation
YE29A3L,26,55264,654,15999,1-29,Web,MW,Consolidation
EQ58WZU,41,77966,747,39913,90+,Mobile,NE,Private
OYEIC0O,48,43007,656,57935,90+,IVR,S,Federal
WSBAH6T,38,47785,666,3191,30-59,Agent,W,Federal
H0O5IAE,25,28698,556,20689,60-89,Agent,NE,Federal
BQG3DCM,24,59717,713,70080,1-29,Web,S,Federal
RCSV79F,47,90803,776,33031,Current,IVR,MW,Federal
O1VA1QO,22,67848,684,39982,1-29,IVR,W,Federal
Q0E27ZE,34,39763,656,31038,90+,Agent,MW,Consolidation
O7VBHH5,36,59202,702,28549,60-89,IVR,MW,Federal
7KC6S83,72,69378,619,25562,90+,Mobile,MW,Federal
ILXN32N,62,61575,673,18260,Current,Agent,NE,Consolidation
PNF3VCL,19,58933,718,36353,1-29,IVR,MW,Consolidation
28XG8Y7,73,32128,650,7214,90+,IVR,S,Consolidation
CPQRT3M,30,34115,644,39916,Current,Mobile,MW,Consolidation
HS1F8G0,36,30211,711,51133,Current,IVR,MW,Federal
JHY3M2I,29,36501,673,23080,60-89,Web,NE,Consolidation
9D47D7N,52,59896,698,40113,90+,Agent,NE,Federal
UMMTVDN,70,93082,688,49776,Current,Agent,W,Private
AEMYD8Y,47,63039,596,25736,90+,Mobile,W,Private
U45B3AX,38,64823,632,53811,1-29,IVR,S,Private
HOBZWSM,72,37477,706,16446,60-89,Web,S,Federal
HYOU5MH,58,51009,589,2645,30-59,IVR,S,Private
GNZEI3Z,43,42357,706,7863,90+,Mobile,W,Federal
JMRE2U7,46,86715,718,21388,60-89,IVR,NE,Federal
VVRHRKR,30,72791,697,30268,60-89,Web,S,Federal
Y0PEQLV,75,77945,658,10243,60-89,Mobile,S,Consolidation
69B0VK8,62,61310,659,68950,1-29,Mobile,W,Federal
ACPT57Q,25,45847,601,42086,30-59,IVR,NE,Federal
PEHFJ62,64,105883,705,49524,Current,Web,MW,Private
M51TL35,24,45337,578,44735,30-59,Web,W,Federal
HBA5MF3,67,52930,672,38193,60-89,IVR,MW,Consolidation
9MIDUX8,21,64829,715,18102,90+,Web,NE,Federal
ZL46Q5G,25,34765,707,35728,1-29,Agent,S,Federal
XCS1XSR,47,79811,719,44335,1-29,IVR,NE,Consolidation
CY0W58D,42,88222,659,46851,30-59,Agent,NE,Consolidation
RL7GJCM,42,36091,674,50121,Current,Mobile,W,Consolidation
YK1B3D5,18,39583,679,20974,90+,Agent,MW,Private
KCDYNVY,72,54425,688,34278,1-29,Mobile,S,Consolidation
H75LXO6,29,58087,769,37615,Current,Agent,W,Consolidation
YSAAR6J,46,35048,562,35352,30-59,Web,W,Consolidation
B4O6PJH,57,12000,620,15852,Current,Web,W,Private
MGPOEMK,23,31737,659,40636,1-29,Web,MW,Consolidation
P1O8M29,61,49965,689,24562,Current,Agent,S,Consolidation
6JACY3F,26,68863,715,20204,30-59,Agent,NE,Private
Q73SMQL,44,70608,638,18647,Current,Agent,S,Consolidation
KB4EHOU,22,59401,594,0,90+,Web,W,Federal
VOIWATX,40,65356,641,36428,Current,Mobile,S,Federal
5N6DBXF,35,91291,696,44976,Current,Web,W,Consolidation
HEJYCCD,20,73337,660,0,30-59,IVR,MW,Federal
HMIQP56,57,29328,684,28338,60-89,IVR,NE,Private
OKT6E5M,50,44760,530,41026,60-89,Web,W,Consolidation
OCVITWU,75,50196,717,32766,1-29,IVR,W,Consolidation
PBBQHTX,60,31455,644,29830,90+,Agent,W,Federal
VSF0S60,41,85445,664,30590,90+,Agent,MW,Federal
AUUJ02G,43,45400,675,11213,Current,IVR,MW,Private
98RL9QF,56,50802,673,34849,Current,Mobile,S,Federal
JYSSEXV,73,38424,798,7969,Current,Agent,MW,Federal
PPJMJ3N,23,54747,634,20001,60-89,Mobile,MW,Consolidation
D9Y7U6U,18,45945,701,51207,1-29,Web,S,Private
1EBVFWB,32,63161,666,43656,90+,Agent,NE,Consolidation
9H0UNL0,55,13834,792,40393,1-29,Web,S,Private
WPEIKZ0,74,32775,669,29720,90+,IVR,W,Private
YTTZ9UU,30,46488,682,19608,90+,Agent,W,Federal
YQL1V2W,37,66912,624,30018,1-29,Mobile,W,Consolidation
HL5THLV,53,84594,810,0,Current,Web,MW,Private
65AWSEB,25,41528,713,25023,Current,Web,W,Federal
9P3JPXG,21,39023,709,37921,1-29,Web,W,Federal
6SD4H4Z,21,50444,637,53475,60-89,IVR,MW,Consolidation
3DZEEDH,33,65137,706,27603,60-89,Mobile,MW,Consolidation
VWY3RZT,30,91700,627,0,Current,Agent,S,Private
I4EUBYG,37,55243,667,62722,Current,Web,S,Private
CS8GNED,58,40343,656,9128,1-29,Web,W,Consolidation
9SKDGIG,39,64735,632,25549,1-29,IVR,S,Private
9ZXVTH4,31,59835,640,61986,30-59,Mobile,W,Federal
9UQWFN5,67,38588,740,26589,1-29,Agent,MW,Private
ORBKPJ7,54,29052,712,63507,Current,Agent,MW,Consolidation
AL2YV2S,30,77771,598,40230,30-59,Agent,NE,Consolidation
N4L9CK0,25,24040,742,24730,60-89,Web,W,Federal
74V5DM5,58,54690,698,8469,30-59,Mobile,S,Federal
R1Q9Z3I,48,64346,561,11125,90+,Agent,W,Consolidation
HQIV929,37,76889,728,0,30-59,Mobile,W,Private
SMKLHGX,64,59865,635,8605,30-59,Web,MW,Federal
U2IMM5V,26,37205,658,62145,Current,Mobile,NE,Consolidation
GZC2H6H,27,12000,761,33917,Current,Web,W,Consolidation
CB5DRLZ,23,52538,582,20691,30-59,Web,MW,Consolidation
P79UVHS,45,30673,726,18193,30-59,Agent,S,Federal
058CUIJ,41,37662,659,26858,1-29,Agent,W,Consolidation
2SA12ME,55,63017,638,25196,60-89,Agent,W,Consolidation
O0CISUV,50,59346,640,52845,Current,Mobile,S,Consolidation
2EYWPAJ,24,51737,708,19357,60-89,Agent,NE,Private
BEGJ35J,23,27761,696,44896,Current,Agent,MW,Federal
HT8D610,41,49786,586,37961,60-89,IVR,S,Private
UGLIUBS,65,22225,582,32322,30-59,Mobile,MW,Consolidation
BPG2R0T,65,63533,659,43148,Current,Agent,W,Private
9E5IMLZ,67,66799,725,0,1-29,Mobile,MW,Federal
2KWVTFX,48,46921,665,35307,Current,IVR,S,Private
X4NXVKD,67,59535,681,36632,1-29,Web,W,Private
G8KP1J7,66,25070,664,1206,Current,IVR,NE,Federal
HNB5VNG,54,41862,706,40188,30-59,IVR,W,Federal
H2XRNWJ,66,81519,688,55730,1-29,IVR,S,Consolidation
1I7XJ2C,23,58814,701,29549,60-89,Mobile,MW,Federal
MB6XGK6,30,54769,673,23693,60-89,Mobile,S,Consolidation
DY292IZ,42,57797,652,37907,1-29,Agent,MW,Consolidation
3Y82FJX,71,40002,790,15450,1-29,IVR,MW,Private
7EUAQ3H,61,49731,817,43381,30-59,Web,NE,Consolidation
BTIMKG7,46,82495,686,27201,60-89,IVR,S,Federal
G2MIRXC,60,94736,796,25874,Current,Web,MW,Private
S5834BK,51,54474,642,26082,1-29,Agent,S,Consolidation
JT6TCJA,59,86568,680,34690,60-89,Agent,W,Consolidation
41O5OGI,56,63949,548,31906,60-89,IVR,NE,Consolidation
0OY58F1,39,56266,642,3975,30-59,IVR,NE,Consolidation
BXFLOUW,33,84230,682,0,90+,Web,MW,Private
MI6KTI2,70,60378,687,34033,1-29,Web,NE,Private
B3MWAZV,72,22704,655,14817,60-89,Web,MW,Private
7D72O20,73,87007,611,28299,60-89,Mobile,S,Private
ZFZTOS6,46,49808,711,53978,60-89,Agent,NE,Consolidation
PKHDSGC,56,37672,611,19348,90+,Web,S,Consolidation
K7JZQA1,27,67463,620,5979,Current,Web,S,Consolidation
2BRIFF6,52,40415,717,41168,1-29,Web,S,Private
IIJCDGG,21,62638,711,5225,Current,Agent,MW,Federal
S3AXJF2,42,31725,611,50022,60-89,IVR,NE,Private
X9MY4I1,74,80886,705,22566,Current,Agent,NE,Federal
6SU1LQX,33,58918,668,41212,Current,Mobile,MW,Private
BT7ROL7,57,21235,739,47555,1-29,Web,NE,Consolidation
IUWQ0WC,75,56811,750,24575,Current,IVR,W,Federal
PCKULXT,42,105330,655,27105,Current,Agent,S,Federal
LKLQBXX,60,78587,689,12775,60-89,Mobile,W,Federal
RCQLA6M,52,43126,754,15960,60-89,Agent,W,Private
BT78KKD,26,28514,758,0,60-89,Agent,MW,Consolidation
H8EA329,34,46650,641,25576,1-29,Web,S,Private
7VJ10PK,51,92795,741,23848,Current,Mobile,NE,Consolidation
K2WBXAN,22,94620,612,23585,Current,Mobile,W,Consolidation
NDUPND2,49,66863,802,28760,Current,IVR,W,Private
STRRFVS,69,52364,739,50999,60-89,IVR,MW,Consolidation
PWG3XG0,66,60040,664,28970,1-29,IVR,NE,Private
3NSXOF6,58,71822,731,37207,1-29,Mobile,MW,Private
8SCX401,72,56297,617,34521,90+,Mobile,W,Private
PFWCINV,29,29334,521,47796,60-89,IVR,W,Consolidation
GQTOAMD,57,36087,747,39926,1-29,Web,MW,Consolidation
GIPPSFN,49,75475,617,31010,60-89,IVR,W,Consolidation
3WUDE71,24,47664,656,23662,1-29,Mobile,MW,Consolidation
9T7E8G8,31,49144,705,18012,Current,IVR,MW,Consolidation
UE46NEO,22,28719,676,40996,1-29,Mobile,MW,Private
XF9V5LD,23,73084,709,51895,Current,IVR,MW,Federal
LPYO2M2,61,67470,692,35541,90+,IVR,NE,Consolidation
YCELOS6,38,53395,603,58937,60-89,Mobile,W,Consolidation
PUYW6MX,65,71562,675,51589,Current,Agent,W,Private
KWCYUKN,50,66462,710,34914,1-29,Web,W,Private
717Y5GI,70,30030,719,32574,30-59,Agent,W,Consolidation
C21O6WW,28,91571,590,26633,Current,Agent,MW,Federal
DZNX80E,38,67720,733,4063,30-59,IVR,S,Federal
3FN3L68,21,63268,658,23134,Current,Agent,NE,Private
K4RAYJL,52,30581,701,48160,1-29,Agent,W,Federal
FIQO60A,36,90697,537,45345,Current,Mobile,S,Private
IIHN70N,69,12000,666,30995,30-59,IVR,MW,Federal
Q4PPAJX,31,74469,714,6719,30-59,Mobile,MW,Federal
LYFM4PS,35,75636,718,11545,1-29,Agent,MW,Private
IHX74D0,60,100279,611,0,Current,Mobile,NE,Federal
WDT62IN,29,42199,799,54839,30-59,IVR,MW,Private
XNWZR04,23,58399,687,27990,30-59,IVR,S,Federal
LSEAUZV,73,73419,718,0,1-29,Mobile,S,Consolidation
9SNTP8A,64,84664,678,17686,60-89,IVR,W,Private
EV4EQVR,25,77781,714,28341,90+,Web,MW,Federal
HBQI1YM,28,44150,674,0,90+,Agent,MW,Federal
HS08ICH,24,20809,628,0,90+,Web,W,Private
R7UC5UX,62,69661,782,53760,90+,Agent,MW,Federal
K5ESV2F,52,37757,704,36910,30-59,IVR,MW,Consolidation
MYXDHZ0,73,54272,556,22901,30-59,Mobile,W,Consolidation
ZRBGWVN,64,53254,733,10738,Current,Agent,MW,Private
GKMQ8DN,29,61177,797,30332,90+,Agent,W,Federal
JM1FT07,52,75050,690,25992,1-29,IVR,NE,Consolidation
DF43390,51,70838,845,39239,60-89,Agent,S,Private
YUQ99PW,65,41481,701,25945,1-29,Web,S,Consolidation
98CXGPV,68,19289,693,36086,60-89,Agent,S,Private
I0YARU5,28,55141,728,28075,60-89,IVR,S,Federal
OCYC3DA,55,12000,797,24046,90+,Agent,NE,Federal
QZOKPVI,24,109624,688,44861,Current,Web,W,Private
5XPIAYC,34,12000,711,57646,90+,IVR,W,Consolidation
1PAB1JR,40,69940,741,45141,30-59,Mobile,S,Private
F1IINSM,37,90734,660,49067,Current,Mobile,NE,Consolidation
0PUNGRR,74,91245,738,11506,1-29,Web,NE,Federal
A6S5ZXQ,71,50640,649,541,90+,Web,W,Private
GCFOLT3,47,65471,617,53376,30-59,Agent,MW,Consolidation
224WK0Y,20,58492,652,22514,30-59,Agent,NE,Private
LAIMA57,59,12000,782,42988,60-89,Agent,S,Federal
CB4JGRX,60,45815,566,44878,90+,Web,W,Consolidation
4ILIH1V,38,25756,733,15632,Current,Agent,MW,Federal
TGS7HZZ,36,48878,616,49476,30-59,IVR,S,Private
9KEG7L4,33,12000,635,37479,Current,Agent,W,Federal
G1AWZVW,31,45370,663,45293,Current,Mobile,S,Consolidation
GYSPENG,29,27202,750,29848,30-59,Mobile,NE,Private
G2L3AJ8,23,52089,800,0,1-29,IVR,NE,Private
XNTJW3X,27,56876,756,32931,1-29,Mobile,W,Consolidation
0RM73CF,38,54432,694,20598,Current,IVR,NE,Federal
6IBRGE8,55,46191,599,45953,30-59,Agent,NE,Consolidation
H4LV73Q,62,48742,689,9146,Current,Mobile,MW,Consolidation
68P6Z4K,40,12000,751,14595,30-59,Mobile,S,Federal
8K73U1P,59,24308,661,36675,90+,IVR,S,Private
KLWS8ON,69,30821,663,41740,30-59,Web,NE,Private
2YQ373Z,74,21701,776,33629,1-29,Agent,MW,Federal
1OYCFZ6,36,102023,645,44698,Current,Agent,NE,Consolidation
PFCGLCK,30,55340,717,0,30-59,Mobile,S,Consolidation
UW6F5CR,27,12000,651,19394,30-59,IVR,S,Consolidation
3G47SAW,62,12000,588,26802,60-89,IVR,W,Private
6GDTGCG,35,35423,752,60951,1-29,Mobile,S,Federal
JNVC7HR,36,70998,681,10552,30-59,IVR,NE,Consolidation
PPFNNII,63,77629,642,16678,90+,Agent,NE,Private
8HUXG2M,31,67469,703,36540,1-29,Web,S,Private
QJED48Q,65,12000,605,38006,60-89,Mobile,NE,Federal
17H4GYM,57,71251,601,14726,30-59,Web,W,Federal
75NIFKC,29,25302,656,0,30-59,IVR,NE,Private
YGO3U1X,29,42612,679,25832,1-29,Mobile,MW,Federal
G21HSLT,21,36112,637,25346,90+,Agent,NE,Consolidation
NB9DSSR,47,12000,674,39916,60-89,IVR,MW,Federal
F86UGYF,50,60330,703,40250,60-89,Web,MW,Private
VWPEWB6,59,51705,661,33210,30-59,Agent,S,Consolidation
6YO6Z1T,59,39892,620,29324,1-29,Mobile,MW,Consolidation
XVT5322,25,48591,650,17608,1-29,Agent,S,Federal
1Q5MS7U,70,61519,582,52939,30-59,Mobile,MW,Federal
6N6PWE3,19,53613,724,43341,30-59,Web,MW,Consolidation
5JGLWMK,39,65225,617,10268,30-59,Mobile,MW,Consolidation
WK8TEMP,64,42782,573,9998,30-59,IVR,W,Private
02C74N0,75,74048,570,45751,30-59,Agent,MW,Federal
IA9PAJD,19,44166,693,36400,1-29,IVR,NE,Private
51EH7XG,71,66884,616,42630,60-89,Mobile,W,Consolidation
H5LQXXE,53,12000,659,33433,60-89,Web,MW,Consolidation
Q1HDEYL,55,78614,732,18529,Current,IVR,S,Consolidation
TXWCL7X,53,58942,664,42638,Current,Web,NE,Consolidation
92WMSJ9,62,66504,707,57501,60-89,Web,W,Consolidation
J28CW9R,60,45500,697,0,Current,Web,MW,Federal
78E9RIV,56,22469,575,62983,30-59,Mobile,MW,Consolidation
X476KEO,63,53938,712,16658,30-59,IVR,NE,Consolidation
RA0DQD2,35,55923,725,28574,1-29,Web,MW,Federal
VNPPUFU,64,28253,626,51120,1-29,IVR,MW,Federal
0HLSEFG,65,39458,745,13701,90+,IVR,S,Consolidation
TCY7SXP,21,23177,764,28703,1-29,IVR,NE,Private
GZUI1B0,65,25077,715,18279,Current,IVR,S,Private
BI09V82,52,27637,627,32907,30-59,Web,NE,Federal
96CYL8D,62,70342,590,23046,90+,IVR,MW,Federal
ZO7IO2F,65,60695,808,3833,30-59,Mobile,NE,Federal
Y6KGJIB,23,21801,621,29450,1-29,Agent,NE,Federal
WOF95MB,43,48080,765,18229,90+,IVR,S,Federal
Z60WYYQ,58,59181,684,27795,90+,Mobile,NE,Private
OQEALLC,47,70111,702,49390,1-29,Mobile,S,Private
PJ00VMP,28,46246,641,6686,90+,Mobile,W,Private
4Q7J92D,33,77912,642,23033,90+,Web,NE,Consolidation
77B9OL2,66,25389,648,41405,30-59,IVR,NE,Federal
Q9PKL48,31,49872,722,42051,1-29,Web,S,Consolidation
1E4FMTC,43,27978,605,27785,30-59,IVR,MW,Federal
SOFPVOE,55,45706,689,21901,1-29,Web,S,Private
92T2KRY,33,53928,735,21514,60-89,IVR,W,Private
D8MWE77,41,65944,729,17110,1-29,IVR,W,Private
JQBECCX,24,12000,755,38730,Current,Mobile,S,Private
AYGRU24,65,58737,650,59522,Current,Web,MW,Federal
4IEDBTF,20,55411,742,40149,30-59,Mobile,S,Federal
J8LBDSG,47,79105,678,52236,60-89,Mobile,W,Private
OV9JYDF,31,12000,830,45853,60-89,IVR,NE,Private
UECPNCC,50,60883,623,3725,90+,Web,NE,Private
Q01TEE1,41,65815,662,31254,30-59,IVR,W,Consolidation
ZH13CD5,22,48421,598,31481,30-59,Web,NE,Consolidation
FDJ2QSV,38,53109,642,28022,90+,Agent,W,Consolidation
AMMPQ0H,69,14932,721,33814,Current,Mobile,MW,Consolidation
R8O9XS2,31,61248,625,0,30-59,Web,MW,Consolidation
XZUY84O,36,64235,621,22410,90+,Mobile,NE,Consolidation
DKOXN4K,58,82105,648,0,60-89,IVR,W,Consolidation
9R518ML,31,48205,736,59185,90+,Agent,MW,Private
XVT7CZ1,41,61450,681,36477,Current,Web,NE,Consolidation
46TZMV6,45,47272,656,41600,1-29,Mobile,W,Private
ZAPUOLX,48,31323,662,57427,60-89,Mobile,W,Private
XFMD13U,74,41896,656,23740,Current,Mobile,NE,Consolidation
8OV5NWV,68,60257,646,0,1-29,IVR,W,Consolidation
JDN8EZP,55,12000,687,10845,90+,IVR,S,Federal
UG7YHWB,36,17156,682,32795,Current,Mobile,S,Federal
9MUB6QF,22,51630,650,18308,60-89,Web,NE,Federal
MZMZ2K1,40,56185,665,15869,60-89,IVR,MW,Consolidation
AMBHWTG,36,61916,635,25315,90+,Agent,MW,Federal
L7TG6CD,75,62461,653,26611,1-29,Mobile,MW,Private
0S3THZO,60,39593,728,0,90+,Web,NE,Consolidation
TNRP1I3,18,36702,700,13947,30-59,IVR,MW,Consolidation
B4W6C8H,74,69536,661,45872,Current,Mobile,S,Federal
GAW3SVE,57,27865,642,42056,1-29,IVR,W,Private
MSXSN1Q,37,51915,687,42138,1-29,Mobile,NE,Consolidation
F2L9O98,44,61725,797,18964,60-89,Agent,W,Consolidation
5YWL94M,24,71071,604,45810,30-59,Agent,W,Federal
G79OR78,46,32711,837,61495,Current,Mobile,MW,Consolidation
RXVOB7N,35,36688,642,33466,Current,Web,S,Private
GRRRIXC,41,65970,603,32594,30-59,Mobile,S,Consolidation
T8YK4CU,38,76568,636,9868,60-89,Web,S,Private
TWY6H7T,44,73715,786,7182,90+,Mobile,S,Consolidation
ODCZ4TS,30,82850,719,46940,60-89,Agent,W,Consolidation
VNDXJN7,68,29947,734,17145,90+,Mobile,MW,Private
8RD05N9,49,50132,673,14421,1-29,Web,NE,Consolidation
GO2N5MU,53,39370,721,0,90+,Agent,NE,Federal
Y6N7QLB,66,22882,751,45737,Current,Agent,NE,Federal
134L8XA,20,38463,723,23942,60-89,Mobile,MW,Private
Y4YUOWZ,25,26335,630,50681,Current,IVR,NE,Consolidation
Z6AAIVW,51,60589,715,57334,90+,Web,S,Consolidation
ZE66VW9,49,53052,646,33737,Current,Web,MW,Private
ZLSG5CS,24,49547,705,26275,Current,Web,S,Consolidation
SJRRW24,63,12000,691,30077,30-59,IVR,S,Consolidation
L4ZKLOO,38,56136,791,35578,30-59,IVR,NE,Private
CVS4F8C,23,78499,628,58589,1-29,IVR,W,Private
VWR5T9L,32,65784,625,14201,30-59,Agent,W,Private
4AF8QMQ,69,53206,591,10606,30-59,Web,S,Federal
J4T0SEK,73,79341,672,7819,30-59,Mobile,W,Consolidation
LXWTR1U,18,44627,663,52968,90+,Mobile,MW,Consolidation
OMXLVZ4,18,76701,658,29117,90+,Agent,W,Consolidation
H50JYOO,43,33081,683,9967,60-89,Agent,MW,Federal
8P4YEDN,30,42936,647,36604,60-89,Agent,NE,Private
W8K0REP,36,87412,780,2725,60-89,IVR,NE,Federal
DIBBFR0,20,56208,680,28640,30-59,IVR,S,Consolidation
B958804,55,64739,659,18333,90+,Mobile,S,Private
ZBXWHTK,44,12937,667,26792,90+,Mobile,W,Federal
IOHQ1BQ,69,65825,618,51164,60-89,IVR,S,Consolidation
ZMO7GDE,24,57510,656,16776,30-59,IVR,W,Federal
V6Z8KV8,29,32684,686,35204,30-59,Mobile,NE,Consolidation
K0GH1IX,74,21574,577,31160,30-59,Mobile,S,Consolidation
F8PX71M,59,36284,645,47800,Current,Mobile,W,Federal
90486OS,55,62158,736,585,1-29,Agent,S,Federal
7CN0EQW,54,16860,755,25472,Current,Agent,S,Private
NMXBFHD,28,66109,640,59437,60-89,Web,S,Federal
YJZEVBD,42,56262,671,34178,Current,Agent,S,Consolidation
I13HESH,69,55978,646,37288,30-59,Mobile,MW,Consolidation
FSRKQ32,27,39676,738,17043,90+,Mobile,W,Consolidation
CD640M9,61,63333,693,64475,90+,Web,MW,Federal
U8TL777,68,57532,566,10824,90+,Web,NE,Private
NGROJ95,32,59837,706,10920,1-29,IVR,W,Consolidation
54316UJ,66,81058,650,39538,60-89,IVR,S,Federal
54X6RL5,42,32307,658,39118,60-89,Mobile,S,Federal
CIRIO74,25,14010,699,23799,30-59,Mobile,NE,Private
8QHE4QG,52,84880,609,45561,30-59,Agent,NE,Private
6TUKXNK,67,60929,719,5116,60-89,Agent,MW,Private
DKAXJZJ,25,59517,674,35774,60-89,Mobile,W,Consolidation
GL58KXO,41,25966,679,686,60-89,Mobile,W,Private
Z049ENU,46,76495,711,39218,1-29,Web,NE,Consolidation
Z0I0835,55,12000,599,25548,90+,Agent,MW,Consolidation
1PHEIV6,47,52001,702,32518,Current,Web,NE,Private
K5BOV30,46,42365,634,45137,30-59,Web,W,Consolidation
2W1ARVY,44,30518,722,44581,Current,IVR,NE,Federal
LLYA85B,36,70921,675,42161,1-29,IVR,W,Private
0WZN4XJ,26,24967,618,56978,60-89,Web,NE,Consolidation
TZ7BYK9,30,82252,560,33881,30-59,Mobile,S,Private
9DG5RIF,47,67871,622,50372,Current,Web,MW,Private
TS4RO89,51,49714,738,14903,Current,Mobile,MW,Consolidation
P9P9W4J,63,19094,630,18943,Current,Web,W,Private
W7W8TWT,50,27118,764,44534,Current,IVR,W,Consolidation
P5J7QMG,38,56179,704,36251,Current,Mobile,S,Federal
T8JBBSX,20,56971,731,1323,Current,Web,MW,Private
BNVSFA6,46,66171,769,46496,1-29,IVR,W,Federal
FLRF3TF,54,50420,686,18298,30-59,Mobile,MW,Federal
1A6XVAJ,63,55900,633,0,1-29,Agent,S,Private
H0ANHKW,19,20195,673,28801,1-29,Mobile,S,Federal
SEQGAN2,59,66906,749,1347,30-59,Agent,NE,Federal
7FW0C20,58,102886,763,18463,Current,Web,MW,Federal
XQKY9KV,37,68247,730,39468,Current,Agent,MW,Private
XKWQ0YW,47,74215,741,33453,1-29,Agent,S,Consolidation
M4WU3GA,41,21525,655,24123,90+,IVR,NE,Private
KQR4ZLX,40,36471,700,46148,60-89,Web,MW,Private
CNC4951,28,78832,655,31759,1-29,Agent,MW,Federal
UH3JBAG,30,70140,756,36359,1-29,Web,MW,Consolidation
7E6K52B,66,61419,662,32500,Current,IVR,MW,Private
PXAJMK4,68,67563,787,0,60-89,Web,S,Private
R93C9CN,18,87410,623,21104,60-89,Web,MW,Consolidation
9BOQCPL,67,87822,695,28933,60-89,Web,W,Consolidation
MUFM8ZO,33,71530,713,31661,1-29,Web,S,Private
GLQJ5SX,71,47564,755,38042,1-29,Agent,S,Private
LLX2AQ5,31,47521,652,0,Current,Web,W,Consolidation
F8NUIX6,62,34538,695,20653,Current,Mobile,NE,Private
6ZX1TV1,62,30491,634,18605,60-89,Web,MW,Consolidation
F72BYNC,38,45134,707,89,Current,Agent,S,Private
Z5XBIGU,58,32496,697,27989,30-59,Web,W,Private
SJBCCD4,74,18092,669,40038,60-89,Agent,S,Consolidation
QACAAFF,19,55929,680,42968,90+,Web,MW,Consolidation
V5F3FIC,24,15352,646,44732,1-29,Agent,MW,Private
EJMV2F6,29,33094,761,10392,90+,Agent,S,Consolidation
ZN4REGB,32,74653,778,0,90+,Agent,NE,Federal
ECP3GKQ,28,48560,688,48648,Current,Agent,W,Federal
4FCL5EF,54,37122,683,21475,90+,IVR,NE,Private
LLKRYAB,18,66584,635,46320,Current,Web,W,Consolidation
UL5DYVF,70,92396,665,36795,1-29,Mobile,S,Private
OC1Y5AY,21,48930,661,7800,30-59,Agent,S,Federal
39Q0EP8,68,68210,683,22089,30-59,Mobile,S,Consolidation
0HU97NG,24,35678,694,19696,30-59,IVR,S,Private
U966WQX,66,32949,657,6694,90+,IVR,MW,Consolidation
ZO1TRL0,25,52660,694,50589,1-29,Mobile,NE,Private
RYULYWL,63,76725,639,49501,Current,IVR,S,Consolidation
1KTLVIH,28,29259,697,50591,60-89,Web,MW,Consolidation
031VGLI,69,54908,691,38890,1-29,Mobile,MW,Private
9OEM0VY,35,43613,702,30050,Current,Mobile,NE,Federal
DTBJ91Q,57,42386,639,18656,60-89,Agent,S,Federal
0RKTOC1,33,55675,678,35687,1-29,IVR,W,Private
FRB7EI5,35,64189,662,21350,90+,IVR,W,Private
JWPISDU,24,26344,700,27187,1-29,Web,W,Private
KAQLGXU,58,37061,742,29260,1-29,Mobile,W,Private
WHS14EC,40,39117,689,0,1-29,IVR,S,Consolidation
BT2LJCK,61,64212,733,21475,Current,IVR,NE,Consolidation
8P74MJD,50,52466,588,12801,60-89,Web,NE,Consolidation
XI9C70T,27,59747,733,17599,30-59,IVR,MW,Private
DOTUQAJ,26,17286,850,53453,Current,Agent,NE,Consolidation
SE6AYFH,23,70078,547,47575,90+,Agent,NE,Federal
2LYSAEB,73,83941,698,45815,60-89,Agent,MW,Federal
EUOYS78,28,98180,662,0,Current,IVR,NE,Consolidation
7DL9FC1,73,49150,702,43539,1-29,Agent,S,Consolidation
E1G983E,23,52830,715,36204,30-59,Agent,W,Consolidation
EK3LNKO,66,53902,712,14354,Current,Agent,MW,Private
ZA3MI7S,41,27141,648,0,Current,IVR,NE,Consolidation
CWQQ2G1,22,34047,606,19028,30-59,Agent,S,Private
GQ9MLPN,24,61733,701,13524,Current,Mobile,NE,Federal
5PGEM9I,20,78543,683,26677,1-29,Agent,NE,Consolidation
6OCJPZT,53,42691,755,51754,90+,Agent,NE,Federal
DK4SNV9,52,63646,686,33243,30-59,IVR,S,Private
FOWR4B2,74,87983,751,23430,90+,Mobile,S,Consolidation
Z7WZHCT,70,67390,647,29021,60-89,Mobile,MW,Federal
YQ8D7WG,18,45503,710,0,90+,Agent,S,Consolidation
OW9D2OL,62,83119,794,38039,Current,Agent,S,Private
GFWJ6JY,56,76900,726,22686,60-89,Mobile,W,Federal
KQKRHZO,52,49670,776,15896,30-59,IVR,MW,Federal
8P6FVDH,54,58157,756,25799,60-89,Mobile,S,Private
7OMJ8B1,39,64054,595,69654,30-59,IVR,NE,Private
EJ8I7KT,21,31547,681,32583,Current,Mobile,S,Federal
X1FVK1P,42,63821,760,25781,30-59,Agent,MW,Federal
FC4Y7CQ,44,71338,689,45579,30-59,Mobile,W,Federal
M8902TU,69,12000,775,33236,1-29,Web,NE,Consolidation
WKLX2WE,41,38023,719,36519,30-59,Mobile,MW,Consolidation
D0Y4Q9Y,56,47881,709,6218,1-29,IVR,S,Federal
WMTX8XL,68,42117,656,2478,Current,Web,W,Federal
PKVCBZY,63,41271,636,22674,1-29,IVR,MW,Federal
Q10F7IA,71,58047,670,19257,Current,Agent,W,Private
CGS5WJ0,32,31546,647,16483,90+,Agent,NE,Federal
UIZ4T6Y,39,22039,764,20859,1-29,IVR,S,Federal
QEJ6FDZ,43,12000,455,20313,30-59,Mobile,NE,Federal
F683MJO,71,58400,633,2819,Current,Mobile,NE,Private
1DEU3DB,24,71135,790,33945,1-29,IVR,NE,Federal
GEBEC41,63,51082,607,55923,90+,Agent,NE,Federal
Y1T5G72,35,73929,809,54175,90+,IVR,W,Federal
RR05T2Q,73,62776,659,31959,Current,Web,S,Consolidation
Z1108DC,21,61529,678,59469,90+,Mobile,MW,Federal
7Y6ZLED,19,28283,691,23702,90+,Web,NE,Private
BR4RBCS,53,105061,734,4814,Current,Mobile,W,Private
ZVGGHUG,64,44806,628,26636,Current,Mobile,NE,Private
QGO8RYW,24,59404,635,34332,60-89,Web,S,Federal
V3ZJTCG,37,60142,610,36559,60-89,Web,NE,Federal
LX2TOOW,61,49058,746,6786,30-59,Agent,S,Private
6H7L8QY,40,42984,652,0,60-89,Mobile,S,Private
K6YWGXQ,26,38125,675,28217,Current,Web,NE,Consolidation
V2XB402,75,74016,670,55368,60-89,Web,W,Private
GDYE017,59,28270,608,34131,30-59,Agent,NE,Private
X0VVW8X,74,54529,723,32180,30-59,Agent,NE,Consolidation
GE0UTX7,69,72084,687,31261,30-59,Agent,MW,Federal
KICWMPE,53,61023,725,17987,Current,Web,S,Private
J6FP8HQ,43,70382,566,66005,30-59,Web,MW,Federal
D30E47L,18,34986,702,24291,90+,Agent,MW,Private
44JSMS4,43,29873,658,26572,Current,Mobile,MW,Private
6FOKZIX,52,14501,624,34474,30-59,Agent,S,Federal
OKPK7YS,55,12000,625,3122,90+,Agent,W,Private
LQKIXEQ,27,63906,784,51071,90+,Mobile,MW,Private
SWIXN1L,69,68021,664,46517,60-89,Agent,NE,Federal
MDMMMXI,23,37489,667,23579,1-29,Mobile,NE,Private
T5IQNHV,48,32244,689,8507,30-59,Agent,W,Private
YDP2NF1,65,19110,721,45655,30-59,Agent,W,Private
QTAIJ82,37,47079,738,0,30-59,Web,MW,Private
H3BVUCZ,34,47751,717,32062,1-29,Mobile,NE,Private
YBNMLGN,49,50545,797,20751,1-29,Mobile,S,Consolidation
07PMEXJ,64,12000,689,39473,1-29,Web,W,Consolidation
TYLAVZM,19,25661,727,30244,1-29,Web,W,Private
KJHW145,48,28491,670,53745,60-89,Mobile,MW,Federal
G6D93WD,34,40168,724,38315,30-59,Mobile,W,Private
DN1TH1X,56,68061,729,23885,1-29,Mobile,NE,Consolidation
HGQ6SRP,60,48307,705,61640,30-59,Mobile,W,Consolidation
V1ERK0V,64,68173,702,2982,1-29,Web,NE,Federal
F445CRI,39,76920,787,47990,1-29,Agent,MW,Federal
5T33JCN,29,39587,791,35316,30-59,Agent,MW,Federal
KU04VPW,26,65938,559,32620,30-59,Web,W,Private
LEXXYE4,36,70917,764,1056,1-29,Web,NE,Consolidation
C9X5JZ6,56,46939,715,12970,1-29,Agent,MW,Federal
XQ9NJC2,57,71124,608,15500,90+,Mobile,S,Consolidation
SD1JCPT,34,65946,662,28593,Current,Mobile,S,Consolidation
CMNJTUL,60,12000,723,29381,60-89,Web,S,Federal
IHAIR4C,56,60952,607,6033,90+,Agent,W,Federal
ZX3VBGD,59,25256,651,52832,Current,IVR,NE,Federal
GX49JMZ,52,64637,602,6465,30-59,IVR,S,Federal
MNZSYHR,55,48498,712,49512,90+,Agent,W,Private
BNH36WE,46,69537,680,37952,60-89,Mobile,W,Federal
BQZACGB,43,45151,685,21315,Current,Agent,S,Private
ZYAGZR6,74,66611,531,25383,30-59,Agent,W,Consolidation
L2UPQV9,32,62731,648,27503,90+,Web,MW,Federal
STYGX88,54,40266,661,57828,30-59,Agent,MW,Federal
RCPH399,25,65059,700,0,Current,Mobile,MW,Private
67VZO05,42,78847,604,39514,60-89,Web,W,Consolidation
63LC6P0,19,17346,712,29373,Current,IVR,W,Federal
XHO8SYB,21,60984,641,51368,1-29,Agent,NE,Federal
25AA35W,46,28238,695,43064,Current,IVR,NE,Consolidation
W5E11DX,43,30846,698,33729,Current,Mobile,W,Private
Y25M8KB,54,83871,739,26012,90+,Agent,W,Consolidation
GKIKR2O,36,41621,808,0,60-89,Mobile,NE,Private
ZPDSO9S,23,63341,595,14074,60-89,Mobile,NE,Private
NZ3JBCK,62,12000,698,1376,Current,Web,MW,Consolidation
96DAB4Q,44,30960,619,0,30-59,Agent,MW,Federal
UZJ486U,38,85744,600,19639,60-89,Mobile,W,Private
2MLFDTL,61,99497,754,34816,Current,Mobile,W,Private
LX89J8E,53,24580,670,12352,Current,IVR,W,Private
USG9L9Q,47,62808,618,17868,60-89,Mobile,MW,Federal
93BVMY7,19,37222,663,13279,30-59,IVR,MW,Federal
8F6M1DA,65,69629,685,1301,30-59,Web,MW,Consolidation
SRF04F6,75,43153,835,25247,1-29,Mobile,W,Private
OI1AWOK,22,60103,618,19385,60-89,Mobile,S,Federal
9YYR8IF,40,12000,556,26615,30-59,Agent,S,Private
G68ZDOP,26,15669,705,14783,Current,Agent,NE,Federal
U18MD3S,57,37807,678,29679,90+,Mobile,MW,Private
UW8PDWX,40,57691,655,44628,90+,Web,MW,Federal
46A4RYA,21,71598,736,0,60-89,IVR,W,Consolidation
R1DWWO8,66,52418,714,29168,1-29,Agent,W,Consolidation
14NBI2R,69,42760,732,9649,60-89,IVR,S,Private
FOTWFTQ,44,108558,771,30742,Current,Mobile,S,Private
24RSB4R,33,56204,690,35772,90+,Agent,NE,Private
O4Z533Z,66,74264,639,45603,1-29,IVR,S,Federal
FM1OWWS,73,54047,754,37369,60-89,IVR,MW,Federal
S666CEV,39,12000,738,0,60-89,IVR,MW,Private
XV9APGI,37,30289,673,4609,60-89,Agent,S,Private
YTVGAX0,25,39496,611,17018,30-59,Agent,S,Federal
UQ6DDTB,58,90626,693,39752,Current,Agent,MW,Private
IGDIX1C,70,48347,680,33174,30-59,Agent,MW,Federal
F3R2VOU,63,48552,651,1386,90+,Web,MW,Private
0014PI3,45,52341,619,8050,90+,IVR,NE,Consolidation
G6FARMG,46,12000,731,5996,Current,Mobile,NE,Private
BFE54UK,51,35790,654,0,90+,Web,NE,Federal
2PMIAY8,58,49851,680,13112,90+,IVR,MW,Consolidation
N96FF30,39,12000,590,52143,30-59,Web,W,Federal
FXCBBCM,32,75185,660,55532,60-89,IVR,NE,Private
A6O1RX4,19,49550,602,16663,90+,IVR,NE,Private
SX2YP7V,35,37841,708,21406,30-59,Agent,W,Federal
M3O55IX,37,47597,641,38458,60-89,Mobile,S,Federal
0423H7T,38,53580,569,21370,30-59,Agent,W,Federal
HZUEJEP,42,19225,694,34202,1-29,Mobile,MW,Consolidation
43LC6JW,47,48973,780,2475,60-89,Mobile,MW,Federal
6637810,67,34791,628,53826,Current,Mobile,W,Federal
KFF2920,74,31715,625,60589,30-59,Agent,NE,Consolidation
5HXDOC9,74,40555,609,28587,60-89,Mobile,MW,Private
20COFZO,75,15904,694,41503,Current,IVR,W,Consolidation
XC3D1HF,40,55314,714,24467,Current,Mobile,S,Private
ZHQIMQO,59,12479,624,16816,90+,Mobile,S,Federal
RKLLFVA,55,68366,649,38637,90+,IVR,NE,Private
NMSIKJI,50,50706,716,30050,30-59,Mobile,MW,Consolidation
H61FB0G,61,12000,586,35455,30-59,IVR,MW,Private
7L9DCPZ,22,107202,729,2286,Current,Agent,MW,Consolidation
NXXBAF4,53,12000,573,18411,90+,IVR,W,Federal
1AT7O75,58,50262,600,28857,30-59,IVR,MW,Consolidation
2ASOEVG,70,57091,696,50375,Current,IVR,S,Federal
RDIHSA7,43,53507,805,9321,Current,Web,NE,Consolidation
8ZNA8NZ,33,17069,670,53650,30-59,Web,S,Federal
YY4JUFN,71,18010,706,48848,1-29,Web,NE,Private
NYFM7VH,26,108195,624,43172,1-29,Agent,S,Consolidation
XLW5M4E,58,36545,632,13846,1-29,Mobile,NE,Federal
C9AYL65,37,15468,761,15891,90+,Web,W,Private
YRGC8KI,66,55827,713,35446,30-59,Mobile,S,Federal
PQVL00E,64,29328,688,30236,30-59,Mobile,MW,Private
7NAQGU5,31,43435,566,39111,60-89,Mobile,MW,Consolidation
4TGVXKQ,30,14403,766,6095,90+,Agent,W,Consolidation
JZ554KA,38,26980,601,17836,30-59,Agent,NE,Federal
HIWFD7Y,18,57049,767,24251,60-89,Agent,W,Private
ICR6D86,52,26175,627,9817,1-29,Mobile,NE,Federal
FK33H6Z,59,41795,728,21777,1-29,Mobile,W,Federal
G3U1SWY,40,38690,702,25771,30-59,IVR,W,Consolidation
M95RPE5,23,45282,683,22153,90+,IVR,W,Private
I3QK2IA,73,63552,764,0,Current,Web,MW,Private
ESNE8QP,25,31503,679,81982,30-59,Mobile,S,Private
5W71Z7N,26,29999,668,38942,Current,Web,MW,Private
G5KHL1C,75,58311,712,48634,60-89,Web,MW,Consolidation
27DCBHH,47,38886,636,1881,60-89,Agent,S,Private
UJVXHSH,34,55616,612,25344,60-89,IVR,MW,Federal
Q70FPM9,75,48684,662,26013,30-59,Agent,S,Federal
T4UFEL6,50,48504,750,0,30-59,Web,NE,Federal
YLUYHET,59,58231,712,19871,Current,Agent,S,Private
K32RGWH,63,94864,589,11755,1-29,IVR,MW,Private
LJQ22AJ,24,64309,706,46594,90+,Mobile,NE,Private
WNXFSHW,42,62437,704,27564,60-89,Web,NE,Federal
X7M1SMS,27,58748,645,13469,30-59,Agent,MW,Consolidation
HDT4RK9,44,53973,616,29762,30-59,Web,NE,Federal
WVF36ZP,65,89418,687,33462,90+,Agent,MW,Consolidation
ITEGB1D,68,40163,728,26617,60-89,Agent,S,Private
BE0QAB7,57,64552,678,8197,60-89,Mobile,MW,Consolidation
EXIH1XD,51,37490,675,69332,60-89,Mobile,NE,Federal
FO22ZJ7,41,84830,678,2123,60-89,Agent,S,Federal
SX22JEM,29,69433,675,27986,60-89,Mobile,W,Consolidation
NMXAFXY,19,84370,725,34657,30-59,Web,S,Consolidation
S2PJI01,39,88918,778,45365,60-89,IVR,S,Consolidation
QODA6UQ,45,62897,709,0,Current,IVR,S,Private
4TJH56R,60,36571,623,58863,30-59,Web,MW,Federal
MJL5H16,44,57112,683,39583,1-29,IVR,W,Private
9JHQZLQ,18,51554,694,9832,1-29,Web,MW,Consolidation
JTB9XXA,39,76223,699,10802,60-89,Agent,S,Federal
9RRDMKU,62,56892,691,0,1-29,Agent,W,Private
HIVDTS8,54,65414,709,27700,30-59,Agent,NE,Federal
CLO2D8F,54,38969,640,39976,30-59,Mobile,S,Private
9PSDC63,54,58647,593,26965,60-89,Agent,W,Private
YWU7L66,64,62652,820,0,Current,Mobile,NE,Federal
OKD7969,65,49597,679,21560,Current,Agent,W,Private
EAWQW29,30,58876,635,61259,90+,IVR,W,Private
XE0JDCZ,27,28338,676,27298,90+,Web,S,Private
WXEJ5MH,74,69179,757,27886,1-29,Web,MW,Consolidation
0GET8T6,59,82307,600,17729,90+,Agent,S,Federal
A1346TM,22,41003,686,31886,1-29,IVR,W,Federal
FN7UYI0,54,83448,660,33455,1-29,Web,S,Private
705SFLY,47,55916,703,5613,Current,IVR,W,Private
JU9F51N,67,63293,602,26697,60-89,Web,S,Consolidation
JWK6Z0H,35,56619,734,389,Current,Mobile,S,Private
VJNPBM1,43,54279,744,46603,1-29,Web,MW,Federal
UN519M9,41,59285,789,0,60-89,Agent,S,Private
X5QJICJ,43,29092,650,20137,30-59,Agent,MW,Private
4Q5B8FX,31,68983,722,0,90+,IVR,MW,Consolidation
A28DITM,58,64133,610,32365,30-59,IVR,S,Consolidation
XSNHFT4,51,74996,720,297,60-89,Agent,S,Private
L519881,27,29374,718,34275,60-89,Agent,MW,Federal
YXCE6Q7,41,70066,656,58211,30-59,Web,NE,Private
KJ6SZXI,44,42344,637,25940,60-89,Agent,S,Consolidation
14LKY2N,56,69434,674,39355,1-29,Web,NE,Private
QXT7JO0,20,21575,752,34154,90+,Mobile,MW,Federal
7DBWU5P,28,79659,741,26480,30-59,Web,W,Consolidation
IPJIYLQ,67,52709,676,12661,30-59,Mobile,MW,Private
W67Y9PP,51,52914,632,1394,Current,Agent,NE,Consolidation
5D3LCQX,46,68593,706,29692,90+,IVR,W,Federal
D8H6D6O,58,30541,731,18541,1-29,Web,W,Consolidation
LHAG1T6,43,73820,735,50121,60-89,Web,NE,Consolidation
FKF4HN6,23,42101,693,40189,Current,Agent,NE,Private
17Q374M,69,31447,675,24409,30-59,Agent,MW,Federal
HVK8SSR,62,73615,638,6713,Current,Mobile,W,Consolidation
TBWGBZ1,57,35385,689,3780,30-59,Agent,MW,Consolidation
YS7B1QA,46,12000,640,19890,Current,IVR,MW,Private
IRVO9MA,63,69611,628,31006,60-89,Mobile,NE,Consolidation
DUHBX6A,44,16326,631,15096,Current,Web,W,Private
VCG8MEL,68,53899,674,34317,60-89,IVR,NE,Consolidation
148P0TV,52,51383,803,16147,Current,IVR,NE,Consolidation
JVWUPTV,23,94334,667,22162,1-29,Web,NE,Consolidation
RXYJ38X,32,63479,677,3467,1-29,Mobile,MW,Federal
8V0BJWK,50,47410,597,31485,60-89,Agent,W,Private
CRCPJ8R,54,75885,717,154,90+,Web,S,Private
1NDCS1U,73,49937,650,53765,Current,Web,NE,Consolidation
WBLF5SD,73,33570,642,59510,60-89,Web,NE,Private
BDYQIXY,68,52694,633,14333,90+,Web,NE,Consolidation
V0PGXC0,25,45461,735,8788,Current,Agent,S,Private
BDDCMOQ,19,70140,664,58378,60-89,Agent,NE,Federal
5WR99ZZ,26,63063,717,13175,Current,Web,MW,Consolidation
PS0DXME,59,42349,819,7618,Current,Web,NE,Private
ZIYPI1X,20,98978,715,5259,Current,IVR,MW,Consolidation
RRJ1CMD,52,12000,677,9967,30-59,IVR,NE,Consolidation
1CGEDBT,49,49879,644,49042,1-29,IVR,W,Private
N60TLXO,63,12000,707,3214,30-59,Web,NE,Consolidation
205HU03,37,50147,614,30851,90+,Web,W,Private
9KWV08H,20,64771,669,19885,90+,Mobile,W,Private
UZPEX7T,29,57901,653,34142,90+,IVR,NE,Federal
D5L8F1B,52,51148,755,0,90+,Web,MW,Private
GSFWMSQ,55,15116,708,16072,30-59,Agent,MW,Federal
ELQ6PMZ,55,44414,669,18815,60-89,IVR,W,Consolidation
DWM2VTX,32,40068,737,27681,90+,Mobile,W,Private
O5VYFRR,71,32832,712,37318,30-59,Web,NE,Private
N0XCS16,44,56002,750,14549,Current,IVR,S,Federal
UQHAJ2T,39,52063,755,0,60-89,Web,S,Private
GKJ71K1,59,12000,678,21959,1-29,IVR,NE,Consolidation
BN52KOC,64,41061,721,4878,Current,Mobile,MW,Consolidation
QJTP9H1,19,38086,625,19653,30-59,Web,NE,Private
L6UZA28,20,26285,693,32439,90+,IVR,MW,Private
4O5DBGJ,65,64139,589,34605,30-59,Agent,W,Consolidation
NQQFO6U,60,124690,683,20012,1-29,Web,W,Private
64GROAB,33,69284,697,4087,90+,IVR,W,Consolidation
W2IN2IS,22,38018,587,5794,90+,Agent,W,Consolidation
DCOKZ5S,57,71250,700,40068,1-29,Agent,W,Consolidation
D3I2XFM,19,55899,672,19819,1-29,IVR,MW,Private
TKEZJSS,52,61755,703,27390,1-29,IVR,NE,Private
6NOUHFJ,38,61259,651,10978,1-29,Agent,NE,Consolidation
2R576VI,47,69781,760,10141,Current,Web,W,Private
W01M4Y0,53,46288,683,47212,90+,Agent,S,Consolidation
5ZT5TT9,75,62561,613,63677,90+,Mobile,NE,Federal
C4D145B,72,21876,591,37679,30-59,IVR,MW,Federal
OLMLGSE,53,58650,626,394,30-59,IVR,S,Private
USRZAEQ,28,29543,723,44087,30-59,Mobile,MW,Private
GN8NL4J,38,49110,637,54169,60-89,Web,MW,Private
PQZDNHJ,51,20995,676,29702,60-89,Web,NE,Consolidation
LBVN7NP,35,58283,715,29624,60-89,IVR,W,Private
3X4YH5H,73,61389,704,37174,60-89,Agent,S,Federal
M5DKOYB,27,42174,796,16344,90+,Mobile,NE,Private
P8IJL2Z,29,94123,702,5395,Current,Agent,W,Federal
REM5PUU,19,45342,668,37447,1-29,Web,S,Private
XLOZ2RC,50,44157,734,12682,90+,Mobile,MW,Federal
0I9G5DZ,58,24902,707,51728,1-29,IVR,W,Federal
60VQ2Q6,42,19717,678,54133,30-59,IVR,S,Consolidation
YTWBOZD,40,41007,690,16952,Current,Agent,W,Private
1CIJJRX,26,14287,712,17582,60-89,Agent,NE,Private
1OTXS3F,69,44714,736,25412,30-59,Mobile,S,Private
H9FC69Q,21,12000,660,48482,30-59,Web,S,Private
J6HM3J5,47,36388,637,23120,1-29,IVR,NE,Private
OB5APO4,49,63403,701,0,Current,IVR,W,Private
SDA8980,36,30405,678,15911,1-29,Web,NE,Private
1O2RNTJ,71,22918,617,0,60-89,Agent,MW,Federal
QUVAKSW,51,52401,641,0,1-29,Mobile,NE,Federal
TNQETMN,42,12000,686,22508,90+,IVR,MW,Private
H6M3SGU,21,54612,657,8433,30-59,Web,W,Private
KCX613R,29,23692,708,25021,1-29,IVR,MW,Federal
MM1BH3T,40,94788,702,0,Current,Agent,S,Federal
DQAEBIY,66,22255,705,48093,1-29,Agent,NE,Private
I07HR4I,44,32181,592,39666,30-59,Web,MW,Private
T8SADGY,75,21336,702,21250,Current,IVR,W,Private
5YS0WI4,32,59116,585,16886,30-59,Agent,S,Private
ZCF5AKD,48,36570,551,58586,60-89,Agent,MW,Private
WP4NLF8,71,48121,637,43982,1-29,Agent,S,Federal
JT4ZF3D,50,33155,744,6978,30-59,IVR,NE,Consolidation
G8U6MQB,23,34369,741,28132,30-59,Agent,S,Consolidation
AQS4FUS,23,45602,622,16623,1-29,IVR,W,Private
PAFL9WO,71,23317,759,39237,30-59,Web,NE,Private
JT4FTLH,62,62833,701,46289,30-59,IVR,NE,Consolidation
L6CKNC7,60,25871,667,42703,60-89,Agent,W,Private
RPJ1EPK,58,56044,619,54282,60-89,Mobile,S,Private
WZJWLNM,42,38383,619,34121,30-59,IVR,MW,Consolidation
6G2KRT4,55,66033,679,22123,90+,IVR,NE,Consolidation
EZL5SE9,21,63425,695,41740,90+,Web,S,Consolidation
1TB5IGS,61,82833,776,23397,90+,IVR,S,Federal
X73A4RH,56,61197,681,20455,60-89,Web,S,Federal
AW0TWPW,46,69860,755,46488,90+,Agent,MW,Consolidation
51H3WQA,27,12000,704,56208,90+,Agent,S,Federal
KQWQYO6,72,95405,632,20305,Current,IVR,W,Consolidation
T4Q9BC2,46,50291,651,73655,Current,IVR,MW,Consolidation
1A2WYHB,33,64075,655,27340,60-89,IVR,W,Federal
V395ZDH,29,21491,573,34260,90+,Web,S,Private
DLMFBDW,59,42495,699,32131,1-29,Agent,S,Federal
A0WUOWJ,50,38495,656,34511,1-29,Agent,S,Federal
RE5C5JO,41,26386,620,49068,30-59,IVR,S,Private
Y12TLXL,41,66934,695,26423,30-59,IVR,W,Consolidation
YO2TLA2,71,50041,816,29306,90+,Web,S,Consolidation
NMCE4PE,67,55895,670,6085,60-89,IVR,NE,Federal
QXIN672,49,71725,692,31136,Current,Web,W,Private
GIU13GB,66,69725,767,30011,30-59,IVR,S,Private
4SMZOCX,47,55300,708,24752,90+,Mobile,W,Private
3SYNH9B,55,74863,651,25275,90+,IVR,S,Consolidation
JM3UM94,74,58002,743,51958,30-59,Mobile,NE,Consolidation
7SKJ63H,48,58050,697,8378,60-89,Mobile,S,Federal
PJPICRL,35,74773,736,41955,60-89,IVR,NE,Consolidation
GK0H2K1,53,13474,717,33191,90+,Web,NE,Consolidation
4JPDT12,34,50552,561,17063,30-59,Web,NE,Consolidation
80UXN3E,65,85525,804,12794,Current,Agent,MW,Federal
05AQBYU,72,81937,779,44456,90+,Agent,NE,Private
X7CULOQ,18,80915,637,34804,90+,Web,W,Federal
VZFAA2I,51,52869,718,0,30-59,Mobile,MW,Private
NBRJS1M,41,70788,729,18960,1-29,Web,NE,Private
7EB8QHS,28,48313,658,19836,30-59,IVR,W,Federal
696VGCP,66,43872,683,13531,Current,Agent,NE,Consolidation
TCVMUJP,70,84600,713,21317,Current,Agent,S,Private
0FMITWP,29,53980,687,29194,Current,Web,NE,Private
TATLLQH,51,62026,665,6881,90+,Web,NE,Private
38U4S7W,44,35509,597,6042,30-59,Mobile,MW,Consolidation
URH0EB4,23,31852,664,32774,1-29,Mobile,S,Private
J2L72V0,56,43077,664,6271,90+,Web,MW,Federal
01S9BAY,51,15787,539,20026,60-89,Web,NE,Federal
A7KX7MR,26,64930,733,54357,90+,Mobile,MW,Private
20SNSTG,46,37997,636,14411,90+,Agent,S,Consolidation
G9I2VKC,27,60094,664,23465,90+,IVR,NE,Federal
59BA0T9,44,43047,627,32941,30-59,Web,W,Private
1ZVW07T,68,49539,641,27387,60-89,Agent,MW,Consolidation
UD3I2IW,70,47993,758,35045,60-89,Mobile,W,Federal
J10YEHH,71,70914,609,21306,30-59,Agent,NE,Consolidation
24IQ93H,18,42228,680,3577,1-29,Web,NE,Consolidation
Y32HOG5,42,12000,744,0,1-29,IVR,MW,Federal
NGH8RIE,39,98823,689,16095,Current,Agent,MW,Consolidation
MQJJ80E,48,26643,596,0,90+,Web,W,Private
WA7SLKD,45,70965,615,0,30-59,Agent,MW,Consolidation
7X6XDA7,50,31607,605,27301,90+,Web,S,Private
RMBL4OT,28,38521,758,31441,90+,Mobile,MW,Federal
HMIE898,67,17626,681,10813,60-89,Web,W,Consolidation
KFCQJUK,63,69091,614,32890,30-59,IVR,MW,Federal
VSOJRPP,57,48617,674,44378,Current,Agent,S,Private
S64HMZY,56,55172,692,33346,Current,Mobile,S,Federal
WM2HUT7,67,90669,680,43659,1-29,IVR,S,Federal
NJ53TIS,45,58144,784,47507,30-59,IVR,W,Consolidation
2LMLLQO,48,55759,667,0,Current,Agent,S,Private
SJSSZXQ,27,40101,680,0,60-89,Agent,W,Consolidation
Y7TWI8H,51,12000,696,18839,30-59,Web,W,Private
968XF6V,29,47229,659,0,60-89,Web,W,Consolidation
J32M7FC,70,47189,760,13155,60-89,Mobile,S,Consolidation
1OT96GS,73,66960,709,19422,1-29,Agent,MW,Federal
V33LIFN,37,49327,741,10637,60-89,Mobile,MW,Federal
VDL1CEX,24,60375,700,35979,90+,Mobile,MW,Private
BKWH8E7,70,48455,674,59669,60-89,Mobile,NE,Private
UKBI7IJ,64,42181,590,22074,90+,IVR,MW,Private
S2NU4BM,62,30007,645,24083,Current,Agent,NE,Private
P3LYEX3,57,81692,604,6868,90+,Mobile,S,Consolidation
05EV5KZ,47,59164,635,7083,90+,Agent,NE,Consolidation
C9S902A,50,41730,761,30441,60-89,Agent,NE,Consolidation
X450UHE,64,89499,668,43066,90+,Mobile,MW,Federal
9J1S4P8,70,40363,697,3131,1-29,Web,W,Federal
ZXFHHVP,43,65449,670,38732,1-29,Web,MW,Consolidation
PQXXJ3O,50,55108,719,55096,1-29,Mobile,S,Private
LWI1CUF,20,79285,718,29886,1-29,Mobile,MW,Consolidation
JS89FLJ,34,59512,685,0,Current,Web,NE,Consolidation
1N2YCSZ,28,46524,627,51048,60-89,Agent,MW,Consolidation
LWD8M7A,51,68091,738,18532,30-59,Mobile,W,Private
NSVQR5U,52,38237,664,38868,1-29,Web,MW,Consolidation
TB94874,49,70734,605,39440,30-59,IVR,MW,Consolidation
NJNSQI1,50,49202,727,43227,1-29,Agent,MW,Consolidation
RIUU9K9,61,53937,656,39478,30-59,Agent,MW,Consolidation
PDVVJQB,56,70462,665,45494,60-89,Agent,NE,Private
RYZX70I,28,94342,639,23289,Current,IVR,W,Federal
8LLRB7D,38,51061,682,23184,90+,Agent,S,Consolidation
X1G28P4,69,48275,812,50657,90+,Web,W,Private
B4HY6AH,54,32749,610,41692,60-89,Web,MW,Federal
RNZNZMC,51,41249,650,16378,1-29,Mobile,S,Consolidation
HTY6XNG,43,45345,720,21061,60-89,IVR,W,Consolidation
9FI3M5R,74,50332,602,20673,60-89,Mobile,NE,Consolidation
WKZM925,46,62111,705,15642,60-89,IVR,NE,Private
C6JZMNR,62,12000,754,32526,60-89,IVR,S,Federal
WZ3OUB9,27,45838,653,15116,Current,IVR,S,Private
8KAIWJW,62,41203,740,25422,60-89,Web,S,Private
72WX7PT,36,24244,719,43831,30-59,Mobile,S,Private
Z6WF6B3,25,102119,708,58718,Current,Mobile,NE,Private
58OAGP0,75,29248,678,46952,60-89,Web,MW,Federal
US56YDY,56,85191,627,55199,90+,Web,W,Private
VZ41NAM,40,30736,737,45989,Current,IVR,MW,Consolidation
GMB362M,36,12000,682,20089,60-89,Web,W,Federal
H1ZRIYD,25,74535,750,27586,30-59,Agent,S,Private
CJT8OSG,58,41763,672,43974,Current,IVR,S,Federal
XR4DTO8,41,96230,660,6890,Current,Agent,W,Private
VTYZ934,48,78102,694,0,1-29,Agent,S,Private
HQUZ3MP,22,54118,711,16066,90+,IVR,W,Private
BJS4T1J,48,39514,656,34020,30-59,IVR,S,Consolidation
LIQA123,45,12000,672,0,30-59,Web,W,Private
BA7DORF,28,78901,754,4756,1-29,Web,NE,Federal
ZFZUNQ2,43,83321,582,22677,60-89,Web,W,Private
VEYD5ML,54,39258,649,19902,30-59,Mobile,MW,Consolidation
3YKYYDU,42,48391,606,50994,90+,Web,NE,Federal
WTG3FIM,47,33751,617,8886,30-59,Web,S,Private
61QSKFN,71,50377,570,59748,60-89,IVR,S,Consolidation
FRSA8ZF,29,55869,697,34769,30-59,Agent,MW,Federal
KSD7GDP,69,38271,582,12592,60-89,Agent,W,Private
AK8YE71,52,59250,556,37213,30-59,Agent,MW,Federal
9UJ6SAF,54,96197,695,0,1-29,Agent,NE,Consolidation
MO044QC,26,80769,660,6715,60-89,IVR,S,Consolidation
25NA8KY,41,41105,691,14520,Current,Mobile,NE,Consolidation
C4JRCQ9,49,40182,670,0,30-59,IVR,NE,Consolidation
V3ZSOZA,45,37025,651,35342,90+,Mobile,NE,Consolidation
U8DD3VI,68,29454,668,7694,Current,Mobile,NE,Federal
L184UVM,66,29780,713,21544,1-29,Web,MW,Consolidation
PUWFQ98,40,99100,785,22012,1-29,Agent,W,Private
YJ3D6M1,39,79462,659,18244,Current,Agent,MW,Private
AQPKWQZ,72,44435,671,23194,90+,IVR,NE,Private
DSIUAZ7,39,97935,592,41482,Current,Mobile,NE,Federal
7PX9CW2,75,78197,669,3742,60-89,Mobile,W,Federal
OY92P8J,22,57340,651,21607,1-29,Mobile,S,Private
RI09M0G,34,94011,768,48640,1-29,Web,NE,Consolidation
DM57PPX,45,36402,693,41167,Current,Web,MW,Private
7Q3VQJD,41,52098,715,32241,90+,Agent,S,Federal
G1CJ8PM,56,44773,738,9119,60-89,Mobile,W,Private
RCMUZ8D,55,52130,627,21296,Current,Mobile,S,Private
SKYZ86I,50,49869,715,0,Current,Web,MW,Federal
S4F7NI7,32,34231,688,9174,30-59,Mobile,W,Private
NYSGTMC,22,54938,810,54138,30-59,Agent,MW,Consolidation
G9R304A,35,38555,756,42437,Current,Agent,S,Federal
1DPKB11,30,12789,747,18010,60-89,Web,MW,Federal
0BJCKJC,21,44460,768,7716,60-89,Web,S,Private
XSW3HCD,56,48277,696,30393,1-29,Agent,NE,Federal
7IXLLJO,56,57792,677,27914,60-89,Agent,NE,Private
75AUD9K,40,50959,798,32515,1-29,Mobile,NE,Federal
LBD0XQT,32,46580,739,23326,60-89,Web,W,Private
886D6IW,28,42990,692,69993,30-59,Web,NE,Private
G2LC3BF,24,53208,721,0,90+,Mobile,NE,Consolidation
SG7D327,52,12000,724,0,60-89,IVR,NE,Consolidation
KUPCJ8M,54,37891,679,10728,Current,Web,MW,Federal
M1ENF31,73,18593,764,12009,60-89,Agent,MW,Federal
NBHNAL3,71,68202,691,19575,1-29,Agent,W,Federal
KB3PKBQ,33,73268,702,17196,30-59,IVR,NE,Consolidation
UYGRX2Q,24,56689,779,41413,Current,Mobile,W,Consolidation
UV73L5K,73,47047,675,0,1-29,Web,MW,Private
VTFHAKR,59,31138,605,45699,30-59,Web,S,Federal
15KRGT5,41,81407,745,35297,1-29,Mobile,NE,Private
K0QTL3Q,61,43383,659,17008,1-29,Agent,W,Federal
IYYVIWS,33,95991,637,40492,Current,Agent,W,Consolidation
CDHZG58,20,43556,669,47003,30-59,Mobile,NE,Private
XDNOPIB,38,20981,595,36906,30-59,IVR,W,Federal
IIE80YP,60,31199,629,44765,1-29,Agent,W,Federal
S9BP4M1,50,22674,675,0,1-29,Web,NE,Federal
2OP4U7W,64,24058,678,59766,30-59,IVR,MW,Consolidation
8B3JSO8,42,36177,707,49233,30-59,Agent,NE,Private
3BD4XPQ,67,83321,614,59538,60-89,Web,S,Private
AEOORBT,68,41372,805,64848,Current,Web,S,Private
GFLVTQQ,41,88302,669,47119,Current,Agent,NE,Private
JBD48AJ,34,54195,739,46771,30-59,IVR,S,Consolidation
AZUVITA,52,24588,725,49523,90+,Mobile,MW,Private
94MDRD2,31,28102,610,33458,90+,Web,S,Federal
OSH3QZX,70,54206,637,55156,Current,Web,S,Private
084DEHN,32,46291,701,55024,90+,Web,S,Federal
4LN5RGS,60,48320,662,21506,Current,Web,S,Federal
K8TEWA5,50,63568,702,8230,30-59,Agent,NE,Federal
PACE2F3,53,87730,697,10075,30-59,IVR,W,Private
8DALFYO,20,76052,695,294,60-89,Agent,MW,Consolidation
H9DJ8D3,45,69802,703,22444,90+,Agent,MW,Consolidation
A810XGY,49,43704,694,28517,30-59,Agent,MW,Federal
4O47EN4,24,63919,661,46261,1-29,IVR,MW,Private
L1YBYQK,56,57290,749,46290,90+,IVR,S,Federal
XAS83CK,24,26336,612,59592,60-89,Web,W,Federal
81XXWSI,49,34161,616,0,30-59,Web,W,Consolidation
1YUPM81,36,22141,748,19566,60-89,Web,S,Consolidation
QLX3F2X,29,36031,641,16170,90+,IVR,S,Federal
NG89VB9,41,70011,665,44596,30-59,Web,S,Federal
LJEFY3Z,23,41398,705,15574,Current,Mobile,S,Private
JMKOGHC,50,51855,646,39302,Current,Web,NE,Private
JV4DGG9,72,84826,710,21765,1-29,Agent,W,Private
5EWFWBE,60,26452,796,24885,1-29,Mobile,W,Federal
6UIA1NJ,45,62021,693,55599,1-29,Agent,MW,Federal
2I3PJ7K,57,20587,696,23842,90+,Agent,W,Consolidation
ERV8JHE,47,88020,572,302,30-59,Mobile,W,Private
ZIRLYFH,65,16479,747,20272,30-59,IVR,MW,Consolidation
RKFWJ8D,39,28764,663,35051,90+,Web,MW,Private
CQ6FWTV,60,50403,704,0,30-59,Mobile,W,Federal
8TRTM47,44,63388,664,12107,Current,Agent,S,Federal
52IB4TC,42,18190,521,32074,60-89,Web,MW,Consolidation
MGWNOMF,60,86881,623,4235,90+,IVR,MW,Private
YBWGMP9,74,48398,647,42533,1-29,IVR,NE,Federal
U2AJA7H,48,41422,658,23562,60-89,Agent,NE,Private
N2YJW20,24,70689,716,48159,Current,IVR,W,Consolidation
FEHER45,71,72599,631,31513,90+,Web,S,Private
BDLHTY2,74,19776,658,0,30-59,Web,W,Consolidation
EHVDO9K,67,73395,703,16474,90+,Agent,NE,Federal
KOJ4L17,46,46044,631,17368,1-29,Web,NE,Federal
ZNI1MKS,59,33602,709,7743,Current,IVR,S,Federal
60O4QAZ,41,48817,850,17821,Current,Agent,S,Federal
7WICFMN,73,50196,696,36385,90+,Web,W,Private
C5HDFUB,64,81574,652,14345,30-59,Agent,NE,Federal
UH8WS1F,26,59291,774,35544,60-89,Mobile,MW,Federal
XMTBZ6U,37,57050,768,15218,30-59,IVR,NE,Consolidation
V52QFE9,72,72436,706,6361,30-59,Agent,S,Private
7JB168T,70,69637,664,41122,30-59,Mobile,NE,Consolidation
DGWMQEB,61,45799,621,22344,1-29,Web,W,Consolidation
YPS859T,20,65173,624,6868,30-59,Agent,W,Consolidation
4EHXL20,57,59679,585,7718,60-89,Agent,MW,Federal
K5S3VKX,47,50088,672,20138,60-89,Web,S,Federal
IXXJA3W,62,62969,616,31861,90+,Mobile,S,Consolidation
YQGFTGX,40,64451,727,9906,30-59,Web,MW,Private
5CD3BMY,51,61909,683,40737,60-89,Web,W,Private
FLSE45B,42,44411,623,59843,Current,IVR,S,Private
54T59PG,24,58407,707,32126,1-29,IVR,S,Consolidation
9KY2O50,68,39872,680,0,30-59,Mobile,W,Consolidation
D27D9AL,33,18962,631,33000,60-89,Web,W,Federal
HGMN9ZT,59,49982,660,43294,1-29,IVR,NE,Private
GW2MEMT,67,57343,704,6412,90+,Mobile,W,Federal
ETIKBQK,74,12000,658,45248,1-29,IVR,W,Federal
WCH13TY,54,77452,670,49588,30-59,Agent,S,Private
RBV6I2X,32,62095,636,39060,30-59,Agent,MW,Private
I5LGO9T,35,61897,678,34157,60-89,Agent,MW,Private
DRI54PU,48,35918,712,47765,60-89,Mobile,MW,Consolidation
M0NGVQA,34,30404,712,47752,90+,Mobile,NE,Consolidation
MEOF46L,60,23321,752,26212,1-29,Web,NE,Consolidation
M1ZXYVG,60,59727,606,31921,30-59,Mobile,S,Consolidation
6YRA65E,55,70528,683,25940,1-29,Agent,W,Federal
23QKG8J,41,65930,733,22781,Current,Agent,NE,Consolidation
J0KKAGI,70,78022,720,48582,Current,Mobile,S,Private
36DE5JA,74,95678,657,79115,Current,Mobile,S,Federal
4U236I2,20,53429,661,0,60-89,Mobile,NE,Federal
5A2X54U,21,49361,676,37233,90+,Agent,MW,Private
XGZ7CTM,37,45918,628,3731,1-29,Mobile,MW,Private
X72OAAJ,37,37038,615,59704,30-59,Agent,NE,Private
V5F4C6V,73,59645,650,36498,30-59,Mobile,MW,Federal
QX20T2N,22,34126,626,1783,1-29,Mobile,MW,Consolidation
1MZ9K33,52,12000,707,42122,60-89,Web,NE,Federal
PLI69VI,72,80470,698,40058,60-89,Mobile,MW,Federal
K25PNV0,40,12000,729,23268,1-29,Mobile,S,Federal
O7VMR32,58,64668,700,46466,30-59,IVR,MW,Consolidation
F82G7CW,21,42912,634,27742,90+,IVR,W,Private
JQHH6BK,18,61194,717,50159,Current,Agent,NE,Federal
3KLTD3Y,65,47122,767,9465,Current,Web,S,Federal
TAVPIAG,66,49055,753,11424,30-59,Web,W,Consolidation
DJ6YI7J,45,57004,729,14472,1-29,Mobile,W,Consolidation
LXSLG6M,20,41193,667,13157,30-59,Agent,MW,Private
OWYEGPM,30,45299,602,31376,30-59,Mobile,NE,Private
TJHL936,18,47284,644,62933,Current,Web,NE,Private
BKHASPT,49,33133,741,15101,1-29,Mobile,W,Federal
YHWIFRP,67,38274,734,46947,1-29,IVR,NE,Federal
HF7J7ZW,59,73496,642,14330,90+,Agent,W,Private
ZNQ85QZ,63,35501,687,15853,90+,IVR,NE,Consolidation
LJL8VJ6,56,61991,671,24248,60-89,Web,S,Private
KLYY55H,51,64394,756,17950,1-29,IVR,W,Consolidation
18NC6FS,37,12000,650,30217,60-89,Web,NE,Consolidation
QB5TNN4,33,66186,599,13012,30-59,IVR,MW,Private
CI68DS0,66,53405,691,0,90+,Mobile,S,Consolidation
G0FN9XU,42,49863,707,12411,1-29,Mobile,W,Federal
XLPU0DK,32,58426,749,55290,30-59,Agent,S,Federal
LTY7W29,71,69279,720,8555,60-89,Agent,W,Private
XRK1MPL,35,53041,739,31180,90+,Agent,NE,Private
SAGHWLG,51,45235,554,40256,60-89,Mobile,NE,Consolidation
GG6N697,43,55952,626,29694,30-59,Agent,NE,Consolidation
HN6OFQY,23,46455,653,12909,30-59,Mobile,S,Private
W6NYQAE,38,34854,633,34096,90+,IVR,NE,Federal
BH3HSOW,64,57779,648,29686,1-29,Web,S,Consolidation
BJXG56W,45,95558,754,40499,Current,Mobile,W,Private
L9C3PFQ,38,55332,650,32419,Current,Web,S,Private
ZW3PE30,52,32175,615,39216,90+,Mobile,MW,Consolidation
G8B350S,50,44073,674,3916,1-29,Agent,S,Private
ZZ3F8CG,48,41776,678,39028,1-29,Mobile,NE,Federal
39F9TXM,56,62116,618,47235,30-59,Agent,W,Private
OKMSAYJ,69,15244,607,34448,30-59,Mobile,NE,Consolidation
C51MIQU,30,75439,685,10911,1-29,IVR,NE,Consolidation
A11DPG8,36,51681,685,30012,90+,Agent,S,Private
PT2ZL15,70,66470,668,13626,60-89,IVR,NE,Federal
FSQG8X8,19,105860,626,45957,1-29,Agent,NE,Consolidation
3VW40F7,75,32383,643,55267,60-89,Mobile,NE,Private
ORLEWUH,58,80249,622,46190,30-59,Mobile,NE,Consolidation
SZ2KUUO,34,12000,766,10834,Current,IVR,NE,Private
5F8663O,53,37156,699,7992,90+,Agent,NE,Private
5DZ63MJ,43,73512,670,16333,Current,Agent,S,Private
GUUW058,56,59331,681,23033,1-29,Agent,MW,Federal
AYDZZB3,65,29788,528,41151,60-89,IVR,NE,Private
ZNJ8U81,33,26812,761,18654,90+,Agent,S,Consolidation
Q3ZA8E8,52,51046,670,46174,1-29,IVR,MW,Consolidation
AFN2147,63,60626,592,48754,60-89,Agent,S,Private
PMLVAK9,34,109071,643,18181,1-29,Agent,NE,Private
PCEW8F6,22,28325,689,10937,30-59,Mobile,NE,Federal
AZP48AR,30,54590,613,546,90+,IVR,MW,Private
2XHY2A9,48,63179,687,0,1-29,IVR,MW,Consolidation
EAXYLNF,19,38029,779,7637,30-59,Web,MW,Private
NLHAPWF,46,60125,697,53556,30-59,Mobile,MW,Federal
K9727TR,51,69991,753,56876,1-29,Mobile,NE,Federal
3KI0V2A,48,31452,638,7647,30-59,Mobile,W,Consolidation
F7FR91I,19,36712,648,41814,90+,Mobile,MW,Private
PBOT2YP,32,28926,589,9343,30-59,Web,S,Private
Y36DDFG,73,49456,670,30284,90+,Mobile,W,Consolidation
9O6H0FE,60,54704,726,31748,90+,Agent,S,Consolidation
XXZ9XX5,30,40642,676,0,30-59,Agent,W,Private
ZARHDVU,70,91122,621,26060,1-29,Web,W,Federal
D84VF16,21,67236,801,34083,1-29,Web,NE,Federal
N5ROUES,66,41186,659,36535,60-89,Web,MW,Federal
9GQQQJR,70,70525,746,0,1-29,Mobile,S,Consolidation
84U89YJ,23,59442,649,26924,60-89,IVR,MW,Federal
FQ2BHAI,35,60998,587,15609,30-59,Web,MW,Federal
53IW5LV,22,31537,739,52301,60-89,Mobile,MW,Federal
VI91M04,25,69231,647,35123,1-29,IVR,NE,Consolidation
1ZPPEP6,50,106957,723,15685,Current,Web,MW,Consolidation
60E1ERV,27,50835,708,14112,Current,Agent,MW,Private
CQT9B0L,42,57560,724,47113,1-29,Web,S,Private
NJCZOBD,58,66089,614,60568,60-89,Mobile,W,Consolidation
CZBAMD9,21,112554,700,19422,Current,Web,W,Private
YF8AYGR,45,86232,640,27594,60-89,Agent,S,Federal
ZKXY2YA,62,68567,634,12417,1-29,Mobile,MW,Federal
KI5P3VU,20,16241,719,33493,Current,Agent,MW,Consolidation
CXX3LNC,67,74810,640,26517,Current,Web,W,Consolidation
OSAQ3EQ,42,50071,717,31805,60-89,IVR,MW,Private
F3XUVAG,51,79193,613,12679,90+,Mobile,MW,Consolidation
TRPYX8H,28,35236,665,12383,60-89,Web,MW,Private
TUUZ5BF,63,84317,683,42269,30-59,Mobile,NE,Federal
2JF4CIW,64,39968,560,26470,60-89,IVR,MW,Federal
8YI038Z,23,61013,740,23062,30-59,Mobile,NE,Federal
GZCUJ1U,48,12000,679,59332,30-59,Agent,W,Federal
OTN9UZE,57,68658,638,28537,60-89,Agent,MW,Private
3X23IET,46,71599,722,15020,60-89,Web,MW,Federal
8NM8H17,75,97961,710,38862,Current,Agent,W,Private
55CUK5X,44,43537,614,7148,60-89,IVR,W,Federal
V6RRY2W,35,56444,603,49572,60-89,IVR,NE,Private
XQ46GA2,71,12720,738,17338,90+,Agent,S,Private
XBAAC6Q,59,53208,674,18704,30-59,Agent,NE,Federal
6IOGBIF,43,38459,735,13679,1-29,Web,W,Federal
SOJDYUA,49,47740,581,22845,30-59,Agent,MW,Private
QV8ELSP,19,36158,660,42022,90+,IVR,S,Private
5E9JLWX,67,63349,667,38912,60-89,Mobile,W,Federal
11PHHG9,39,60734,669,55630,1-29,Web,NE,Federal
8LYK0VG,74,91478,605,940,Current,IVR,S,Private
7SDWYQT,49,48799,572,23058,30-59,IVR,NE,Consolidation
7HGM5SR,69,89537,698,25354,60-89,Mobile,S,Consolidation
IA9AU87,37,27280,678,20699,90+,Mobile,W,Consolidation
MTNGYL6,75,22060,729,13345,1-29,Mobile,W,Private
4K7BPGY,28,26876,610,28965,30-59,Agent,NE,Federal
7CXDWN2,18,57113,691,17151,Current,Agent,NE,Federal
HHGTQMO,40,57994,640,17076,Current,Agent,MW,Private
LSQK7ME,20,28118,703,5539,1-29,IVR,MW,Private
P2U4DTB,59,26582,713,28478,60-89,Agent,MW,Private
ZUJ2XOR,21,61406,682,16743,60-89,Web,S,Federal
1N1TP1L,52,40839,600,0,30-59,Web,S,Consolidation
4FH065A,20,88215,674,22881,90+,IVR,W,Federal
S1CXDCW,74,80172,704,44856,30-59,Agent,MW,Consolidation
8P1R3CL,18,45459,628,49851,90+,Mobile,NE,Private
O6QVCZ8,20,72392,595,43229,60-89,Agent,W,Federal
N5LVDO8,22,45892,740,40267,1-29,Agent,NE,Consolidation
JP6MKT7,51,72989,620,19486,1-29,Agent,MW,Private
C2PLHS9,59,43523,674,23026,30-59,Web,S,Consolidation
QA4P29X,27,73723,694,45353,1-29,IVR,MW,Consolidation
8WHFAHO,44,75668,755,6612,30-59,Web,NE,Federal
KMGQAW4,18,70282,703,27495,1-29,IVR,S,Consolidation
PN6937X,62,42110,642,18533,1-29,IVR,NE,Federal
6PARSG7,43,54852,592,32398,30-59,Agent,W,Federal
95R3UDG,29,66378,623,5945,30-59,IVR,W,Federal
P5PPNOV,21,45510,598,45935,60-89,Web,W,Consolidation
4PBWM12,25,27949,675,40507,60-89,Agent,W,Federal
YK3MD6X,25,13611,757,59350,Current,Agent,MW,Federal
X6QCALU,57,29565,767,37692,Current,Web,S,Federal
FE0HRQS,56,75229,670,23718,Current,Agent,S,Federal
E9XOAWC,18,60383,744,12507,1-29,Web,NE,Federal
UXPG3JP,68,44996,665,0,1-29,Agent,MW,Private
LCY2XBV,42,64041,684,37968,1-29,Mobile,MW,Private
GXAXXEC,71,46193,690,41473,30-59,Web,W,Private
ZMFEHK3,52,54560,690,59823,Current,Agent,NE,Private
7B4HJKW,53,32998,580,52071,90+,Web,S,Private
6I9PYQL,48,30476,674,20165,Current,Mobile,S,Federal
5DLWY1P,74,40679,719,15342,1-29,IVR,W,Consolidation
ABBAJAQ,18,60800,624,34834,30-59,IVR,NE,Consolidation
GZCY4ML,65,63431,679,47260,Current,IVR,MW,Consolidation
1YC3TLN,64,66563,690,45726,1-29,Mobile,NE,Private
FXDTUMW,56,58082,672,4248,30-59,IVR,W,Federal
D9ER94T,20,48767,713,55610,90+,Web,W,Federal
Z7MB41G,55,37593,749,33105,30-59,Agent,S,Consolidation
T6ERQ5A,21,96056,476,25741,Current,Agent,MW,Private
H61IAOI,69,83522,664,8733,90+,Mobile,W,Federal
D4N2ZQ7,37,47248,636,32849,Current,Mobile,W,Federal
POQSYK1,28,70638,648,28186,1-29,IVR,S,Federal
GBOPH2V,33,74417,671,7653,60-89,Agent,MW,Consolidation
PF9S9EH,27,36722,693,10522,1-29,IVR,S,Consolidation
GVBMQQ7,44,73399,689,22574,60-89,Mobile,MW,Consolidation
4D32NKX,65,37764,699,65334,60-89,Agent,S,Private
K2ZYZSI,58,46119,557,23458,30-59,Agent,MW,Private
50B8Y5D,72,44220,790,43740,60-89,IVR,MW,Private
2MD7TZG,44,60119,622,35674,Current,Agent,MW,Private
G3NHRCO,32,71631,790,27199,90+,Agent,NE,Private
5743F9R,63,36409,629,892,60-89,Web,S,Private
PQVCZKA,35,53955,702,14534,90+,Agent,W,Consolidation
WUQAYGI,40,66813,672,7802,30-59,Agent,MW,Private
YH8U9EW,43,53336,680,18636,1-29,IVR,MW,Federal
LIAGP34,37,49578,573,18967,90+,IVR,MW,Federal
7TLETBW,39,109150,621,31308,1-29,Web,W,Private
6YSHHYA,20,38299,780,59597,90+,Agent,MW,Private
D7X48WZ,58,64735,757,41299,Current,Agent,S,Consolidation
R5D7HFV,58,53778,620,23357,1-29,Mobile,NE,Consolidation
IINELGV,34,38815,664,0,90+,Web,W,Federal
3QNXZQF,67,75960,627,41358,1-29,Agent,W,Private
H17J8QO,20,59890,703,24031,90+,Agent,S,Private
UQI62K3,63,17938,610,49408,60-89,Web,W,Consolidation
VUCCPUG,48,25907,736,0,Current,Web,NE,Federal
MNDI5TB,55,67745,737,20548,Current,Mobile,S,Consolidation
IWPZXS1,61,60199,631,35059,30-59,Web,S,Consolidation
ZPO0LLQ,36,31292,676,0,1-29,Mobile,S,Private
5ZFC1K8,69,55036,657,34855,Current,IVR,S,Federal
O6MY4GW,27,92704,795,0,Current,Mobile,W,Federal
PLL7BXA,59,44545,748,56526,Current,Agent,S,Private
LQBYG6G,40,34651,791,23712,60-89,Mobile,S,Consolidation
C5OIFGN,72,63876,623,2868,30-59,Agent,S,Federal
35N8CQP,56,91558,615,0,1-29,Mobile,MW,Consolidation
LDVVOC7,27,65992,646,12100,90+,Web,NE,Federal
ZNMTR28,26,46669,526,36126,30-59,IVR,W,Federal
NM6HXG0,18,52068,663,41150,1-29,Mobile,S,Consolidation
LABEHAM,28,45548,697,28066,Current,Mobile,MW,Federal
20GM62S,22,12000,707,0,1-29,Mobile,W,Federal
DLCCM4S,32,56232,635,47620,Current,Mobile,W,Private
C4PW8ZW,57,29767,605,0,30-59,Web,S,Federal
EHKIXCV,59,60154,727,30370,90+,Mobile,NE,Consolidation
URXIPP8,71,66925,623,18232,Current,IVR,NE,Consolidation
W8YL68N,38,56046,787,27702,1-29,Web,NE,Private
3IMJ70E,68,79111,727,35801,90+,Web,NE,Consolidation
1Q8PJ1Y,26,42332,724,54325,90+,Mobile,S,Federal
24ZBL5K,19,37334,689,20805,30-59,IVR,MW,Consolidation
CW9J51K,48,70747,693,0,1-29,Mobile,NE,Consolidation
HY57C34,70,45977,685,25984,1-29,Mobile,S,Federal
U4WA2GB,44,76895,702,38291,Current,Web,S,Federal
4N6O9JD,75,67050,641,40790,90+,Web,S,Consolidation
TSZAUF7,34,53537,777,39288,90+,Web,NE,Consolidation
OZOZENJ,61,18381,610,41841,30-59,IVR,NE,Consolidation
4L4YWP6,73,18782,787,20029,30-59,Agent,S,Federal
NTHZM32,33,27332,652,35238,30-59,Agent,NE,Consolidation
82N2ATQ,39,41986,713,20327,60-89,IVR,S,Private
7S5F8BM,54,45926,738,48729,90+,Web,MW,Federal
FZP0T57,31,73029,664,2193,30-59,Web,S,Consolidation
VVJ0N2H,27,59951,669,35447,60-89,Agent,W,Consolidation
CC8UUXO,41,62409,681,3499,Current,Agent,MW,Private
T9GWA44,44,51636,716,29918,60-89,Web,MW,Federal
IYHOSDQ,25,64377,716,6529,60-89,Mobile,W,Consolidation
NW3ABTQ,59,58500,648,39265,Current,Web,S,Federal
A4FEGYY,50,86147,699,32775,30-59,IVR,W,Private
ST02Y90,68,17395,788,5073,Current,IVR,NE,Consolidation
GD08KIM,72,64875,755,29413,Current,Web,W,Private
COVRXIT,70,12000,760,33505,60-89,Web,MW,Consolidation
STT1EQC,30,73476,538,34675,30-59,Agent,S,Private
0Z92JN6,62,69313,640,4430,60-89,IVR,W,Private
U0U83T5,70,12000,641,45277,1-29,Web,NE,Private
9D129KZ,48,88296,737,0,60-89,IVR,S,Federal
0WQOFYC,20,80167,644,6558,1-29,Mobile,S,Federal
UWW3VG2,25,54655,608,19458,60-89,Agent,S,Private
3XNCHKV,68,83348,768,35543,30-59,IVR,MW,Private
X7M2MM4,39,62152,504,0,30-59,Agent,MW,Consolidation
VH4QLCE,47,68944,767,35716,Current,IVR,MW,Private
46MHRL0,71,35711,791,18204,90+,Mobile,S,Federal
35KRNM7,69,60544,675,64863,Current,Web,NE,Consolidation
I2MKNKJ,48,57007,639,60529,60-89,IVR,NE,Private
GA0X7ZC,37,60690,662,13701,30-59,IVR,S,Federal
7CZR7XW,37,59604,643,25316,Current,Mobile,S,Consolidation
18OVEUU,23,17965,639,7578,1-29,Web,MW,Consolidation
S3WAP6X,58,33025,699,12960,60-89,IVR,W,Private
27KJO7R,44,35724,665,34198,60-89,Agent,W,Consolidation
IG3YVR2,74,56422,687,46008,90+,Mobile,W,Consolidation
71AMJ5K,45,24205,698,62291,60-89,IVR,NE,Private
7ZCPBDT,27,19570,558,6949,60-89,Agent,NE,Consolidation
SBELRQV,25,52834,666,36486,30-59,Web,W,Private
DGG5GR0,36,62181,699,29906,Current,Mobile,W,Federal
AVT8K06,62,43419,694,40254,30-59,Mobile,MW,Federal
T5HKOJJ,38,60079,757,22014,1-29,IVR,NE,Federal
M9XAJCG,64,52361,658,40329,Current,IVR,S,Federal
E1ZIJCI,54,37712,596,27519,60-89,IVR,NE,Federal
862VL1T,50,61102,681,24998,30-59,IVR,S,Consolidation
26V9LFB,37,30631,627,10236,Current,Web,S,Private
0EWRJIW,61,73484,738,30630,90+,Web,MW,Private
1689WAN,59,71152,612,32829,30-59,Mobile,MW,Private
94SL42U,51,40331,744,0,60-89,Web,S,Private
SH1Z97Y,70,61315,659,34880,90+,Agent,W,Consolidation
0RYQPFQ,62,52346,604,20041,30-59,Mobile,S,Consolidation
3RWK3OT,58,45896,675,19135,90+,IVR,W,Private
RRHF4AB,75,74740,713,19908,30-59,Web,S,Private
LLP5EP3,35,57645,649,0,90+,IVR,W,Consolidation
SWXKQTQ,48,18731,675,0,1-29,IVR,S,Federal
VZ0PAEP,59,12000,805,43456,60-89,Web,W,Private
3VM1U0M,23,44365,693,27522,90+,IVR,NE,Private
KWBNBPA,45,41945,707,0,1-29,Web,W,Federal
CPJZE1X,58,57008,649,26611,30-59,Agent,S,Private
NSQLNAP,66,90471,676,17977,Current,Mobile,MW,Private
IJUQW4Q,59,91486,663,50676,Current,Web,MW,Consolidation
GUGPIVH,54,53594,765,2105,1-29,Agent,MW,Consolidation
JYJ3CT5,62,37905,612,509,30-59,Mobile,NE,Private
WLOQKIE,32,64263,533,28161,90+,Web,NE,Private
T4LHBAL,44,24587,748,26977,Current,Mobile,MW,Consolidation
NLNQBU4,64,46616,727,26189,1-29,Web,MW,Consolidation
CS4KEK4,24,71479,654,34651,Current,Web,MW,Federal
2W1YH6W,49,44868,594,50362,60-89,Mobile,MW,Private
N1F0FP8,61,23725,659,53474,Current,IVR,W,Federal
5IPRUIX,38,36054,524,19011,60-89,IVR,MW,Private
4Q8OFCH,42,60524,588,24311,60-89,Mobile,W,Federal
ROA2NAA,53,48033,805,65119,30-59,IVR,W,Private
DVNAB87,28,13113,616,27485,90+,IVR,W,Consolidation
R84A3ND,61,68282,717,8368,60-89,Mobile,NE,Federal
3LRCXXE,71,24146,730,49496,60-89,Web,S,Private
MSLSLEK,58,42589,778,57967,1-29,IVR,S,Private
Z3VWLO7,43,83057,633,19478,Current,IVR,NE,Private
F10OO1P,52,69273,685,13091,60-89,IVR,W,Private
8XULS4B,72,21418,604,54091,30-59,Agent,NE,Consolidation
DR0BKN8,67,37564,792,28447,30-59,Mobile,S,Private
OTM1CD4,22,22996,615,22880,30-59,Mobile,NE,Federal
TUSJXBC,74,41821,638,26559,90+,Agent,S,Private
IFORRLL,67,62638,620,16153,60-89,Web,NE,Private
48TPG7U,34,47787,699,40639,Current,IVR,NE,Federal
BP7PO9S,60,54447,728,20688,60-89,Agent,W,Private
G8IVEYI,25,56544,626,36217,1-29,Agent,W,Consolidation
NKSW5B9,41,51857,709,16011,Current,IVR,MW,Consolidation
XZGGRQS,39,48507,634,41773,1-29,IVR,MW,Private
P0SHAJ4,60,42606,587,51634,30-59,Agent,NE,Federal
4WG5W28,19,19894,701,12885,60-89,Mobile,NE,Federal
WW4HN86,23,63732,689,30164,1-29,Web,NE,Consolidation
7J35VLW,58,109140,649,31767,Current,Mobile,MW,Consolidation
2LJK4Q5,36,58017,685,32066,30-59,Agent,MW,Federal
MZ51OR4,39,38581,699,44663,90+,IVR,MW,Consolidation
M6XK7OX,73,71962,751,35040,Current,IVR,NE,Consolidation
IQ61KJR,47,50943,692,32039,Current,IVR,NE,Private
6WC47P1,18,31050,719,56904,90+,Mobile,S,Consolidation
0LG92MJ,18,55810,663,29830,90+,Mobile,MW,Federal
WZ94DYB,36,34500,739,10476,90+,Mobile,S,Federal
8LVPD4N,61,41268,632,8233,60-89,IVR,W,Private
GNJZM36,19,51744,819,35417,Current,Agent,NE,Consolidation
PZL90K3,73,57565,712,40105,90+,IVR,MW,Consolidation
LQ5U6JZ,24,69766,608,1259,60-89,Web,NE,Consolidation
QDNDB94,49,43763,686,12831,90+,Mobile,S,Private
B0NZUTP,30,58033,686,40058,1-29,Agent,NE,Consolidation
CJENF0D,59,40813,689,22460,1-29,IVR,MW,Private
322XWDB,32,12000,673,24775,1-29,Mobile,W,Federal
VR9SL5V,47,66287,810,0,60-89,Web,MW,Private
87H0POS,39,83582,716,24089,90+,Agent,MW,Federal
XY8DMGS,55,53489,672,0,1-29,Mobile,S,Consolidation
1OXJCBY,23,38756,711,40703,Current,IVR,W,Federal
PP1A86F,24,107418,648,40758,1-29,Web,S,Private
18OBS75,58,65163,722,21293,90+,Mobile,W,Private
RM3X4B2,28,12000,728,19196,1-29,Mobile,W,Consolidation
Y33HU5C,51,41814,611,36285,60-89,IVR,MW,Consolidation
B7GIORF,58,55314,658,50306,Current,IVR,S,Private
ID4N1U3,44,41323,746,19002,60-89,Web,NE,Federal
ZRHTTQA,62,58075,717,22841,60-89,IVR,NE,Federal
Q796EW8,22,13158,574,44129,30-59,Agent,W,Consolidation
UHRTPMO,32,22136,676,28031,1-29,Agent,W,Consolidation
FYRLEOG,25,75718,698,23515,1-29,Mobile,S,Federal
PWDBOLW,66,12590,669,2811,30-59,Mobile,W,Federal
FKLZWQX,73,12510,661,27148,60-89,Agent,S,Consolidation
TNORRE1,51,51174,728,37695,60-89,Mobile,MW,Private
GSQ7AIT,51,58333,668,31219,1-29,Mobile,MW,Consolidation
0C9Z4BX,31,12000,667,30070,1-29,IVR,W,Federal
6CYYOZR,57,33603,660,43582,30-59,IVR,W,Federal
LW2LM34,39,103777,551,11666,Current,Agent,NE,Private
1PI2OOQ,39,114235,704,27097,Current,Web,W,Private
ZIOYKL1,46,82271,746,4920,1-29,Web,S,Federal
U124T27,20,25182,646,45400,90+,Agent,W,Private
1LRXGKE,23,85435,571,54716,60-89,Web,MW,Federal
0TPAC56,44,79499,645,36618,90+,Mobile,S,Consolidation
1AZHZKN,19,41499,728,0,90+,Web,S,Private
W7W0K26,24,65822,728,42982,1-29,IVR,NE,Private
EZ9RTD6,45,40139,661,24116,30-59,Agent,S,Private
PZEKS48,23,20965,599,27692,90+,Web,W,Private
11K53GR,60,80756,734,18962,90+,Web,W,Private
O1NNJ5R,57,37267,656,49210,Current,IVR,MW,Federal
D8WXQBI,57,65956,594,79187,60-89,Mobile,S,Private
33D91CO,65,37487,647,48876,Current,Web,S,Private
QX8ERTB,63,70774,612,3832,30-59,IVR,MW,Federal
W5L4RMV,64,41016,630,26640,Current,Agent,S,Consolidation
HFH4N6V,41,38208,654,16835,90+,Agent,S,Federal
WQIGBU9,70,27885,627,38394,Current,Mobile,W,Private
55C5MWB,54,41541,792,43524,30-59,Mobile,NE,Federal
HKC856W,37,52596,682,4732,30-59,Web,MW,Consolidation
NCH4H9C,28,48660,618,16262,30-59,IVR,NE,Consolidation
65MKRI2,40,66490,695,9313,Current,Web,W,Consolidation
SSG7FWP,62,55806,623,17860,90+,Web,S,Private
H9WAVIA,33,39805,668,37150,90+,Web,S,Consolidation
P3QCSVX,38,40035,687,44197,60-89,Web,NE,Federal
FX30AC9,66,63582,837,54183,30-59,Mobile,NE,Federal
LX03V1U,26,25405,686,29630,30-59,Web,W,Federal
LKTOBY2,73,92225,709,11197,Current,IVR,NE,Private
INRJOHT,41,48435,651,14380,Current,Mobile,S,Private
6Q62RXY,33,93468,681,14853,1-29,Agent,S,Private
TDHDX1B,46,54175,731,36393,30-59,Mobile,W,Private
TK63N2Q,18,92297,682,81461,Current,Web,S,Federal
BAM5X86,57,33854,662,25484,Current,Web,NE,Consolidation
WW41F7V,37,51493,762,47031,30-59,Web,MW,Consolidation
74RS7GU,27,65120,662,9761,60-89,Web,MW,Federal
LYO3SGF,19,90814,681,39781,1-29,Agent,MW,Federal
CV4FDEP,71,43498,615,21945,60-89,IVR,NE,Consolidation
TE44RWU,63,73001,760,34185,90+,IVR,NE,Consolidation
84ROJVV,42,113289,662,7186,Current,Agent,S,Federal
6Q16NZ7,40,65470,674,7693,30-59,Mobile,W,Consolidation
KFEDLBG,57,45091,727,24839,Current,Web,W,Federal
FMPRYFZ,71,53886,725,39757,Current,Agent,NE,Private
5S34CGS,55,51229,599,38191,30-59,Agent,MW,Consolidation
Y9YV8B8,55,42702,819,23820,60-89,Mobile,W,Consolidation
TTH9KRQ,75,110205,730,23614,Current,Agent,S,Private
3X7S445,38,12000,685,1594,30-59,Mobile,NE,Federal
3UMAM00,59,61823,724,28928,90+,Mobile,W,Consolidation
3MO20KZ,60,55846,713,0,Current,IVR,MW,Federal
KGNHXYV,35,38345,761,39314,Current,Agent,W,Consolidation
ETQP3PY,35,63507,711,31899,60-89,IVR,S,Consolidation
2Z9QNRB,18,12000,644,7606,30-59,Web,W,Federal
GRX0B3C,53,59408,558,24490,30-59,IVR,W,Private
E1U24ZQ,18,52326,639,23009,Current,Agent,W,Federal
PHUIVL9,64,39968,714,51913,1-29,Mobile,MW,Consolidation
OZKNHPV,55,30541,744,40190,1-29,Web,MW,Private
88L12QF,55,44294,650,33906,60-89,Web,W,Consolidation
2VZPY9Q,38,82029,737,30705,60-89,Agent,W,Private
JIGLG08,53,86289,623,30166,60-89,Agent,MW,Federal
9MEUSWR,56,62515,681,25354,30-59,Web,MW,Federal
5P03WVP,27,34150,626,12921,90+,Mobile,NE,Private
YL9UNLX,59,70407,778,34722,1-29,Agent,S,Private
VIJZX4X,60,44850,589,9444,60-89,IVR,NE,Federal
T5DXI7Q,51,31904,658,16274,30-59,Agent,S,Consolidation
6IZ1256,26,39339,602,26173,60-89,Mobile,W,Federal
XS2E0NK,70,55469,729,13560,1-29,Mobile,NE,Private
XV6CKMA,25,58789,622,58140,Current,Mobile,S,Consolidation
GLZIUBH,59,34618,663,28782,60-89,Mobile,NE,Federal
CAFF2X5,39,33238,780,4472,1-29,Mobile,MW,Federal
LEWBCT6,69,66680,633,16379,60-89,Agent,W,Private
86CXOTX,37,36100,710,23700,60-89,Agent,NE,Federal
E576MOU,72,61245,623,56477,Current,IVR,W,Consolidation
V9ZY9YL,69,61868,610,61632,60-89,Mobile,MW,Federal
MR5QSFR,55,45496,747,44949,Current,Web,MW,Consolidation
HWOP7LE,67,66718,651,29024,90+,Agent,S,Federal
4O5U58P,59,64000,716,34457,60-89,Mobile,S,Consolidation
883F7AS,62,12000,601,67449,60-89,IVR,MW,Private
DT1N5JQ,64,15449,705,30856,90+,Agent,S,Consolidation
C6P3FKE,45,38049,645,5903,30-59,Mobile,S,Private
LQYSPR3,30,53472,734,29381,60-89,Agent,MW,Consolidation
EVWLQ6E,18,48888,644,39156,30-59,Mobile,MW,Private
0MYSF69,50,47785,714,33937,1-29,IVR,S,Federal
V62CUP5,33,75567,613,54913,30-59,Web,MW,Consolidation
6B15X8G,56,63813,757,12335,90+,Agent,W,Consolidation
WXIM04R,62,39461,654,40315,Current,Web,NE,Consolidation
UNFFQI1,62,54814,680,56651,30-59,Agent,S,Consolidation
59VA2WS,48,56928,653,25359,1-29,Agent,MW,Private
3DHERHP,48,81659,716,37110,60-89,Agent,W,Consolidation
N42RLOS,26,99635,666,0,Current,Web,MW,Consolidation
62OEDR9,60,37610,521,37285,60-89,IVR,MW,Federal
FCJZ9BO,70,41377,639,24927,1-29,IVR,W,Federal
G8E5K1R,39,27671,634,29351,Current,Agent,NE,Consolidation
FSUMUXQ,25,27555,678,6843,60-89,Web,MW,Private
QPHR62G,52,41797,743,0,Current,Agent,S,Federal
4X51MO5,50,75493,693,40846,60-89,Mobile,S,Private
SLQGBUL,32,51787,627,10467,30-59,IVR,NE,Private
V9NXMKT,30,44259,763,32139,60-89,Web,NE,Consolidation
CQQO7BG,53,61701,644,32573,90+,IVR,MW,Consolidation
WXEFJRP,58,12000,647,33991,90+,IVR,W,Consolidation
EOHIFK0,55,45023,686,5676,60-89,Mobile,MW,Private
DXJ1WQQ,39,57560,797,20593,90+,Web,NE,Consolidation
EMNM28W,33,51232,670,5104,60-89,Web,MW,Consolidation
HVY3NUK,37,46208,672,26872,1-29,IVR,W,Federal
I53CD0Z,70,79236,649,16228,60-89,Mobile,NE,Consolidation
RZ3FU0L,55,21810,580,17211,30-59,Agent,NE,Private
RX5M8NZ,23,66754,758,66518,Current,Agent,W,Federal
1IXBCTP,20,56524,682,53734,60-89,Agent,S,Consolidation
Y664L90,29,68191,678,18167,1-29,Agent,MW,Private
JXIX9D2,69,89909,706,20944,30-59,Web,NE,Federal
KNBD9O4,42,20424,568,0,60-89,IVR,NE,Private
CW9YIL8,32,82742,758,5608,1-29,Agent,NE,Consolidation
E7EOBJL,56,53466,681,11746,1-29,Web,MW,Private
629CKYB,52,56893,759,19227,30-59,Agent,W,Private
37D4IVS,65,71750,741,19857,30-59,Agent,S,Private
F2L0PI8,44,36960,596,40459,30-59,Web,NE,Consolidation
9TR74QG,36,32293,693,17710,1-29,Agent,W,Private
PI8WEJI,55,22048,609,17462,60-89,Agent,MW,Consolidation
P52AY7O,32,52290,725,37282,60-89,Web,S,Federal
0USXW8M,41,62725,656,9553,Current,Agent,NE,Federal
B6NBQG5,36,75763,751,25639,60-89,Mobile,MW,Federal
K6OP6XS,34,64595,685,39673,60-89,Web,NE,Consolidation
B9HXKEI,55,34330,712,2367,30-59,IVR,W,Private
1EXYB8Z,57,106077,671,46022,Current,Agent,S,Federal
YCO8RBT,59,51738,589,57480,90+,Agent,W,Private
IN9DL5T,49,58786,623,14266,1-29,Mobile,S,Consolidation
3L4JZWY,18,12000,676,54856,1-29,IVR,NE,Consolidation
OBS0SWV,46,35075,731,61,90+,IVR,S,Federal
MBLC09E,39,47478,763,24951,1-29,Web,W,Private
C3R52X3,73,44058,686,16293,1-29,Mobile,W,Federal
XKQN8OY,38,71517,705,36556,60-89,Mobile,NE,Consolidation
795C4K9,36,38473,577,21049,30-59,Mobile,NE,Consolidation
OPA94D8,41,33446,632,28902,1-29,Web,MW,Consolidation
YXYUR4S,30,92693,629,23548,Current,Agent,NE,Private
4NNKM95,52,26432,572,30144,30-59,Mobile,MW,Federal
CK00ZXQ,52,69966,773,22753,90+,Mobile,NE,Consolidation
3DDND69,73,28122,551,20267,60-89,IVR,MW,Federal
ZN4KGEU,28,46784,639,27661,30-59,Agent,W,Consolidation
4BK8EJN,27,26180,709,44689,90+,IVR,NE,Private
CXDWGUV,33,12000,675,44378,90+,Agent,NE,Federal
IAAKYTT,59,59349,694,28023,60-89,Web,MW,Consolidation
Q6T0OTG,64,74933,602,51694,60-89,Agent,S,Private
STMG345,35,40371,714,45058,60-89,Agent,MW,Consolidation
OQGVZHQ,19,66600,533,38873,30-59,Agent,NE,Consolidation
2JA2LPN,54,50703,671,0,30-59,Mobile,S,Consolidation
5JDY3F6,25,21944,614,29611,30-59,Web,W,Private
M7G5GVJ,46,82612,587,11988,90+,Web,MW,Consolidation
O98IBOQ,20,55890,702,11655,1-29,Mobile,S,Federal
FXV2YRE,67,34169,689,56388,1-29,Web,S,Consolidation
0Y52YGQ,50,74936,651,18375,Current,IVR,W,Private
SKZK96N,62,12000,811,40923,1-29,Mobile,MW,Consolidation
OQBT55R,54,66979,594,14834,60-89,Agent,NE,Private
JJ002JZ,38,81049,726,41666,60-89,Agent,MW,Consolidation
VKIZZQY,75,70394,744,17675,30-59,IVR,S,Consolidation
LQBW677,49,43045,717,26374,30-59,Web,NE,Private
H61XP5U,72,38465,825,50402,90+,Web,W,Private
VLND581,37,86985,603,26505,60-89,Agent,S,Private
Q8PKD2K,75,55840,555,40660,90+,Agent,S,Federal
RJUTFVJ,31,57738,636,28643,60-89,Agent,S,Federal
NZIEYH3,51,31878,729,17547,60-89,Mobile,NE,Federal
JWR3XUX,27,62115,628,33062,Current,IVR,NE,Private
ZKVBN9J,45,60941,750,31297,Current,Mobile,W,Private
MATVHYG,49,64987,713,52115,60-89,Web,S,Consolidation
MKYEBMS,51,44981,665,47605,1-29,Agent,S,Consolidation
H2KS1CB,27,20932,703,50617,Current,Mobile,NE,Federal
6J5MSYQ,53,46321,699,36257,90+,Web,MW,Private
AYWDSZ6,28,63417,622,43620,90+,IVR,MW,Federal
II1J0F5,46,45786,668,32999,1-29,Web,NE,Private
0IZH88R,40,49307,671,35540,Current,IVR,MW,Private
MCAYJE8,55,60502,733,0,90+,IVR,NE,Consolidation
8IWDRYH,51,54868,684,18866,90+,Agent,NE,Consolidation
JYRGJ0V,46,29734,763,64058,1-29,Web,NE,Private
KIBU4FM,42,52167,646,28120,90+,IVR,S,Private
6F5Q4MY,51,59150,691,38591,60-89,Mobile,MW,Consolidation
LZSSXON,74,31313,645,0,1-29,Web,W,Consolidation
I6H1M3J,20,84959,557,45151,30-59,IVR,W,Consolidation
CTFTT7I,47,23334,623,40188,60-89,Agent,S,Private
HYWFCDV,54,28235,635,31361,30-59,Web,W,Federal
WAHK2LS,53,26874,649,30097,60-89,Mobile,W,Federal
XLZL8ZY,66,68008,738,10760,60-89,Agent,MW,Consolidation
J9BF63Y,22,67924,713,29919,90+,IVR,W,Private
3B95OHS,20,20381,638,53824,90+,Web,NE,Consolidation
KX0JJUP,71,18231,683,13783,90+,Agent,S,Consolidation
6UB7L8V,40,36238,670,30433,90+,IVR,NE,Federal
X65UM4Y,25,34385,644,46901,90+,Agent,S,Private
7IQQF6Z,62,49908,657,0,1-29,Mobile,S,Consolidation
YV2VP6F,32,23361,596,45768,30-59,Web,S,Consolidation
H7LPWKW,24,38915,743,42793,60-89,Agent,W,Consolidation
TMTRZE6,37,72180,600,44264,60-89,Web,MW,Consolidation
KVCM2CD,45,34482,829,7643,60-89,Mobile,NE,Private
NICD23V,55,34555,655,23862,60-89,Mobile,MW,Federal
1UIW5E1,70,70813,683,7457,Current,Agent,NE,Private
QMPMD5D,28,41518,753,30110,Current,Agent,MW,Private
AI1TTLL,55,16816,638,14899,90+,IVR,S,Private
R5P40TF,71,37877,669,12508,1-29,Mobile,NE,Private
YPKB571,57,62499,634,32162,Current,Web,S,Federal
QXNJGYF,32,16883,741,0,Current,Mobile,W,Federal
KIV1ZG8,31,56030,796,0,30-59,Agent,MW,Private
94W6WUU,58,50401,612,45323,30-59,Agent,S,Federal
CRAXY6D,50,16191,691,22264,60-89,Mobile,W,Private
O49IM4K,42,64034,561,39785,60-89,Mobile,MW,Consolidation
1ERVTFQ,65,63961,636,0,Current,IVR,W,Consolidation
LTD24B4,61,40979,677,4424,30-59,Web,W,Consolidation
S1SPZ0C,31,66857,742,11653,1-29,Web,W,Consolidation
TTRUTI7,34,69490,673,29058,90+,IVR,S,Consolidation
SWSQPBQ,40,47867,724,32342,1-29,Agent,MW,Consolidation
0463NA7,50,59318,645,39697,30-59,Agent,MW,Federal
3O5URTX,49,64912,617,7218,30-59,Mobile,MW,Consolidation
73LKMGS,28,66579,692,60115,1-29,Mobile,S,Private
QDXFH52,32,29032,677,21403,30-59,Agent,S,Federal
71Y3OVQ,42,42744,756,50100,60-89,Web,S,Federal
A8JC3MZ,68,12228,673,24166,Current,Web,W,Federal
1FH7AM1,33,30626,654,36115,60-89,IVR,S,Federal
KJF0U2R,59,66233,683,45070,90+,IVR,W,Federal
MM0TOKD,42,43566,730,23184,30-59,IVR,S,Consolidation
3M1W2EK,27,58575,736,37629,Current,Web,NE,Private
LREAY3S,51,49959,809,52223,Current,Web,W,Private
P422TA8,39,56162,652,52444,30-59,Agent,S,Federal
VTZ4PB7,65,43742,680,36878,30-59,Web,NE,Private
HNVOXWC,63,12000,699,31514,Current,Web,S,Consolidation
CLA17QQ,50,21806,661,15040,1-29,IVR,NE,Consolidation
N5WRK7R,36,68774,671,41366,30-59,IVR,S,Consolidation
SZY0RCN,75,58706,644,25054,1-29,Web,W,Private
JYYCGWD,59,69370,632,34948,Current,IVR,MW,Private
RJDL2AN,68,36585,696,18273,30-59,Web,S,Consolidation
EL873QE,55,57864,729,39276,30-59,IVR,NE,Federal
0EUI4CJ,52,29074,696,50888,60-89,Agent,NE,Consolidation
8ACR2L6,22,50961,641,18650,90+,Web,MW,Consolidation
H4WLXA8,24,34014,645,23572,30-59,Mobile,W,Private
RJHHZH1,70,69773,532,35236,30-59,Agent,W,Private
IATKE13,58,25021,676,9785,30-59,IVR,S,Consolidation
IWZGK8D,34,12593,676,69276,90+,IVR,W,Private
G7QSODM,71,60610,692,11293,Current,Agent,NE,Federal
4EUXHQ5,41,72233,583,31649,90+,Agent,W,Private
4GC4RYG,49,84982,775,33829,1-29,IVR,S,Consolidation
MZRD5D7,41,54899,714,5531,60-89,Web,MW,Federal
J0AK269,51,46076,755,36735,Current,IVR,NE,Consolidation
OWHKVL3,64,43091,674,19847,60-89,IVR,S,Consolidation
LOARRXC,47,64400,730,24075,1-29,IVR,NE,Federal
8F56NSC,32,39332,713,18805,90+,Agent,S,Federal
9V73PUW,75,46989,565,56907,30-59,IVR,NE,Private
XO2DWN7,52,66293,737,22858,60-89,Mobile,S,Private
VB2HQBW,74,36050,755,29733,Current,Mobile,S,Private
TOGN1W1,44,53180,676,27488,60-89,IVR,W,Consolidation
AEB4KR7,52,19318,604,27824,60-89,Agent,MW,Federal
FS1IYM9,51,60521,614,12601,30-59,Agent,W,Federal
REXFT0S,19,46017,572,71488,30-59,Agent,W,Private
SB9FYY9,41,49889,706,45884,30-59,IVR,NE,Private
KFXHN5A,21,18415,615,30239,60-89,Mobile,NE,Federal
ZY0UQC4,62,47288,675,2356,1-29,IVR,NE,Consolidation
XO100VH,47,27310,770,45885,90+,Agent,W,Consolidation
N3BZNHW,37,50402,707,21380,30-59,Mobile,NE,Federal
FLVRKTG,38,27519,752,27634,30-59,Web,W,Federal
Y3K0S2D,24,58330,598,21755,30-59,Mobile,NE,Private
E2TBST9,25,25938,638,29783,60-89,IVR,MW,Federal
GTJS1A5,39,29280,728,53923,60-89,Web,S,Federal
LC5AALI,29,69737,752,9036,1-29,Web,MW,Consolidation
EYQE683,36,67779,657,10305,30-59,IVR,NE,Private
0CJBMUV,47,33936,677,0,1-29,IVR,S,Federal
5U0332W,70,52446,705,27255,1-29,IVR,W,Consolidation
KD4BS4K,22,79842,709,45053,30-59,Web,W,Federal
W4QVVK9,51,51289,611,36557,60-89,Mobile,MW,Consolidation
EJ9C0UU,65,40523,719,8550,30-59,Web,MW,Consolidation
ASU29EE,46,55948,664,21334,90+,Mobile,W,Consolidation
H4RWB45,65,63436,606,24128,60-89,IVR,S,Federal
AJMEARP,23,12000,706,8103,30-59,IVR,W,Consolidation
4EAISDK,69,61427,658,22693,1-29,Agent,W,Private
UKCT2QP,19,71825,615,20906,30-59,Web,MW,Consolidation
TKLUUJ7,59,66912,667,11896,90+,Agent,MW,Private
9VYNHCC,20,34023,571,53210,60-89,IVR,S,Federal
9DO0FK4,19,41907,651,43464,1-29,Mobile,S,Federal
OEULTMD,66,68673,649,47713,90+,Mobile,S,Consolidation
PL56GW9,30,84949,680,47808,60-89,Mobile,MW,Private
OTKZH4O,18,12000,698,77906,90+,Agent,S,Federal
WS890YM,75,73602,802,0,90+,Agent,W,Private
R2VB4JM,21,66519,699,40588,30-59,Web,S,Consolidation
8CG90MX,33,52018,837,49793,1-29,Mobile,NE,Private
1RIMVN1,39,39342,677,19682,60-89,Web,NE,Private
3JGZLMA,60,37852,724,5573,60-89,Web,MW,Federal
7F4YGF7,26,76035,631,45701,1-29,Web,MW,Private
KMPLBBB,72,68636,654,47713,60-89,Web,MW,Federal
OVK2HQK,60,86321,822,62880,90+,Mobile,W,Private
IEUC1HH,48,31753,569,42945,60-89,IVR,S,Consolidation
NJMVRYD,38,47361,574,18077,60-89,Agent,MW,Consolidation
MQW20X3,24,42910,534,35864,30-59,Mobile,W,Consolidation
Z652AUV,47,69508,725,10906,30-59,Mobile,W,Private
H2CBVKH,58,37467,633,6403,1-29,Web,NE,Private
OOQKSC4,29,61323,762,49996,90+,Mobile,S,Federal
S1OQO0J,51,49259,552,17806,30-59,Mobile,MW,Federal
NCMLDQZ,43,74439,701,38931,90+,IVR,MW,Private
6V4523A,32,63448,824,16739,60-89,Agent,NE,Consolidation
XD356WA,26,62005,727,41677,Current,IVR,S,Federal
FLNWROV,35,49887,632,91357,1-29,Web,MW,Consolidation
ZK94YXF,57,33170,736,8658,30-59,Web,S,Private
7ACCDZZ,37,12936,723,17858,Current,Agent,NE,Private
SW1K9M9,69,55434,554,0,30-59,Mobile,S,Consolidation
XX6CWZX,71,55292,676,31550,1-29,Mobile,S,Consolidation
NXJ8UWO,53,12000,644,51355,30-59,Web,S,Consolidation
R9Y7N17,49,66645,706,35109,90+,Web,NE,Consolidation
2ZU6SJJ,74,44264,725,23929,60-89,Web,S,Consolidation
K91KEGJ,67,62967,622,26333,90+,Agent,W,Federal
T282A6T,62,35082,641,23911,1-29,IVR,S,Consolidation
U3S2ZPR,50,52718,711,21850,90+,Mobile,S,Federal
AVPM6DY,75,48959,659,27992,90+,Agent,MW,Private
7W6977X,33,40145,640,50157,30-59,Web,S,Federal
72C6Z5T,45,51088,685,65815,1-29,IVR,NE,Federal
7QYEZG5,66,44096,661,18643,60-89,Agent,NE,Federal
V8DF2F5,20,29867,658,18396,30-59,Web,S,Consolidation
VB2OSJ4,63,75478,757,53671,30-59,IVR,S,Consolidation
JNXP90U,61,57062,601,11207,30-59,Mobile,S,Consolidation
JCTPVEV,20,77426,746,36847,Current,Mobile,NE,Consolidation
0M3LOUF,75,33571,710,31746,90+,Web,W,Consolidation
B6JY5R1,27,47822,688,17981,30-59,Agent,W,Federal
0O7Y4XB,56,31293,736,23547,90+,Web,W,Federal
RLQK0PQ,50,33856,612,12309,60-89,Web,S,Private
0CMPCBH,37,76010,673,10485,1-29,Web,S,Private
X02BN0I,64,46725,685,27702,Current,IVR,NE,Federal
0J36TCF,59,34394,666,12668,1-29,Mobile,MW,Consolidation
MTO2VDS,62,27569,688,14694,90+,IVR,W,Federal
8GME2X0,41,49263,643,42312,90+,Web,NE,Consolidation
YQ5UJ5K,59,72126,665,50481,1-29,Agent,MW,Private
DY633M2,40,52645,709,15800,30-59,Agent,S,Private
5ZJA8DZ,64,27001,788,39336,90+,Mobile,S,Federal
F9XXWNK,52,19103,717,42810,90+,IVR,W,Federal
XSCNKL4,29,64184,772,4996,1-29,Web,MW,Consolidation
MWLMA6G,69,26027,563,0,30-59,IVR,MW,Federal
LLYPGW0,50,49113,731,48614,60-89,IVR,S,Federal
GAG5T3L,22,28503,724,25295,90+,Mobile,MW,Consolidation
Z54CO8F,36,44620,688,26791,60-89,Web,W,Private
4MBBDXO,66,75929,676,12457,30-59,Agent,MW,Consolidation
3QA8NH0,43,76099,623,0,90+,Web,S,Consolidation
8SJY5OP,58,32215,677,18742,90+,IVR,W,Federal
9YSU51E,24,41712,703,23068,30-59,Web,NE,Private
YQJGVCB,47,71314,643,5134,Current,Web,S,Consolidation
616FQ97,73,84851,691,0,1-29,Agent,S,Consolidation
YJ9BOQ0,65,71540,633,34427,90+,IVR,NE,Private
KQ8SJQO,28,108580,635,42176,Current,Mobile,MW,Private
3K7DD1T,71,57485,706,48650,Current,Web,S,Private
BLMNTFK,72,45435,704,62569,1-29,Agent,S,Consolidation
1NVMEAG,48,24013,746,0,60-89,Mobile,NE,Federal
D5KXJ2E,19,57713,729,25137,1-29,Web,NE,Federal
7MC7NY6,23,69875,767,35507,90+,IVR,W,Federal
V1LK4AG,53,34471,690,35247,60-89,Web,W,Consolidation
FSZ72O5,54,83152,659,23872,Current,Mobile,NE,Consolidation
U2J085R,25,63368,688,24620,1-29,IVR,W,Private
1KT7GA8,31,60245,789,19126,60-89,Mobile,W,Federal
AFQL0DG,50,64467,744,29149,60-89,Web,W,Federal
QR5O1CE,53,35384,680,10588,1-29,Web,NE,Private
DQ8SZ7Q,49,48354,788,16007,Current,Mobile,NE,Federal
19MO1RT,67,77030,608,14166,90+,Mobile,NE,Consolidation
AWFRCQ6,26,40569,652,27111,30-59,Agent,MW,Consolidation
AYRSZQU,25,42366,611,10309,30-59,Mobile,S,Private
Y7E5RXR,49,29847,724,28649,1-29,Mobile,MW,Federal
4UV5I7G,61,28068,678,52222,90+,Web,MW,Consolidation
W80WIIX,26,56438,621,2931,90+,Web,MW,Consolidation
CX9KNBZ,61,27776,611,13539,30-59,Agent,W,Consolidation
ORTLQBK,52,40277,724,51014,90+,IVR,W,Consolidation
H9PO2UB,33,38285,706,17878,90+,Agent,S,Consolidation
A7ZZ99H,43,61593,753,0,Current,Mobile,W,Federal
IWVHDK8,18,24735,655,21061,60-89,Mobile,W,Private
Z9XAVB7,45,54307,651,48338,Current,Agent,S,Consolidation
O9VAXCZ,56,52794,630,45375,90+,Mobile,MW,Private
X3OBKJQ,42,23949,706,33818,Current,Mobile,S,Consolidation
KTUELS4,45,48287,602,44543,30-59,Agent,W,Federal
I41UG82,72,81408,795,28969,90+,Mobile,S,Federal
BAN52V5,52,22829,709,3857,Current,IVR,W,Federal
QZFB8X6,50,62497,762,28282,Current,IVR,S,Consolidation
ZSPA57I,66,15378,677,23209,1-29,Mobile,S,Federal
W4JQZ1P,67,44090,627,9903,1-29,IVR,W,Private
F9M13OT,35,99812,600,0,Current,Mobile,NE,Federal
3CBIWMR,67,73246,624,40288,90+,Web,NE,Federal
RFOZLAF,34,73806,628,11072,60-89,IVR,NE,Federal
QGSEM2F,52,64906,632,37978,30-59,Web,S,Consolidation
QASD1WC,49,45513,747,25636,1-29,Mobile,S,Consolidation
Q0S9AJY,55,38202,611,40891,30-59,IVR,NE,Consolidation
8W3ZP08,36,31829,646,4931,Current,Agent,S,Consolidation
Y1WNGXA,57,88703,783,3887,Current,Mobile,S,Federal
99ARAU7,33,63784,598,30323,30-59,IVR,W,Federal
PR0QXEB,23,12337,662,37379,1-29,IVR,NE,Consolidation
JRUAFD4,46,77782,743,20730,Current,IVR,NE,Private
81BMQF7,30,67515,587,54913,60-89,Web,W,Private
3ENVRJQ,30,93920,681,37023,Current,IVR,NE,Private
E1JJDZC,26,52214,707,8897,Current,Mobile,W,Private
I3GOM67,26,83413,688,14914,1-29,Agent,W,Federal
41UDTYZ,19,50706,625,37170,Current,Agent,W,Private
WE81OBL,44,51257,685,56362,Current,Mobile,S,Private
WQ4X6G4,72,39926,650,43846,90+,Agent,W,Federal
P3T53XR,29,56948,752,15008,Current,Agent,MW,Private
V3Y076X,35,42895,622,20915,90+,IVR,S,Private
M5F3QAO,63,46939,733,14151,90+,Agent,NE,Private
1UJYPM7,53,61785,624,20569,1-29,IVR,MW,Federal
ACPRU2V,19,29321,649,19763,60-89,Web,MW,Federal
2VPGSTQ,47,71556,752,40297,30-59,Web,S,Private
22GTLVU,28,66493,603,8319,30-59,IVR,NE,Private
QA7IZQ2,74,41181,656,25572,60-89,Web,W,Private
B32INST,47,63200,571,20147,30-59,Web,S,Federal
3G4JZM0,36,58697,641,21302,1-29,Agent,MW,Federal
OXESP7J,31,19411,723,10926,60-89,Web,MW,Consolidation
R2PMWMV,39,42339,690,58952,1-29,Agent,NE,Private
YGG7K19,71,44039,753,34034,30-59,IVR,MW,Private
9OK165D,50,48632,660,31827,1-29,IVR,NE,Private
03OD4JH,61,53718,676,53123,60-89,Agent,S,Consolidation
NE5YAZH,41,26083,633,0,Current,Agent,NE,Consolidation
GO5AWLG,42,75433,669,33088,60-89,Agent,W,Federal
AQHKNQJ,54,33703,608,9047,60-89,IVR,S,Federal
2X32OOF,31,72957,721,0,30-59,Web,MW,Federal
80I4527,72,22114,608,16364,30-59,Web,W,Private
9F7QA1V,68,22127,784,8507,Current,Agent,W,Federal
LK3BX47,67,23500,671,17853,1-29,Web,MW,Private
LYTUAGD,26,60939,760,37476,90+,Agent,W,Consolidation
HVMLJEK,50,58556,753,25436,60-89,Agent,W,Consolidation
PYYNQ66,49,68884,670,34385,1-29,Agent,MW,Federal
GDXQ4WB,65,42134,580,49106,30-59,Mobile,MW,Private
F6YXIS8,34,39823,621,33434,60-89,Agent,S,Private
JLCVW20,62,31388,674,31813,1-29,IVR,MW,Consolidation
IRWOCQJ,33,72172,566,28228,30-59,IVR,NE,Federal
JMGL1RL,75,12000,631,20110,90+,IVR,W,Consolidation
DPJA1WJ,67,51031,569,53618,30-59,Agent,MW,Private
M28AQWD,36,33850,672,52110,30-59,IVR,NE,Consolidation
MQ0MLOL,26,58983,648,67305,Current,Agent,MW,Consolidation
9K3SXDL,73,49939,792,41603,60-89,Mobile,NE,Federal
KYJCMF4,21,47161,756,36261,1-29,IVR,NE,Private
YRYI0C3,69,29945,616,58248,30-59,Agent,NE,Consolidation
XIOJ1QF,39,57279,698,48911,1-29,Mobile,W,Private
EO9H5IH,19,45870,602,32260,90+,IVR,W,Federal
KQ5A36E,28,62031,674,783,Current,IVR,NE,Consolidation
AXIOS4K,36,47761,573,17813,60-89,IVR,NE,Private
068AXP0,21,54421,759,25947,Current,Web,MW,Federal
6HOQQ0R,70,78707,685,8789,60-89,IVR,NE,Private
NCUJOBX,55,12000,762,24375,1-29,Web,NE,Private
T4LMAG7,71,16987,737,9131,30-59,IVR,NE,Federal
PXR9OGJ,18,44064,702,38209,1-29,Web,MW,Private
3A3TSAZ,40,23162,692,14826,30-59,Mobile,S,Federal
AD5Y2PV,20,77226,721,17049,Current,Mobile,MW,Private
7CF2J4L,53,46314,660,16532,90+,Web,S,Consolidation
SLK0PLZ,58,31058,535,30324,30-59,Web,S,Consolidation
BDRNI75,31,69205,718,25138,30-59,Web,W,Private
MWCMZX8,63,22056,711,3152,Current,Web,NE,Private
OS58YOF,72,49763,715,0,60-89,IVR,MW,Consolidation
Z6K4MKD,62,59840,790,40807,90+,Web,MW,Private
23WRQSO,36,14087,622,25052,90+,Agent,MW,Consolidation
K5J42OI,40,60458,700,26033,30-59,Mobile,S,Federal
9Q44DVV,21,76184,750,26493,Current,Web,S,Federal
Z9KVEAD,30,40480,804,35504,30-59,Web,MW,Federal
8HH10UC,72,81205,683,46377,1-29,Agent,MW,Federal
F6APFXI,71,46604,666,50175,30-59,Mobile,MW,Federal
RT7NWUQ,46,37817,680,31433,1-29,Mobile,W,Consolidation
YPNC43H,69,49569,696,28204,1-29,Agent,W,Private
B0UKOEF,32,12000,625,8821,90+,Mobile,NE,Consolidation
W6L01WC,41,76966,758,17305,30-59,Agent,NE,Federal
6WO7V1I,18,77501,603,24567,30-59,Web,S,Consolidation
LP4L1G2,56,25483,681,29516,60-89,IVR,S,Private
Y9MBAAX,29,81264,748,24196,30-59,Agent,S,Consolidation
RDMZVXY,74,53270,714,37762,Current,IVR,S,Federal
KTMONRV,74,76640,609,53513,30-59,IVR,MW,Consolidation
1HBUDU7,59,83055,640,35723,90+,Agent,W,Private
0WRJD1X,42,55105,621,6558,30-59,IVR,S,Federal
AJ8JR78,67,82445,634,54624,Current,Agent,W,Private
HJOYSJ8,54,38547,696,26812,60-89,Mobile,MW,Federal
2K8XPNM,29,72928,763,18318,60-89,Mobile,NE,Consolidation
72L4X5B,39,40653,701,16306,30-59,IVR,S,Private
S1N4I6T,62,57864,745,15389,Current,IVR,W,Private
W9A8RWH,61,71256,712,6408,Current,IVR,MW,Federal
ILEJVC6,64,44463,683,11585,90+,IVR,NE,Federal
XC4XJ4A,72,56321,778,38675,30-59,IVR,W,Federal
ONDHKBR,59,68870,668,17795,1-29,Mobile,NE,Federal
OIQWHSQ,28,97670,644,7571,Current,IVR,NE,Federal
98QHSFM,45,71801,714,11680,60-89,Web,S,Private
W9IN05O,22,53136,686,0,60-89,Agent,W,Federal
QVO1PBT,48,49729,646,9096,1-29,IVR,S,Consolidation
ME59O2E,41,60515,717,3157,90+,Agent,NE,Private
P95UZYD,23,40846,787,31573,1-29,Web,NE,Federal
GZTE0MZ,41,63272,706,0,30-59,Mobile,NE,Federal
L4ZCKHN,72,58525,680,0,90+,Mobile,W,Private
V1J308I,34,50686,789,48478,60-89,Agent,W,Consolidation
6UW7YE4,23,50679,656,40962,60-89,IVR,MW,Private
UFXWT4S,51,12000,588,33503,90+,Agent,MW,Private
UZFJALJ,52,15728,638,66326,1-29,Web,MW,Consolidation
FN8K6P6,59,62509,697,69402,1-29,IVR,W,Federal
CJWTL9T,26,56871,726,40745,Current,Agent,MW,Private
YT9MOGE,74,42039,601,41685,60-89,Agent,W,Federal
0HERHES,63,31035,774,35730,Current,Mobile,MW,Consolidation
QTVLUCD,29,56467,719,4477,Current,Mobile,W,Consolidation
B61G9F7,61,58329,680,26785,60-89,Web,W,Private
SKBCBDP,50,69990,788,35178,Current,Mobile,S,Private
Z2A5I8J,46,64311,610,39960,30-59,Mobile,MW,Federal
3MACMVB,20,22762,758,43003,60-89,IVR,W,Consolidation
8TAKUXD,21,12000,678,27331,90+,IVR,W,Private
5G77LK6,27,56110,667,72237,Current,Web,S,Private
TDFGJ7N,22,25682,579,31673,60-89,Web,NE,Private
BVR6CUH,73,49850,697,42323,60-89,IVR,MW,Federal
1CLNVXN,31,15987,696,32752,Current,Mobile,MW,Private
J9CWI2S,45,35582,640,7840,90+,Agent,S,Federal
VWBQ2C6,66,52074,678,46406,30-59,Web,NE,Private
K7917XF,59,33791,723,6732,Current,Web,W,Consolidation
GBAXRBI,23,55447,667,35899,60-89,Mobile,W,Private
UBNBWGS,31,67639,738,39627,60-89,Web,S,Federal
EP4CWCD,56,56281,641,22726,1-29,Agent,S,Federal
YRGC5FJ,55,41197,618,15562,60-89,Web,S,Federal
YGCQWHR,54,44827,666,44393,90+,Agent,W,Federal
KBKF7Q0,68,36502,738,20031,Current,Mobile,MW,Federal
9MIT3VH,28,43047,725,40831,1-29,Web,S,Consolidation
36Z6COX,31,42115,655,24855,30-59,Agent,S,Consolidation
IW5XNQD,27,75108,581,30845,30-59,Web,S,Private
R6CJ9K4,31,35569,761,41110,60-89,Mobile,MW,Federal
BNXDXWB,55,81425,734,57113,1-29,Mobile,NE,Consolidation
AZVW7NJ,61,22484,751,30707,60-89,Agent,MW,Consolidation
5PAYJ30,50,57740,543,31891,30-59,Mobile,W,Private
LXOECM7,63,89839,727,18199,60-89,Mobile,W,Consolidation
FY5746S,46,61353,605,34180,30-59,Agent,NE,Federal
FXLGQXH,71,44992,817,0,60-89,Agent,W,Private
0QNV4F0,63,132847,725,21124,1-29,Mobile,NE,Consolidation
5EO9NX5,35,39037,695,14376,30-59,Mobile,NE,Federal
YQ44NGO,61,89266,642,31658,30-59,IVR,MW,Federal
VQCEDNI,59,32656,621,36342,Current,Agent,W,Federal
ZFGGJAO,36,55613,747,13647,30-59,Mobile,W,Consolidation
4HY5I8N,39,46157,636,17479,30-59,IVR,W,Consolidation
6WMDW0F,24,54604,772,45393,30-59,Mobile,W,Private
4KUVDI0,72,68161,596,55493,90+,IVR,NE,Consolidation
5EO9W6Y,28,59279,686,29583,30-59,Agent,W,Federal
ZARFGX9,27,38277,609,4745,60-89,Agent,MW,Consolidation
C9LGYTL,47,77637,742,12405,1-29,Agent,NE,Federal
Y34XX4T,44,66281,747,25686,60-89,Web,NE,Federal
WFT52MF,59,23459,747,9578,1-29,Agent,S,Federal
BKP48N7,61,61448,731,42336,Current,IVR,W,Consolidation
7MHXOFK,60,26597,723,59576,1-29,IVR,NE,Consolidation
GSQ0QQ5,18,18940,659,31071,1-29,Agent,W,Federal
OMZQB09,73,38469,634,30231,1-29,Mobile,MW,Private
CB80PZY,71,73455,707,40029,1-29,IVR,NE,Private
TXHI15C,46,107528,716,25575,Current,Mobile,MW,Consolidation
9QC588I,70,42950,649,38116,90+,Web,MW,Private
7G9JNPA,52,40699,776,26480,30-59,Mobile,NE,Federal
W1E6JDV,44,32317,773,60393,Current,Agent,MW,Private
V8HJN11,45,41663,620,41088,1-29,Web,W,Consolidation
1ADRGHS,18,61452,721,21959,90+,IVR,S,Federal
CN8DS7K,46,63422,676,32078,90+,Agent,MW,Private
UT076G5,62,46815,765,28396,60-89,Web,S,Private
KFU90FP,43,63410,654,62515,60-89,Agent,MW,Consolidation
IDSFFQ0,36,74769,695,26134,30-59,Agent,S,Consolidation
1VSMADO,36,32367,581,21587,60-89,Agent,MW,Private
LLD5OBQ,59,65832,670,8116,30-59,Web,S,Private
JK9QZ6O,60,35931,591,24088,30-59,IVR,W,Consolidation
MBMP050,26,47615,689,7782,60-89,Agent,W,Federal
MYBD2QE,66,58927,721,18949,30-59,Mobile,W,Private
7BB4DWU,18,92017,647,45875,1-29,Mobile,W,Federal
EL21AA6,47,29179,638,53057,90+,Mobile,MW,Private
877FXV7,20,62937,588,26138,60-89,Web,MW,Consolidation
P4JULSX,49,61330,661,42574,60-89,Mobile,W,Federal
57597PT,49,63550,713,34166,Current,Web,W,Federal
LQIPN9J,24,29459,766,25832,90+,Web,S,Private
5G00R5Y,32,53687,633,22825,1-29,Mobile,NE,Private
KHEJLA0,59,12000,708,38932,Current,IVR,MW,Consolidation
PGNWNL7,41,34280,693,9512,60-89,Mobile,S,Private
IHOKM94,61,59198,692,18845,60-89,IVR,MW,Consolidation
MOKBMJL,54,39151,648,18290,60-89,IVR,S,Private
2ATCPMV,57,64561,644,8540,1-29,Web,S,Private
XD8XQ41,27,84651,602,24263,90+,Agent,MW,Federal
MGVU4IS,64,50138,703,10887,60-89,Agent,S,Consolidation
KTALYDI,33,13795,719,29780,Current,IVR,W,Private
OXIL6RS,33,49536,593,25844,30-59,Mobile,NE,Consolidation
ZFK8UT0,23,84494,691,46520,90+,Web,NE,Private
NLO50DW,29,34023,584,0,30-59,Mobile,NE,Private
Z6M9ZMX,53,22890,736,33864,Current,Web,MW,Private
378VPCA,57,29054,689,40297,Current,IVR,W,Federal
IAV590M,55,45565,677,16241,1-29,IVR,NE,Private
K8516SP,50,37931,695,23990,60-89,Agent,MW,Private
L1CEGOY,38,36620,627,30697,60-89,IVR,NE,Private
ZHCJOJZ,25,20845,614,28266,30-59,Web,S,Consolidation
1H19KJA,23,42000,701,6214,Current,Agent,S,Consolidation
GN0T6DV,50,70021,736,54179,60-89,IVR,S,Consolidation
QNHQE86,65,64877,691,22227,Current,IVR,NE,Consolidation
IDJIPNF,45,47401,632,16801,90+,Agent,W,Consolidation
K4SHA60,65,78205,595,28544,60-89,Agent,MW,Private
A0XGE9O,61,18431,651,15697,60-89,Web,MW,Consolidation
CB2OXEB,73,57105,689,14317,Current,Mobile,S,Federal
06LBRHL,18,87581,711,29321,30-59,Agent,MW,Private
ODEZT07,40,58148,814,28646,60-89,Agent,W,Private
IKWE4BX,35,60316,718,4219,1-29,Agent,NE,Consolidation
K6T9DHS,26,12000,555,0,30-59,Agent,S,Federal
LY2GJYQ,30,79315,589,16745,60-89,IVR,S,Private
BF1VGM3,22,29303,720,20431,Current,Mobile,S,Private
UNWCGBS,74,12000,699,57379,Current,Agent,MW,Federal
Y41IBLJ,24,73296,669,39367,90+,Web,S,Consolidation
90MZ9HG,59,58851,660,49335,60-89,Mobile,MW,Consolidation
FFY71KN,28,61212,664,15265,90+,Mobile,MW,Consolidation
AX158X3,42,39916,713,40748,60-89,Web,S,Consolidation
BQ7969E,26,35630,715,583,Current,IVR,W,Federal
WEW9V08,40,68147,643,59669,90+,Agent,MW,Private
CQZ09JD,67,58419,714,52526,1-29,IVR,S,Private
XAFGOVC,46,79482,624,20792,Current,IVR,W,Private
IPTNPNZ,35,89104,717,65250,90+,Mobile,S,Consolidation
9PHCF4W,50,72881,806,2998,30-59,IVR,MW,Consolidation
QMK3UHK,56,23922,737,34001,Current,Agent,MW,Private
LD2SKE1,75,43370,745,13133,Current,Web,S,Private
0AH1KG9,35,60508,658,26476,Current,IVR,S,Consolidation
AH5KTAR,43,63887,631,43851,1-29,Agent,MW,Private
VWXOATM,43,20158,817,0,60-89,Agent,S,Private
PDN68BN,63,78455,600,14669,30-59,Agent,NE,Federal
RROEG7B,49,87354,610,11763,30-59,Agent,W,Private
UZ0PJQT,37,46044,658,37561,90+,Agent,NE,Private
6XVQPU3,42,26760,740,26427,Current,Agent,S,Consolidation
HU1BACX,63,15723,673,33369,30-59,IVR,W,Private
42MG9QQ,38,92816,699,40797,1-29,IVR,MW,Consolidation
GT5JZTF,39,57475,638,13509,30-59,Mobile,NE,Consolidation
O61LQON,19,57837,732,63293,Current,IVR,MW,Federal
Q62XA9X,41,63372,714,33771,90+,Web,MW,Private
F4ZZW5U,46,66158,736,47517,60-89,Agent,NE,Federal
5158OQE,38,61456,704,22432,Current,Mobile,S,Private
12IAU1Q,60,63921,725,43358,60-89,Web,S,Consolidation
BSV55PS,22,55497,643,0,90+,Agent,MW,Consolidation
IAFHE0F,54,55072,629,0,60-89,Mobile,W,Federal
DIYRM1K,35,30538,782,34390,60-89,IVR,MW,Consolidation
0A9Z1XE,32,15909,761,18739,30-59,Web,W,Consolidation
HP9NYMS,34,51972,682,19246,90+,IVR,NE,Private
TQEAEQ2,26,95385,720,52122,Current,Web,NE,Consolidation
E1ZUBLE,39,78045,720,37879,30-59,Mobile,S,Federal
RVTFMRM,35,59952,614,25794,30-59,Mobile,W,Consolidation
ORN7N0U,50,53501,683,28794,Current,Web,NE,Consolidation
PB4SCAA,27,67729,688,15748,Current,Mobile,S,Federal
33E1I1P,58,81903,690,5419,60-89,Mobile,S,Consolidation
JO9NIFM,38,76048,687,22743,Current,IVR,NE,Private
G4OHPN9,60,42465,636,20093,60-89,Web,S,Federal
DSHLLSH,18,34546,719,25707,30-59,Mobile,NE,Federal
J54696Q,52,88837,731,4508,90+,Mobile,S,Federal
D2FNC3C,41,42340,689,13605,1-29,Web,MW,Consolidation
33DNREH,65,51454,722,16538,30-59,Agent,W,Federal
2XOVYXH,66,50201,546,19165,30-59,Mobile,NE,Private
DVER0DR,22,27973,675,42493,30-59,Web,S,Federal
KB7456B,23,73296,638,38730,60-89,Mobile,S,Federal
KBCUS2E,41,51216,637,54926,90+,Mobile,S,Federal
YKHL2YQ,37,81974,707,17648,1-29,Agent,MW,Federal
SHHETZX,68,34681,666,41336,60-89,Web,W,Private
NUJZA7T,54,62154,573,41263,30-59,Agent,MW,Consolidation
5XT54FN,34,69499,646,27689,60-89,IVR,W,Consolidation
V4NMWVS,46,39941,690,19442,30-59,Mobile,NE,Federal
FBFL0V8,62,45840,663,32762,30-59,Mobile,S,Consolidation
HLV76MF,71,32573,645,30087,30-59,IVR,MW,Private
U7FBMEN,71,43165,660,46374,Current,Mobile,NE,Consolidation
J4WLDY8,41,53669,655,31530,90+,Mobile,S,Private
GBLCKUH,73,45527,717,28739,1-29,Mobile,W,Federal
XERFHS2,65,20223,688,276,Current,IVR,S,Private
2M3ZKN3,75,65227,601,13192,30-59,IVR,MW,Federal
M8L10I1,18,74691,755,35255,90+,Agent,NE,Federal
S18L9GJ,61,13864,630,57847,1-29,Agent,S,Federal
2IBJVSL,36,102352,815,32168,1-29,IVR,W,Private
292YQO0,45,12000,627,16482,30-59,Agent,W,Federal
W2MRLLG,72,31277,683,58027,Current,Agent,MW,Consolidation
QK4LTAH,41,17102,597,50160,30-59,Web,W,Consolidation
T8D9GX2,31,45612,741,46903,60-89,Mobile,NE,Consolidation
GWAJ1G1,34,49116,628,18140,90+,Agent,W,Consolidation
CH1WY6P,71,90439,644,32630,1-29,IVR,W,Private
G28MDVW,28,43041,538,47373,30-59,IVR,W,Consolidation
AEGVFQ3,39,27783,715,57769,90+,Mobile,NE,Federal
3BAU57O,37,75351,636,33615,30-59,Mobile,MW,Consolidation
5MTVGE3,59,51146,710,22429,30-59,Agent,NE,Federal
NEZW9HE,27,73654,654,13270,30-59,Web,W,Consolidation
NTBZ3M5,27,72504,716,35293,60-89,Agent,W,Consolidation
FB2VI10,66,34523,679,6625,1-29,IVR,S,Private
CEZDJJF,50,48179,760,24819,30-59,Web,S,Federal
ZBMP4JD,53,80141,764,17277,30-59,Mobile,MW,Consolidation
PO4JNMY,19,52778,650,5159,60-89,Web,MW,Consolidation
FZ8Q4VH,59,52681,677,10373,1-29,Agent,W,Federal
TNOWXZO,32,48014,669,55082,30-59,IVR,W,Consolidation
P5YRO1W,63,36042,698,54704,60-89,Web,W,Federal
4XPCZ07,27,27650,669,43622,30-59,IVR,MW,Federal
QHAD3M6,44,62288,542,49626,30-59,Mobile,W,Federal
EMGBLFJ,18,42396,667,15716,90+,Mobile,W,Private
BUOEY6D,28,26109,543,2103,60-89,Agent,NE,Consolidation
H304A8P,54,12000,681,50349,30-59,IVR,S,Consolidation
O7BAL23,48,80069,714,25700,1-29,Web,W,Consolidation
OGNJGAB,59,56953,623,38268,Current,Agent,MW,Federal
7C5KTSI,65,42581,747,64426,30-59,Agent,MW,Federal
GIFY1CA,62,38517,695,32791,1-29,IVR,MW,Consolidation
P6A7BVZ,65,30506,709,26016,Current,Agent,S,Private
ZWD0W9R,75,73050,757,10378,90+,IVR,NE,Consolidation
Z2EI921,36,53988,672,57894,60-89,Agent,S,Private
RUD24DK,67,51802,639,73840,60-89,Mobile,MW,Private
SX502UP,53,99328,718,8734,Current,IVR,S,Federal
E9ZWVIH,19,84240,780,32215,1-29,IVR,MW,Federal
KCTQ7VI,70,27023,688,49857,60-89,Agent,S,Consolidation
DPPEQ1Z,38,33512,708,11565,1-29,Web,MW,Private
Q0IW3D1,47,62779,671,185,1-29,Agent,S,Consolidation
DNGPP55,56,76732,713,16053,90+,Web,NE,Private
1F3X0R0,45,59114,692,12117,90+,Agent,NE,Consolidation
YDAK4U9,62,63743,773,27823,60-89,Agent,S,Private
RGB93WK,70,34696,635,38896,1-29,Agent,S,Consolidation
5RD46WK,73,74270,773,39456,Current,Mobile,S,Federal
CMKTLZK,58,29065,651,25469,Current,Mobile,S,Federal
VB6HPPH,53,80233,767,27473,Current,Web,S,Federal
9IBGJEW,46,88930,683,0,30-59,Web,MW,Federal
VZAYB20,60,58141,688,43726,30-59,IVR,MW,Federal
WDEMM0U,70,62182,663,16339,60-89,Web,S,Federal
Q9VJUHB,30,12000,638,48327,90+,Mobile,W,Federal
JP61LFC,31,65739,652,15833,Current,Web,W,Federal
K2RAS84,66,58886,677,9994,30-59,Web,S,Private
ZRZ79HQ,40,79477,646,31816,1-29,IVR,S,Private
O4QHCG7,28,47100,669,21375,30-59,Web,NE,Consolidation
EZYRBZK,20,52099,646,32177,30-59,IVR,NE,Private
D8T7D2T,24,78611,612,14784,90+,Web,S,Private
7GJ81DL,51,75481,774,56628,30-59,Web,NE,Private
CP3SKYK,53,79078,651,35989,60-89,Web,MW,Consolidation
4PPECPG,56,37640,726,18325,Current,Web,S,Private
RJ174WY,47,83149,772,36412,1-29,Mobile,NE,Consolidation
IMI0G8F,43,117318,751,39978,Current,IVR,NE,Private
KB2C1MH,73,51188,671,35987,60-89,Agent,W,Federal
CERSW2V,23,30729,773,28265,1-29,Web,NE,Federal
PM3LW87,23,43324,620,18019,Current,Mobile,MW,Federal
Z8QSPA0,21,26259,668,6742,30-59,Mobile,W,Federal
FZ9DT2M,61,28773,693,17563,1-29,Agent,W,Consolidation
Z0YNCXL,74,50327,730,45895,1-29,IVR,S,Private
9IT3AWP,56,39142,763,59817,1-29,Mobile,W,Consolidation
OK7GBUP,46,56859,683,0,30-59,Web,NE,Federal
MY93POM,71,91369,698,1147,Current,IVR,W,Federal
DTCE9SB,45,12000,737,41098,1-29,IVR,S,Consolidation
J99VAEJ,30,29129,695,14827,30-59,Web,NE,Consolidation
YFGGK82,20,42348,640,47342,90+,Mobile,NE,Federal
ERVKDXT,28,32078,663,70762,Current,Web,W,Private
WYGXJEX,70,54112,615,0,30-59,Agent,MW,Federal
EO6PPYW,51,52791,606,15455,30-59,Agent,S,Consolidation
AM23HT4,75,47869,595,0,60-89,Agent,W,Private
OTKUDE3,45,73612,693,10547,30-59,Agent,S,Private
WS0GV4Q,45,31350,725,63247,60-89,IVR,W,Consolidation
XR3URMW,73,49908,732,13524,90+,Web,S,Consolidation
SLMGS9V,64,63569,653,50648,1-29,IVR,S,Consolidation
GK2FSWH,70,66718,797,0,60-89,IVR,NE,Consolidation
0I8QDAG,59,59441,616,34733,30-59,IVR,S,Federal
497V672,74,21263,637,27078,1-29,Mobile,MW,Private
EMKLMDH,59,73580,752,12720,90+,IVR,MW,Federal
LPEB94S,40,59739,747,28475,1-29,Mobile,S,Federal
U6M9DEO,33,79550,609,33357,60-89,Mobile,MW,Federal
7KI3X79,41,94677,652,15557,Current,Mobile,W,Private
2RC0H41,62,65595,639,27551,Current,Agent,NE,Private
WYPEEK0,60,12000,622,38615,60-89,Web,MW,Federal
VET4GEF,53,50860,671,21409,60-89,Mobile,MW,Consolidation
8OZCYWD,22,32841,644,30171,1-29,Web,MW,Federal
55ZZOTS,53,62264,595,51961,30-59,IVR,S,Private
H3RFWTE,71,55070,728,47307,Current,Agent,MW,Consolidation
YLRA9PA,72,67478,670,55570,Current,Agent,MW,Private
IXUCE5Y,55,63557,631,46713,60-89,Agent,W,Federal
CC1EFC5,70,24595,792,57359,90+,Mobile,MW,Private
6XUEEZ2,53,40458,792,8942,Current,Agent,MW,Private
I5ILHR9,40,57325,722,30342,60-89,Mobile,NE,Federal
IWG0ODW,70,46959,568,29985,30-59,Agent,W,Federal
ZU6MRUW,72,62234,624,32756,Current,Agent,W,Federal
EY6QMJQ,47,34409,719,9909,Current,Web,S,Federal
77G70G5,57,71335,690,39362,90+,Web,MW,Federal
B5NJRM9,75,45378,687,34183,30-59,IVR,S,Federal
01SOSR2,24,12000,737,40414,90+,Mobile,S,Federal
TWY3Y76,60,68099,635,39102,1-29,IVR,W,Federal
5BPLB01,46,62491,633,29673,60-89,Agent,MW,Federal
XAOZ5E7,28,59051,674,9393,Current,Web,NE,Private
EKTJEPG,23,50918,605,8348,60-89,Web,MW,Federal
S3GXK8K,34,52110,645,33215,90+,Agent,MW,Private
4HYG1HB,51,90682,621,65897,Current,Agent,NE,Consolidation
E2DWBNU,43,85825,737,46685,1-29,Web,NE,Private
T9LNBOH,53,72715,654,32147,Current,Mobile,NE,Consolidation
UZ3AOEA,52,41702,729,54142,1-29,Agent,W,Private
NKMB5OQ,28,60941,624,39840,1-29,IVR,W,Private
AVJD3TT,58,12000,597,20634,30-59,Agent,W,Private
NVB2158,33,41732,692,25738,30-59,Agent,W,Federal
PUC8SOK,53,57845,717,27094,90+,Web,S,Private
R11Q7UW,63,22649,756,0,1-29,Agent,W,Consolidation
NT6U777,68,31120,788,11554,Current,IVR,W,Federal
9U6WTVM,40,44019,633,51323,30-59,Agent,S,Consolidation
G2VG35X,40,76319,704,0,60-89,IVR,W,Consolidation
0K5QZZK,25,22869,643,29859,30-59,IVR,NE,Federal
46MH7G8,60,53288,668,46056,30-59,IVR,NE,Federal
9BGJQ0A,40,56424,653,38874,90+,Web,MW,Federal
BSIWFVI,24,40886,677,41494,1-29,Web,S,Federal
60SI399,19,43624,729,21061,60-89,Mobile,NE,Private
W1SAGML,67,78135,696,35720,60-89,Web,NE,Federal
VA0WDYM,60,62971,725,50255,1-29,Web,S,Consolidation
EWU2Z83,74,44591,636,20027,90+,Agent,W,Consolidation
FQJYYII,55,50120,645,37683,90+,IVR,MW,Consolidation
F57J2XI,33,35995,733,15010,30-59,Web,MW,Consolidation
VNFWYRL,75,69669,642,21040,60-89,Agent,S,Federal
ROG710E,34,73221,668,39252,Current,IVR,S,Consolidation
4VZN8Z4,43,59227,665,15957,1-29,Mobile,MW,Consolidation
8OL9ETN,45,12000,692,11083,Current,Web,MW,Consolidation
MLNCGFQ,46,24548,653,9247,1-29,Web,MW,Federal
U30EX7K,33,70747,696,26592,1-29,Web,S,Consolidation
PZK3GMG,21,42070,677,47651,90+,Agent,S,Federal
983AMB3,50,45998,621,40728,1-29,Mobile,S,Consolidation
8INNU7P,70,28913,663,30516,1-29,Agent,S,Private
4DJYR0R,52,55230,717,10435,90+,Web,NE,Private
AIBHYHH,18,12000,726,20168,1-29,Agent,MW,Federal
NCKRPEQ,34,96777,803,32152,Current,Mobile,NE,Federal
BANAE2A,52,55402,692,35966,Current,IVR,NE,Federal
7CY2ZQB,60,73398,728,23040,90+,Agent,S,Private
JPABSM2,18,42155,689,17708,90+,IVR,S,Federal
MWOLJAL,51,59529,662,41958,30-59,Mobile,W,Private
IU01LC5,23,48607,836,25435,Current,IVR,MW,Federal
C0OKRCW,29,41661,697,22317,30-59,Mobile,MW,Private
CKN6DYL,64,79496,678,23422,1-29,IVR,W,Consolidation
82DDL7F,49,83946,742,26018,Current,Agent,MW,Federal
67M7NO5,67,106861,613,42706,Current,Web,S,Federal
COBTEGU,26,32032,728,48689,30-59,Mobile,NE,Consolidation
87VEUED,72,75532,678,1434,90+,IVR,NE,Consolidation
C2F8J7J,49,85525,732,6533,Current,Agent,W,Consolidation
3AJFAX1,62,80380,714,33866,1-29,Web,W,Federal
4RP6PLY,35,70016,557,20030,60-89,Web,NE,Private
L5NKDI2,45,39349,604,25136,90+,IVR,MW,Consolidation
20Z0E67,18,50196,678,58430,Current,Agent,NE,Consolidation
6YA8S2D,20,54196,723,31754,30-59,Mobile,MW,Federal
ZDP5GFI,23,21318,573,14289,90+,Web,NE,Federal
P7S2XUV,66,63838,685,1905,60-89,Mobile,W,Federal
ZAREIYA,25,86135,663,55261,1-29,Web,W,Federal
D0DL7U1,23,51561,676,47238,30-59,Mobile,W,Federal
TXMGTT0,41,27417,661,43296,Current,Agent,MW,Private
6442SIH,45,16397,654,26815,90+,Agent,MW,Private
12XQFJO,71,62441,654,40230,60-89,Agent,MW,Consolidation
L8LGH8R,44,60221,719,26006,90+,Web,NE,Consolidation
VNIUA0I,33,60007,636,47727,90+,Web,S,Consolidation
N9H32IS,58,47599,692,29671,60-89,IVR,S,Federal
I9RTJ6U,25,69278,635,41321,60-89,Web,NE,Federal
JACFV6M,65,38128,672,16948,60-89,Mobile,W,Consolidation
Q1M3A2V,69,49198,741,80643,60-89,Agent,W,Private
CF5YYE5,22,103243,733,34779,Current,IVR,W,Consolidation
4TPA50B,19,33430,659,21600,30-59,Agent,S,Federal
1R35G21,64,66626,702,42377,30-59,Agent,W,Federal
22ERM5T,50,29922,730,62107,30-59,Agent,W,Consolidation
2KEIVLI,35,53319,696,45607,1-29,Mobile,NE,Consolidation
Q0OXFQ8,52,72344,657,20565,90+,Agent,W,Federal
VK3X8MB,41,45388,627,13020,Current,Agent,NE,Federal
Z7W2SEH,39,12000,650,26905,90+,Web,MW,Consolidation
R41G20D,47,76028,652,27468,30-59,Web,NE,Federal
BEHHW9B,62,65412,744,26776,60-89,Agent,W,Consolidation
3VTL1DR,56,56137,721,22866,30-59,Mobile,NE,Consolidation
XTHV3A3,59,27350,703,20988,Current,IVR,MW,Private
NZTAHY8,74,68860,690,38967,1-29,IVR,MW,Private
RZUF21Z,30,52926,554,22430,90+,Mobile,W,Private
M3MHPDP,73,78107,724,39186,60-89,Mobile,W,Federal
FPT00E2,56,26906,697,66565,60-89,Web,S,Private
5BA75UU,61,34694,689,11484,90+,Agent,S,Federal
ZFY96P5,68,72372,594,43770,30-59,Mobile,W,Federal
T4H8QFD,74,39429,686,18041,Current,Agent,S,Private
R4WG7S7,74,46699,685,13918,1-29,IVR,W,Federal
0BURI0P,32,46390,674,7351,90+,Agent,NE,Private
0BCQKJU,71,74294,674,62280,Current,Mobile,MW,Federal
G11SXXR,71,58643,652,5523,30-59,Agent,MW,Consolidation
SQNCUYK,51,100912,693,31061,1-29,Mobile,W,Consolidation
83PLE45,24,56107,654,36629,Current,Web,S,Private
D6RU0I7,74,59648,608,20613,30-59,Mobile,MW,Private
RV3B2AY,27,39524,694,75593,60-89,IVR,W,Federal
XMRNFIE,34,40710,735,0,1-29,Web,MW,Private
ZW4I364,19,95658,626,11895,Current,Web,MW,Consolidation
RNK6ZHH,24,61195,707,26359,30-59,IVR,NE,Consolidation
BK2L0D1,68,92061,671,28974,Current,IVR,S,Consolidation
6CLGRR4,36,71076,605,15705,30-59,Web,S,Federal
HF2YKGI,49,43068,641,51149,60-89,Mobile,W,Consolidation
OP82J3T,43,38466,666,31314,60-89,IVR,MW,Private
E11LGPK,42,37812,621,30912,60-89,Web,S,Private
L7W05Y2,55,45476,606,39289,30-59,Mobile,S,Federal
OUJD022,43,45992,709,65578,60-89,Mobile,S,Federal
FKWPHWQ,35,44924,604,20068,30-59,Agent,MW,Consolidation
LK3YJZ9,53,76990,655,42861,1-29,Mobile,W,Consolidation
IZEBG9K,34,32076,753,0,90+,IVR,S,Private
B3DM4AC,45,79111,659,15235,1-29,IVR,W,Private
52PDI47,23,33773,712,48640,60-89,Web,W,Federal
3F4CG41,71,40393,636,16737,30-59,Mobile,W,Consolidation
T4084W5,39,20177,721,40374,90+,Agent,W,Federal
UMW6ASG,57,82053,668,32000,90+,Mobile,W,Private
HVNKVON,24,60149,746,30106,60-89,Web,W,Private
J3ZFAYG,19,66687,618,46248,60-89,IVR,S,Federal
4X1I548,25,72962,580,36392,30-59,Agent,W,Consolidation
Q9DWCJT,37,31748,799,11818,Current,Web,S,Consolidation
7ZC7BKS,38,51269,641,0,90+,Web,S,Private
7XF30VX,28,38921,712,29829,30-59,Mobile,W,Federal
FZQ1W09,54,55242,558,3373,30-59,IVR,W,Consolidation
8VRW9MY,46,33931,635,33581,60-89,Web,S,Consolidation
JUBKNU1,59,26556,611,49199,60-89,IVR,S,Private
VZYYBDA,69,74936,780,37904,1-29,Mobile,NE,Private
Q8HKE22,24,63862,601,54250,60-89,Mobile,S,Consolidation
DFLPSGY,47,38404,671,0,90+,IVR,NE,Consolidation
X99DBK4,60,88489,679,39057,Current,Agent,W,Federal
OPPB7V5,30,52885,725,10719,Current,IVR,NE,Federal
KXZ8LC0,65,57688,692,51699,Current,Web,MW,Private
BE3YQY5,18,88014,704,20017,90+,Agent,MW,Federal
DDZV7TX,35,44080,714,39341,Current,Mobile,S,Private
0PGNH14,30,93427,666,40535,Current,IVR,MW,Federal
TIR0P8F,61,48354,735,38732,1-29,Mobile,S,Private
48M46H4,24,40942,659,21749,60-89,Mobile,MW,Federal
6VGTVYF,67,59638,590,46339,30-59,Agent,S,Private
KCSDU3P,74,12000,756,55193,1-29,Web,NE,Private
IIB1B87,22,70342,626,41835,90+,Mobile,NE,Consolidation
WE2C7MV,30,12000,593,5601,90+,Web,S,Private
4CL4OTG,50,23388,783,24191,1-29,IVR,S,Private
RB2D5LO,72,82207,649,47782,30-59,IVR,S,Federal
JG78IA6,46,46421,639,40989,90+,Mobile,W,Private
SRA6WB4,74,12000,570,27296,60-89,IVR,MW,Federal
63V1VQY,38,47772,695,25254,Current,Agent,S,Federal
2TD8Y6C,18,30818,708,21878,1-29,Mobile,NE,Consolidation
U2M6NWM,54,49308,732,17623,Current,IVR,W,Private
BZJW835,30,43737,721,0,Current,Mobile,S,Consolidation
P6W30Y2,22,30894,739,28343,90+,IVR,W,Private
VXXYN9T,58,67439,749,57344,60-89,Mobile,NE,Federal
5OST10Z,18,67429,634,11381,90+,IVR,W,Private
NUP782M,64,52225,641,56912,60-89,Mobile,W,Consolidation
FF3K8HP,44,71967,624,0,Current,Web,W,Federal
QTWCEEC,63,25109,693,16904,30-59,Agent,MW,Private
P7BD4W1,74,68622,791,24993,30-59,Mobile,NE,Private
Y14DSF2,75,59478,584,18721,60-89,Mobile,MW,Consolidation
DE0L1OF,24,12000,612,3837,60-89,Web,S,Private
CYD52AL,48,36121,546,8038,30-59,Web,NE,Federal
HC1RHLO,32,49539,765,33610,90+,Agent,MW,Federal
WCFU9NL,39,74893,645,3779,60-89,Agent,S,Consolidation
B5GRO9X,62,61722,650,5209,60-89,Web,W,Federal
KE3HRBH,40,67454,598,40601,60-89,Agent,W,Private
DDJDENT,60,34426,745,26049,1-29,IVR,NE,Private
MUCOA9L,57,43795,752,10115,1-29,Agent,S,Federal
L7W8COF,57,80225,623,34719,90+,IVR,NE,Consolidation
36MV3T0,49,107593,621,44297,Current,Mobile,NE,Federal
GX409WN,25,27813,590,41540,60-89,Agent,NE,Consolidation
235HCK1,74,60478,622,25017,60-89,Web,S,Consolidation
LN8NPA2,48,85207,645,19585,90+,Agent,W,Federal
D7186PM,48,50271,657,22666,90+,Mobile,MW,Private
TAGAWPO,46,79770,726,9300,Current,Mobile,MW,Federal
IBTRVXO,28,17325,671,8361,90+,Mobile,MW,Consolidation
JAIPXEM,73,57884,738,47319,1-29,Web,NE,Private
EAU4HZE,25,71330,579,80394,30-59,Mobile,NE,Consolidation
9GNCTIJ,45,14259,711,20300,1-29,IVR,MW,Consolidation
3F0MEE0,42,21675,637,30179,Current,Agent,W,Federal
3U48T5E,36,56785,687,19746,30-59,IVR,MW,Federal
RKLSPPC,21,22024,732,35491,90+,Mobile,S,Private
8D9M0IB,75,41184,703,7557,30-59,Web,MW,Consolidation
BIRY8XN,68,72498,750,51197,1-29,Mobile,W,Consolidation
ZUONEW4,23,58251,678,49751,30-59,Mobile,MW,Private
N61FKBC,69,39900,683,46640,60-89,IVR,MW,Private
LBPREC5,42,34299,700,33484,Current,Mobile,W,Federal
VOLTRJK,29,92462,673,39879,Current,Mobile,S,Private
QWJ35YH,38,66088,572,9951,60-89,Agent,NE,Consolidation
ZKOM2ZK,54,35764,570,29667,90+,Web,S,Consolidation
3V7Q82E,39,29216,732,44218,1-29,IVR,MW,Consolidation
OM8LHPW,30,26650,615,12800,30-59,IVR,W,Consolidation
P7NF5SJ,34,85130,688,28967,1-29,Agent,MW,Consolidation
N23648N,41,30281,745,13301,Current,Agent,W,Consolidation
YLTX182,35,54227,665,18570,Current,Web,W,Consolidation
316TS15,47,63231,721,45681,30-59,Web,NE,Private
74V6AOU,57,41910,697,12985,90+,Web,NE,Federal
E2WBIIO,66,41393,627,39500,1-29,Web,NE,Federal
MOFMMWI,48,60545,619,45609,60-89,Mobile,NE,Consolidation
7009WVN,26,61426,641,15670,60-89,Mobile,NE,Consolidation
D1JIUOI,52,78263,850,19185,Current,Agent,NE,Federal
E3ZCXU1,75,90986,673,0,Current,Web,S,Federal
7I394W1,65,72202,658,48753,30-59,Mobile,S,Consolidation
NB0R84U,61,105991,640,19082,Current,Mobile,S,Federal
HY61YDZ,19,67810,697,54123,90+,IVR,W,Federal
56VU6Z5,50,80620,645,17554,Current,Agent,W,Federal
547T3K9,71,51426,738,47983,60-89,Web,W,Private
XIRJ6D6,56,27979,691,21135,1-29,Mobile,MW,Consolidation
827JTRG,66,85985,723,37354,90+,Web,W,Federal
D2EEV7I,30,68256,625,14011,30-59,IVR,NE,Consolidation
D1AYAQR,49,45279,568,40588,60-89,Mobile,W,Private
PXCAAL8,27,68622,599,34689,60-89,Mobile,S,Private
8OIVV4L,38,38940,692,25235,90+,Web,W,Consolidation
DSC4E5H,54,48363,680,10022,90+,IVR,W,Private
0YAPIG8,40,45716,672,28963,30-59,Agent,NE,Federal
KOU0HYO,70,38186,639,0,Current,Web,NE,Consolidation
4LR9TJQ,45,83293,700,3730,Current,Web,S,Private
WTY257W,24,77499,697,44865,90+,IVR,S,Federal
743VC2W,43,30749,708,39734,60-89,Mobile,W,Private
GMYSRNY,64,71780,756,32990,60-89,Agent,MW,Federal
OCJZ5QD,52,55128,635,42836,1-29,Web,MW,Private
3Y0XAOB,56,40828,673,10362,90+,Mobile,MW,Federal
7FKC781,70,74576,644,54785,60-89,Mobile,MW,Private
FMW4VCH,53,28077,689,30579,Current,Agent,S,Federal
XJSSAE1,30,43914,681,51252,1-29,Mobile,S,Federal
O7WR1F5,72,46970,651,48606,Current,Web,W,Federal
YR24QHT,49,73806,674,27539,60-89,Agent,W,Federal
VF9BPMN,60,69703,754,54697,60-89,Agent,NE,Private
5L77IBR,38,76484,687,24298,60-89,Mobile,W,Consolidation
VPG4GMA,19,65201,660,27432,60-89,Mobile,MW,Federal
5R17PBC,24,63942,671,33725,90+,Agent,W,Private
P70RUCP,37,36017,681,32614,90+,IVR,S,Private
VGXO234,53,62150,626,40636,Current,Agent,S,Consolidation
HDGDLTG,25,79569,658,31869,1-29,Agent,W,Private
CQEFRSA,66,35811,641,24579,60-89,Web,S,Consolidation
G3IBG3H,61,76419,660,7083,60-89,Web,W,Federal
OUEZ7RY,20,48593,626,46476,30-59,Web,MW,Private
U4BHZG8,28,73188,741,47620,90+,Mobile,MW,Federal
050UI22,49,45030,639,20049,90+,Web,MW,Private
WW4HUDS,19,47261,653,61291,90+,Agent,W,Private
ZENK5Z3,66,42634,709,43207,90+,Agent,MW,Consolidation
L8804FI,61,115855,660,22945,Current,Mobile,S,Consolidation
LMFLUOA,33,16077,654,38477,1-29,Agent,NE,Private
DPUBKPI,43,58919,674,33969,90+,Agent,NE,Consolidation
0HKKWJS,73,67654,772,23585,60-89,Web,NE,Consolidation
BJPCLMS,35,38653,577,55900,90+,IVR,NE,Private
4F6T8RB,63,33985,654,29863,60-89,Web,S,Federal
YABZM36,43,49667,474,40607,30-59,Mobile,MW,Private
QZFHOMT,40,14997,690,12183,90+,IVR,S,Federal
25SQ8CR,62,51800,576,31425,60-89,Agent,W,Private
9WSZV83,48,42428,727,31102,60-89,Agent,S,Consolidation
2C4YX18,43,74096,710,29357,60-89,IVR,NE,Private
4TVWA31,22,28979,771,14858,90+,Agent,S,Federal
0BB6PYM,65,48632,640,41879,60-89,IVR,NE,Consolidation
RAL0L8L,58,76262,715,11422,30-59,IVR,NE,Consolidation
K69CDOT,68,22546,580,26704,30-59,Web,NE,Private
3DN1GZC,20,46314,587,31627,90+,Mobile,W,Consolidation
FHV1XG1,41,27902,658,9987,60-89,Agent,MW,Federal
4SRNKRB,26,82082,664,30797,60-89,Agent,MW,Private
L1376QW,70,54679,754,50624,1-29,Web,S,Consolidation
D5S0Q7O,49,73527,658,28798,90+,IVR,NE,Private
YIIY2S5,29,62654,536,48799,60-89,Mobile,W,Private
LZWGE86,30,12000,724,46408,90+,Agent,MW,Consolidation
0Y8X4YF,61,62967,643,39375,Current,Mobile,NE,Private
8HH41QK,75,87334,759,42517,90+,IVR,MW,Consolidation
SZKBNSH,49,78292,644,62288,Current,IVR,MW,Private
DRRA5YU,70,49642,585,30701,30-59,Agent,S,Federal
XYMSCNX,40,86017,684,1574,90+,Mobile,W,Private
JLYS7JD,37,29357,670,18736,1-29,Web,NE,Consolidation
GKAR9OW,30,66886,576,13169,30-59,Agent,W,Federal
0NWNTJ5,75,28700,687,51827,90+,Web,NE,Federal
W2KDOFF,38,71163,607,2985,30-59,Web,S,Federal
02G3YU6,37,70443,713,12224,30-59,Mobile,MW,Federal
8MEESMC,48,12000,771,13428,1-29,Mobile,W,Consolidation
LLD2PZ2,48,94771,677,44097,Current,Mobile,MW,Consolidation
JQBEXGF,53,74354,633,9813,1-29,Web,S,Private
G3FYE4H,61,69274,744,35551,30-59,IVR,MW,Consolidation
3LDJD1X,21,31602,709,0,90+,Web,S,Consolidation
B9OI0D4,25,40973,656,52070,30-59,Mobile,MW,Consolidation
HZTGBIB,38,51016,707,51210,Current,Web,MW,Private
ESU2HTT,29,97827,755,24876,Current,Web,NE,Federal
TRKY8RY,45,54362,656,21725,90+,Web,NE,Consolidation
ZKZN0LY,70,47859,811,38835,Current,Mobile,S,Consolidation
47Y7M8M,60,42167,689,27987,90+,IVR,NE,Private
J5UZRT9,18,17522,690,4920,1-29,Agent,W,Federal
2QW44XR,49,63608,640,34424,60-89,Mobile,S,Federal
71HLL9R,36,27794,735,6679,60-89,Mobile,MW,Consolidation
478MFS0,52,62815,661,48981,60-89,Web,MW,Consolidation
4XN1FVQ,42,74308,694,52575,30-59,Mobile,NE,Private
K9875TR,54,18542,691,21527,30-59,Mobile,W,Federal
XTS6Y3C,63,30591,680,20828,60-89,Mobile,W,Consolidation
IUD99XR,57,44475,674,9831,90+,IVR,NE,Federal
M4VA7S4,31,41175,683,32899,90+,Agent,NE,Consolidation
ZNSGWOC,39,72502,630,17802,1-29,IVR,S,Consolidation
YRJFVOH,50,34245,647,0,90+,IVR,NE,Private
CV3TLCX,51,53250,653,48171,60-89,IVR,NE,Private
4P0E4Y5,30,56318,681,9333,90+,Web,S,Private
NZJEE1B,54,59264,632,0,1-29,Agent,MW,Consolidation
HGH5XW6,49,17981,670,21013,1-29,Mobile,W,Consolidation
W22Z0SD,64,60968,688,41374,Current,IVR,NE,Federal
4XXGX57,53,50054,633,53025,90+,Web,W,Private
M3HKYZ1,66,64725,641,24003,1-29,Web,W,Federal
CAO8W81,35,47057,670,0,1-29,Agent,S,Federal
BQOUQ6T,46,64647,555,5781,90+,Agent,W,Federal
P4HI8MC,56,79525,791,47629,1-29,Agent,S,Private
K3K6ZXS,25,64129,757,56700,1-29,IVR,MW,Federal
508DHJG,63,43553,779,31771,90+,Web,MW,Federal
W1SWJCK,61,55597,734,13824,60-89,IVR,S,Consolidation
E0L4OL5,43,12000,688,49794,Current,Mobile,W,Consolidation
XC45BNC,75,26521,679,17555,Current,IVR,W,Consolidation
1D613LY,43,36916,629,0,90+,Mobile,W,Consolidation
7YVL5BT,38,40141,686,16333,Current,Mobile,NE,Federal
EF0VOTQ,54,12000,701,44152,60-89,Web,S,Consolidation
Q8O9S4Z,59,94620,627,17104,Current,Mobile,W,Consolidation
SEFMM3J,23,69582,658,5814,1-29,IVR,NE,Private
9OGPS01,36,30073,602,0,60-89,Mobile,MW,Private
A8HTS1P,37,81432,659,39592,60-89,Agent,W,Consolidation
A3LJQL0,34,59951,697,23717,1-29,Agent,MW,Private
JR6EET0,40,41608,752,46284,90+,Agent,NE,Consolidation
A1T6SIF,19,27346,709,2427,90+,Mobile,W,Consolidation
9QGD9EH,72,52540,655,0,90+,Mobile,MW,Consolidation
LMA4AC1,68,72781,645,40653,1-29,Mobile,NE,Federal
2GPM4GH,32,56361,767,8546,Current,Mobile,S,Consolidation
NPUEVJL,29,69353,598,28104,30-59,IVR,W,Federal
EZH0CD8,63,12000,735,14386,1-29,Web,W,Private
KD7GI80,30,95704,732,48355,Current,Web,S,Consolidation
YCZ04CD,25,29031,691,11547,60-89,IVR,W,Federal
51FLMNA,27,74892,714,21079,30-59,Web,S,Federal
K9BCOEM,34,66762,663,37890,Current,IVR,S,Federal
LUMCMH7,58,56797,625,28222,1-29,Mobile,NE,Consolidation
2NGXCYN,50,21360,615,5221,30-59,IVR,MW,Federal
IIGUP30,59,41928,712,0,60-89,Web,MW,Federal
41AFT2C,74,45090,610,45664,30-59,Agent,S,Federal
D6ZLSNV,64,71800,754,15632,Current,Web,S,Private
TIUJ5IR,54,36908,584,15766,30-59,Agent,W,Consolidation
6SAPBS2,25,35937,619,30303,30-59,Agent,MW,Consolidation
ABHB7ZH,66,62474,824,46790,30-59,Agent,W,Federal
WI64CIY,34,35104,850,22433,90+,Mobile,MW,Federal
Z6RNK3V,70,41299,725,9039,1-29,Mobile,MW,Private
XG97SJD,28,64224,702,26196,Current,Web,W,Consolidation
VJQZPLJ,49,43815,735,8493,90+,Mobile,S,Private
G7S1RDO,34,53914,667,27681,90+,IVR,W,Federal
XPBWHVN,26,20144,719,29595,30-59,Web,S,Federal
9VQIET4,75,37438,735,29572,1-29,Agent,W,Consolidation
M9YJ42D,61,70634,544,40665,30-59,Mobile,NE,Consolidation
NQ7JBX9,39,49764,679,13531,1-29,IVR,MW,Consolidation
78Y6UEA,50,60500,695,51599,60-89,IVR,NE,Consolidation
0DL5E11,54,77715,748,8072,90+,Mobile,NE,Federal
F309HSU,24,72650,625,28972,Current,Web,MW,Federal
F3KEYYN,41,36832,588,66864,60-89,IVR,MW,Consolidation
XSY4VY3,68,44907,663,25548,1-29,IVR,NE,Consolidation
LL5V2H3,56,41253,600,36027,60-89,IVR,S,Consolidation
D7X1JMH,42,64836,729,26709,90+,Agent,S,Federal
2NATD4G,38,72701,713,49612,60-89,Mobile,W,Consolidation
MABSI9N,37,42507,817,3028,Current,Mobile,W,Consolidation
J0IJLMA,39,61327,720,43760,1-29,Web,S,Federal
FEGCXY1,75,92432,758,61827,Current,Mobile,NE,Private
HB1NO6C,61,42394,645,51418,Current,IVR,NE,Private
LBOS46A,52,54763,633,37691,Current,Mobile,MW,Federal
KHVYQDK,27,40205,718,44884,1-29,Agent,NE,Federal
NZRF5A7,69,21162,751,2431,Current,IVR,MW,Consolidation
CN47DVC,48,62255,717,13389,60-89,Agent,MW,Federal
99BV2J3,31,51143,607,46967,60-89,Agent,S,Federal
UBEZSD1,47,30472,698,12739,Current,IVR,S,Federal
E2DNHYO,62,49353,737,2144,90+,Mobile,S,Federal
CQSUGAB,29,59465,640,19976,60-89,IVR,NE,Private
NAEO014,19,70804,738,18123,Current,Mobile,W,Consolidation
LF6HPKY,34,29947,635,21200,90+,Agent,S,Consolidation
4GDQOZF,25,56295,605,35517,30-59,IVR,MW,Federal
8T4JKR3,45,12000,748,34198,Current,IVR,S,Federal
WPJ8YI3,50,52567,740,62075,60-89,Web,W,Private
COWDXCJ,69,31903,683,22086,90+,Web,W,Consolidation
FJHOU40,55,37372,704,3316,60-89,Mobile,MW,Consolidation
KIOAYPY,30,73615,636,0,60-89,IVR,W,Federal
EA3VO06,56,97061,692,0,Current,IVR,NE,Private
KATCRGE,62,114127,606,28311,Current,Agent,NE,Consolidation
E05QMKT,35,74443,571,19999,30-59,IVR,MW,Consolidation
1NGETL5,28,63332,706,47953,30-59,IVR,S,Consolidation
J3SPSQE,35,64641,684,53901,90+,Agent,MW,Private
4TA5IVR,25,78064,613,27451,30-59,Mobile,W,Consolidation
69X8PLW,51,31291,668,72854,60-89,Mobile,MW,Private
4SSB1PB,73,18459,744,46896,60-89,Agent,NE,Private
T6267CG,38,66639,676,43505,Current,Web,W,Federal
JCY4V8U,19,56437,777,9461,30-59,Web,NE,Federal
WW9LZHV,36,60325,552,48168,30-59,IVR,S,Private
R99UPSR,51,63809,695,34383,30-59,Web,NE,Federal
HYA0EIV,55,66745,615,122,30-59,Mobile,S,Consolidation
80SIEJ5,73,59377,692,6701,Current,Agent,NE,Consolidation
QJIUJV6,21,81605,685,58061,30-59,Web,NE,Consolidation
RR5SR5E,18,71539,594,34598,60-89,Web,MW,Federal
MQDMJ9I,42,66168,808,36351,30-59,Mobile,S,Private
W57IAHS,19,62184,639,22700,30-59,Mobile,NE,Federal
NZSO5MG,43,43905,691,23908,Current,IVR,MW,Consolidation
AJVF9I6,49,80836,654,27335,Current,IVR,S,Federal
YAP9EIB,18,61451,675,19185,60-89,IVR,NE,Federal
KQ5P52D,72,63011,656,47458,60-89,Mobile,S,Federal
RBN62NK,51,56926,642,3669,30-59,Mobile,W,Consolidation
MJBLINE,63,21550,752,15395,60-89,Agent,NE,Consolidation
JWU7336,49,14668,630,0,90+,Mobile,NE,Federal
7O0Y7LP,43,38852,670,56704,30-59,Web,NE,Federal
XA0H6IP,26,115960,615,12431,Current,IVR,MW,Consolidation
KFESVJL,35,30166,774,32124,60-89,Web,W,Federal
JZR25MD,19,82746,670,18708,90+,IVR,NE,Consolidation
STP8NKA,50,82404,624,0,90+,Agent,NE,Private
DDY0NXR,26,72023,760,29272,60-89,Mobile,MW,Federal
K20GVF7,53,35594,813,27402,90+,Web,W,Private
NBIA9RU,31,54879,753,8786,1-29,Mobile,MW,Federal
0236QK3,71,62660,694,50294,60-89,IVR,W,Private
7GNJZ2H,31,63947,636,27856,90+,IVR,MW,Consolidation
ZYEKV2D,58,37224,640,40996,60-89,Agent,NE,Consolidation
IFSM463,21,51355,736,40983,1-29,Mobile,NE,Private
ZHCMZ2R,19,36870,609,14337,60-89,IVR,W,Private
0RTCVYE,61,39194,630,25630,60-89,IVR,W,Private
RN8LPY8,54,42889,589,37617,60-89,Web,W,Private
ZDO74V1,29,66104,655,14058,90+,Mobile,MW,Consolidation
JM8R7A4,48,19409,703,46619,60-89,IVR,MW,Private
BJXJ2YX,31,82361,789,22098,30-59,Agent,MW,Federal
ANNS5QM,32,56003,775,7113,60-89,Mobile,S,Private
EU4KB57,51,37939,621,16211,30-59,Agent,MW,Private
XYW7DQT,38,42697,784,28128,1-29,Web,NE,Federal
3QWBMNE,27,19120,647,0,Current,Mobile,S,Consolidation
3YM765W,53,58388,754,30036,60-89,Web,S,Consolidation
TGSIVHX,75,25833,801,50751,Current,Mobile,S,Federal
UEY09AH,56,43919,573,37805,30-59,Agent,MW,Consolidation
F5HWDA7,71,106433,781,14283,Current,Mobile,S,Private
3DD03UV,29,32865,580,12364,90+,Agent,NE,Consolidation
84BNCAD,72,27024,668,22743,Current,IVR,S,Consolidation
KNI6KKQ,38,40013,650,56841,30-59,Mobile,S,Federal
V7H4VCK,49,79801,647,29060,60-89,IVR,NE,Consolidation
SLWF90K,19,67288,616,42492,30-59,Mobile,S,Federal
DQG6X4Z,70,97589,582,19810,Current,Mobile,W,Federal
TRZR8DO,27,51126,756,12791,30-59,Agent,MW,Federal
9FIQ0FC,63,23504,745,24146,60-89,Agent,W,Consolidation
SOL5TIH,43,84427,640,24581,60-89,Web,MW,Federal
K9KKVP2,61,81379,850,27044,Current,Web,NE,Private
ZGEUJTE,49,114388,648,46918,Current,Agent,W,Federal
BFJ06DS,28,78395,658,47103,60-89,Mobile,W,Federal
AKEA3MC,22,50929,635,16184,Current,Web,NE,Private
RQ53UTI,52,51954,646,74598,30-59,IVR,MW,Consolidation
SDA9W4K,28,35155,651,63506,Current,IVR,W,Federal
NQK612J,40,51816,689,26239,1-29,Agent,S,Federal
9PBRTG6,49,36337,655,46068,1-29,Mobile,NE,Consolidation
6D9BG74,75,15442,632,15904,30-59,Agent,NE,Federal
70Z8SED,71,37089,679,57915,90+,IVR,NE,Federal
7HMD66D,22,42549,612,0,30-59,IVR,NE,Consolidation
819ETPG,69,32667,702,7200,60-89,Web,MW,Private
VSYJAFC,41,61697,606,39013,30-59,Mobile,NE,Private
UGHT7EH,46,60281,668,31686,30-59,Web,S,Consolidation
MERNTP3,49,65361,707,64653,60-89,Mobile,NE,Federal
U8KXHRT,32,35245,700,10091,1-29,Mobile,MW,Private
DJ56UTD,64,55679,650,26202,30-59,IVR,MW,Private
271I1DT,25,38197,716,36342,30-59,IVR,MW,Private
DPSY9MZ,48,48235,749,37331,1-29,Web,MW,Federal
H9FE36E,39,37443,652,70659,90+,Mobile,S,Federal
24N3JHY,33,26528,648,25032,60-89,Mobile,W,Private
MF9PML9,68,69454,647,58362,30-59,IVR,NE,Consolidation
VG5VMF6,43,90030,734,43508,Current,Mobile,MW,Federal
PXU7B6N,32,12486,671,79789,90+,Agent,S,Private
NJNIL0P,56,77583,685,29650,60-89,Agent,W,Consolidation
6STPB74,46,67741,606,45001,30-59,Mobile,MW,Private
F4CC28F,52,50765,769,44376,60-89,Web,S,Private
SABBKAZ,67,19504,705,37016,30-59,Agent,S,Consolidation
BZVYYO6,42,53345,676,71862,60-89,Agent,NE,Consolidation
4C3IYX9,59,24136,809,46738,1-29,IVR,S,Federal
A2TYZNM,56,18919,562,12249,90+,Web,MW,Consolidation
CVJXZDV,20,44422,725,34959,60-89,Agent,MW,Private
HSM8RT4,32,57066,693,46833,30-59,Web,MW,Private
NF74T60,43,63790,613,43751,30-59,Agent,MW,Federal
ZDTC5PA,25,91235,654,34215,Current,Mobile,W,Consolidation
I85H6YY,70,87123,619,0,30-59,Mobile,W,Private
G5UDLHW,72,42469,677,36028,30-59,Agent,NE,Consolidation
286HKFD,51,34948,595,38042,30-59,Web,W,Consolidation
J7O6RHD,73,69952,714,3832,Current,Mobile,S,Private
N9UU2Y4,35,27799,617,4545,60-89,IVR,MW,Federal
0T1C6AO,33,64882,714,23500,60-89,Mobile,W,Private
5I4K8IN,57,63742,666,27671,90+,IVR,S,Private
7QQYZQI,64,47082,611,34793,30-59,Web,NE,Consolidation
PLOZJCN,44,86026,619,0,90+,Web,MW,Private
HB62HLN,52,64095,678,29505,Current,Mobile,W,Federal
CKXOL6H,28,87724,710,76029,Current,Mobile,MW,Private
VSB58ZB,28,74289,680,8550,1-29,Agent,NE,Federal
ZZ5T6V8,69,48189,677,6115,30-59,Mobile,NE,Private
CL3AH4E,55,90555,589,39832,Current,Mobile,NE,Private
0LZJJEG,50,95468,624,66206,Current,Web,MW,Consolidation
85I87XW,59,48555,645,15390,30-59,IVR,S,Private
FMICX9U,30,20495,759,5950,1-29,Agent,MW,Consolidation
UUHUKBR,31,34108,650,0,Current,Mobile,S,Consolidation
QYEFFXJ,44,56447,521,35769,30-59,Mobile,W,Private
UHIWZWT,55,51455,697,35424,60-89,IVR,S,Consolidation
MBBSU04,22,50805,767,41388,Current,Agent,MW,Federal
DIMBM27,55,79811,793,36310,30-59,Agent,NE,Consolidation
QF8WXKK,39,65149,629,47629,1-29,IVR,MW,Consolidation
J60V4N5,46,24916,727,59634,30-59,Mobile,NE,Consolidation
4YHBM2H,24,65776,662,44332,90+,Agent,S,Federal
3RB1W0X,48,88212,645,15646,90+,Mobile,MW,Consolidation
9XCXBT6,53,85720,712,54612,1-29,Mobile,NE,Private
F0ZADF5,31,72644,784,47379,Current,Web,MW,Private
5UYZNI6,18,36696,692,0,60-89,Mobile,S,Private
H19L8OE,21,63094,689,11048,90+,Mobile,MW,Private
CGIG0ZR,62,78676,623,14107,Current,Agent,S,Private
LAYM0WB,30,12000,745,31526,Current,IVR,NE,Private
LLMJU1B,19,70769,733,30523,Current,Mobile,S,Consolidation
9PK5RJJ,58,83766,693,7503,1-29,Web,NE,Private
0P9IWAS,41,80971,732,41783,1-29,IVR,W,Federal
7CMD2G5,42,12000,710,49410,90+,Mobile,S,Federal
FPCBZTF,37,57038,592,0,30-59,Web,S,Consolidation
JQR0U09,34,60046,712,0,30-59,IVR,S,Federal
FBFL1HB,23,51868,607,49061,30-59,IVR,MW,Consolidation
A0L4AO4,38,70042,571,0,30-59,Web,W,Consolidation
MHXSG5U,53,49182,806,52304,Current,Mobile,NE,Private
8N197MM,56,82108,747,0,60-89,IVR,NE,Private
XCP8NA1,43,12000,739,21771,60-89,Web,MW,Federal
OBX9XK2,53,49890,741,39106,90+,Mobile,MW,Consolidation
IK3TDW7,55,12000,561,58812,60-89,Agent,W,Private
5HRUP0M,61,56612,726,29902,30-59,Agent,MW,Federal
TBRM57P,49,59027,740,14941,90+,Web,MW,Consolidation
WMDBKN7,72,59033,591,0,60-89,Mobile,MW,Consolidation
WOBPKAH,37,70314,684,57246,Current,Mobile,NE,Consolidation
4MJZE72,51,74096,763,43721,60-89,Mobile,NE,Private
UTFEFZ8,27,74494,604,7578,60-89,Web,NE,Consolidation
WJURRK7,60,62082,713,12701,Current,Mobile,MW,Federal
RRDN208,70,50119,651,29488,60-89,Mobile,S,Private
6Z9LVOR,52,12000,613,33482,60-89,Mobile,W,Consolidation
EKKLMSZ,47,60364,691,21459,Current,Web,NE,Private
AV6XH9M,38,53640,612,18007,60-89,Web,W,Federal
5JTBKYR,75,61137,667,29795,90+,Mobile,S,Federal
2524GPZ,59,62693,576,44834,30-59,Agent,MW,Consolidation
UXS928Q,52,61216,682,24256,60-89,IVR,S,Private
DKFEEKO,65,59588,745,46186,30-59,Agent,W,Federal
E3DYYWZ,31,81663,598,38999,60-89,Agent,MW,Consolidation
D21W2KJ,61,44722,726,68899,60-89,Mobile,MW,Consolidation
GYMYMMH,61,90298,742,56213,Current,Mobile,MW,Federal
6LR0LU5,30,55512,605,8759,30-59,Mobile,MW,Consolidation
W1V49TD,66,48829,706,31017,30-59,Web,W,Consolidation
X9XZ73Q,24,88400,595,32720,30-59,Agent,MW,Private
3TD3ABE,52,20570,610,11519,30-59,IVR,S,Private
49440DC,74,98781,645,52967,Current,Web,S,Private
7A40I8S,71,12000,804,12269,90+,IVR,MW,Private
M305T1W,59,104827,692,20547,Current,Web,MW,Private
PPNL6RN,33,52735,705,26203,30-59,Agent,MW,Federal
O3FQ7AN,60,34615,720,44145,1-29,IVR,S,Federal
ZMF8MDD,57,67958,656,47735,Current,Agent,MW,Consolidation
OXZ0OIC,19,21301,672,29542,60-89,Agent,W,Federal
NYJ0UFO,65,62372,638,0,90+,Agent,W,Consolidation
SXOF33Q,65,47294,668,11480,Current,Agent,MW,Private
9TXFJNJ,26,34177,683,5093,1-29,Agent,S,Consolidation
3GAGUVB,72,52835,612,21824,30-59,Agent,W,Private
H55RBC7,23,74684,660,50767,30-59,Agent,S,Consolidation
BLA91JY,38,64110,661,35077,1-29,Mobile,W,Consolidation
QF2RKAO,63,61957,655,14965,1-29,IVR,MW,Consolidation
M97YOFC,49,23388,572,17081,60-89,Agent,S,Federal
ENVGUAS,33,53266,763,2137,60-89,IVR,MW,Consolidation
P2TIXC7,70,28792,691,11601,Current,Web,S,Federal
P3G21CQ,58,49717,644,34557,30-59,Mobile,MW,Federal
TN0PLCF,27,58175,693,30871,Current,Agent,W,Consolidation
YD6I5HO,18,28582,717,38214,90+,Web,W,Federal
6COJUQ9,52,52126,669,46585,90+,Mobile,MW,Consolidation
KJD2V1L,31,124927,664,38476,Current,Web,S,Federal
M1INUFN,62,30597,767,6655,30-59,Web,NE,Private
4WJAI9C,44,52986,771,42688,60-89,IVR,MW,Consolidation
OMO7RN7,24,41431,739,0,90+,IVR,NE,Federal
D7SVCLL,72,83173,656,38628,1-29,Mobile,NE,Federal
0F96QIF,64,74036,751,30729,1-29,Agent,NE,Federal
FCYQ8QD,42,26055,745,26576,Current,Web,MW,Private
SHYNNKB,62,76244,687,33366,90+,Agent,NE,Private
IUWMDEI,29,41051,702,30682,1-29,IVR,S,Federal
3UTG1CV,27,62449,593,44193,30-59,Web,W,Consolidation
2DY3X7V,50,56711,694,0,1-29,Agent,NE,Private
VCZ8P5A,48,54618,650,29236,90+,IVR,MW,Federal
VV1GFBC,55,22556,598,42095,60-89,Agent,NE,Consolidation
XBJ31DN,36,41306,723,36530,60-89,Mobile,MW,Federal
T5W7CLS,48,13125,603,52845,90+,Mobile,W,Federal
1SWL1RD,32,25311,707,42448,30-59,Web,MW,Federal
L3VZZXT,23,19580,638,50034,90+,Agent,NE,Federal
UQ03JWW,22,42794,654,13550,Current,IVR,NE,Private
DCMB4BL,72,33243,620,33356,Current,IVR,W,Federal
7YHRJRR,18,36715,656,32956,Current,Web,MW,Consolidation
18WK501,55,48463,674,7520,60-89,Mobile,NE,Consolidation
9X9CQJE,50,23739,831,22163,30-59,Web,MW,Consolidation
WH8XN8W,70,60737,744,39540,Current,IVR,S,Private
T53BZBB,26,64696,774,24589,90+,Agent,NE,Consolidation
BVWTT6M,21,36328,679,18738,30-59,Agent,MW,Private
EEGS19I,73,61991,708,27572,90+,Web,NE,Consolidation
GFU8IOG,36,64737,735,23333,Current,IVR,NE,Private
UO4UW59,51,84396,759,0,1-29,Mobile,S,Consolidation
BH6NQQB,71,52108,678,45621,1-29,Web,W,Private
7O7PNUD,25,51066,663,17022,1-29,Agent,MW,Private
B8PFY4Q,44,50776,677,35233,Current,Web,W,Private
JK83MVQ,24,68765,756,26912,1-29,IVR,W,Consolidation
42Q5IML,22,45543,693,0,1-29,Agent,MW,Private
6R4YL1W,30,92561,655,27952,Current,IVR,NE,Private
I4JKJ7O,33,58562,695,14700,90+,IVR,NE,Federal
LVMVG19,45,39315,701,24598,60-89,IVR,W,Federal
5N53EGD,29,55308,689,33285,1-29,Agent,MW,Consolidation
TTHBL9M,53,75539,774,34804,Current,Web,W,Federal
3Y681DD,53,64412,635,18722,Current,Web,MW,Consolidation
LMZ04X0,61,25637,649,36363,30-59,Web,S,Consolidation
F6DXQ1L,70,63428,625,27765,1-29,Mobile,MW,Federal
AOQHVD8,65,19026,713,24505,Current,Agent,NE,Private
TYK1DE7,70,61975,614,0,30-59,Web,NE,Consolidation
EV1KGVX,41,46788,706,14915,60-89,IVR,NE,Federal
RJXMZWQ,48,39660,717,12789,60-89,Mobile,MW,Private
ARQISQR,68,32728,701,50478,1-29,Agent,NE,Federal
YIED48C,59,35890,606,20109,30-59,Mobile,MW,Federal
80CSB57,21,87781,818,19730,90+,IVR,W,Private
7WYQK3T,24,24908,634,41044,90+,Agent,NE,Private
FTU2GC5,41,37046,611,54175,30-59,Agent,S,Federal
8KTRPW3,52,59258,585,54550,30-59,IVR,NE,Private
XKC5I8X,65,50118,637,0,30-59,Web,W,Consolidation
GQHIODI,74,27540,735,59085,30-59,Agent,S,Private
COLOLN3,56,63106,678,11227,Current,Mobile,MW,Consolidation
HOHS5OK,66,41984,649,55980,90+,Web,MW,Private
DYD7I0E,44,69639,793,44855,90+,IVR,NE,Consolidation
7Y8AUBP,48,33432,652,18386,Current,IVR,MW,Consolidation
N21ZQDP,24,37510,660,20345,60-89,IVR,NE,Private
87YOHQL,54,37013,708,20038,Current,Agent,NE,Private
1TSNJA5,44,43817,722,40781,30-59,Web,W,Private
CGU3I2S,40,41460,640,25873,1-29,Agent,MW,Private
0PKR1IF,28,54127,759,16709,30-59,IVR,W,Private
XODLCTT,59,20648,772,10931,Current,Agent,MW,Private
3GAEDML,45,57466,710,34346,Current,Web,S,Consolidation
R7A2P4L,59,41728,683,15176,30-59,Web,W,Private
EPGJSFO,33,15281,742,23993,Current,Agent,MW,Federal
F81J67K,72,70509,734,0,30-59,Agent,S,Federal
4R5B92H,63,12000,668,23282,60-89,Web,MW,Federal
SB02LNN,18,39439,743,0,30-59,Agent,MW,Private
N9HFEOA,28,67402,714,13963,30-59,Mobile,NE,Private
Y401GW7,60,69739,738,42652,Current,Web,W,Private
YQZDUBB,71,68454,600,19703,30-59,Agent,W,Consolidation
ONB8VZ8,44,43986,674,9629,60-89,Mobile,W,Consolidation
86ZP1WZ,75,66847,774,17248,30-59,Web,NE,Private
2IS2JC2,44,46332,650,51274,Current,Mobile,MW,Private
T939A6S,57,28444,602,47711,30-59,Mobile,W,Private
FVB66H3,51,77623,638,21598,1-29,IVR,NE,Consolidation
P7IOTHI,20,53227,587,29828,30-59,IVR,W,Private
XE06XE3,68,38939,721,24539,60-89,IVR,W,Private
GNQLREY,31,46910,718,47316,90+,Agent,W,Federal
QVJQS4C,26,45453,627,55654,60-89,IVR,MW,Federal
4XKSS0K,59,41563,744,0,Current,Agent,MW,Consolidation
8OS23SB,61,70406,735,46336,60-89,Web,W,Consolidation
JPA21E5,46,67812,669,19291,30-59,IVR,S,Consolidation
8MSWRR9,64,70218,594,32156,30-59,Web,MW,Consolidation
AYDW9F6,70,71346,595,38434,60-89,IVR,NE,Federal
HT2XZ52,75,36976,722,25967,60-89,Agent,MW,Federal
7PBTITX,31,27670,790,19801,60-89,Web,S,Federal
2VV8MQQ,54,23390,764,25151,1-29,Agent,MW,Consolidation
R7GYSIE,65,34438,615,0,30-59,Web,MW,Consolidation
FMKGZBY,64,53792,679,14465,Current,IVR,S,Federal
HML14I0,54,55464,665,29281,90+,Web,NE,Federal
ZT4PGJM,66,76534,583,7666,30-59,Agent,MW,Consolidation
8QPDNU0,44,31941,698,9718,Current,Mobile,S,Federal
7XTR3GA,45,94850,622,0,Current,Agent,W,Private
LZKBR7G,42,64075,619,26781,30-59,Web,S,Private
RCE3SEM,29,53435,682,23721,60-89,Mobile,W,Consolidation
13LM7E4,54,25677,600,15924,60-89,Mobile,NE,Federal
ICB5NTJ,19,66530,736,42748,Current,Agent,W,Private
HXIZIYZ,54,12000,680,26349,1-29,Web,MW,Federal
6B95WMG,22,25109,750,14541,60-89,Web,MW,Private
Y5A3LQB,31,61946,698,40514,30-59,Mobile,W,Federal
TE9AFPP,47,77290,733,43484,60-89,Web,S,Consolidation
4YBYPJQ,36,103941,653,41534,Current,Agent,NE,Consolidation
8F3GR94,22,40494,762,51087,30-59,Mobile,S,Federal
MIC97SZ,71,78925,683,25244,90+,Mobile,W,Consolidation
GUBEOOL,28,21232,673,36666,Current,IVR,NE,Federal
PYOA0Y3,52,49348,616,11206,60-89,Agent,W,Private
MCX655H,68,36936,762,36139,60-89,IVR,MW,Consolidation
IF25FF0,31,24374,700,39712,60-89,IVR,NE,Private
E9KDTS1,64,12532,693,7732,1-29,Mobile,W,Consolidation
U8781XT,55,49111,642,39910,60-89,Web,MW,Private
31P35ZW,61,32854,647,18364,30-59,Agent,W,Consolidation
O7QPM29,22,49325,614,5782,90+,IVR,MW,Consolidation
9JP50EO,60,21173,681,14165,Current,Web,W,Private
RPDGZ2S,46,43315,673,52734,90+,Mobile,S,Private
0VIVII8,40,45172,689,27673,1-29,Agent,NE,Federal
0E95VZ9,60,25180,645,32142,90+,IVR,W,Private
EDOBC5V,69,22925,728,24048,30-59,Web,W,Federal
NN16UXF,42,48695,660,0,30-59,Agent,NE,Federal
M0CU2TF,49,17241,703,0,60-89,IVR,NE,Consolidation
6A1AT2E,31,83254,700,28582,1-29,Agent,MW,Private
QYT39UZ,66,65901,680,46551,60-89,Mobile,S,Private
4WOZRZU,39,71138,765,14845,60-89,Agent,NE,Federal
Y8F881E,20,12000,709,0,60-89,IVR,NE,Private
YSYZ7PQ,61,46632,624,17189,90+,Web,NE,Private
1OFV14J,52,64089,611,59005,60-89,IVR,W,Private
GO2YPE4,29,21777,796,4464,60-89,IVR,MW,Private
QJVYPRP,26,80952,694,3681,1-29,IVR,S,Federal
P9QWGR4,62,33489,731,42190,90+,IVR,NE,Consolidation
KBG0IM2,73,45773,663,40290,Current,Web,MW,Federal
EL5015O,18,67450,741,28512,Current,Web,S,Private
44QUNF5,71,30742,679,44601,1-29,Agent,MW,Private
FA2U5QH,63,82189,717,37212,Current,IVR,NE,Federal
LEN606N,35,91923,737,0,Current,IVR,S,Consolidation
QB0E7CX,49,66460,679,28940,30-59,Agent,NE,Private
9JMZ5K9,60,35542,656,36344,60-89,Agent,S,Private
F8XG6KH,61,70914,794,26498,60-89,Web,MW,Consolidation
ZEKLEJV,62,65257,654,16138,30-59,IVR,W,Consolidation
P5MZ6W3,67,58892,716,34789,1-29,Mobile,NE,Federal
VR5NBHG,32,19772,668,19017,Current,Agent,S,Private
LJQKCJE,19,12000,603,39135,30-59,Agent,NE,Private
A7UY4SA,24,21039,683,17591,60-89,Agent,S,Private
2G1IPJJ,55,13798,778,33071,30-59,Web,MW,Federal
XTRAZMD,26,65682,688,53502,60-89,IVR,W,Consolidation
B2535C7,34,75084,632,21366,Current,Agent,W,Consolidation
OM7ZTRJ,54,71474,653,66987,1-29,IVR,NE,Consolidation
5D3NIOW,61,61784,733,45532,1-29,IVR,S,Federal
GPW3O4D,19,50318,539,5548,60-89,Mobile,NE,Federal
YWMJTW7,72,66968,632,12598,1-29,Agent,S,Consolidation
TU8LM7X,46,98728,684,30637,Current,IVR,NE,Private
ARPKFZQ,35,58381,591,14176,30-59,Mobile,NE,Federal
6Z6PQ1A,50,80763,607,26395,90+,Web,MW,Consolidation
CFAXR57,51,71617,702,13426,90+,IVR,MW,Federal
9UQXDDL,29,83754,666,48569,60-89,Mobile,W,Federal
GO6ZHDQ,35,62453,685,35585,60-89,Web,NE,Consolidation
DUX5WK8,24,61141,694,40532,90+,Agent,MW,Consolidation
O4M7PP0,73,77350,752,37196,60-89,Mobile,W,Consolidation
6IHRUJ9,53,46736,684,15761,30-59,IVR,MW,Federal
FIPZN0T,31,56182,669,26911,60-89,Mobile,NE,Federal
7MDWKZI,59,66273,605,73275,90+,IVR,S,Federal
RMK4AF0,70,35529,579,13764,30-59,IVR,S,Federal
948U3LQ,31,54899,784,18676,1-29,IVR,W,Federal
6RLTZDP,40,30722,593,32696,90+,Mobile,MW,Private
4EO0XJJ,44,33402,687,18930,1-29,Agent,W,Consolidation
67W5WLO,47,25940,656,27073,60-89,Web,NE,Private
S7CCZWI,27,58143,784,44494,30-59,IVR,W,Consolidation
ECXPNGW,19,32923,686,47905,Current,IVR,S,Federal
1LG8Y2W,48,35948,762,12725,30-59,IVR,MW,Federal
1ZDERI4,61,46310,754,12390,Current,Agent,W,Consolidation
QYDBPGV,73,57333,813,39767,1-29,Mobile,MW,Federal
PMXPKN3,61,38254,753,32580,30-59,Agent,S,Federal
OF92Y8L,22,56389,704,21974,60-89,Agent,NE,Consolidation
CCPRHVL,69,12000,674,14595,60-89,IVR,NE,Federal
L5AKOEF,59,50343,666,17126,60-89,Web,NE,Consolidation
HJHJ3G2,55,56443,629,34483,30-59,IVR,W,Federal
QD3CS6Z,19,14001,670,43296,1-29,Agent,W,Private
FJ31EGO,24,78665,704,26112,30-59,Mobile,S,Federal
QXMCTHP,35,53839,617,19895,30-59,Mobile,MW,Private
7L6K1CN,63,88787,749,39547,90+,Mobile,W,Federal
O3U56K7,48,65615,701,34250,1-29,Mobile,S,Private
SS13VJU,32,68040,705,48209,90+,IVR,S,Consolidation
YMS1MWN,64,70181,612,30000,30-59,IVR,NE,Private
TOHXWED,35,66964,678,27107,90+,Agent,W,Federal
WI7ZWPD,65,52795,672,25842,Current,IVR,MW,Consolidation
25WM72Q,26,40487,682,59279,1-29,Agent,MW,Federal
7I1NISK,47,77654,601,31204,90+,IVR,S,Private
FEWLEG1,29,87469,647,29944,30-59,IVR,MW,Private
5ECC7JB,74,44912,772,0,Current,Agent,NE,Consolidation
X6I62R2,29,23818,664,64282,30-59,IVR,S,Consolidation
LH4EBCD,21,34127,755,0,1-29,Web,S,Consolidation
LD6F0N3,51,41895,748,7690,60-89,Mobile,NE,Consolidation
DRQFVFA,54,71519,670,27063,90+,Agent,MW,Consolidation
D6DZBC7,69,59450,690,0,90+,Agent,NE,Federal
D0N53R4,41,50799,708,31438,30-59,Agent,NE,Federal
NUFA4AF,52,85804,666,6472,1-29,Web,S,Consolidation
RW1B4LI,61,68421,755,56612,Current,Web,W,Private
6UJLQV6,18,39655,562,17399,60-89,Web,W,Consolidation
AH3QN21,57,48763,654,45467,60-89,IVR,MW,Consolidation
1WR07I3,19,40782,592,44164,60-89,IVR,MW,Federal
D503779,60,27159,641,14179,30-59,Agent,MW,Consolidation
VOFBWKX,24,25545,718,20256,90+,Web,W,Consolidation
DP5SRK6,41,12000,664,2315,60-89,Web,S,Federal
93ACZSX,68,32042,661,43750,90+,Agent,W,Federal
YXWL961,22,33288,680,33536,1-29,Web,S,Federal
O9UVJ3B,47,67859,635,25272,60-89,IVR,S,Federal
20N8TTE,71,37987,629,24619,1-29,Mobile,MW,Consolidation
A43P2M7,36,39182,709,44809,60-89,Web,MW,Consolidation
H394LMU,60,65133,771,5420,60-89,Agent,NE,Federal
PDHY2XL,52,68176,631,61421,30-59,Web,S,Federal
HC2YIX7,68,12000,694,3350,30-59,Agent,MW,Private
7B97UAC,55,49630,673,17993,30-59,IVR,W,Consolidation
J3SWEBN,50,83316,601,30627,30-59,Agent,MW,Consolidation
AF9KW51,44,29397,609,8659,60-89,IVR,NE,Private
S1XNPWC,26,13323,633,39656,1-29,Agent,MW,Private
I976F7P,26,59455,692,11631,Current,Web,MW,Federal
DOHIU58,19,82570,607,8861,90+,IVR,MW,Consolidation
XCRLGFR,44,24878,758,16249,1-29,Mobile,S,Federal
F4WNSMW,52,55545,578,57015,30-59,Web,MW,Private
9YUDV35,44,83397,602,18971,90+,IVR,W,Federal
59OAXTA,48,35095,760,22675,30-59,IVR,MW,Private
MC20LSJ,33,23688,784,46131,90+,Web,MW,Consolidation
WYS36EY,44,64165,698,37081,Current,IVR,W,Private
7CJBSQI,35,48600,653,34660,30-59,Agent,S,Private
TCODAIZ,33,62326,716,46333,30-59,Mobile,MW,Private
YD47DZN,58,29368,635,27638,1-29,IVR,MW,Consolidation
REFICGX,52,78780,668,73434,60-89,IVR,W,Federal
T1OXHFD,56,42504,654,27021,Current,Web,W,Federal
20ZTX6P,35,92805,671,11105,Current,Mobile,NE,Federal
Z46T0RK,22,77407,726,35663,30-59,IVR,MW,Private
Y2X15XJ,67,64890,732,60848,1-29,Web,W,Federal
TXRGN74,41,57318,689,40627,1-29,Agent,W,Federal
SLQ99AF,28,76938,580,18521,30-59,Web,NE,Federal
6ZH6DU9,33,86078,722,21021,60-89,Mobile,S,Federal
RD7DQ8V,40,62954,670,23652,1-29,Mobile,S,Private
KJNAWNG,55,54188,795,15548,30-59,IVR,S,Federal
90983V5,51,64101,728,33698,30-59,Agent,MW,Private
0BQ67JA,67,17439,635,28562,1-29,IVR,W,Federal
4N89QKN,29,60446,697,21481,90+,Web,S,Federal
4FIEECY,59,12000,649,27000,Current,IVR,NE,Consolidation
XNRU4UI,21,35481,644,40642,60-89,Agent,S,Private
KEP7Y6W,73,86186,645,28630,Current,Mobile,MW,Private
C8MQ5S4,26,75694,666,37284,60-89,IVR,NE,Consolidation
M94QNT8,72,30650,594,7888,30-59,IVR,W,Private
U3CQBHE,54,12000,622,51318,60-89,Mobile,NE,Federal
UFU7XI7,58,76948,647,21060,1-29,Web,MW,Consolidation
88U3DXX,20,94056,787,47672,Current,Web,NE,Consolidation
5O0AQT1,22,46669,682,40881,90+,IVR,MW,Private
WACJ28M,43,49231,739,5113,1-29,Agent,S,Consolidation
KPWDMJ3,63,58202,664,3696,60-89,Mobile,W,Consolidation
58FS9X1,66,61871,588,39848,60-89,IVR,S,Private
Z72KXSJ,43,24393,712,16060,30-59,IVR,W,Private
SKDST7O,41,53634,642,25248,Current,Agent,NE,Consolidation
CNXLE9L,74,84134,742,29137,Current,Mobile,S,Federal
ZZ021AN,24,12000,689,34935,90+,Agent,W,Federal
JCDZ93I,41,64346,657,11747,30-59,Agent,W,Federal
ZCZMPIW,22,36292,652,33793,30-59,IVR,MW,Private
L7VJUZ5,47,78650,674,0,Current,Mobile,W,Consolidation
NPI91PY,34,104720,727,52411,Current,Mobile,MW,Private
TACY15P,49,101821,806,30720,Current,IVR,W,Federal
PANGW3P,46,53563,590,60763,30-59,IVR,S,Private
0P0HIBH,66,65157,613,27443,30-59,Mobile,MW,Private
YWCOQ5L,66,12000,690,48698,1-29,Agent,S,Federal
LV7EJM1,28,75734,728,39286,Current,Agent,NE,Consolidation
EIAQ3J9,33,60016,634,20420,90+,IVR,MW,Federal
3K0MU85,60,65919,757,39902,1-29,Mobile,S,Federal
MRLWPOE,36,94242,787,60082,Current,Mobile,S,Private
19FG4UB,31,26318,776,17408,90+,Mobile,MW,Federal
AQLCAUD,61,62034,646,0,Current,IVR,NE,Federal
YBXKPM2,45,68767,744,7073,1-29,Agent,MW,Federal
8OEI975,43,38846,764,29390,90+,Agent,NE,Federal
62TL3LF,58,46947,730,43525,Current,Agent,W,Federal
S387J5I,44,100274,686,36367,Current,Web,S,Private
ZG04J1W,36,73948,544,20332,60-89,Web,NE,Consolidation
DOP6HD7,46,38846,596,15625,30-59,IVR,S,Consolidation
PSH82OD,57,64414,650,0,30-59,Web,NE,Private
CO1RYWY,51,17189,631,35531,30-59,Web,W,Private
51N5XYO,60,100622,688,43962,Current,Web,S,Federal
TVJTUU8,68,46125,710,25686,1-29,Web,NE,Consolidation
XK2PTHO,60,63378,626,54206,60-89,IVR,S,Consolidation
6BU9XRD,36,54010,706,58555,90+,Mobile,NE,Consolidation
WURNWLZ,58,37635,669,53491,30-59,Agent,MW,Federal
D5X598K,45,61959,692,5962,60-89,IVR,S,Federal
IOB0NLW,39,70468,684,20354,30-59,Mobile,MW,Federal
W713QNV,69,56517,684,26991,60-89,Agent,S,Private
O6Q3Z0Z,59,16384,735,13950,30-59,Web,S,Consolidation
23AHW9T,18,62268,731,8743,60-89,Agent,W,Federal
L3FC5RY,31,50351,747,41528,30-59,IVR,S,Private
TYAXY2N,33,42826,791,28958,90+,Mobile,NE,Consolidation
E5H0E8B,40,24645,746,24195,60-89,IVR,S,Consolidation
06ZA0UP,19,49460,740,23109,30-59,IVR,NE,Consolidation
BCLAPDZ,35,65348,685,49866,90+,Web,NE,Private
GAYIUQG,42,77073,648,20212,30-59,Mobile,S,Private
VMCPSIL,50,57111,685,17787,Current,Mobile,MW,Consolidation
HI1YWT3,67,70119,763,23844,Current,IVR,W,Federal
1DGTG6Z,62,89558,692,31687,90+,Agent,S,Consolidation
HZLA6OV,21,12000,618,28496,30-59,Agent,S,Private
6O6XY8D,62,63748,639,16339,1-29,IVR,W,Federal
ZO25MP2,71,46539,605,39535,90+,IVR,MW,Private
GD4X4PZ,24,46740,731,30492,60-89,Mobile,MW,Private
UWFBQ2S,38,23277,638,59853,1-29,Agent,MW,Consolidation
580830N,62,65911,554,62118,30-59,Mobile,NE,Consolidation
1QLQNM6,26,63737,675,29039,60-89,IVR,NE,Private
B2RVNDF,46,55210,581,31903,60-89,Web,NE,Consolidation
8TF7UD4,68,83844,683,29029,60-89,Web,MW,Federal
FECVI5R,43,47034,722,31452,90+,Agent,S,Consolidation
MRDE51K,40,78483,679,58371,60-89,IVR,MW,Consolidation
5W1JL6L,20,83605,612,29638,30-59,Agent,W,Private
X5BWNE4,57,38254,826,29007,90+,Agent,W,Federal
PXS8DQE,69,25043,769,5499,60-89,Mobile,S,Federal
K8S2XQU,43,12000,705,34393,1-29,IVR,W,Federal
0TTD78P,20,68164,667,28394,30-59,Agent,NE,Federal
9FMW04U,33,27440,740,26554,1-29,Agent,W,Consolidation
8E8QKXK,20,84562,624,33553,60-89,Agent,S,Federal
F616D3C,47,33040,719,4590,90+,Web,W,Federal
H7X6I9C,70,83639,801,21743,30-59,Mobile,W,Private
H22BE4N,71,32260,652,17602,Current,Web,MW,Private
M7X1HXC,41,74838,710,43845,90+,Agent,MW,Consolidation
NEZH1U9,74,25620,689,16985,60-89,IVR,MW,Consolidation
UA2F9TO,62,20212,743,47019,Current,Agent,S,Private
V4X7Y2I,50,26374,683,38403,90+,Mobile,W,Consolidation
1AUS960,39,53723,601,18434,30-59,Mobile,W,Private
I5MGAB1,44,60428,632,22973,90+,Web,S,Federal
W4NSZP5,56,81863,695,43520,1-29,Mobile,MW,Federal
37V80YN,60,59044,590,40027,90+,Mobile,NE,Private
GOBZPE8,68,63724,653,26691,1-29,Web,W,Private
E9WT00I,30,52204,612,15456,60-89,IVR,NE,Private
LQGDD0D,71,52514,677,16109,30-59,Web,W,Federal
CAMSO64,66,45250,721,1511,30-59,Agent,NE,Consolidation
UPMANQY,62,78605,719,5203,1-29,IVR,NE,Private
41RVA7M,57,46893,706,7331,30-59,Web,W,Consolidation
52T2PM3,59,60077,799,23205,30-59,IVR,NE,Federal
8BXY6RK,44,60896,795,14466,1-29,Web,MW,Consolidation
XVR7JET,75,50562,707,27507,90+,Agent,W,Federal
9OHFF8P,32,78063,707,25057,60-89,IVR,MW,Federal
EU8UI3L,74,56802,752,14537,1-29,IVR,NE,Consolidation
ZB2SUP0,26,20528,604,24252,30-59,Agent,S,Federal
QR4FFO6,70,48219,638,5161,60-89,Mobile,W,Federal
9Q6PU4Y,70,82161,685,2781,90+,Mobile,S,Private
8FBI8NB,29,83711,643,53996,90+,Agent,W,Consolidation
CKXN90T,55,24380,661,32102,30-59,Web,S,Private
O2073O9,57,64155,709,28648,90+,IVR,S,Federal
KHUB2RT,25,52454,733,56361,90+,Web,MW,Private
YOV84FC,56,47681,677,57036,1-29,Agent,NE,Consolidation
EZRH2DI,34,68414,750,24336,1-29,Mobile,MW,Consolidation
XYW1GNP,64,34660,555,51123,60-89,Agent,W,Federal
T9MSZR0,58,25981,699,35032,1-29,Agent,S,Federal
ZVZ1XNJ,39,48246,644,27517,60-89,IVR,S,Private
LSWDLR4,62,55563,687,25705,Current,Mobile,MW,Consolidation
EEC68RK,49,71163,660,26750,90+,Web,W,Federal
FC3Y0SP,75,41604,615,43134,30-59,Web,S,Private
1O5K3CK,42,77212,719,24880,60-89,IVR,W,Private
NRV4EIB,33,66805,747,54988,90+,Web,NE,Private
MRUNJDU,59,38091,675,41366,60-89,IVR,MW,Consolidation
GYMDM0L,34,54945,787,20302,90+,IVR,NE,Private
KWXZWL9,31,61791,795,53110,Current,IVR,MW,Private
WGABTGD,73,69173,812,47278,30-59,Web,NE,Consolidation
ITCLT62,33,36384,692,34861,60-89,Mobile,W,Consolidation
GGUJ6EY,56,82425,775,38912,1-29,Mobile,S,Consolidation
5SAXYK2,55,85176,686,30069,60-89,IVR,MW,Federal
3OZRBLH,67,79648,760,39406,Current,Mobile,NE,Consolidation
QDM6RZQ,49,67441,590,43713,90+,IVR,NE,Consolidation
C1KXGJW,22,78999,739,44480,1-29,Agent,W,Federal
M7H6OQ7,29,31434,794,45451,Current,Mobile,NE,Federal
960BMTX,33,12000,699,27311,30-59,Mobile,MW,Consolidation
FL04MEU,44,87651,691,14701,Current,Agent,MW,Federal
51ODWBW,32,99180,718,30591,Current,Mobile,S,Federal
VYLMAAJ,20,81047,681,28303,Current,Mobile,NE,Federal
8287SF1,45,59883,710,25146,90+,Mobile,NE,Private
05BG8R8,25,48236,640,0,1-29,IVR,W,Federal
OIEZZG6,56,49243,743,16968,Current,Web,S,Private
PQJN1BH,32,94408,770,11128,1-29,IVR,NE,Private
9PCIFLW,70,58495,656,40446,Current,IVR,W,Federal
M7K0NT9,46,43345,582,53006,60-89,IVR,NE,Consolidation
2JFUTGS,63,81400,733,3349,90+,Agent,S,Federal
5UQW6B9,72,64491,645,9634,1-29,IVR,S,Consolidation
ZGQ095E,60,40877,683,18397,30-59,Agent,W,Private
5J2B3UB,64,99185,540,47717,Current,IVR,NE,Consolidation
XLUG0N3,47,52738,595,15622,30-59,Web,MW,Federal
94LAUSK,59,37803,555,32013,30-59,Mobile,MW,Federal
N5ZUL2E,21,45027,653,31766,60-89,IVR,NE,Consolidation
FIUEFZ1,43,47819,769,0,90+,Web,S,Private
U1TLXZB,25,30661,763,32107,Current,Mobile,NE,Private
HFKI290,57,38044,721,53281,Current,Web,MW,Consolidation
OPPOYDV,50,44125,716,26638,60-89,Mobile,S,Consolidation
GG24479,71,49693,579,21563,90+,Agent,MW,Federal
Z6M9BJU,48,61454,687,12614,60-89,Mobile,S,Federal
Z8VNBZ4,73,65916,689,31594,Current,IVR,S,Private
1OJPZQS,52,12000,709,53854,1-29,Web,NE,Private
K22XMQ6,64,21110,703,13957,1-29,IVR,MW,Private
VUBQEZQ,21,62587,693,55182,90+,Mobile,NE,Private
1MGQYOJ,59,81867,633,27529,1-29,Web,S,Consolidation
1LOQSOT,23,60137,677,29881,90+,Web,NE,Consolidation
C474URI,53,27812,681,52688,Current,Mobile,MW,Consolidation
MZWFFHH,47,70794,578,13212,90+,Mobile,S,Consolidation
18HAFEY,69,74560,750,27530,Current,Mobile,W,Consolidation
UPVK8R6,61,12000,757,53407,90+,Web,S,Consolidation
9AGULM5,22,113366,742,46402,Current,Web,NE,Federal
O4S8UK7,44,14876,754,20474,30-59,Agent,S,Federal
V6LOI5Y,74,32427,664,44974,60-89,Agent,NE,Federal
HWM518Z,42,62440,710,36326,Current,Mobile,S,Private
F50SXKU,59,61952,706,12704,90+,IVR,S,Consolidation
WML7O61,55,55488,661,34351,90+,Mobile,S,Federal
J18LM6S,54,50631,694,24861,Current,IVR,S,Consolidation
TU9FGZV,30,36904,771,49659,30-59,IVR,S,Private
VM59M6M,35,49769,647,39820,Current,Mobile,S,Federal
W6N16CZ,59,62196,737,37250,30-59,Agent,W,Consolidation
LW468WZ,23,38209,634,32148,1-29,Agent,NE,Private
27H6GMD,21,79034,744,29807,60-89,IVR,NE,Private
R1QJQMF,39,50432,735,14230,60-89,Web,W,Consolidation
GYB2DP6,72,34915,698,40418,30-59,IVR,NE,Consolidation
HULPRX0,39,50354,690,13091,1-29,Agent,W,Private
JQTAJPP,42,65366,705,40816,60-89,Mobile,S,Private
KYOJB47,49,79942,707,24289,60-89,Mobile,W,Private
3JSRZMS,66,37562,741,40693,30-59,IVR,NE,Private
GPDFDM7,61,62892,696,21055,1-29,Mobile,W,Federal
7GH41UK,28,81945,704,8014,Current,Mobile,S,Federal
ZB1EDMB,34,40280,668,23476,30-59,Mobile,W,Private
K6R92Z2,26,39517,752,36762,1-29,Web,W,Consolidation
P7N4497,46,60166,767,0,1-29,Agent,W,Consolidation
ODZLPNY,69,81812,640,19565,90+,Web,W,Federal
FWR2F5T,35,52743,596,25362,60-89,Web,MW,Federal
4IXFJJR,26,44547,671,30167,30-59,Web,NE,Consolidation
2DWZUTL,20,75452,715,63701,60-89,IVR,NE,Consolidation
B2TW5U0,58,79856,655,35712,1-29,Web,NE,Federal
A6AHHCA,59,56250,739,15628,Current,Mobile,W,Private
W1QXPH1,46,60577,727,35848,60-89,Agent,MW,Private
RGL7JY7,74,54377,706,27490,Current,Web,MW,Consolidation
6F01ZLZ,70,41563,701,30965,Current,Agent,NE,Consolidation
PM7WN8W,66,63892,648,43489,90+,Agent,MW,Private
VM89I9G,50,43139,793,19509,Current,Web,S,Private
5CP6XIB,75,41915,726,44809,1-29,Agent,S,Private
GFIE5D6,36,73524,630,77163,Current,Agent,S,Federal
AKN053K,29,58330,668,20711,Current,Mobile,W,Private
3PP00CD,58,45646,617,43822,90+,Agent,MW,Consolidation
YP9YPDA,47,13804,655,3961,Current,IVR,S,Consolidation
40WE0VC,25,57952,712,18457,1-29,Web,S,Private
1Q2BLL0,66,105185,651,24730,1-29,Mobile,S,Federal
Y53MBWU,47,57641,744,23469,30-59,Web,W,Federal
I4PJHL5,60,51738,688,35615,90+,Mobile,NE,Federal
ZA3SFGH,22,43493,714,22204,1-29,Agent,NE,Private
JAGXLQ0,30,59548,792,28278,1-29,IVR,S,Consolidation
8IY00G0,46,30890,696,39067,60-89,IVR,MW,Federal
AZPC2R4,72,65062,748,15189,1-29,Web,S,Federal
5MO7GDS,39,29002,574,46872,30-59,Agent,S,Federal
BP9MWGJ,74,86835,703,23053,Current,IVR,S,Consolidation
I58UP6J,43,69538,669,42938,90+,Agent,MW,Federal
Q1BPFWS,69,46506,712,24481,60-89,Web,MW,Federal
7HLRI0T,37,43856,732,18732,30-59,Web,NE,Federal
P8XFANS,53,71222,661,48040,1-29,Web,NE,Private
HFL1ZOP,44,45574,764,35142,30-59,IVR,MW,Private
C448GO0,70,62195,663,24826,90+,IVR,S,Federal
V4H1RZF,46,43936,669,61358,90+,IVR,S,Consolidation
R33IKUZ,65,56170,650,61247,1-29,IVR,S,Federal
9743P2K,66,52855,781,16075,90+,IVR,S,Private
WB4LL3K,25,69629,832,28574,30-59,Agent,W,Federal
1BQFDTN,34,42108,638,4410,1-29,Mobile,S,Consolidation
Z10VGP2,70,75161,674,0,60-89,IVR,W,Private
7E4EY9J,32,80463,684,0,60-89,IVR,W,Consolidation
7FOQSR4,44,30587,599,26267,60-89,Web,S,Federal
ACZRRE5,35,99053,676,19313,Current,IVR,S,Federal
VSFFCXH,52,54052,816,48203,1-29,IVR,W,Consolidation
FYWM5CF,54,40569,737,9682,60-89,IVR,MW,Consolidation
E9MOVBX,74,45897,702,19364,30-59,IVR,NE,Federal
C09ZGNX,32,57763,830,0,30-59,IVR,W,Federal
ICOOKAE,71,55322,571,9495,30-59,IVR,S,Consolidation
W9PFB3H,42,37505,715,5351,60-89,Mobile,W,Consolidation
PPSOHXF,23,50854,713,37074,90+,Mobile,NE,Federal
JH761D8,47,27249,683,59019,1-29,Agent,W,Private
JNEF0YD,38,41097,739,22072,30-59,Web,W,Private
3YQFBZ9,75,85184,595,45236,30-59,Agent,MW,Consolidation
T6WEGGH,56,48788,721,28938,1-29,IVR,NE,Private
F4IO2XM,18,75685,716,47865,30-59,IVR,S,Federal
YE0QZSA,74,36771,722,3443,30-59,Agent,W,Consolidation
OXC0VVK,50,51341,706,43665,30-59,IVR,MW,Consolidation
TX8O7II,50,60118,606,9322,30-59,Web,MW,Federal
XS6LD2T,58,53393,682,18441,60-89,IVR,NE,Consolidation
OXBE1P5,48,29438,671,32116,30-59,IVR,S,Consolidation
ZQ3G0RR,62,38736,690,38540,Current,IVR,S,Private
E3NHWVL,18,58428,705,0,30-59,Mobile,S,Federal
18153W5,21,93985,756,41963,Current,Mobile,W,Private
2D7GG3Z,73,45555,624,52900,90+,Mobile,S,Federal
IV54D0M,27,62237,614,35878,90+,IVR,W,Federal
T8LLIHK,41,36472,748,51124,90+,Web,NE,Private
72476TX,24,38576,679,33079,90+,Agent,MW,Federal
FDLR8Z1,51,28972,672,34079,90+,IVR,S,Consolidation
1DJJZQF,53,56578,710,42193,60-89,Agent,S,Federal
KKU7IM2,28,53700,742,38259,30-59,Agent,NE,Consolidation
BO70B2A,53,60912,793,8903,90+,Agent,MW,Federal
O4GKWWJ,25,60161,573,77404,90+,IVR,NE,Federal
53YXHZK,73,47971,749,88154,1-29,IVR,NE,Consolidation
520SZOR,75,21995,658,0,1-29,Mobile,W,Private
Y8VYQ5U,43,71300,593,40892,30-59,Web,S,Federal
YR06NKW,20,46282,708,40815,30-59,Web,MW,Consolidation
FBV46MU,28,65710,655,0,Current,Web,NE,Federal
24VF89X,66,48497,723,10952,1-29,Web,S,Federal
K00ILU6,38,59026,674,17401,30-59,Agent,MW,Federal
IQ63F9H,33,44029,659,9827,60-89,Mobile,MW,Consolidation
TLVAEUU,33,29150,850,26438,60-89,Mobile,W,Consolidation
IJ4ANC8,34,81144,674,25451,90+,Mobile,W,Private
FV4VAPI,36,56483,630,45196,Current,Mobile,MW,Consolidation
EPQBYD7,22,38199,730,25729,Current,Mobile,MW,Consolidation
PM7O9PV,72,18190,625,42860,90+,Agent,NE,Private
FM82ZHP,73,71743,803,31343,90+,Mobile,NE,Consolidation
Z6CP7SA,67,86790,745,35410,1-29,IVR,W,Consolidation
2JKQQNJ,25,52090,598,29658,30-59,Agent,MW,Federal
FZAUXBG,18,104334,589,21694,Current,Agent,W,Consolidation
88RFK2K,28,37908,683,49017,90+,IVR,S,Consolidation
Q77AG3Y,29,49725,601,44200,60-89,Agent,MW,Federal
IH6MV4X,20,43003,786,39147,30-59,Mobile,NE,Federal
J42RL1E,22,77364,667,25379,Current,Web,S,Consolidation
OYJ61AJ,32,12000,756,8449,1-29,Web,W,Private
3WG1U14,54,36551,772,33749,30-59,Mobile,NE,Consolidation
BBADLYP,26,41858,646,0,90+,Agent,NE,Consolidation
T3IXO9I,22,45741,767,37978,60-89,Agent,NE,Federal
NS3YMS6,44,91701,661,38356,Current,Web,W,Private
W3GI60Q,19,82757,739,30565,Current,IVR,W,Federal
TQ0DAUC,58,85324,716,30478,60-89,Web,W,Consolidation
0MIZ8QA,74,51918,678,36909,30-59,IVR,W,Consolidation
3PFDT75,54,43135,623,33314,Current,IVR,MW,Consolidation
KPBUNOQ,26,54160,612,18122,30-59,Web,S,Federal
224EQKQ,27,68159,723,4602,30-59,Web,MW,Consolidation
05OJ38A,51,49273,620,26641,90+,Agent,W,Federal
L5ROSZH,73,50159,708,38238,90+,Web,NE,Private
Z0D3MPV,57,57589,720,59644,30-59,Web,MW,Consolidation
TTMPPJB,30,51237,654,12470,90+,Web,W,Consolidation
PJQBTK0,47,57247,651,31825,30-59,Web,S,Private
ZQ4X55P,18,62100,651,70573,Current,IVR,S,Federal
VVG5S93,65,33952,656,47982,90+,Mobile,W,Consolidation
WLIWLAP,56,59200,766,19579,Current,Mobile,NE,Federal
45IP65P,64,47393,677,15242,30-59,IVR,MW,Federal
ABL3DYH,57,80065,630,29796,30-59,Web,W,Consolidation
9ZW1Z9Y,73,55520,745,41851,1-29,Mobile,MW,Federal
U1TOZHD,49,12000,678,39123,60-89,Agent,W,Consolidation
LA8JZ9D,29,41966,747,47522,1-29,IVR,W,Federal
FI8OJGZ,44,33967,684,31008,Current,IVR,W,Federal
6BXHNZT,33,33512,762,22892,90+,Mobile,W,Consolidation
DR9VBSK,33,55978,680,13867,1-29,Web,MW,Private
5WT3HJU,27,70946,640,16708,30-59,Agent,S,Private
ADH2EI2,54,25698,612,34424,60-89,Web,W,Private
NYH90EN,30,37607,722,35151,90+,Web,MW,Federal
R3PCEO9,32,34912,600,35499,30-59,Web,S,Private
X6TP9QO,60,64508,676,18897,30-59,Agent,NE,Private
6ABQR8V,75,98331,707,41410,Current,Mobile,W,Consolidation
2I9OWP7,21,60237,634,31309,30-59,IVR,W,Consolidation
0P5MW1C,75,69538,686,19400,1-29,IVR,MW,Consolidation
MCJ2JGB,71,64173,667,18170,Current,Web,W,Federal
69TB386,18,53680,669,23027,Current,Mobile,W,Consolidation
OQSD8P4,27,86145,703,32277,60-89,IVR,MW,Consolidation
QK4K6IL,69,12000,626,46904,30-59,Mobile,MW,Consolidation
ZEW5ADA,31,26795,665,37139,30-59,IVR,S,Private
LV0GUB5,28,59752,689,45185,60-89,IVR,NE,Consolidation
6YI8B8M,52,45825,645,39507,90+,Web,S,Private
SNVCE8X,62,26847,755,41634,Current,IVR,NE,Federal
5EPYUPG,38,32020,798,2338,60-89,Agent,W,Consolidation
7LZN9UH,28,22010,766,56495,1-29,Mobile,S,Consolidation
ECLCES1,25,48938,722,46232,60-89,Agent,W,Consolidation
O2T8FY6,27,41013,594,0,60-89,Web,NE,Consolidation
5BWIKOT,35,31973,785,17261,1-29,IVR,MW,Consolidation
QWRWNIE,18,67019,695,17396,90+,Web,MW,Consolidation
QQLYZJ0,20,70135,674,33382,Current,Mobile,MW,Consolidation
EHMW5MX,42,48757,537,16877,90+,IVR,W,Consolidation
M32SJBS,71,37042,750,12079,60-89,Mobile,NE,Federal
5742LO6,26,50530,654,38234,30-59,Mobile,S,Federal
IDR6X0A,26,39887,669,25106,60-89,Web,S,Private
36JF3F6,35,93063,666,17806,Current,Agent,S,Private
YLBI18A,24,27756,644,55571,30-59,Agent,NE,Private
ZS5DUPX,48,52804,729,46539,1-29,Agent,W,Private
WQF78OS,37,39452,695,41731,30-59,IVR,S,Private
PKKKJKY,65,50784,709,12806,1-29,Agent,NE,Private
64S6C6R,51,42339,645,12453,Current,IVR,W,Private
BGA7SCP,43,74493,575,4948,60-89,IVR,W,Consolidation
U8KD9GN,20,13786,703,42422,30-59,IVR,W,Private
0SW1OQ9,19,47308,623,21239,Current,IVR,NE,Federal
8L5BQKM,43,57463,699,5790,Current,Web,W,Consolidation
CHO3XJV,35,89588,676,0,Current,IVR,MW,Consolidation
83CHELH,69,76487,693,45487,Current,Agent,MW,Federal
FDTRC85,72,57370,749,42737,60-89,IVR,MW,Federal
JX9A1PR,55,69915,667,43438,Current,Web,W,Consolidation
CEAAE5E,61,24417,664,1741,30-59,IVR,S,Private
NS6UV3F,50,86090,668,55922,90+,Agent,W,Consolidation
VMEFOZT,50,81191,699,33580,60-89,Web,S,Federal
J5MS20T,65,54945,735,8406,1-29,Agent,MW,Consolidation
5WRYESU,28,58961,659,48494,90+,Agent,S,Federal
GWW4FYB,34,52097,586,33039,60-89,Mobile,W,Federal
N6SM5RR,47,43657,664,7492,60-89,Web,MW,Consolidation
H1NYKS9,62,56914,686,53602,60-89,IVR,S,Federal
1EAF3IH,45,89014,646,7308,Current,Web,W,Private
GANL816,56,44610,662,17083,90+,Mobile,MW,Private
CQ99CHJ,19,42125,702,67925,90+,Mobile,S,Consolidation
Z6FP9XA,58,80616,704,29879,1-29,Web,MW,Consolidation
2MYAXKE,73,27572,712,41636,60-89,Agent,MW,Private
YZMX3P5,28,25484,696,19477,60-89,Web,NE,Private
X6ZIE5A,55,76918,698,36187,30-59,Agent,W,Private
D6ARW4Y,18,74302,681,17345,90+,IVR,MW,Federal
AQ6XCBU,73,24833,692,59869,90+,Agent,W,Consolidation
OFMAOK8,65,40245,811,15268,90+,Agent,S,Private
XIKVREC,29,60581,732,0,60-89,Web,W,Private
QIJC1YD,47,60640,704,3955,30-59,Agent,S,Federal
H0RFIUP,43,12000,626,0,1-29,Agent,MW,Consolidation
QH6FATL,55,70843,710,17937,1-29,Mobile,MW,Private
GPATP7C,63,70581,676,20994,1-29,IVR,W,Private
6OB3DB2,56,68599,597,45553,30-59,IVR,MW,Federal
3W4WITR,55,52292,603,35868,60-89,Web,MW,Federal
8EDJM7W,19,60995,700,24560,90+,Mobile,S,Consolidation
HH62MYZ,70,38295,690,30196,90+,Agent,W,Federal
5GKZJRU,68,12000,627,32459,90+,Mobile,MW,Federal
W8IVI3R,70,25301,738,62008,1-29,Mobile,MW,Consolidation
RSLNMMW,35,59540,513,19611,60-89,Agent,S,Consolidation
DPUH4GB,75,29713,706,14708,60-89,Web,MW,Federal
JBQPLBN,38,25566,763,0,30-59,Agent,W,Federal
VOPTNNY,20,37580,639,28679,60-89,IVR,W,Federal
2QJI47J,61,47352,710,54698,90+,IVR,S,Federal
CFFF8TX,53,24541,673,29480,60-89,Web,NE,Federal
CGL28DL,29,51799,603,8596,30-59,IVR,NE,Private
7LYXOME,19,47911,680,22794,Current,IVR,NE,Consolidation
NSRTWLX,71,79019,785,23595,60-89,Mobile,MW,Private
XNECRYS,58,28730,609,15529,30-59,IVR,S,Consolidation
D1SD44W,28,38405,729,0,60-89,IVR,MW,Consolidation
AQHCB82,67,75714,706,53596,90+,Web,W,Private
R7VGRF1,67,40520,606,23897,60-89,Agent,NE,Federal
RG1L1V6,45,49735,744,0,30-59,Mobile,W,Private
8UZLN25,64,78576,654,17588,Current,Agent,MW,Consolidation
4R4UT6F,73,36703,561,8924,90+,Mobile,W,Private
ANPA4SX,57,52253,811,29640,1-29,Agent,MW,Federal
7GG6CEQ,26,51685,709,16586,60-89,Web,NE,Federal
AJEHXRW,47,39665,743,0,90+,IVR,W,Consolidation
I0TUEY6,53,51298,741,12664,30-59,Web,W,Private
Z8V9C1C,28,98483,651,45008,Current,Agent,W,Private
IDLSWZU,70,76326,676,44063,Current,IVR,NE,Private
27O19QT,61,52192,663,26749,30-59,Agent,NE,Federal
00IALS1,57,67534,663,25106,60-89,Mobile,MW,Consolidation
GTUH08L,49,79330,707,2387,60-89,Web,NE,Consolidation
B1QX6GV,28,43265,636,22016,90+,Agent,NE,Federal
AWLAR0W,73,59480,613,26359,30-59,IVR,NE,Consolidation
G9I76GO,65,55987,702,19317,30-59,Web,MW,Federal
JDKEI5Q,75,55507,618,7817,90+,Web,S,Federal
XXAIJ5H,39,53744,616,0,60-89,IVR,NE,Private
LZG3RBE,31,81205,761,30508,Current,Mobile,W,Consolidation
NW0F3CS,54,41549,579,23009,30-59,Web,NE,Private
03Y3PAW,51,12000,608,48492,60-89,IVR,W,Federal
7SYR7S9,30,110540,657,21546,Current,Agent,MW,Consolidation
KGLC669,62,44888,656,28493,90+,Mobile,S,Consolidation
TDSDJT3,75,67013,561,32174,90+,Agent,NE,Consolidation
G3DP4FM,49,82170,631,7916,1-29,IVR,W,Federal
K2VPAJS,36,66269,691,41503,1-29,Web,S,Private
P41YB60,38,70800,679,0,1-29,Web,MW,Consolidation
U8EZKXQ,32,53055,786,24489,60-89,IVR,W,Consolidation
RL0YB9C,46,27235,699,12806,30-59,Web,MW,Federal
KZREZRD,35,66273,546,29925,30-59,Agent,W,Private
RRVXJVX,21,63128,615,27445,90+,Web,W,Private
58GEEJG,22,24267,688,24543,60-89,Web,NE,Federal
X1FDJ9H,65,68012,647,26194,1-29,IVR,W,Federal
DST7INU,29,25251,696,11308,30-59,IVR,MW,Private
9MWTRWX,42,27036,631,38982,Current,Web,W,Federal
1LTOLEI,52,29227,744,8761,60-89,Mobile,NE,Federal
382O4QF,35,44691,722,19244,30-59,Agent,W,Federal
SMSSF83,66,31170,626,3017,90+,Mobile,S,Federal
UDQVDK6,57,50707,651,32152,60-89,IVR,MW,Federal
0ZIUQ6Q,20,72504,652,5228,60-89,IVR,W,Federal
BVXSOGB,72,62503,740,32837,30-59,Agent,S,Consolidation
6LUU6IF,52,43838,714,39656,60-89,Agent,W,Federal
NK4OWD1,40,76641,742,29366,60-89,Mobile,W,Federal
GM7Q6LF,44,63110,798,48121,1-29,IVR,NE,Consolidation
59917V3,36,52431,661,26517,Current,Mobile,MW,Federal
J9IORYP,30,49047,611,53535,30-59,Agent,W,Consolidation
DNP7WLY,27,47678,681,44636,60-89,Mobile,NE,Federal
N70W1PF,59,33379,691,64658,Current,Mobile,MW,Federal
ITWPLA6,18,35859,714,27865,1-29,Mobile,NE,Federal
T9NGQ6T,44,43142,756,12001,30-59,Web,NE,Private
9ONQYQP,68,49733,644,0,Current,IVR,NE,Federal
IEW6OR6,39,75362,678,30044,90+,IVR,W,Private
65LA8HH,57,44492,683,43343,Current,IVR,W,Consolidation
VO2Y93F,32,76152,694,12462,Current,Web,S,Federal
AX29W7R,25,38142,709,35097,90+,Mobile,NE,Private
NYA3S9U,27,50900,603,35653,60-89,Web,MW,Private
UNQR8O1,34,32378,557,32755,30-59,Web,MW,Federal
A6M9682,51,86462,714,48854,90+,IVR,MW,Private
8PL3M87,33,48068,748,47556,90+,Agent,S,Consolidation
HMEWCJN,66,55117,739,47065,60-89,Agent,NE,Private
2F14M6M,67,41748,636,6840,60-89,Web,MW,Private
MJ9N6EQ,52,49886,672,8330,90+,Agent,S,Consolidation
TNXJVIH,74,58331,631,0,90+,Agent,NE,Consolidation
LLE4A2G,29,49311,695,50405,90+,Web,NE,Federal
QYDQ4JE,46,32522,729,52786,Current,Web,NE,Consolidation
0ROCMQX,56,34862,676,41313,90+,Agent,W,Private
BEJAGX3,21,70307,701,30624,60-89,Agent,MW,Federal
SH3TOW4,42,12020,572,31081,30-59,Agent,NE,Consolidation
AXS88UA,58,86250,725,1562,30-59,IVR,NE,Federal
2WHZ3M2,38,120282,636,59771,Current,IVR,W,Private
84CJX3J,67,44398,678,5676,Current,Mobile,NE,Federal
7CUWB3E,71,30541,683,61813,1-29,Agent,NE,Federal
4PEGJKS,67,24799,634,0,90+,Mobile,MW,Federal
DTTNOOG,37,31100,679,35286,60-89,Agent,S,Federal
VKC5BNZ,39,12053,629,70335,1-29,Mobile,W,Private
INDLFDT,46,41376,719,35896,Current,Agent,S,Federal
6UDOJY6,33,69136,701,31947,60-89,Web,W,Federal
SD0NKVD,34,53051,790,65277,60-89,Web,S,Federal
Z6146VE,60,72059,573,25952,30-59,IVR,S,Private
GILM0WH,53,12000,703,22426,Current,IVR,W,Federal
2ELALQ2,65,50155,719,16693,30-59,Mobile,NE,Consolidation
S8BH95H,39,69513,646,36003,Current,IVR,NE,Federal
DIB0SXG,35,49569,617,0,30-59,IVR,W,Federal
IE0X2HZ,25,12000,660,40856,90+,Mobile,MW,Consolidation
EW4P220,31,64183,697,0,1-29,IVR,S,Federal
QQQ5L2X,71,64379,725,33314,Current,Agent,MW,Private
OH7QLH5,74,83962,654,29940,Current,Web,W,Federal
CW2LBM2,26,37309,705,11301,Current,IVR,W,Consolidation
J5YE8WH,32,59036,667,25834,Current,Mobile,NE,Private
U9HN0PJ,45,26605,633,29667,90+,IVR,S,Private
3UGB5MC,42,79918,726,31538,1-29,IVR,NE,Private
WU7SA7I,22,25726,726,26450,90+,Agent,W,Consolidation
T43TUYK,44,66687,685,28703,1-29,Mobile,S,Federal
SQ790VO,29,16937,643,48057,90+,IVR,W,Private
AKEF72A,71,46711,703,33566,30-59,IVR,NE,Private
2PGYME6,41,71733,814,18307,30-59,Mobile,W,Federal
QB7R77I,29,34066,695,12992,1-29,IVR,NE,Private
KIPDHSP,32,39042,644,37142,1-29,Agent,MW,Private
BI3RHK7,20,42912,728,0,90+,Agent,W,Consolidation
DIJFZQA,60,51455,682,7634,90+,Web,NE,Federal
E1GTDY1,67,43099,685,51621,60-89,Web,MW,Federal
FTMJN8B,72,62020,677,25117,60-89,IVR,MW,Private
DECO8VX,61,46204,668,24058,Current,Web,NE,Federal
GMMIHHJ,53,82756,698,38626,30-59,Mobile,S,Federal
TM1MTCH,22,49157,675,16374,1-29,Agent,NE,Federal
BDSHC98,56,67355,633,13397,30-59,Web,S,Federal
D6FWUNI,60,61705,528,14024,60-89,Web,S,Federal
C5PNEDL,47,45521,652,23072,60-89,Mobile,W,Consolidation
NQXUC1P,31,56505,719,9695,Current,Agent,W,Federal
01JD1BJ,61,28397,778,15553,90+,Web,S,Private
ZFFGHF3,65,59778,663,27297,60-89,IVR,NE,Consolidation
IRIIQUS,30,74279,734,30606,60-89,Mobile,NE,Consolidation
6PKSCU6,63,32159,634,17499,60-89,IVR,W,Consolidation
TVFUIY1,58,45428,699,51857,Current,Mobile,MW,Federal
6FL0RKG,34,50158,685,47968,90+,IVR,MW,Private
CCB2HPU,57,43944,735,26098,90+,Agent,NE,Private
QYBG880,37,46599,641,2296,60-89,Web,W,Federal
WEF7R1B,39,48684,695,35263,90+,Mobile,NE,Private
Y4KL9AR,27,67058,675,15521,Current,IVR,MW,Private
NO6CYSV,67,57645,675,49826,Current,Agent,W,Private
IKIWB5Y,18,39935,605,39973,30-59,Mobile,S,Federal
R07VPPM,34,84510,720,51508,Current,Agent,W,Private
ELIVWOE,40,12000,775,30183,60-89,Web,S,Consolidation
R7Z3UOR,67,39239,656,20537,1-29,Mobile,S,Federal
765ZC9H,27,39153,697,20144,60-89,IVR,NE,Federal
QSR7SH2,35,54544,792,23470,90+,Mobile,NE,Federal
SBI4Q2Y,27,65511,616,0,30-59,Agent,W,Consolidation
ZVYEC5U,59,80504,726,0,60-89,Agent,S,Consolidation
0PV7TIQ,21,39244,693,6509,30-59,IVR,MW,Private
I3URNJE,40,52809,821,42537,90+,IVR,S,Federal
1JCZLXO,28,12000,659,7459,Current,Mobile,NE,Private
RG5ASCC,44,31439,812,22790,1-29,Agent,W,Federal
Z117IB2,61,12000,709,14328,30-59,Agent,MW,Private
EWSM91K,49,51482,749,14133,30-59,Mobile,NE,Federal
PPJ590E,30,12000,682,25437,90+,IVR,MW,Federal
PPOAU8P,51,48764,682,4253,60-89,Agent,S,Federal
XVX1BL6,59,12000,642,31114,90+,Web,S,Consolidation
CYDCTQ1,67,37531,650,32239,90+,Agent,NE,Federal
H2MPGL9,50,28097,729,44280,90+,Web,S,Federal
X9P81GC,57,100304,710,12313,1-29,Mobile,W,Private
Q3VRF8M,18,29375,699,27583,90+,Agent,NE,Consolidation
YH1FKJ4,59,78512,704,36145,60-89,Web,MW,Federal
1POXRTE,46,67478,721,0,1-29,Web,NE,Private
NVG3KK0,67,33874,746,13746,90+,IVR,MW,Consolidation
TO9NXXK,42,49534,668,23747,60-89,Mobile,MW,Consolidation
GNMBY49,64,64480,679,61520,90+,Mobile,NE,Consolidation
6TX0TBK,25,80368,608,65368,30-59,IVR,NE,Private
MVHPL2I,33,41762,773,0,60-89,Mobile,MW,Consolidation
NENWIZ9,25,85546,775,14186,1-29,Agent,MW,Consolidation
AQ7QHAK,58,42971,701,40803,1-29,IVR,NE,Consolidation
5W67FAA,62,33537,760,40317,90+,Agent,MW,Federal
1HBX7VE,53,38754,668,47824,1-29,Web,MW,Private
14VE92M,67,33468,660,28163,90+,Agent,MW,Consolidation
VI1V0I8,48,28316,542,10922,30-59,Mobile,S,Private
5LP9C5S,62,53334,627,18354,Current,Agent,W,Consolidation
HQ403IV,42,53986,722,27407,30-59,Mobile,W,Private
D6T5Y7F,32,76057,674,0,90+,IVR,W,Private
D05AQRJ,60,44323,698,20457,90+,Web,NE,Federal
BW1GIX5,68,39369,654,39101,Current,IVR,S,Private
L2L5B56,60,31175,709,3756,1-29,Web,NE,Private
QEIRO08,70,42415,595,0,60-89,Web,NE,Private
JUKQ22T,57,50747,628,31155,Current,Web,NE,Private
4Y2LR0J,39,24937,683,9758,30-59,Mobile,W,Federal
5U2486D,36,46868,650,52279,90+,Mobile,NE,Federal
5IZOLNN,63,47030,673,0,1-29,Web,W,Private
LST5488,20,39781,681,36262,1-29,IVR,S,Private
8DAQPMB,19,80466,813,23112,30-59,IVR,S,Federal
BL4CE7P,69,45148,640,61901,1-29,Mobile,S,Private
FRBOO70,75,58050,679,43634,90+,IVR,W,Private
C4NR1H6,28,73330,645,23878,90+,IVR,NE,Federal
89HVELD,70,72277,685,18327,90+,IVR,MW,Consolidation
IMQ5GLH,26,47779,733,27923,Current,Web,S,Federal
JG2Y8RG,18,68442,646,23480,Current,Web,MW,Private
PI3GSBC,63,62926,792,69481,90+,Agent,S,Consolidation
PJ0MMUG,28,45735,619,40509,30-59,IVR,W,Federal
5WRSWG5,74,67978,717,38334,30-59,Mobile,NE,Private
ODSU9F1,63,49358,622,22265,Current,Mobile,NE,Federal
QW35F5S,73,29677,693,29039,1-29,Mobile,S,Federal
GA3D7C8,45,79797,616,20087,60-89,Web,MW,Consolidation
2Q4QERX,67,39936,830,26132,30-59,Mobile,S,Private
YTKS1F3,47,43624,635,0,60-89,Agent,S,Private
9X6REAV,53,38514,565,19106,60-89,Web,NE,Consolidation
ES1KL5E,53,27715,722,32580,Current,IVR,W,Federal
9AC9T6P,68,32554,656,38033,60-89,Web,W,Federal
ZZF8ADF,44,59977,602,28345,30-59,IVR,MW,Consolidation
WZG1FYU,55,57437,696,34855,Current,Agent,MW,Private
Q2P014X,41,92350,730,11745,Current,Web,MW,Federal
NTCUNBD,24,36059,675,30922,1-29,IVR,W,Federal
2IDUXMK,28,55298,660,1817,30-59,Mobile,NE,Private
RVXQ51W,48,42909,680,0,Current,Mobile,W,Consolidation
U1G463S,65,79993,639,31410,60-89,Web,W,Federal
520UPRB,73,55430,707,50637,30-59,IVR,S,Consolidation
HKN2VIR,18,61172,675,0,30-59,Mobile,MW,Federal
EQERFTN,72,53874,698,29135,30-59,Mobile,S,Private
BW4QL7K,38,70987,623,21174,60-89,IVR,NE,Federal
2FS1O7D,49,25120,734,2442,1-29,Web,NE,Consolidation
DNHU0FI,19,48002,748,0,60-89,Mobile,S,Consolidation
B3WYZXJ,63,47072,700,40601,90+,IVR,NE,Private
JWH55HE,28,49554,645,0,90+,IVR,MW,Private
AHZA9T0,48,48957,641,0,1-29,Web,NE,Private
YS2N3K8,30,60913,709,25624,30-59,Mobile,W,Private
WQVU9OU,58,76136,693,35530,30-59,Mobile,MW,Consolidation
F9YECAZ,19,42594,754,33904,30-59,Mobile,NE,Consolidation
D1T2BAS,67,37192,780,0,1-29,Web,MW,Federal
WTXJLVB,61,50494,686,22231,60-89,IVR,W,Federal
PRGAP6O,32,57353,754,28729,60-89,Mobile,MW,Federal
Q9C61BR,51,90966,654,16724,Current,Web,S,Consolidation
A6BMLA4,72,12000,621,33517,90+,Web,S,Consolidation
EL8SVOX,29,39262,699,37195,90+,Agent,NE,Consolidation
Z2C9ROS,21,46719,751,11806,30-59,Agent,W,Consolidation
31FI0N6,21,87336,654,49180,30-59,IVR,NE,Federal
YESNZOJ,18,74160,755,29164,1-29,Web,S,Consolidation
XYOUHIF,60,44733,727,6041,90+,Mobile,S,Consolidation
DYK0X65,20,54602,700,0,1-29,Agent,W,Federal
7K98XVI,31,48251,660,38110,1-29,Agent,S,Consolidation
RRMVCDW,55,70183,698,13162,30-59,Mobile,MW,Consolidation
8KZX7O2,18,73928,730,0,1-29,Mobile,S,Consolidation
FWI45A4,71,75491,740,49311,1-29,Agent,MW,Private
OB867KB,23,76168,710,29274,30-59,IVR,S,Private
S55J2O7,25,45858,667,43482,1-29,IVR,MW,Consolidation
OJDUX3V,21,42696,675,15570,1-29,Agent,MW,Federal
05DWJAT,53,38247,590,16026,90+,Agent,NE,Private
VBA43IJ,21,74789,756,35830,30-59,Agent,W,Federal
IQ2FA39,21,61979,616,21742,60-89,Web,MW,Private
V16XEGH,54,60017,676,23055,60-89,IVR,NE,Federal
PK0ZFKN,29,65814,695,54858,90+,Mobile,NE,Private
N3JKT1C,70,51878,705,51976,90+,Mobile,W,Consolidation
9LZS34J,53,28094,623,8368,Current,IVR,S,Federal
WPFCNCA,74,91080,705,17156,Current,Web,NE,Consolidation
0RKW7CI,28,88541,628,32101,30-59,Web,NE,Consolidation
U863DH9,25,41170,669,37201,1-29,Web,W,Federal
1DE1YU9,67,19544,714,74705,30-59,Web,S,Federal
K33S5R2,18,70348,715,10801,90+,Mobile,S,Private
X7PNV7H,30,17084,631,43921,Current,Mobile,MW,Consolidation
ZU2NACO,72,77884,591,3927,30-59,Mobile,W,Federal
AZUN6FH,52,32938,756,39773,1-29,Web,W,Consolidation
9L3H03Z,71,28086,692,14100,90+,Web,NE,Consolidation
UTHO696,51,23417,741,36999,30-59,IVR,W,Federal
CQFMUIW,48,98061,596,19126,Current,Mobile,MW,Federal
F2SABVO,50,54283,662,21566,90+,IVR,MW,Consolidation
IOL3QRD,24,22791,718,32080,90+,Agent,MW,Consolidation
D8U8NOZ,39,46679,686,9863,90+,IVR,NE,Consolidation
OG4C8J6,25,30969,751,34083,1-29,Web,MW,Private
3S8PGBZ,75,35199,608,13772,30-59,IVR,NE,Consolidation
OZ2IMB3,36,12000,675,31601,90+,Mobile,MW,Federal
KAH8OXE,24,52949,702,37994,60-89,Agent,MW,Federal
JJ30TLD,47,82486,604,32326,60-89,Web,MW,Consolidation
9OJRGHR,50,94611,626,31954,1-29,Web,NE,Consolidation
LGDVC2G,55,55138,677,50274,30-59,IVR,NE,Federal
VHO8KTO,71,42124,722,46510,60-89,Mobile,NE,Consolidation
XXHZ6ZM,28,65745,646,46918,90+,IVR,NE,Federal
8R1Z4QT,45,33027,690,27702,60-89,Mobile,MW,Consolidation
8OPEVHT,41,29829,708,23745,30-59,IVR,W,Federal
9BY8NHQ,36,39782,681,26968,1-29,IVR,MW,Federal
7GQJT51,21,86998,675,0,90+,IVR,S,Consolidation
XGPB204,69,49108,603,41417,30-59,Mobile,W,Consolidation
FG3MWU4,23,28479,734,38009,Current,Web,NE,Private
MJMBFOG,73,47732,687,8578,Current,IVR,NE,Consolidation
WLIUVJ4,69,31807,701,57583,30-59,Agent,W,Private
OB6KB9Z,75,52473,720,29980,90+,IVR,S,Private
79V37PR,43,91887,682,29243,Current,Mobile,S,Consolidation
PHYKIZ8,29,39094,706,52908,1-29,Mobile,MW,Private
D6VNXNP,65,50724,634,30080,60-89,Web,S,Private
AYM9Q11,36,42771,737,38079,1-29,Agent,NE,Private
VNNVBZW,73,41255,758,17911,90+,Web,NE,Consolidation
D97QQ1Q,26,89436,701,57642,1-29,Web,NE,Federal
Q17DEHE,56,28553,633,16256,1-29,Web,MW,Federal
23RHU1R,40,69869,603,0,60-89,Web,W,Private
D48EEGE,61,36003,653,45122,Current,Agent,NE,Consolidation
KFLAB0Q,75,28169,670,12015,Current,IVR,W,Federal
6OCSVS1,41,51717,662,0,60-89,Mobile,S,Private
YKFX8WB,41,75982,645,26098,1-29,Agent,MW,Consolidation
3P91I3V,32,34735,750,27507,Current,IVR,W,Consolidation
1P7XHZ2,50,37628,661,59722,1-29,Agent,MW,Private
R1YXR2D,48,81247,717,49302,60-89,Web,MW,Consolidation
NZGBLQK,21,78444,741,33647,90+,Agent,S,Federal
5E742GR,54,52046,750,41413,60-89,Mobile,MW,Consolidation
PG4GKS6,48,51656,633,22124,Current,IVR,MW,Consolidation
PTKFTUW,55,44680,671,37186,1-29,Agent,MW,Consolidation
NY181AC,23,29534,608,48467,30-59,IVR,NE,Consolidation
V09AMPT,38,103266,725,38482,Current,IVR,NE,Federal
MKMK9U9,60,41653,692,23457,90+,Mobile,S,Consolidation
DHGZZ0J,37,53013,727,46298,90+,Web,S,Private
57BMTT7,28,89194,651,0,Current,IVR,NE,Consolidation
C94TWKC,29,46034,721,28448,60-89,IVR,W,Consolidation
HQW69XH,63,48209,668,14358,60-89,Mobile,W,Private
GBJWAVL,65,55375,660,39987,1-29,Web,W,Federal
FDBM1SW,73,12000,676,54697,30-59,IVR,NE,Private
1HGAV42,21,56298,660,31815,1-29,Agent,MW,Federal
6JJTB8Q,41,26924,667,43408,30-59,IVR,S,Consolidation
GJCJ5DO,53,49745,752,6275,Current,Agent,W,Federal
09HZBGT,60,33750,712,47433,90+,Mobile,NE,Federal
DLOGWLA,30,80713,659,48301,Current,Web,S,Federal
8GGHTV3,26,90529,621,47891,Current,Web,S,Private
32O4H1I,63,39509,672,58719,30-59,Agent,S,Private
MPRGAAO,51,44180,736,39845,90+,Agent,S,Consolidation
WK8R2YK,32,33444,683,29353,60-89,IVR,S,Federal
EOTHCW1,48,21732,746,32797,30-59,IVR,NE,Consolidation
3T7C69B,22,31447,659,55134,Current,Mobile,MW,Private
1UMTCB7,62,100696,519,25915,Current,Mobile,W,Private
AAOO91O,41,29522,634,25969,60-89,Agent,S,Federal
LCGQLLX,51,54227,688,27410,30-59,IVR,NE,Private
9LHALCK,48,30704,722,68074,1-29,Web,W,Federal
R39IIXH,39,53314,671,15879,Current,Web,NE,Consolidation
SWVTQQK,37,35250,648,8378,90+,Agent,NE,Federal
N2Y8FV2,34,88252,782,13081,1-29,Mobile,NE,Private
CX8G4XU,68,79944,772,6934,30-59,Agent,MW,Federal
6NLM4GL,57,88427,724,39223,90+,IVR,S,Federal
3BQ6FWS,43,31079,495,32131,30-59,Web,MW,Private
NUAJPBP,31,47352,673,57859,90+,Agent,NE,Private
GXQSRLX,29,58810,676,27716,1-29,Web,NE,Consolidation
OQJ6G6C,34,32976,623,0,1-29,Agent,MW,Private
4RBBNOM,72,62279,594,54296,60-89,IVR,W,Consolidation
2HK724D,27,30678,570,36007,30-59,Mobile,NE,Private
9RSW8KB,36,41215,712,39232,90+,Agent,NE,Federal
G3IX27K,43,52354,544,46204,90+,Web,W,Consolidation
6XJJERE,43,44096,605,3399,90+,Web,S,Private
6GFXAMH,21,51329,734,66494,90+,IVR,S,Private
LJXGD3U,37,45758,712,23885,30-59,Agent,W,Private
24UNFTW,49,106583,685,24466,Current,Mobile,MW,Consolidation
0S1F537,29,63655,726,16443,30-59,Mobile,MW,Federal
83O3NYM,56,57629,676,13201,Current,Web,MW,Consolidation
LJVGSCD,34,87828,659,22837,30-59,Agent,W,Consolidation
3B9SO0U,50,52093,679,0,60-89,Agent,NE,Private
1I5DP13,35,82601,682,72414,Current,Agent,NE,Private
G3C36F5,27,46761,537,9080,90+,Mobile,NE,Consolidation
OE5IOMQ,29,37594,741,2634,90+,Web,S,Federal
0Z86HEV,75,62989,756,47022,60-89,Mobile,MW,Private
UIDVJPS,19,61622,643,44855,30-59,Agent,NE,Federal
MAYTXLA,71,40372,675,8613,1-29,Web,NE,Private
D5JADFY,57,42403,595,28778,30-59,IVR,W,Private
MQVFLGH,19,23013,708,37776,30-59,Mobile,S,Federal
HYB7TH3,18,39841,601,8963,30-59,Agent,MW,Federal
W24WJT8,24,75821,568,24371,90+,IVR,NE,Private
0VK99JZ,65,40554,700,46308,1-29,IVR,MW,Consolidation
SPAJLRC,36,51091,731,16845,1-29,Agent,NE,Private
S9W8AX6,32,78581,793,0,1-29,Mobile,MW,Private
NRSHFCA,68,54159,653,56700,30-59,Mobile,NE,Private
XK31WBH,24,25415,709,0,90+,Mobile,W,Private
6F7761X,20,42431,713,14402,60-89,Mobile,W,Consolidation
JJQ9K6R,22,32457,733,21266,60-89,Web,S,Consolidation
FHH54S4,45,24460,731,24099,60-89,Agent,MW,Private
07PUD6W,59,86963,663,52360,30-59,IVR,NE,Federal
NMTMUD6,21,44979,805,0,30-59,Mobile,NE,Private
1F9LQ6W,56,43763,664,17241,1-29,Web,W,Consolidation
G24GVA3,46,33948,673,32581,Current,Web,S,Consolidation
Q2MHI7O,64,58333,595,30773,90+,Mobile,W,Consolidation
LI72W4O,19,12449,691,14349,Current,Mobile,S,Private
0C3BX6I,65,51690,699,36188,90+,Agent,MW,Federal
FDR756S,45,66023,678,29308,Current,Agent,NE,Private
0UR5L8A,47,39300,623,1765,90+,Mobile,MW,Federal
V4L9L7T,59,141788,659,32489,1-29,Agent,NE,Private
U943FWJ,20,59926,628,4381,90+,IVR,W,Consolidation
1RCAUM6,34,54078,731,21044,90+,Web,S,Federal
XM8BVZL,64,13631,701,43667,60-89,IVR,MW,Private
77WRMM2,33,56534,672,38071,60-89,Web,W,Federal
THRUU5E,18,70444,639,44849,60-89,Web,W,Federal
GOUIFEZ,28,59025,681,44829,60-89,Mobile,W,Federal
15U50FH,35,72040,729,8841,60-89,IVR,MW,Private
32ORWIX,24,33003,672,18149,60-89,Mobile,NE,Federal
D6IH10E,75,55764,696,0,30-59,IVR,S,Consolidation
SYKQVOX,57,36170,705,10358,Current,Web,MW,Private
H0Z1EUW,31,12000,751,31093,1-29,Agent,W,Federal
I670NJE,40,72467,676,42712,60-89,Agent,S,Private
UTCNOWE,20,77996,709,50918,60-89,Web,W,Private
G46K9Y8,50,39135,675,628,60-89,Mobile,S,Consolidation
A95JEE6,63,56468,657,30282,1-29,IVR,MW,Private
67MC25F,69,22861,727,43849,60-89,IVR,NE,Private
3T60RJI,18,54346,649,36115,90+,Mobile,MW,Private
X75UHNA,41,48675,739,29851,1-29,Agent,MW,Private
M4EFS17,35,40927,625,3147,90+,Agent,W,Federal
F3GQ7P7,71,43617,608,23227,30-59,IVR,NE,Private
LP4VN2V,29,103512,814,40964,Current,Web,MW,Federal
OS87MVZ,31,40766,653,68437,60-89,Web,NE,Consolidation
AT9MX2X,32,53742,600,44086,30-59,Mobile,MW,Consolidation
3A8N5D3,67,49630,737,52918,30-59,Web,MW,Consolidation
GACEPL2,40,29017,628,10562,Current,IVR,S,Private
69620ZX,49,34855,613,301,60-89,Web,NE,Private
40SQCNF,36,16579,704,38198,30-59,Web,NE,Consolidation
TZY5IK1,22,50278,667,25490,30-59,Mobile,MW,Federal
WFIAJIJ,40,66029,719,62102,90+,IVR,S,Federal
9Q8WHT3,25,36487,649,46452,60-89,IVR,S,Federal
O9IH4O8,53,34383,676,15343,60-89,Agent,S,Private
1HE9WIE,66,55158,633,30712,1-29,Mobile,W,Consolidation
7IZVA3T,69,68727,715,19532,60-89,Agent,S,Private
H3RPRGY,74,64924,677,60627,60-89,Agent,NE,Consolidation
27S9BU1,25,90592,689,58988,Current,Agent,W,Private
25N8L6V,66,48227,607,66314,60-89,Agent,NE,Consolidation
WO6NLPV,33,58958,671,0,90+,Agent,W,Federal
GVZ9AAW,70,64531,776,0,1-29,IVR,MW,Federal
U4BMRCO,34,51094,679,27376,1-29,Agent,MW,Federal
FE5OPLI,29,54898,679,31245,90+,IVR,W,Consolidation
8F10BN1,61,12000,617,25007,30-59,IVR,NE,Federal
QKW19TL,52,37729,773,20166,30-59,IVR,MW,Consolidation
UNS0U5Q,58,46815,807,17981,30-59,Mobile,NE,Federal
NMG14ZZ,50,43681,742,16721,1-29,IVR,MW,Private
EQ1ZQ8D,25,41893,669,32196,90+,IVR,W,Consolidation
3I07KDV,41,45499,726,45649,Current,IVR,W,Federal
4QXXVA2,23,50273,547,11411,30-59,Web,W,Federal
V57HLSZ,60,41608,661,27878,90+,IVR,W,Private
6QE7AJU,35,28382,682,58536,90+,Web,W,Consolidation
5JSLHGM,46,53307,691,41582,1-29,Mobile,S,Private
O485D4V,64,52741,641,41259,60-89,IVR,MW,Consolidation
1NOUHTC,73,65969,587,29609,30-59,Mobile,MW,Federal
KUG2ML1,33,33904,733,23122,60-89,Web,NE,Consolidation
PFORPOK,54,76342,604,30169,60-89,Agent,S,Private
PR424TK,65,91185,574,46455,Current,Agent,S,Federal
JGUCF1E,74,74405,703,45446,30-59,Web,NE,Consolidation
6L1XXX2,54,56482,655,17348,30-59,IVR,MW,Private
LLIFFCV,18,35939,727,42888,30-59,Web,MW,Consolidation
12QZU8D,38,37308,702,50170,Current,IVR,NE,Private
AD1ZWAE,32,65878,726,24935,90+,IVR,W,Private
R8VO4KV,47,75000,679,44374,1-29,Agent,S,Consolidation
L30KASZ,55,50111,714,15211,1-29,Mobile,MW,Federal
BFN9KR2,59,45695,623,9665,1-29,Mobile,NE,Private
G0KXXKX,63,108244,560,33411,Current,Web,S,Private
DIMQZ30,58,55914,609,21596,30-59,Agent,MW,Consolidation
K7DCU88,55,62357,567,66554,30-59,IVR,S,Private
PAIIUCU,54,67476,617,23289,30-59,IVR,S,Consolidation
6F1KYNT,24,16246,637,24627,Current,Agent,W,Federal
ZUO7MTC,63,39747,589,49480,30-59,IVR,NE,Consolidation
C0T8DHD,40,42605,574,1548,60-89,Mobile,W,Consolidation
HY7AI33,60,40114,747,6091,30-59,IVR,S,Federal
XXK7TTM,75,19699,755,50345,30-59,Mobile,W,Federal
27BRT8I,39,106804,721,21774,Current,Web,S,Federal
AX808H0,70,72962,682,51581,1-29,Mobile,S,Private
GACWAQA,49,68769,703,25674,Current,IVR,W,Consolidation
S0R778N,27,33337,707,0,Current,Mobile,MW,Federal
JRPE2XN,53,37646,647,12784,30-59,Mobile,W,Federal
VC7AE9D,63,49499,632,12850,1-29,Mobile,MW,Federal
VJK9T8X,48,30854,712,58797,30-59,Web,NE,Private
MOW99W1,42,76211,715,0,60-89,Agent,W,Private
WZWDA17,53,68559,768,18238,1-29,Web,MW,Federal
4HOAWQF,37,52624,645,7995,90+,Web,NE,Federal
53V2E5N,59,56366,627,33509,1-29,IVR,MW,Private
EDQFC1Y,71,55067,681,36648,30-59,Agent,MW,Federal
GKQ8UL4,24,33037,604,31463,30-59,Mobile,MW,Federal
DHTG1D9,51,51064,738,29712,60-89,Mobile,W,Private
JP0ESUS,66,86151,721,37553,1-29,IVR,NE,Consolidation
LQ0XJLA,24,74031,667,26766,90+,Agent,W,Private
GNZ6D86,45,85654,681,40684,1-29,Agent,S,Federal
3M7O5CK,26,50434,703,24399,1-29,Agent,S,Federal
HCBZCXQ,64,65392,664,45047,90+,Agent,W,Private
S2OW5L8,53,47116,654,44551,60-89,Agent,W,Private
QYP891X,29,50244,708,18838,1-29,IVR,MW,Consolidation
2H1TLOM,42,24640,701,35710,90+,Agent,W,Federal
66ZVGIM,25,73366,647,23276,90+,Agent,S,Private
UFXH8P0,69,60729,774,14643,30-59,Mobile,NE,Consolidation
SL66UML,63,49215,693,40765,90+,Mobile,S,Consolidation
NHAPYWD,30,43001,646,22127,30-59,Web,S,Federal
Y76SW1Y,72,40616,602,31230,90+,Mobile,S,Federal
DOZ1OKL,43,49402,725,12662,30-59,Web,NE,Federal
TJPK4W0,27,77870,613,51037,90+,Agent,MW,Federal
LX6EWKJ,34,44449,740,30611,30-59,Web,W,Consolidation
YAPE7OM,32,72397,663,25967,90+,IVR,MW,Federal
T9NM3V2,58,59730,686,36068,30-59,Mobile,S,Private
S8BNIIA,36,17733,687,31649,Current,Web,S,Federal
ENGJ9U6,60,53123,678,6015,1-29,Agent,S,Federal
4YGQX4U,25,35438,651,14717,30-59,IVR,W,Private
HOPQ0UX,54,44242,768,23788,1-29,Mobile,MW,Consolidation
BMEK1MQ,23,72670,673,8991,90+,Web,S,Private
JTPS9O5,47,39858,641,8603,60-89,Agent,W,Federal
4OI6W6N,60,62692,750,21994,60-89,Mobile,MW,Consolidation
3FLWL91,58,43394,646,18123,30-59,IVR,NE,Consolidation
SL828YC,30,56258,625,40843,Current,Mobile,S,Private
3N6675T,62,73884,704,33656,30-59,Agent,NE,Consolidation
JR8FL9V,66,72868,629,39008,60-89,Mobile,S,Consolidation
2XCB3YY,54,12000,713,44951,60-89,Web,W,Consolidation
OY9QJS7,38,75152,764,20061,30-59,Agent,MW,Federal
BK0I5FX,54,52268,774,29325,Current,Mobile,MW,Consolidation
DUA47AA,32,51380,597,28428,60-89,Web,NE,Private
SKSA8MM,27,37343,676,27212,90+,Mobile,W,Private
FA489CB,55,65592,651,32602,Current,Web,NE,Federal
KIADYIU,41,50951,725,35683,30-59,Agent,S,Consolidation
YOKEAEA,74,36639,789,33121,60-89,Agent,S,Federal
BZGFLIG,37,46780,643,31846,90+,Agent,MW,Federal
04K0LTH,35,24162,733,18980,60-89,Web,W,Private
I41JIP2,64,75625,841,27433,Current,Mobile,W,Federal
MBVUCWQ,65,87974,765,4300,30-59,Web,W,Private
77JZC58,19,37207,592,14110,60-89,IVR,S,Consolidation
7WT8PUN,39,63382,702,25022,30-59,Web,S,Consolidation
DX4W3LN,64,46786,761,31500,30-59,Agent,MW,Federal
E1YBMZP,38,47330,627,67451,Current,Web,NE,Federal
XGUMDF4,35,73219,659,31516,30-59,Mobile,S,Private
JVEBBYN,67,53394,747,26349,1-29,Mobile,S,Federal
EHPZRV7,58,36967,659,8897,90+,IVR,S,Consolidation
UPP3FLC,42,36135,542,29851,30-59,IVR,W,Federal
2GWUFQG,33,50209,616,0,60-89,Web,S,Federal
W0YFKOE,61,46773,664,13773,1-29,IVR,NE,Consolidation
AELDWQX,26,74892,745,57980,90+,IVR,NE,Consolidation
G94JNLM,23,42680,750,26710,1-29,IVR,NE,Federal
3LFLN7F,53,56828,684,16080,30-59,Mobile,MW,Consolidation
K55ZX6B,29,44986,817,24680,60-89,Web,W,Consolidation
A9A1N3I,46,81932,613,48080,30-59,Web,MW,Consolidation
FW5Q52D,19,34734,698,56233,60-89,Agent,NE,Consolidation
1P5BB46,18,72570,702,19689,90+,Web,NE,Federal
O37U9SS,73,29159,664,36585,30-59,Agent,MW,Consolidation
5MD3EXU,66,60748,637,24821,Current,Web,W,Private
M8RABR6,73,12000,702,48482,1-29,IVR,S,Federal
JKCU5X0,66,43535,629,26036,60-89,Web,NE,Consolidation
MWD3P8Z,43,26250,753,11146,Current,Agent,W,Federal
F4LUR02,67,34654,667,34621,30-59,Agent,NE,Private
G99L349,70,47114,556,30754,30-59,Agent,S,Consolidation
8XAEJGN,72,66166,685,34000,60-89,Mobile,MW,Federal
DL7NHYM,65,63273,692,46584,90+,Agent,S,Private
100WNT0,73,58980,641,31699,Current,Agent,W,Federal
HN8VJF3,26,46679,688,6792,60-89,Web,W,Federal
40ACUHG,45,84532,666,25993,1-29,Agent,S,Private
TXMZI9Y,53,31614,589,33935,90+,Web,MW,Federal
MSY5YPC,71,71003,655,45634,90+,Web,NE,Private
NRVVQFN,44,82241,784,34858,60-89,Agent,NE,Federal
HTZRRJK,24,55961,661,44841,1-29,Mobile,NE,Private
JK66KE9,71,42639,575,47621,60-89,Web,S,Consolidation
1PZGSVA,20,31992,736,37930,1-29,Web,MW,Federal
VNXIV9I,53,56737,660,21155,90+,Mobile,NE,Federal
7X34UDC,67,62219,671,44957,90+,Agent,S,Consolidation
1S6EQXX,67,59275,724,31008,90+,Agent,S,Consolidation
JLOPO6J,37,47545,567,32450,30-59,IVR,W,Federal
QZW3C1Q,37,41939,605,12783,30-59,Mobile,MW,Federal
1B98VWC,73,49483,679,9394,30-59,IVR,S,Federal
5AGP60Q,48,96738,635,17309,1-29,Agent,S,Federal
OAT0LEU,44,67936,634,0,60-89,Web,MW,Consolidation
WVBYE9S,20,41895,587,12630,60-89,Agent,W,Consolidation
69UGNEK,58,75581,722,31604,Current,IVR,NE,Federal
AUBM3BC,49,33136,712,25123,1-29,Agent,MW,Federal
HJSHZKB,49,47723,773,37726,90+,IVR,W,Private
W66V3JR,56,19744,808,51291,90+,Mobile,W,Private
AC9PFHJ,50,64939,655,32018,1-29,Web,NE,Federal
7G2MVKG,71,54699,602,17473,30-59,Web,W,Private
Z8U5DLO,55,35993,633,10493,60-89,Agent,S,Consolidation
O88V78R,51,91783,769,31309,Current,Web,MW,Federal
CZJX59R,54,53198,704,46362,60-89,IVR,S,Private
088O98B,42,53449,752,45782,60-89,Web,W,Federal
IBZZ0Q4,61,55204,738,16383,90+,Web,MW,Federal
E38DALY,73,16530,662,14155,30-59,IVR,S,Consolidation
3P15AHD,28,57255,712,32224,60-89,Mobile,MW,Federal
5BQWYO6,51,60422,564,10042,30-59,IVR,MW,Consolidation
Z3CEGBM,44,64102,720,31756,30-59,Web,MW,Private
1924HYE,49,40831,589,16808,30-59,Mobile,W,Consolidation
F92MOVS,36,48538,616,20604,30-59,Agent,S,Consolidation
H67P7Q4,31,42072,671,52933,1-29,Mobile,S,Private
Z5X51O0,32,54981,673,32968,90+,IVR,W,Private
MDRDSFE,30,33176,790,36396,60-89,Web,W,Federal
SJJ583B,70,62978,684,40834,Current,Agent,NE,Federal
4FSHOHS,63,27295,718,70399,60-89,IVR,NE,Private
7HWUWOS,57,53772,675,35061,1-29,IVR,MW,Consolidation
Y0A94XF,59,43919,621,32738,30-59,Mobile,MW,Private
W522HR9,53,77655,770,33496,60-89,Web,NE,Federal
1N77UC5,65,34128,669,57880,60-89,IVR,MW,Federal
GV44FTJ,56,46000,738,7301,Current,Mobile,S,Federal
NOBK8HU,75,12000,730,40553,60-89,Mobile,MW,Consolidation
QWLVUNL,51,38510,676,4011,30-59,IVR,NE,Private
8MVHAEW,69,18864,645,54211,Current,Agent,MW,Federal
06L8ZG6,39,57737,613,38038,90+,Mobile,MW,Federal
A3WG1I7,70,35818,715,0,Current,IVR,MW,Federal
B1RPZD8,68,31438,712,39252,30-59,IVR,W,Consolidation
27NK81T,67,30782,600,31158,30-59,Web,S,Federal
ET59RM7,27,24876,753,60258,60-89,Mobile,NE,Private
97DIYX0,38,54318,679,46312,30-59,IVR,W,Private
AEXMOJD,66,37653,682,14161,90+,IVR,MW,Private
3CBZ2DL,68,63769,750,20805,Current,Mobile,MW,Private
FJDBE2X,53,57062,676,35469,30-59,Mobile,MW,Consolidation
0R3ININ,50,49799,653,17282,90+,Agent,NE,Federal
S8DYDGL,21,72951,677,59199,Current,IVR,W,Consolidation
BPIHHB1,37,86819,681,3469,60-89,Web,MW,Consolidation
KNDG1JR,54,25957,710,16175,90+,IVR,NE,Consolidation
1HD9N1O,59,57222,659,48764,Current,Agent,MW,Federal
LJT18Z0,43,49447,635,29618,30-59,IVR,NE,Consolidation
6OAFN33,62,58933,709,47507,30-59,Agent,NE,Federal
3SOJPX1,28,35848,750,35515,1-29,IVR,NE,Federal
WXIVORI,40,61490,746,43404,30-59,Mobile,W,Federal
DXZFLMR,28,58455,680,3884,Current,IVR,NE,Federal
7Y8XLTN,40,41830,645,4757,90+,IVR,S,Consolidation
ADHE709,64,78540,684,55701,90+,Agent,MW,Federal
8WP94P4,38,72819,666,50971,60-89,IVR,S,Consolidation
EIMVIHC,74,54890,721,30636,Current,Web,W,Federal
CU3FG00,53,32170,757,34708,30-59,Web,MW,Private
OQYNIT3,19,20099,685,18905,90+,Agent,NE,Consolidation
MLFK3C0,73,71760,674,45294,60-89,Mobile,MW,Consolidation
WMDK8OQ,33,64097,629,34208,60-89,IVR,NE,Private
A2FYRY9,63,60498,703,31130,60-89,IVR,MW,Private
HNAQB3F,25,48958,715,3821,90+,IVR,NE,Consolidation
ADXDF21,68,48870,705,24287,1-29,IVR,S,Consolidation
QENHSWD,38,81075,683,45897,90+,Mobile,MW,Private
S1BWMF8,32,81779,767,0,90+,Mobile,W,Consolidation
PT0RKXQ,56,35330,632,28192,60-89,Web,NE,Consolidation
8BIXOIQ,65,63582,749,40445,Current,Web,W,Federal
HHIGVUM,39,62247,709,45424,1-29,Mobile,MW,Consolidation
VSZ2TVH,69,30827,700,38181,Current,Web,MW,Federal
HQ574V9,31,12000,787,62238,1-29,Mobile,W,Private
5ZOW60Z,22,12000,656,29482,60-89,Web,MW,Federal
1O9T1HW,64,56507,600,0,30-59,Agent,S,Private
MBO4KF9,30,92149,718,22376,Current,IVR,W,Consolidation
JYQTAYB,22,22893,694,60387,90+,Mobile,NE,Federal
HG9NCBE,31,56156,706,58277,Current,Mobile,NE,Private
3D95CEE,40,58635,720,50438,Current,Agent,W,Private
GYWIYME,72,14523,741,38729,60-89,Mobile,W,Private
FIXLBO9,26,70725,785,19118,30-59,Web,W,Consolidation
JRCHT1T,22,75068,641,22007,60-89,Mobile,NE,Federal
2FZXOTC,37,46787,663,38908,1-29,IVR,MW,Federal
0GT5CTA,64,68269,645,31898,30-59,Agent,S,Private
9Q3T08A,50,42460,707,41088,1-29,Web,MW,Private
BPCQ4AD,39,75353,667,0,60-89,IVR,MW,Consolidation
ZV4TY9Y,60,27748,649,27946,30-59,Web,MW,Private
IIXKUOZ,48,46508,653,25455,Current,Mobile,S,Private
L3XT8S7,39,46399,826,40324,1-29,Web,NE,Consolidation
7C6QC6K,22,55464,751,21417,30-59,Web,W,Private
VXJRYQJ,46,61103,688,29402,90+,Web,MW,Federal
U3CEGSA,35,14513,805,42950,90+,Web,S,Private
U4AVPMX,33,49395,656,6949,60-89,Web,NE,Consolidation
G0GTPF4,67,62809,776,32991,Current,Agent,MW,Private
RWBRBLB,69,20269,640,34959,1-29,Mobile,W,Private
WZSV6Y3,22,51756,645,36874,Current,Web,S,Consolidation
S3JONOU,56,40772,611,38909,90+,IVR,S,Private
YO6HFD7,70,84187,696,12706,30-59,Web,W,Private
Y87Q19U,29,36387,631,25853,90+,Mobile,S,Federal
QW64B9K,58,96732,665,8957,Current,IVR,MW,Consolidation
GIK1E6U,44,12000,526,24660,60-89,Agent,MW,Private
GM5CDIO,26,62997,712,31687,90+,Web,S,Federal
1SNBC5A,23,75957,675,37455,1-29,IVR,NE,Consolidation
XX3ZCS1,75,75745,632,30307,30-59,IVR,S,Consolidation
31BXPGW,55,26395,738,3425,60-89,IVR,MW,Federal
8UUHNYK,46,13901,679,29949,30-59,Mobile,NE,Federal
LCFS831,67,70821,674,18036,60-89,Agent,MW,Private
V7C6S5N,62,70052,643,26517,30-59,Mobile,S,Private
7BLW9MA,75,93979,571,13587,Current,Mobile,MW,Private
84AZYTJ,33,98455,702,57630,Current,IVR,S,Federal
EXGGOC5,24,21754,673,15265,1-29,Agent,S,Consolidation
VYX9D18,37,111507,671,6627,Current,Agent,S,Federal
JQ9RVN9,41,39603,558,9260,60-89,Agent,MW,Consolidation
PBT1Q27,46,24936,698,9494,30-59,Web,S,Consolidation
2CLYID8,29,12000,745,20376,1-29,Agent,S,Private
IVSRLZX,45,103086,741,17540,Current,Web,NE,Consolidation
G4G7NIE,59,67962,702,22540,60-89,IVR,MW,Private
MH7LKY5,41,24934,657,36338,1-29,Web,S,Private
U9QEGU5,37,58812,662,25396,Current,Agent,NE,Federal
GI9P8TF,29,47654,745,29906,90+,Web,W,Federal
J6VV8SU,38,92704,693,40296,Current,Web,S,Federal
M04ACC7,50,33707,679,17663,60-89,Agent,MW,Consolidation
VWPVS7H,60,28929,786,39418,90+,Web,MW,Consolidation
KVV411Q,45,86990,727,26801,30-59,Agent,MW,Consolidation
9A8F8BO,65,67001,613,59984,30-59,IVR,W,Private
RG2GZR7,43,48993,645,13141,Current,Mobile,W,Federal
JCMRSEZ,18,79907,657,48357,1-29,Agent,MW,Consolidation
49V7JNR,70,23810,731,6654,90+,Mobile,MW,Federal
9V1T4JX,25,48030,772,42707,90+,Agent,NE,Federal
X8UWTK7,54,86171,626,40312,60-89,Agent,MW,Private
4ZXD82B,61,63487,698,13934,Current,Agent,S,Private
NMLWVAP,64,54034,633,26139,1-29,Web,MW,Private
9DVWS3K,34,74896,648,50551,Current,Web,W,Consolidation
KDEF2MG,43,12000,793,32033,30-59,Web,NE,Consolidation
7KFSEQH,75,48149,691,51449,1-29,IVR,S,Consolidation
U2LYDKG,62,26509,688,27024,1-29,Mobile,W,Private
4GN9SLX,24,67175,647,16075,1-29,Mobile,S,Private
S1K9YE9,25,72438,700,42960,90+,Web,MW,Federal
A97L6X2,45,68885,633,39236,90+,IVR,MW,Federal
UZ1KKTD,18,40931,688,41597,Current,Agent,NE,Consolidation
HT3IE68,52,20156,666,37165,1-29,IVR,NE,Private
U73Z8EZ,25,18867,631,0,Current,Web,W,Consolidation
PKHEL70,70,42663,630,15028,Current,Agent,W,Private
806QXN6,19,30936,682,6747,30-59,IVR,NE,Private
TCP01VW,49,56287,687,41442,90+,Agent,NE,Private
C3GT0KO,37,60649,782,40738,30-59,Web,MW,Private
QKIH548,60,62161,656,36000,Current,Agent,W,Consolidation
JTCS5QX,39,49078,686,45488,1-29,Mobile,S,Consolidation
ECCFS7I,28,97806,691,16462,Current,Agent,NE,Private
1FBTWTW,40,43459,714,33579,30-59,Web,W,Private
BRW3G91,37,54561,713,27648,90+,IVR,MW,Private
79Z67YY,58,49672,756,12424,90+,Mobile,S,Federal
25LD9E9,71,23292,634,26375,Current,Mobile,W,Private
3X5GRN5,52,78678,657,31349,Current,IVR,MW,Consolidation
G29D2FF,43,80129,611,22662,90+,Mobile,NE,Federal
MOXSFH4,25,43488,765,33827,60-89,IVR,S,Consolidation
12YIVFQ,59,64031,772,1803,1-29,Agent,S,Federal
3MNA9TV,72,33522,624,36440,30-59,Agent,W,Federal
NKTKP2P,66,66824,662,16386,60-89,Agent,MW,Consolidation
M0AF63B,65,37219,707,57903,Current,Web,S,Consolidation
J784KON,68,56553,693,0,1-29,Web,NE,Federal
XTME7H8,39,65709,640,8517,Current,Agent,W,Private
8TRPO01,20,38230,692,23555,90+,IVR,NE,Federal
OCVVV6F,51,46643,576,38924,30-59,IVR,MW,Consolidation
O1KVTOR,41,76432,692,33109,1-29,Mobile,MW,Private
8ZUFJWF,38,24674,670,41538,1-29,IVR,W,Private
S2DVGON,25,100160,793,26424,Current,IVR,W,Federal
3RMZM4Q,23,40131,523,11043,30-59,Agent,NE,Federal
RRQSRNH,21,50769,793,3873,60-89,IVR,W,Consolidation
3SUO70W,73,28584,581,46740,60-89,Mobile,MW,Federal
C9ASZ5G,58,95923,666,0,Current,Agent,NE,Private
PZIAJN3,66,70031,618,43,30-59,Agent,NE,Consolidation
YWT9OCN,67,79390,745,48514,30-59,Web,MW,Consolidation
6R0AMC6,52,12000,557,24076,30-59,IVR,W,Private
5I30484,19,56841,661,17194,30-59,Web,MW,Federal
EFOJHOF,73,72664,630,1643,60-89,Agent,W,Consolidation
0PMQF6B,71,32684,637,50540,Current,IVR,W,Private
WD1XMXB,30,42385,753,25767,60-89,Mobile,W,Consolidation
C2DZDRH,18,68472,723,3262,60-89,Agent,MW,Consolidation
VFH7B0A,43,22245,669,35792,1-29,IVR,NE,Federal
T1DTRB6,61,65807,690,24313,1-29,Web,W,Consolidation
BRU2QLC,25,58325,576,52479,60-89,IVR,W,Consolidation
6QE3RZS,40,51998,652,4585,60-89,IVR,NE,Federal
C0ERJE4,36,77840,676,0,Current,IVR,W,Federal
841LCLJ,48,62918,575,52990,30-59,IVR,S,Federal
ABA6ZCU,23,32139,715,7197,30-59,Web,S,Private
R656EBJ,21,46167,679,0,90+,Web,MW,Federal
MYU08QG,38,43676,692,30535,30-59,Web,NE,Consolidation
GT30GCH,47,81692,645,55207,Current,Agent,NE,Federal
IP0BQCN,52,46068,634,49504,Current,Mobile,NE,Consolidation
SY80W5G,47,51396,657,42039,1-29,Web,NE,Private
R6L5AKG,21,35902,734,48566,Current,Agent,W,Private
G33Y6Y7,33,69272,766,44431,1-29,IVR,W,Consolidation
RWY8ZOI,58,44332,555,4429,30-59,IVR,MW,Private
KA7LXX0,47,55945,660,0,1-29,IVR,NE,Federal
A1HB1VB,24,12891,704,35710,1-29,Mobile,S,Private
SZFM6E8,31,74622,722,50220,90+,IVR,MW,Private
P94RWGK,66,41551,698,10120,30-59,Agent,W,Private
95S2GKF,25,75384,719,39625,90+,Web,MW,Federal
1UF3G86,23,47122,705,36067,1-29,Mobile,W,Consolidation
EGOK01T,66,64149,711,44868,60-89,Web,S,Federal
1TYJAVF,55,73847,606,6026,30-59,Web,MW,Private
923O359,37,98605,636,28711,Current,Agent,MW,Consolidation
27YH6UA,58,73897,697,4968,Current,Web,W,Consolidation
CIFL79R,26,51012,669,31207,90+,IVR,NE,Consolidation
2J9NVTN,62,102435,711,47975,1-29,Agent,W,Federal
6SWYU2R,47,18588,700,47062,Current,Web,W,Consolidation
6WST0XO,22,12000,576,0,60-89,Web,S,Consolidation
LBUWCHG,20,41326,647,13572,30-59,Mobile,W,Private
DIV8U36,21,53311,683,8082,Current,Web,MW,Federal
BYACH4L,30,40869,636,44842,90+,Agent,S,Federal
8CD31NR,44,57890,667,34603,1-29,Web,NE,Private
8HRAV85,70,47927,791,10124,30-59,Mobile,MW,Federal
994PN8Q,42,85803,542,30137,90+,Mobile,MW,Private
Y5V9JRE,45,12000,722,24879,90+,Mobile,W,Federal
VHOIQND,18,51043,697,34925,90+,Web,MW,Private
WOE9WNQ,45,45006,786,41551,Current,Mobile,MW,Private
KI19UR8,31,44889,673,10877,60-89,IVR,NE,Private
LNITQ77,27,57122,646,0,Current,Mobile,S,Consolidation
7B0JDY3,53,58278,681,12052,30-59,Mobile,NE,Consolidation
5UQQITL,62,81248,640,22120,60-89,Mobile,S,Federal
LYTGVKY,65,70268,573,28763,60-89,Mobile,NE,Consolidation
37OV9WX,48,71350,615,28235,60-89,Agent,NE,Consolidation
XGF73N9,57,34236,668,20132,30-59,Web,NE,Private
84P4K9D,51,17213,681,27915,Current,Mobile,W,Private
ERY74R2,53,33920,606,13946,90+,Agent,MW,Consolidation
9DKLWAZ,22,19324,717,45090,1-29,Mobile,MW,Consolidation
18QQVAE,66,58045,709,4274,30-59,IVR,S,Federal
D4MWPMI,40,78876,752,40510,90+,Agent,MW,Federal
922D0NX,55,39319,597,53474,60-89,Mobile,S,Private
J44LHZA,35,52838,588,46980,30-59,IVR,S,Federal
7RY21G6,63,26106,722,63315,1-29,Web,S,Federal
ADUVL91,75,25608,728,7841,30-59,Agent,S,Federal
1XUHDGD,60,60693,698,46607,60-89,Agent,S,Private
I3FRLIM,39,14194,726,60750,1-29,Web,W,Federal
DRGTZ6Q,45,47100,601,15625,90+,Web,S,Consolidation
PT318YW,65,67617,719,2045,Current,Agent,W,Private
KHE0SDP,21,50011,733,15548,Current,IVR,W,Federal
HE441EY,43,96868,693,44132,Current,Agent,S,Consolidation
CBC5TNL,54,89290,710,19700,30-59,IVR,S,Federal
ADIGSNT,58,60689,660,19437,30-59,Web,W,Consolidation
DRRVI0R,73,43044,510,33874,30-59,IVR,NE,Consolidation
41SASCE,39,47402,701,4316,1-29,Web,NE,Consolidation
F4NDRFD,38,53741,606,52500,60-89,Agent,NE,Federal
JWM5THV,59,45362,676,34855,90+,Agent,S,Private
EX1ERGW,63,93725,711,46649,1-29,Web,MW,Federal
U65S6Y5,55,17119,710,34573,1-29,IVR,NE,Federal
LAXHNOC,54,46387,643,24928,90+,Agent,S,Private
PT5R5RC,69,45037,707,43802,Current,Mobile,W,Consolidation
LC1TLW7,24,106765,638,0,Current,Web,W,Federal
1K88NO1,39,46036,657,0,90+,Web,MW,Consolidation
L5T76UX,29,84927,664,29442,30-59,Mobile,S,Consolidation
3DOTE3N,66,47065,668,16835,60-89,Mobile,W,Private
X17NQGF,74,44147,732,29169,60-89,Mobile,W,Consolidation
WP5WLF0,35,42239,732,33097,1-29,Mobile,W,Private
M9Q7FTM,29,44224,674,49013,60-89,Agent,MW,Federal
4FYPGPN,48,91708,632,16144,Current,Mobile,W,Consolidation
CWSJB4L,62,54363,650,22877,60-89,Mobile,W,Private
MMDFBHP,38,44044,798,24268,Current,Mobile,MW,Federal
M3TZK3N,60,38745,608,28706,60-89,Web,S,Federal
RIMC6Y1,21,56426,711,27122,Current,Mobile,NE,Private
UTSU3W9,56,82168,647,34093,90+,Web,W,Consolidation
EEVDESI,19,83960,758,8103,1-29,Agent,NE,Consolidation
1OB537Q,24,95404,737,39678,Current,IVR,S,Private
UKGSUIN,42,39352,666,0,30-59,IVR,NE,Federal
GYPM2FM,69,51522,759,61566,Current,Mobile,S,Consolidation
TWV1MM9,58,79214,675,30445,60-89,IVR,S,Consolidation
KII1NQ0,24,57534,697,18150,60-89,Agent,NE,Private
8YSWV20,39,56760,668,40791,30-59,IVR,NE,Private
GQ7GXFX,30,63430,644,10123,Current,Agent,MW,Federal
GELLX8E,75,52076,645,12399,60-89,Web,S,Federal
2327AQF,58,52435,661,29676,30-59,Agent,W,Consolidation
6ZTZ1RB,61,15328,702,12088,Current,Mobile,MW,Private
2LWHEDH,74,61028,697,0,1-29,IVR,NE,Consolidation
8EIRHRL,75,20583,704,32881,1-29,Web,S,Private
PAIH0P4,43,51247,850,30346,60-89,Agent,S,Private
V4ZWL3Z,34,58294,703,38365,60-89,Agent,NE,Private
P3QOI5G,35,34770,602,0,30-59,Mobile,MW,Consolidation
KCXALLS,67,51383,690,0,60-89,IVR,S,Federal
FBK90QG,32,66141,629,24877,1-29,Agent,MW,Private
A1MIOB9,66,81706,624,49556,60-89,Mobile,S,Consolidation
6UXV2O2,22,67696,599,43829,90+,Agent,NE,Federal
242YHFE,42,46635,721,46967,1-29,Web,MW,Federal
QDPQF3I,28,68941,654,5212,30-59,IVR,S,Federal
KJS7YUC,32,43180,684,0,Current,Web,S,Private
IPRQQ5Q,18,71502,690,30900,Current,IVR,MW,Federal
X2CRL39,19,99159,741,27406,1-29,IVR,W,Federal
9OPLLV1,71,32729,696,28766,Current,Mobile,NE,Consolidation
1N6PH1R,33,50422,640,13381,90+,Agent,NE,Private
XP5I97B,18,29036,726,58426,Current,Mobile,MW,Consolidation
8EGT3HF,19,12000,680,55403,60-89,Web,NE,Private
DX1ZR99,37,28206,715,25479,1-29,Web,S,Private
W1YE8UN,61,12328,636,0,30-59,Agent,W,Federal
5PLWQNV,40,73510,794,65400,30-59,Web,NE,Federal
K6TX2IK,67,35034,850,5426,Current,Mobile,S,Consolidation
XEPQ85J,59,20009,623,27586,30-59,Mobile,NE,Federal
RRFOI0H,28,62977,634,11759,1-29,IVR,S,Federal
EI2BRSV,73,31503,617,44009,30-59,Mobile,MW,Private
R75RMG7,20,40428,656,34743,1-29,Web,S,Private
24I11QJ,51,60705,657,45992,90+,Web,NE,Federal
IQ9VOBG,66,65538,731,0,Current,Mobile,W,Federal
G5M296N,28,64454,745,9637,60-89,Agent,W,Private
NLPA5CG,30,32422,596,35247,30-59,Agent,NE,Consolidation
SXFC5Z5,38,43036,656,43641,1-29,Web,W,Consolidation
ZULGTDT,18,79186,638,65797,60-89,Mobile,S,Consolidation
32ATXAB,73,12000,714,14998,1-29,Web,NE,Private
BUH0SVH,71,64150,741,12077,60-89,Web,NE,Consolidation
CSQC2VD,57,15739,686,0,Current,Mobile,NE,Consolidation
OC7HKHB,42,13393,571,13504,30-59,Agent,MW,Federal
HFUEZ5L,50,50175,753,25841,30-59,Mobile,W,Consolidation
C0BOGWH,52,61357,659,43615,60-89,Web,MW,Consolidation
KVBOTZL,65,69610,710,31432,1-29,IVR,NE,Private
VQHXSIP,50,35964,710,41918,Current,Web,S,Consolidation
33DCNF2,61,23090,654,31782,Current,IVR,S,Private
Y9X8SYL,53,91704,672,30510,Current,Mobile,MW,Federal
4V3KRA7,64,51832,650,31928,30-59,Agent,MW,Consolidation
SXQSAAY,68,12000,707,45889,90+,Web,W,Private
6WF9PTT,72,19842,715,40451,1-29,Mobile,W,Federal
0GO357B,32,29354,710,9269,90+,IVR,W,Private
62ER6EU,22,29541,633,68609,Current,Web,MW,Consolidation
8FT33JP,23,63554,663,0,Current,IVR,W,Federal
F3WGI8Y,36,37308,700,0,90+,Mobile,NE,Private
Q9RUJ3N,55,69304,734,0,90+,Mobile,W,Consolidation
ZALHTTO,43,94035,769,17841,Current,Agent,S,Private
FCR5V73,30,41223,608,3351,90+,Web,NE,Private
AWTY7KF,62,52124,837,31131,60-89,Mobile,NE,Federal
U3S710N,50,39839,731,0,Current,Agent,NE,Private
VCVZPVW,44,65547,725,27067,60-89,Agent,MW,Consolidation
PUSLMW6,49,43823,629,55724,30-59,Mobile,MW,Federal
3RZKDU6,44,33654,662,43894,60-89,IVR,NE,Consolidation
Z1V8RSR,52,82857,641,35000,Current,IVR,MW,Federal
47LZ0O1,34,88985,697,19225,90+,IVR,MW,Federal
MGY1EC8,70,66746,745,19040,90+,Agent,MW,Federal
9HDV9NM,34,41526,778,26427,30-59,Web,MW,Private
GSGCJ2T,35,45147,593,17225,30-59,Mobile,S,Federal
XYJWWBK,22,30983,616,17399,60-89,Agent,MW,Consolidation
6MUHJ2G,60,54058,618,28048,90+,Mobile,S,Consolidation
FU7BFXQ,67,12000,660,28103,Current,Agent,S,Private
A3SLA5G,27,58093,560,68207,30-59,IVR,MW,Consolidation
LVPYMB5,25,62524,659,34874,30-59,Agent,S,Private
9450XPO,73,12000,794,19920,90+,Agent,W,Private
OES2QKB,56,20130,636,31855,Current,IVR,MW,Consolidation
CK1040V,68,58260,774,8479,1-29,Web,MW,Federal
ENCTK0B,22,89158,736,45168,90+,Web,S,Private
PK9VO8P,48,60629,689,41238,Current,Agent,NE,Consolidation
BR4F2ZD,66,48172,637,0,1-29,Agent,S,Consolidation
MU7JAE5,21,99881,634,32520,Current,IVR,W,Federal
36Z4DSX,42,50779,649,7056,Current,Agent,S,Federal
8ON3W9H,27,72779,610,48242,90+,IVR,W,Federal
QSC7M3V,73,49661,721,35342,90+,Agent,W,Federal
AQVMXDQ,27,57321,595,42433,60-89,Agent,MW,Private
689MW68,58,67373,641,11309,Current,Web,MW,Federal
L7A0YZC,25,60474,705,54922,30-59,Mobile,MW,Federal
2TEXQQG,49,15780,665,40740,90+,IVR,MW,Private
W706N3C,52,39496,770,68397,90+,Web,W,Private
J4X5A5X,55,56897,655,58133,Current,IVR,S,Private
DXD9QDA,37,68954,609,17120,60-89,Mobile,S,Consolidation
AF5KCIH,26,23639,746,14193,30-59,Mobile,NE,Consolidation
IHM4V4J,75,61948,641,16726,60-89,IVR,MW,Federal
M4Y2MGB,66,56372,625,36802,60-89,Web,S,Private
FDLRX92,44,78817,679,35715,90+,IVR,NE,Consolidation
4LX5Z3J,64,83997,621,47603,60-89,Web,S,Private
8NYSJ5Y,18,45884,633,0,30-59,IVR,MW,Private
SU2MA90,30,35295,644,11039,Current,Web,NE,Private
FGLYGWR,27,58505,780,29337,60-89,Agent,MW,Consolidation
KYOF4RP,18,58377,622,50911,1-29,Agent,W,Consolidation
MWJPIWU,18,55889,808,50562,60-89,Mobile,S,Consolidation
V6305SX,66,16827,809,22435,90+,Web,MW,Private
SXAAQFA,64,68712,637,26981,90+,IVR,S,Private
CRN3TNK,75,59094,690,10132,30-59,Mobile,W,Private
RPKZGGM,31,72562,605,7297,30-59,IVR,NE,Federal
Y94EH1E,60,65618,598,20444,30-59,Mobile,NE,Consolidation
N114PY4,54,33264,687,30093,1-29,Agent,S,Federal
V3C1EDM,19,73814,770,58266,60-89,IVR,S,Federal
XYZX9JP,28,54325,626,45842,60-89,IVR,W,Consolidation
1ZOCFI4,57,12000,660,13871,90+,Web,MW,Consolidation
U59Y61F,73,72221,679,30780,60-89,Mobile,S,Private
056Z99E,25,49846,604,21851,60-89,Agent,S,Consolidation
3SKSO6D,39,27853,750,37318,Current,Mobile,NE,Consolidation
FQOKVC4,37,24713,594,39708,90+,IVR,S,Federal
ZHXDO3G,26,27487,697,43533,60-89,Agent,W,Federal
TIWTLIN,40,70646,600,28101,60-89,Mobile,W,Consolidation
P632F93,56,70874,625,31579,30-59,Agent,NE,Federal
UESL4PD,37,52361,750,27819,1-29,Agent,NE,Federal
2OY4CD3,62,59118,617,36727,90+,Mobile,S,Consolidation
0BHF0RI,27,70203,606,36844,90+,Mobile,NE,Consolidation
YIF5D9R,50,85675,623,26304,30-59,Web,W,Consolidation
MOZXRAZ,33,64900,709,37636,60-89,Mobile,S,Federal
OMTS1EG,67,43287,668,38983,1-29,IVR,NE,Federal
IPS8QDB,55,21239,707,40214,30-59,IVR,NE,Private
Z63RRPN,62,22908,696,36379,30-59,Agent,MW,Private
N9HT1U3,53,69176,623,7657,Current,IVR,MW,Consolidation
XB6BYVS,24,54019,783,42140,30-59,Mobile,S,Consolidation
SQRY1EY,25,89536,814,24949,Current,Agent,NE,Federal
8JVH7UJ,27,67798,725,9193,Current,Agent,S,Federal
AI2278E,25,32245,586,56678,30-59,Web,NE,Federal
J31W0GQ,20,24671,652,46593,1-29,IVR,NE,Consolidation
432B623,39,59046,727,55566,90+,IVR,S,Consolidation
YZICXHR,55,52326,586,30624,90+,Web,NE,Consolidation
580K5WW,49,59694,588,11280,30-59,Mobile,S,Federal
G0QLWE1,73,42506,676,36236,1-29,Web,W,Federal
YCM9PO2,18,63284,585,52852,30-59,Mobile,MW,Private
N4H2AWN,75,39565,630,42726,1-29,Agent,NE,Private
HXF4T8M,23,72529,589,25635,30-59,Web,MW,Federal
QJWNNHN,29,27157,595,37174,30-59,Mobile,NE,Consolidation
YFAINAW,61,66703,718,11751,Current,Web,NE,Consolidation
P4LSVSH,34,33615,793,26322,90+,Web,W,Federal
0QEQQA9,61,83882,632,33042,60-89,Mobile,MW,Private
OINUXL3,35,38056,681,13438,60-89,Mobile,W,Private
XFX3AT2,75,96510,787,29242,1-29,Mobile,NE,Consolidation
BJFVYB6,27,57754,632,20066,60-89,Mobile,W,Federal
D48EGJ7,62,74414,609,45479,30-59,Agent,W,Federal
VW0Q8CW,75,51850,611,10711,30-59,IVR,MW,Federal
S2SUMH3,30,72531,613,46201,90+,Web,W,Private
J49YD82,43,57952,650,55184,1-29,Mobile,W,Private
T33VVOP,18,33713,574,16641,90+,IVR,MW,Private
45AZD30,62,68511,737,41106,90+,Web,NE,Consolidation
HZW22DP,27,17295,709,33912,Current,Web,MW,Consolidation
QPWBSF3,38,39616,724,32335,30-59,Mobile,W,Private
TAJW253,44,38849,706,41076,30-59,IVR,MW,Private
HLOZESJ,49,58680,650,0,1-29,Web,W,Consolidation
IYMYRSV,33,66827,673,8654,30-59,Mobile,MW,Private
PJLJVNK,75,53022,665,23273,30-59,IVR,W,Consolidation
JMQ0NJV,29,86202,743,21792,30-59,Web,NE,Federal
MF4SRN6,62,78148,737,23905,90+,IVR,S,Private
Y61FIVO,28,53060,733,35271,60-89,IVR,W,Private
NM88UA3,56,30978,723,52383,60-89,Mobile,NE,Federal
HQ9854K,25,42197,516,16258,30-59,Agent,NE,Consolidation
P72T4YU,46,27853,744,14079,Current,Web,MW,Federal
IX43IRG,24,30869,691,9892,30-59,IVR,S,Private
OIG4E8Q,28,57267,597,27581,60-89,IVR,W,Federal
SR5RUP1,33,32926,640,15698,90+,IVR,W,Consolidation
5OWF759,64,59492,654,0,60-89,Agent,W,Federal
UGEG1JU,29,52611,612,40312,60-89,Agent,W,Federal
C795RLQ,21,62603,610,56814,60-89,Mobile,S,Consolidation
W4VDSSM,74,37523,654,42844,30-59,Web,NE,Federal
BZQYQDN,75,24290,643,7985,90+,Agent,W,Federal
934QPVB,56,67694,698,33115,1-29,Web,W,Private
7A4FRV1,64,72080,738,44265,1-29,Web,NE,Federal
RDNWT2F,38,39159,717,8959,30-59,Web,NE,Federal
BVYE1II,70,67206,731,35234,30-59,Mobile,NE,Private
FDZHDID,39,12000,660,33232,30-59,Web,NE,Consolidation
4I2NR1P,74,19263,684,23451,1-29,Web,W,Consolidation
3XQ8VA8,37,21926,711,36874,1-29,IVR,MW,Private
W1PM77X,18,47209,772,24832,90+,Agent,W,Federal
UO7RV87,57,57669,588,11200,30-59,IVR,MW,Private
V23GXJ0,30,79200,691,15741,90+,Agent,MW,Federal
C21073A,35,61648,705,34317,90+,IVR,MW,Federal
GYIHUIV,32,19393,800,29928,60-89,Mobile,S,Federal
NTYIE9C,75,98270,657,18769,Current,Agent,S,Federal
AJ7SRGF,42,12000,596,29473,30-59,Agent,S,Federal
WHT04M1,63,59643,626,13411,Current,IVR,S,Consolidation
ZAFR0RW,50,44342,737,17682,Current,Mobile,NE,Private
WR0UI1J,58,57811,822,32795,1-29,IVR,MW,Federal
VNHDCZP,67,71858,722,42445,30-59,Agent,S,Consolidation
CQML8QQ,52,49534,658,38696,90+,Agent,MW,Consolidation
WAEN7YJ,44,69914,583,22386,60-89,Agent,MW,Private
SCIVUQT,54,31392,654,21780,60-89,Agent,MW,Consolidation
WLF9YXA,24,92579,746,0,Current,IVR,S,Federal
SX9OJWU,35,41635,740,35307,30-59,Agent,W,Consolidation
URXIJAM,53,32240,673,29312,30-59,Mobile,MW,Private
6X7IKP7,21,66043,687,23818,30-59,Agent,S,Private
GDHVS41,31,51373,702,26765,30-59,Mobile,MW,Consolidation
3RU7MYO,19,121992,629,55507,Current,Mobile,NE,Consolidation
K2RTJCP,43,26607,632,19914,30-59,Web,NE,Private
GSZ2DCP,68,50139,663,41099,60-89,Web,MW,Consolidation
B2SEREV,44,44760,723,16098,30-59,Web,W,Federal
5APMXD6,41,69033,696,28611,30-59,IVR,S,Federal
5L02MOY,73,12000,657,35053,90+,IVR,NE,Consolidation
765VA97,69,85350,725,19836,90+,IVR,W,Consolidation
TVV8Y5S,43,68122,668,41899,60-89,Web,S,Federal
R90ESCD,61,66463,696,49425,60-89,Mobile,S,Federal
L1J2VWY,54,30285,663,50344,90+,IVR,MW,Private
R6VH5Y6,30,31479,667,33777,60-89,Web,NE,Private
SUX9L0I,19,37629,661,37853,90+,Agent,S,Consolidation
HQFXCLQ,64,35353,631,0,60-89,Agent,W,Private
YLLWB7S,19,19045,700,12281,90+,Web,W,Federal
8SSA28T,64,12000,777,18532,30-59,Mobile,W,Consolidation
Z8VMUHX,58,40903,664,33099,90+,Mobile,S,Private
T498GRU,56,54454,688,20642,1-29,IVR,MW,Consolidation
Z1K3BDG,20,28730,712,22803,30-59,IVR,NE,Private
JFCLCCR,33,27185,766,10565,90+,Mobile,W,Consolidation
NCF06LH,50,80520,627,58395,1-29,Mobile,MW,Federal
45TE3PP,61,66718,690,0,Current,Mobile,W,Private
9SPQDNB,48,52169,660,43455,90+,Agent,W,Federal
BB4M0A6,38,72535,705,61277,60-89,IVR,MW,Private
EURXHW0,59,49710,771,29164,90+,Agent,W,Consolidation
46QE0MC,39,101535,688,42496,Current,Mobile,S,Private
DNTCAGR,44,32677,738,36975,30-59,Agent,S,Consolidation
ZFFLB7W,69,29038,662,17097,90+,Agent,MW,Private
B0FGYNS,74,32095,736,30729,Current,IVR,W,Private
BJYXR1Q,46,69367,652,0,30-59,Web,MW,Consolidation
1YVWQJ8,42,71303,720,22514,1-29,Mobile,MW,Federal
5IMZTSH,74,98354,676,0,1-29,Agent,W,Federal
8ZF2L4C,23,67816,684,6543,90+,Web,NE,Private
XK2LQQF,32,67256,744,37819,1-29,Web,W,Private
OIX0BFI,35,34212,692,44769,30-59,Agent,W,Private
H3O0SW5,29,57483,742,27908,Current,Agent,MW,Consolidation
02DZ61T,53,55262,551,18098,90+,IVR,W,Private
DHIHPSM,26,52098,757,25005,1-29,Mobile,MW,Federal
IQ05PMY,32,23308,601,0,90+,Web,W,Private
2KRE4V9,30,48286,689,25204,Current,Web,W,Consolidation
P8OTXOU,35,29921,691,0,90+,Mobile,W,Consolidation
WQ1GAZ5,72,54859,688,38041,60-89,Agent,S,Private
YTGVGMS,35,60352,758,2240,30-59,Web,NE,Federal
NI1054C,33,19483,659,37935,Current,Web,S,Consolidation
24T9N44,70,74118,484,25479,30-59,Mobile,W,Private
00U1R54,19,43030,757,14966,60-89,IVR,W,Private
FKZC7C5,62,64893,610,11370,30-59,Agent,W,Consolidation
A53XI3C,34,14313,647,34222,60-89,Web,S,Consolidation
UTSXI2Z,48,63565,755,24082,60-89,Mobile,S,Consolidation
RKWWCF5,23,48043,706,28888,1-29,Web,NE,Federal
ZC5HSSX,37,60777,722,69294,60-89,Agent,W,Federal
HTXUSDZ,29,73397,760,51088,60-89,Agent,S,Private
E8S2WCZ,49,36148,706,61252,90+,Agent,S,Consolidation
T7AWRPM,26,61814,816,18555,1-29,Mobile,NE,Private
WBHKVJZ,64,52689,773,36510,30-59,Mobile,MW,Federal
V9NOU3D,69,30754,572,18716,60-89,IVR,S,Federal
0F16H5P,18,37130,652,18853,90+,Web,W,Federal
3VME942,40,45859,688,71357,90+,IVR,NE,Consolidation
W4FM342,23,38682,692,51018,1-29,Mobile,NE,Federal
MSG4OGB,65,61826,690,19264,Current,IVR,MW,Consolidation
9ENZ9JN,70,61793,732,44144,60-89,IVR,MW,Private
DL35JRJ,30,46577,655,40589,Current,Mobile,NE,Consolidation
019LZH3,56,68894,641,32385,90+,Agent,W,Consolidation
S4YEN1M,40,81062,631,13580,Current,Mobile,MW,Federal
9TDROJ0,36,80233,737,24401,Current,Mobile,NE,Federal
BIMNZ9B,68,40001,606,22994,60-89,IVR,MW,Private
B0B1YOA,24,41049,681,28312,90+,Web,W,Federal
UHRX8VG,36,39632,696,36425,Current,Mobile,MW,Federal
K18F2DX,54,49415,595,14871,60-89,Mobile,W,Private
JOAOEJV,73,76482,672,1948,30-59,Web,W,Federal
R29IFDV,25,51909,615,23162,60-89,IVR,S,Private
8YFOTUX,66,12000,549,27013,60-89,Agent,NE,Consolidation
LV7RXT4,45,112027,679,14578,Current,Mobile,MW,Private
116DBJX,25,46110,577,16577,30-59,IVR,MW,Consolidation
LO87TQG,59,33646,635,43368,30-59,IVR,NE,Private
NCCE4HA,64,35743,725,24856,90+,Mobile,S,Federal
MOTCG06,23,78564,740,32717,90+,IVR,S,Federal
VRZND8H,23,95870,712,44193,1-29,IVR,MW,Consolidation
PUZL7RQ,27,45530,658,23334,60-89,Agent,MW,Private
LKYN0BU,51,44080,507,21682,30-59,Agent,MW,Private
WIY7K60,34,88444,726,32095,1-29,Mobile,MW,Private
EUW45SE,27,82266,738,44168,Current,IVR,S,Consolidation
26Q3XLR,38,48359,619,21395,30-59,Agent,MW,Federal
W4SPI0V,72,42936,651,16336,90+,IVR,S,Consolidation
5W9XXLU,69,55579,658,23780,60-89,Mobile,MW,Consolidation
ILBTL1I,44,13479,612,26505,90+,Agent,S,Private
4AIMP7O,59,14693,646,40544,1-29,IVR,S,Consolidation
YBD8CD5,23,12000,680,20851,1-29,Mobile,NE,Consolidation
KO8ZS8G,56,80716,686,14698,1-29,Mobile,S,Private
LHH5SJF,43,54007,670,41700,Current,Agent,NE,Federal
KYB8VOD,70,46865,652,57816,60-89,Mobile,MW,Private
DSONKK1,29,63450,647,48951,30-59,Mobile,MW,Federal
ATCQEWD,75,62386,655,22201,1-29,Web,W,Consolidation
ZZF8S2Z,33,32427,774,42350,60-89,Mobile,W,Private
6QLZ2RW,67,62269,649,2375,30-59,Agent,MW,Federal
PUVD3XA,26,78093,613,49307,30-59,IVR,NE,Federal
Z1XIE39,58,34889,705,64165,1-29,Agent,W,Consolidation
16ZGRRV,43,16595,688,9300,1-29,IVR,W,Private
BHH85DA,65,12000,758,51073,90+,Agent,W,Federal
UV27UUB,52,46623,625,16354,Current,Web,MW,Consolidation
UN1COQA,44,18507,723,0,60-89,Web,S,Consolidation
7GN938K,27,53856,605,23997,60-89,Web,NE,Federal
RB58YJW,41,70719,652,39819,1-29,Web,NE,Federal
IQG1OJL,23,24745,736,25258,Current,Agent,S,Private
VCEQFGA,71,25107,735,21227,30-59,Mobile,NE,Consolidation
6SOG2LB,30,67600,667,22800,1-29,Web,MW,Federal
AOVXPKA,47,72223,636,63171,1-29,Mobile,S,Private
QC6DR08,48,46503,741,36567,60-89,Mobile,NE,Federal
S46T1TZ,27,41017,767,8327,1-29,Web,S,Consolidation
7Q2398N,48,22488,707,16585,1-29,Web,S,Private
UYZ9TOS,43,12000,676,21883,Current,Mobile,MW,Federal
FFRTXS6,60,64887,672,38098,30-59,Mobile,S,Consolidation
KOLFPBM,56,52638,843,11923,90+,Mobile,W,Consolidation
A7G315B,18,93259,765,11104,Current,Agent,W,Consolidation
WJX3XYR,40,56388,761,30248,Current,Mobile,W,Private
EC9T5AH,41,30411,646,26930,60-89,Mobile,MW,Consolidation
EGXEYEB,40,52293,681,35119,90+,Mobile,S,Private
6DM5NVA,56,43396,724,23783,90+,Mobile,S,Consolidation
VNFOWAP,18,44786,741,10419,90+,Web,W,Private
3X40G8G,73,60076,751,35549,1-29,IVR,MW,Private
V9MCJ1M,50,35371,688,35808,30-59,Web,MW,Federal
EI1WX9W,36,58745,621,19430,1-29,Agent,S,Private
XN6LCPY,60,75998,712,0,Current,Web,MW,Consolidation
GCPM5F5,51,58971,558,37356,30-59,Web,NE,Consolidation
84HXXPW,31,53069,657,50848,60-89,Agent,MW,Private
KAN4010,24,33284,638,29089,90+,IVR,NE,Federal
S287QMR,18,40007,679,34516,60-89,Web,S,Federal
4GNW8Z4,31,12117,593,28724,60-89,Agent,NE,Private
JHR72XK,72,15110,590,25845,30-59,Agent,MW,Consolidation
FCOP4H6,35,65522,581,57356,90+,IVR,MW,Consolidation
4DQTHGC,37,12000,662,35860,Current,IVR,NE,Consolidation
IWI08L0,44,53013,688,0,1-29,IVR,S,Private
L8SN5YZ,56,58747,630,35641,1-29,Mobile,W,Federal
7HU3D35,35,77628,732,25760,Current,IVR,W,Private
IAJW44Q,31,70604,649,10455,30-59,Agent,W,Private
ELHDZHW,21,43601,683,31339,1-29,IVR,NE,Consolidation
35A0L72,46,94391,730,30471,Current,Agent,NE,Consolidation
KSJ7IVK,36,67115,623,32447,30-59,IVR,NE,Private
ARJI6YB,56,57204,613,37870,30-59,Mobile,W,Consolidation
IPPR46Q,50,70688,680,0,Current,Mobile,W,Federal
35TWS6R,71,68084,656,18687,90+,IVR,W,Consolidation
908CMQX,59,40333,677,9139,90+,IVR,NE,Private
KE6ZADO,62,61113,742,33374,1-29,IVR,NE,Private
CEJMN9L,29,80853,603,45734,90+,Web,MW,Federal
RNYUYR3,21,61248,719,25081,Current,Mobile,W,Consolidation
1WKISET,56,12000,716,21791,60-89,Agent,S,Private
TE2J403,72,80820,707,10589,60-89,IVR,NE,Federal
SCTPN7Y,48,79187,762,35647,1-29,Mobile,S,Federal
185IBJU,67,65761,578,21967,90+,Mobile,S,Federal
Z9JN375,59,60640,764,37983,1-29,Web,W,Federal
O1P98SN,43,51322,796,33780,1-29,Web,MW,Consolidation
6WGL8I9,50,32899,636,0,30-59,Mobile,S,Private
PZTS55C,22,44220,705,22874,Current,IVR,NE,Private
3OZKDZW,27,72597,763,28684,1-29,Web,W,Federal
7C9UGZ4,47,35127,678,28889,1-29,IVR,W,Private
31D2O25,50,12000,712,23968,30-59,Web,MW,Consolidation
IYFRWSK,50,86573,750,22042,Current,IVR,NE,Private
SF14PN1,51,30591,724,50445,60-89,Web,W,Consolidation
FEOSLIJ,63,56695,666,12641,1-29,Web,W,Consolidation
SL1YA1R,57,99467,742,52421,Current,Web,MW,Private
TP2XE1H,71,77171,747,5067,Current,Agent,W,Private
ONP5BOI,18,34038,652,19963,90+,IVR,S,Federal
794STJQ,75,42803,686,29984,Current,Mobile,W,Private
OHKBM00,66,69734,730,19826,90+,Mobile,MW,Consolidation
RP9DXOQ,22,78272,665,36619,90+,Mobile,NE,Consolidation
C1N0GKC,59,59286,767,5568,30-59,Agent,S,Consolidation
SX9DXZN,29,74098,771,21093,60-89,Mobile,W,Consolidation
HJY8GY3,27,82005,640,57076,90+,Agent,S,Federal
DKVIHI1,43,49719,737,10599,90+,IVR,MW,Private
19Q1J10,74,60253,813,29799,60-89,IVR,NE,Consolidation
OZBRGLJ,57,73026,743,13817,90+,Web,MW,Private
2W8G4U1,54,41308,569,22986,60-89,Web,NE,Consolidation
VVJQRWY,40,12000,642,31113,90+,IVR,NE,Private
5UIMWF0,23,48931,778,53879,90+,Agent,NE,Consolidation
1WG3HJS,74,78032,719,13107,1-29,Mobile,NE,Federal
9USKB68,56,50788,593,1667,60-89,Mobile,NE,Private
1RPRZZS,21,107450,774,26882,Current,Mobile,NE,Consolidation
2VE4IRF,72,62828,686,24595,1-29,Mobile,W,Private
TIQWNRH,70,63390,626,26113,30-59,Mobile,W,Private
8PS0RS9,44,32466,741,29750,60-89,Mobile,MW,Federal
QPLUYG3,28,26963,745,41862,1-29,Web,W,Federal
TKR3Y5F,56,62426,643,13839,60-89,Web,MW,Private
52X1WHS,66,74832,647,18142,1-29,Agent,MW,Consolidation
A0STKA0,37,87712,677,22120,1-29,Agent,MW,Private
ZQQXBV0,37,45178,709,8419,60-89,IVR,NE,Private
2ZF1YHC,27,69384,621,45123,60-89,Mobile,NE,Consolidation
LVM4JBU,19,50749,659,23068,1-29,Web,MW,Consolidation
BKUU5CZ,41,73523,632,7913,90+,Web,S,Federal
DPRK5R0,29,48176,651,48357,60-89,IVR,W,Consolidation
9BW4Q46,75,78312,705,41074,30-59,Agent,MW,Federal
O1WXLCI,19,95479,614,30395,Current,IVR,S,Consolidation
RZUUN6X,70,57966,676,10065,90+,Agent,NE,Consolidation
UYRJ55V,30,72309,690,41489,Current,IVR,W,Private
I0D73NE,20,12000,655,16499,60-89,Mobile,S,Consolidation
NLAF0PH,45,12000,708,5671,30-59,Web,MW,Private
CT49LNY,65,43698,655,23245,1-29,Agent,NE,Federal
332GI14,39,34038,704,20859,30-59,Agent,NE,Federal
NL6DMJL,74,81364,656,16888,30-59,Web,S,Federal
9NGPCIV,49,81455,735,0,Current,IVR,W,Federal
BMGUHQU,74,62433,745,16079,60-89,Web,S,Private
ZYPOOVC,72,30038,703,47435,30-59,Mobile,S,Consolidation
MSWJJJK,24,12000,710,35722,90+,Agent,MW,Private
IU52W85,68,63641,743,22077,60-89,Web,W,Consolidation
AI3AL6E,27,68005,636,30287,1-29,IVR,MW,Federal
1TBX39I,53,32364,677,0,30-59,Agent,NE,Federal
9REXLOY,49,14017,663,24433,30-59,Web,MW,Consolidation
K8ZY7ES,40,81203,735,22191,60-89,IVR,MW,Consolidation
3PDFY9Z,63,53360,749,8148,90+,Mobile,W,Federal
X6VYM6Q,31,45341,644,32890,1-29,Mobile,MW,Federal
ERZ5967,31,86158,667,16932,1-29,Agent,NE,Private
LRTATMN,60,21929,619,45727,60-89,Web,NE,Federal
X89I8YW,74,53038,732,14931,1-29,Agent,S,Private
TDWDELF,36,12000,680,56241,30-59,Web,S,Consolidation
JEU3WY9,50,66685,624,3507,90+,IVR,W,Federal
SBRSPJ4,19,37551,719,26881,90+,Agent,MW,Federal
9106AK3,59,46291,642,0,Current,Agent,NE,Consolidation
DZ6477D,67,12000,759,1262,30-59,IVR,MW,Federal
35LG49F,53,23945,548,31053,60-89,IVR,S,Federal
HRJAE8Q,67,38103,729,61496,1-29,Web,S,Consolidation
DAN085R,19,39820,591,0,30-59,Agent,MW,Private
JR9LY6P,22,39678,743,15582,Current,Mobile,W,Federal
8BWQRUE,30,20030,746,37278,30-59,Mobile,S,Consolidation
5GIEUUF,45,35414,607,24684,30-59,Web,NE,Consolidation
FYCZU80,69,127252,601,25400,1-29,Web,W,Consolidation
25QBRMQ,21,87026,687,42809,60-89,Mobile,NE,Federal
O004OOI,70,36818,836,43986,60-89,Agent,MW,Private
NZ0NXU4,37,101906,815,40919,Current,IVR,S,Private
ZQ48ENW,70,52147,674,45323,60-89,IVR,NE,Private
MOXJCBX,54,35680,675,47102,30-59,Mobile,W,Consolidation
WR0MIRN,36,24286,668,21240,60-89,Agent,W,Federal
FJK3GMJ,49,55443,713,27856,60-89,IVR,NE,Private
UT5JAYS,34,12000,602,22654,30-59,Mobile,MW,Federal
OBYGHGK,63,41980,671,0,1-29,IVR,MW,Federal
CG8D2TN,68,59867,769,23188,90+,Mobile,S,Private
OTWG7NF,73,30458,766,67722,Current,Mobile,MW,Federal
K6UJVBP,69,59501,720,33867,30-59,IVR,NE,Private
LEXDW6L,67,52303,633,68851,60-89,Web,MW,Consolidation
IZEWBOS,26,78697,634,18901,30-59,Agent,MW,Private
VCEDTCX,25,36787,621,30177,30-59,Web,NE,Federal
K53NVXR,35,73581,745,13939,30-59,Agent,MW,Consolidation
T3H7PSX,29,16383,652,32670,90+,Web,MW,Private
Q84GD5Y,39,100665,621,39035,Current,IVR,S,Consolidation
YAQTFLV,34,36311,688,42138,1-29,Web,MW,Federal
XBEURZ4,65,85882,689,7287,1-29,Mobile,NE,Federal
BGRT4LB,62,36190,706,51517,1-29,IVR,S,Private
QT0YGSC,70,46931,599,48029,30-59,Mobile,MW,Consolidation
Y4LGQTC,65,48460,714,0,30-59,Mobile,NE,Private
CFNR37Q,52,21776,619,1713,30-59,Mobile,MW,Consolidation
X3HYCB0,29,41479,659,26913,90+,IVR,S,Consolidation
M3RKL39,47,61221,679,5230,Current,IVR,NE,Federal
XO3PEOJ,24,49560,699,57499,90+,IVR,NE,Private
CDRTQL7,53,42355,707,54571,1-29,Mobile,MW,Federal
0YKNFU8,68,43560,643,34006,60-89,IVR,W,Consolidation
I26LH07,55,71838,532,45747,30-59,Mobile,MW,Consolidation
SBA62TD,53,47983,759,4490,1-29,Agent,S,Consolidation
OV6KI4E,19,63317,671,37322,Current,Agent,NE,Consolidation
AHWY423,36,46374,656,0,30-59,Mobile,S,Consolidation
GLQKBEC,38,60556,725,39296,Current,Mobile,NE,Federal
2KB67RI,47,26772,719,0,Current,IVR,MW,Private
VRZSQZC,68,88124,778,29307,Current,Web,MW,Federal
SWBKOK3,43,63040,612,12343,60-89,Mobile,NE,Private
9Y69XFQ,55,39966,717,0,Current,Mobile,NE,Private
BQU111V,29,33189,596,39412,90+,Web,NE,Private
M3MULOB,28,48389,693,36688,1-29,Mobile,NE,Private
QZ47V66,54,55101,696,28725,90+,IVR,W,Private
91PQFMP,45,52600,727,1132,90+,Agent,NE,Consolidation
GHLU8M8,28,40419,657,0,30-59,Web,MW,Federal
WPFVB71,40,78927,644,43615,Current,Mobile,W,Private
XSM4NIX,73,32530,655,20823,60-89,IVR,NE,Private
6W14E2L,53,60800,692,33811,90+,Mobile,MW,Private
0T4G7A4,62,77060,651,24491,60-89,Web,NE,Private
LTUBRW6,73,29486,667,26598,90+,Web,MW,Federal
NQ1G6LL,37,54186,644,13275,Current,Agent,S,Consolidation
J1FI4X6,66,48796,632,12031,60-89,Mobile,S,Federal
J6AG281,48,31962,534,9532,90+,Web,NE,Federal
LVYLKFX,58,52082,581,66398,90+,IVR,NE,Private
CPRPA18,19,49205,678,29351,30-59,IVR,NE,Federal
2BUHBCP,48,52550,660,24726,60-89,IVR,NE,Consolidation
1OG07VS,61,67305,723,0,1-29,Web,MW,Consolidation
KKZ4GZW,27,15225,720,22957,Current,Web,S,Consolidation
RSKOQV3,25,21560,596,32760,60-89,Agent,MW,Federal
4PJI9TT,48,80996,724,4380,Current,Web,S,Federal
6MXSWY0,73,35800,638,4337,60-89,Agent,NE,Federal
210Q2LG,45,104703,622,20657,Current,Web,S,Federal
094588Y,70,82439,764,0,1-29,IVR,NE,Private
IPZGRSP,56,25823,613,80177,30-59,Mobile,NE,Federal
FBFFHEY,58,64284,688,7053,1-29,Web,MW,Consolidation
33C2UUD,61,12000,830,44445,Current,Web,MW,Consolidation
0JJ4UGG,55,59701,651,22572,30-59,Mobile,W,Private
ZLWQT40,62,45174,685,13640,60-89,Mobile,W,Consolidation
TKYXADH,55,73980,608,18447,30-59,IVR,S,Consolidation
H9IER7U,41,47824,750,43396,60-89,Mobile,MW,Private
78E9DUG,57,85304,630,8043,30-59,Mobile,W,Consolidation
LDALMJE,21,45514,836,29669,1-29,Agent,NE,Private
QWF7IB9,40,27166,529,35072,30-59,IVR,W,Private
SFR23C6,32,54824,742,928,1-29,Web,W,Federal
RTA4PN9,20,58206,591,44597,90+,Mobile,S,Consolidation
VA1NKBT,34,26197,721,0,Current,Mobile,S,Private
IPC9SPW,35,57438,720,29830,1-29,Agent,S,Private
PSZ1CTW,68,64211,682,27983,90+,Mobile,W,Consolidation
73JYZBB,32,44810,712,6225,1-29,IVR,MW,Consolidation
V0IGBV7,67,84394,656,29764,Current,Agent,NE,Private
8BNP84D,71,41771,697,44143,90+,IVR,S,Private
JIB739S,23,49830,599,32005,30-59,Mobile,S,Federal
KPVI2C7,59,23635,637,21599,30-59,Web,MW,Private
Y1ZY6N7,74,88605,785,21793,30-59,Web,S,Federal
EWK7FSV,57,62852,763,0,60-89,Web,MW,Federal
RBBR7DK,47,74382,691,32094,90+,Agent,NE,Federal
8NMKWCJ,37,36494,779,32763,30-59,Agent,NE,Federal
MK3PBE1,72,77608,786,17117,1-29,Web,MW,Consolidation
YPNTRFZ,21,45913,762,36381,30-59,Mobile,NE,Private
LED0Z4Z,43,38040,626,40516,90+,Web,W,Private
VWVM4W3,33,26698,605,30738,30-59,Web,MW,Private
62G6B4T,74,55728,715,19646,1-29,Mobile,MW,Federal
FDZ3PBZ,68,76061,645,25250,60-89,Web,W,Federal
T9832YN,59,12000,697,0,30-59,Agent,MW,Federal
CC1U86A,71,68106,682,37945,90+,Agent,W,Federal
XSM72UJ,57,48444,724,24078,60-89,IVR,MW,Consolidation
QNWYEJ5,41,48485,761,45045,Current,IVR,NE,Consolidation
RYEUBHS,57,81586,669,756,Current,Web,MW,Private
A49XUD9,21,27594,594,3345,30-59,Mobile,MW,Federal
9PDGKRJ,48,47471,671,21439,Current,Web,MW,Private
VTUO155,18,59190,635,9884,30-59,IVR,MW,Private
HX6ZDCU,74,45443,675,34125,1-29,Agent,S,Private
SR6YHTX,20,25537,751,23840,Current,Agent,NE,Federal
XBH5JU3,57,46237,725,44011,60-89,Agent,W,Consolidation
OXW2BG8,46,27249,789,0,Current,IVR,NE,Private
A8NZF94,36,70337,732,0,90+,Web,NE,Federal
IEKX6MJ,21,28504,677,35378,Current,Web,NE,Consolidation
0YTMV82,47,64711,595,40850,60-89,Mobile,W,Private
9F42J07,74,32477,712,36036,1-29,IVR,W,Federal
U4AKUNQ,33,71791,696,1310,Current,Agent,MW,Consolidation
M56J61U,33,59953,594,39994,30-59,Mobile,MW,Private
ZIVP08G,54,62326,678,22055,30-59,Mobile,S,Federal
GJJ1WSF,49,45760,633,19440,Current,Web,S,Private
JTMG6T7,31,75785,745,28529,90+,Agent,MW,Federal
6U4PLLG,38,63427,678,69228,Current,Agent,MW,Federal
M470N9E,25,34012,773,23920,90+,Agent,MW,Consolidation
9DOM5IG,67,27669,579,34007,90+,Mobile,NE,Private
4PCYWSE,19,59041,646,0,60-89,IVR,MW,Federal
1TT03VS,67,32828,553,11610,60-89,Agent,MW,Private
9J9L4MY,55,76666,761,19829,60-89,Web,S,Federal
X5IC86Z,18,54735,714,18848,1-29,Agent,MW,Consolidation
XUTZ7JC,75,36693,779,26103,Current,Agent,W,Federal
9P7SEPH,71,48100,642,18320,90+,Web,MW,Private
Z1GWJIN,55,15159,674,0,Current,IVR,S,Consolidation
62RZV1S,30,34025,653,35642,1-29,Web,S,Federal
3OY8R9G,60,33842,765,37096,30-59,IVR,MW,Consolidation
NSGOLCB,31,25253,727,237,1-29,Mobile,NE,Consolidation
XPHX2KB,23,88655,719,29739,Current,Web,NE,Federal
1D12C52,51,48449,555,1595,30-59,IVR,NE,Private
BYZM242,44,12000,659,36689,90+,Mobile,W,Consolidation
BC2NNUV,62,20394,623,32205,1-29,Web,W,Consolidation
CCHO6V8,50,59202,719,23209,30-59,Web,W,Federal
EIQFJ09,71,57340,593,28202,90+,IVR,S,Private
WKXXJVE,33,25583,725,48130,30-59,Agent,MW,Consolidation
TD27ZVD,60,29329,793,58154,1-29,Mobile,S,Consolidation
2KYT5GQ,55,90498,641,3447,1-29,Web,S,Consolidation
CJI7EKV,51,25908,707,18517,60-89,Web,W,Consolidation
YCE4QGM,61,65044,674,40311,30-59,Web,W,Private
NXRCZE4,38,108792,543,37430,1-29,IVR,S,Consolidation
NYDI9WM,54,59095,692,16418,90+,IVR,S,Private
7GBASF5,22,40635,670,23931,90+,Web,W,Private
BAEJZ28,73,53508,728,46031,60-89,Agent,S,Consolidation
S54GWDF,34,39347,673,15460,60-89,Agent,MW,Federal
THT7UGV,62,27327,578,45134,30-59,Agent,S,Federal
8OSLA78,42,47318,672,10607,Current,Agent,S,Private
AZWVMPG,57,56964,727,22622,90+,IVR,W,Federal
ZT0CN7W,33,48819,787,26606,Current,Web,S,Consolidation
OP6VMJO,73,38950,663,0,Current,Web,W,Consolidation
MTB892S,43,79360,753,36316,Current,IVR,W,Private
E74T355,42,58330,667,36107,30-59,IVR,S,Federal
0YDKLY9,64,87718,524,22792,90+,Mobile,S,Federal
2798P7P,63,72569,732,42994,60-89,Agent,NE,Consolidation
01V1PJZ,42,39693,679,1916,30-59,IVR,NE,Private
YLPRSJJ,32,12000,571,41984,30-59,IVR,MW,Private
V1Y04Z4,55,72319,582,40528,90+,IVR,W,Consolidation
QH96YCF,22,72898,683,0,90+,IVR,W,Private
7G0ABGB,61,69275,681,22390,90+,IVR,W,Federal
0EN48UA,53,36332,705,19743,60-89,Web,MW,Private
C32GY42,54,46865,629,22149,1-29,Web,NE,Private
301DVVH,21,38126,684,21380,60-89,Web,W,Consolidation
S8CHKCM,20,66508,541,25243,90+,Web,NE,Private
PBAHDG1,55,59179,684,33396,Current,Web,W,Private
1JMAS41,25,44857,635,38295,1-29,Web,NE,Private
8EIQETK,50,61970,643,22065,30-59,Mobile,MW,Private
YSKE5M0,62,52583,601,38994,30-59,Agent,NE,Private
EPPOLG5,18,79801,719,47041,1-29,Web,MW,Private
PZEZW54,74,40700,631,35094,1-29,Web,NE,Consolidation
ZVWE8G3,48,42127,654,19293,90+,Agent,S,Federal
2Q78E5S,32,60180,736,13361,1-29,Web,NE,Consolidation
EOL2NBT,58,87167,738,38158,90+,IVR,MW,Private
FYW372V,28,33836,665,6089,90+,Web,NE,Consolidation
MBUN6XB,67,55858,681,18361,90+,Web,S,Private
2080X1A,24,65133,698,35693,Current,IVR,NE,Consolidation
1O4IZAS,51,41096,687,27075,90+,Mobile,NE,Federal
T7JHDSZ,55,49815,677,0,30-59,Web,NE,Federal
9NRAUZ7,67,41003,721,27800,60-89,Web,MW,Private
A008WBG,58,65016,660,8442,30-59,Mobile,W,Consolidation
QZP1VTJ,40,63289,652,39259,30-59,Web,W,Federal
KYPOFKJ,25,64346,685,66567,1-29,Agent,W,Consolidation
K2GZAUG,35,62604,631,55572,Current,Agent,NE,Private
H8IR60M,59,66104,719,46375,30-59,IVR,W,Private
SI4WOBX,22,63402,627,3874,90+,IVR,MW,Private
R37V386,57,45826,679,16573,Current,IVR,W,Federal
OZCTWJL,49,32449,743,42779,30-59,Web,W,Federal
2WJ6O6U,62,33692,743,69516,60-89,Mobile,W,Private
EMNNPIK,31,61524,688,40797,Current,IVR,NE,Federal
ZPO0ZSR,35,12000,629,53989,90+,Agent,NE,Private
ZWOONXZ,75,34396,555,47817,30-59,IVR,W,Consolidation
VCRFMKS,71,60880,773,7579,1-29,Mobile,NE,Private
GK6RZLC,51,53911,795,20418,30-59,Agent,MW,Consolidation
66FB818,43,70695,696,17716,60-89,Mobile,NE,Private
ZE4K2V4,20,16005,700,28524,30-59,Agent,NE,Federal
HY0WNSB,46,95442,727,6136,Current,IVR,S,Consolidation
95R4FM3,61,12000,669,34797,Current,Mobile,MW,Private
S2FNUKM,74,69666,659,27999,30-59,IVR,W,Private
HN98X16,23,55493,663,16716,30-59,Web,W,Federal
NAWVDZV,47,12000,819,27435,Current,Mobile,W,Private
0UFOHHV,66,52673,712,24622,Current,Agent,S,Federal
IGM2T5W,64,41561,743,4409,30-59,Mobile,W,Federal
VKBW8BT,49,32683,739,37519,30-59,Web,W,Consolidation
4IXQWOU,38,56416,709,18430,1-29,Web,S,Private
6T4U7S0,36,26281,668,37017,30-59,Agent,W,Federal
PWH0MX1,41,61109,729,39029,1-29,Agent,S,Federal
18LEU6Z,67,79221,631,31254,60-89,Agent,MW,Federal
SQ5D6DC,68,12077,643,24751,90+,Agent,MW,Private
QINF2P0,19,69856,563,45231,30-59,Web,W,Private
XL1T4NB,49,40606,739,0,90+,IVR,NE,Federal
YZ4USVV,58,53174,532,37227,90+,Web,NE,Federal
H16359L,64,63972,609,15698,30-59,IVR,NE,Consolidation
BMFXOMS,41,56598,706,22780,1-29,Agent,MW,Private
AGTGIOL,63,12000,762,49545,90+,IVR,MW,Federal
ITQUFWI,43,76149,712,2591,30-59,IVR,MW,Private
AT1T4X6,50,70131,705,21783,30-59,Mobile,S,Federal
186ZUDN,60,59173,766,0,30-59,Agent,W,Consolidation
9AVH094,45,58982,716,12695,30-59,IVR,MW,Consolidation
I6QSRER,53,46103,645,42496,1-29,IVR,MW,Federal
X8AE0JX,19,35591,610,0,90+,Web,W,Consolidation
CX7FNBA,36,70752,637,42880,90+,IVR,NE,Private
WHCEKFQ,67,12000,637,55684,90+,Mobile,S,Consolidation
L9UE421,49,28743,721,0,60-89,IVR,W,Federal
O3Z0ANI,49,47396,746,51982,1-29,Web,MW,Private
DEWD6L5,62,37969,583,36556,60-89,IVR,NE,Federal
ZIY75IT,54,30837,614,36086,60-89,IVR,NE,Private
6ZMBYTJ,21,33217,696,39801,60-89,IVR,W,Private
G3SSL57,67,49082,737,20457,60-89,IVR,W,Consolidation
A03DAZ3,63,64666,728,19641,90+,IVR,W,Private
1UIAJQB,21,29919,686,27667,90+,Mobile,S,Consolidation
V654V43,23,48464,654,23448,30-59,Web,S,Private
TATJ9A3,69,94300,700,0,Current,Agent,W,Private
DY61AA0,58,73471,736,0,1-29,Agent,W,Private
KA1DLUC,30,53267,732,23805,Current,IVR,NE,Federal
250AZ7L,53,67349,592,22168,60-89,Agent,S,Consolidation
0MVF4S2,68,51279,721,66065,30-59,Agent,S,Federal
RBKN3DK,62,63849,619,34283,60-89,Web,W,Private
43O8JOC,52,34060,678,54680,30-59,Agent,NE,Consolidation
RWWRJQ6,41,23471,754,69240,90+,Web,S,Private
WKR38K2,54,20999,692,27194,30-59,Web,S,Consolidation
8LVC9B2,46,56936,659,26914,30-59,Web,MW,Private
EJPFAWX,61,51633,568,5822,30-59,Agent,MW,Federal
92O1RVM,52,59982,661,38918,1-29,Agent,S,Private
TD1MWX3,47,63460,704,63024,1-29,Agent,W,Federal
9YRODT2,22,59449,642,29460,1-29,Mobile,W,Federal
2AHN110,55,44470,547,28593,30-59,Web,S,Federal
Q6RF8LW,74,54836,690,24819,30-59,Agent,NE,Federal
KED1I96,72,49367,752,29883,Current,Agent,S,Private
GJYV5G1,75,89581,643,38410,90+,IVR,S,Private
QXMQO0F,23,49173,680,24597,60-89,Mobile,S,Consolidation
F1T2TAL,33,65877,514,32651,90+,Agent,W,Private
QLNZZRJ,57,39915,684,29728,1-29,Agent,S,Consolidation
X14A80Q,29,36203,804,12193,1-29,Agent,S,Consolidation
VM9R66E,22,30973,672,31044,30-59,Mobile,W,Federal
PQRMOU8,25,33004,691,33181,1-29,Web,MW,Consolidation
TK9VJ0V,49,27174,660,7400,30-59,IVR,MW,Private
EAS0O5D,21,45431,850,26983,90+,Web,S,Private
QY8YB7W,65,73608,635,47766,30-59,Mobile,S,Consolidation
9L564RJ,38,27009,635,28047,1-29,IVR,MW,Private
6GKJFU4,55,82592,796,85929,Current,Web,NE,Private
IC0LZIG,71,90221,627,27966,Current,Web,MW,Federal
1AJO091,36,44526,573,46820,60-89,IVR,W,Consolidation
MNF8J0S,42,68315,641,52323,1-29,Web,NE,Consolidation
W933E2Q,42,32644,684,76,30-59,Agent,W,Federal
MCS3Y4N,55,12000,629,30760,60-89,Web,W,Private
KII80N2,42,44021,705,7014,60-89,IVR,S,Consolidation
356J0JE,24,43935,787,20264,1-29,IVR,W,Federal
UHU4AAD,70,91513,737,10566,Current,IVR,S,Federal
F5B1SA3,34,56049,680,18262,1-29,Mobile,W,Consolidation
ZR012X3,60,16634,662,33382,30-59,IVR,MW,Consolidation
OL5RKH8,48,27784,733,47554,Current,IVR,MW,Consolidation
NVFOM3V,55,58702,747,31067,1-29,Agent,S,Consolidation
JQ128T4,70,36292,702,41218,Current,Mobile,NE,Private
ORRE93U,47,75438,735,17571,30-59,IVR,NE,Consolidation
LLH2R9P,60,21505,786,33279,90+,Agent,W,Consolidation
SKV4W6V,54,60443,703,1071,90+,Mobile,S,Federal
S9TOQW9,30,42827,728,22483,60-89,Web,W,Private
C0XEF6A,74,71691,721,21837,60-89,Mobile,W,Federal
4JZ4JKA,50,54505,702,23782,60-89,Agent,S,Federal
7AH2CSA,55,30401,522,51695,60-89,IVR,W,Private
QSZO1I7,26,65185,688,34986,30-59,Agent,MW,Private
DOOF2JJ,43,12703,725,30262,60-89,IVR,NE,Consolidation
UUZZ3H3,56,38127,784,2599,90+,IVR,S,Consolidation
ADDU8L7,35,91832,744,26632,Current,Agent,NE,Federal
D6AWJ4S,51,23697,715,32410,90+,IVR,NE,Federal
X2PPQLA,23,52080,601,0,60-89,Agent,W,Consolidation
8DW54I3,32,38121,581,30910,30-59,Mobile,W,Federal
NSZA2YH,60,56790,700,31537,1-29,Web,S,Federal
LEU1S5N,33,53095,625,0,60-89,Mobile,MW,Federal
1JBHLVO,64,42930,647,0,1-29,Mobile,MW,Federal
PS5I5FT,41,33170,777,27267,1-29,Agent,S,Consolidation
6OQE09O,26,59440,672,8056,90+,Web,MW,Federal
EAHY5HO,55,12000,497,13754,60-89,Agent,MW,Consolidation
I86MTZH,60,66282,771,33683,90+,Agent,NE,Federal
GW10C9I,40,52248,674,35580,60-89,Mobile,W,Private
IUWKW9V,65,105280,744,38889,Current,Web,W,Consolidation
AW2059Z,72,42536,596,20847,60-89,Mobile,S,Federal
6AJS6FT,70,12000,653,16618,90+,Web,MW,Private
Z0ND6R3,35,64781,757,39993,30-59,IVR,S,Private
6GOQSY9,58,91436,644,5567,Current,IVR,NE,Federal
OZDPPBQ,21,61052,696,39358,Current,Agent,NE,Private
RYD88TA,58,37047,722,48545,1-29,Web,S,Federal
RT1RWVN,60,79082,670,32049,1-29,Mobile,NE,Consolidation
UEHS2UD,19,19009,698,25356,30-59,Agent,MW,Private
86GHZNZ,40,30783,635,20987,1-29,Mobile,NE,Private
L0OZT4L,65,12605,627,38282,30-59,Web,NE,Consolidation
FPKP555,36,55927,702,31177,30-59,Mobile,W,Private
NFS7B06,39,68360,721,29186,1-29,IVR,S,Consolidation
IC4S8PN,32,59814,724,13379,1-29,Mobile,S,Private
ILAOF4O,19,38731,759,49922,90+,Agent,S,Private
EPBO017,37,26907,700,28612,90+,Mobile,MW,Consolidation
OSV00JK,26,38484,691,34091,Current,Web,W,Consolidation
C25XNOF,74,57109,836,39547,60-89,Mobile,W,Private
JKNQWK2,24,44283,671,56498,1-29,Web,MW,Federal
A0C0FOS,36,37720,629,52407,30-59,IVR,NE,Private
6SXUA3K,64,29207,628,9915,30-59,IVR,W,Federal
BS3VOPP,64,57946,757,15115,Current,Agent,NE,Private
2IVGLYE,33,12000,611,7829,60-89,Web,S,Federal
S82ZIBR,70,38883,745,43750,30-59,Mobile,MW,Private
SGFDK0Q,23,31153,559,45633,30-59,Agent,S,Federal
VEL08KK,62,23188,723,28759,1-29,Mobile,NE,Consolidation
S3MGVVL,44,30144,686,28021,1-29,Mobile,W,Federal
2MOXQ9W,65,54682,587,33265,30-59,Agent,NE,Consolidation
HRC4HM0,44,75608,704,4772,1-29,Mobile,NE,Federal
FLML0XW,40,40212,669,38718,30-59,Mobile,NE,Federal
F6VZCR9,25,64421,627,12011,90+,Web,MW,Consolidation
HEXANVZ,53,34317,712,11297,1-29,Agent,W,Private
SHFRRCV,74,82534,772,2808,Current,Mobile,MW,Private
H6VSB4S,55,58031,723,47852,30-59,IVR,MW,Consolidation
5SMVVBJ,74,21173,623,26872,30-59,Web,S,Federal
FYTK5LB,55,38547,706,10154,90+,Agent,MW,Private
ZCCXWI2,67,89422,676,20974,90+,IVR,MW,Private
A1W5D7V,57,82803,722,57118,Current,IVR,MW,Private
0Z7K6XK,34,81998,814,5767,90+,Web,NE,Private
5R5UQPG,19,12000,617,8559,60-89,Mobile,S,Private
98SAOX7,30,53410,612,19007,60-89,Web,S,Private
UFXFL7Q,43,84297,692,23963,Current,Agent,W,Consolidation
SCJWSH3,60,58354,603,16297,30-59,IVR,MW,Private
TCOMMN9,74,30376,754,33384,90+,IVR,W,Private
F0ONJPI,70,23599,633,36334,60-89,Mobile,W,Consolidation
M4F7A42,64,108134,652,47570,1-29,Web,S,Federal
PP5Z90E,34,91948,649,34342,Current,Agent,S,Private
KP3ID6D,20,21901,656,29574,1-29,IVR,W,Consolidation
K7MNCTI,26,30129,777,14470,30-59,Agent,S,Federal
UP7FAHI,55,57127,660,21045,60-89,Web,NE,Private
DJ9IT1A,52,45223,708,24552,Current,IVR,S,Consolidation
AXZX9SL,70,27946,821,45588,90+,IVR,MW,Private
0S8MVGB,23,44274,571,5630,60-89,Mobile,S,Private
HNM5C5Y,45,52726,700,18325,60-89,Agent,S,Federal
5NIDD9N,50,43468,619,11149,90+,Web,W,Federal
BQEVFPV,49,49034,649,71465,30-59,Web,S,Consolidation
QFCPC49,71,32917,587,20042,30-59,Mobile,MW,Federal
XCTYB6G,70,66825,782,17818,60-89,Mobile,MW,Federal
XADN2TV,53,60974,683,41901,1-29,IVR,W,Federal
EJ2VBQK,58,57839,721,12816,1-29,Web,S,Federal
925WOBP,31,28773,627,31413,90+,Mobile,S,Consolidation
R2SLRW4,31,31108,675,8211,90+,Agent,W,Federal
UFLSEHU,29,92178,706,0,Current,IVR,W,Consolidation
80X30F0,42,20132,701,49089,60-89,Mobile,W,Federal
SUI9ZQ7,28,36430,712,42254,90+,Agent,W,Federal
QG01PYD,25,79579,633,42133,30-59,Agent,W,Consolidation
0UFUCGU,19,39470,632,64460,1-29,Web,NE,Private
520XKIA,19,52915,805,28030,Current,Web,MW,Federal
3NY6VPA,32,30550,753,47536,Current,IVR,S,Federal
6RIJKQ2,60,75452,795,24845,60-89,Web,W,Consolidation
HWKRMFU,72,24313,649,22120,1-29,IVR,S,Federal
X32UEW9,52,51044,619,25277,30-59,Mobile,NE,Private
D3OH640,39,47501,774,9835,30-59,Web,W,Private
A9WK4MK,50,20941,727,11570,90+,Agent,W,Consolidation
T0W3X2F,57,38178,724,34938,90+,Agent,S,Consolidation
HO0N2NO,35,77396,718,30806,Current,Agent,W,Federal
A8JB90C,48,50190,600,23724,30-59,Mobile,NE,Consolidation
1FOI0RS,26,47949,756,41156,Current,Agent,MW,Private
WO948WE,54,107044,639,16494,Current,Mobile,W,Consolidation
WDDWHPO,25,29960,668,43637,30-59,Mobile,MW,Private
K0O4G56,71,80383,729,67146,1-29,Mobile,W,Private
Q52WSPO,39,40799,622,53175,90+,Web,NE,Federal
SDHPVID,41,12000,642,22967,Current,Web,S,Consolidation
OV6TT9Q,24,64874,693,1696,60-89,Mobile,S,Consolidation
1TGH5HI,38,74488,609,27704,90+,Mobile,S,Federal
NCRBVXK,60,70303,611,43394,60-89,Web,W,Private
7CYAMNJ,29,49273,725,25947,1-29,Agent,W,Consolidation
LIUQDN0,24,47974,673,27961,90+,Agent,NE,Private
SQKP7A8,55,16686,679,42777,90+,Agent,W,Private
VXA8MKU,51,41715,710,32654,60-89,Web,MW,Federal
GFP94K3,66,47874,665,0,60-89,Web,S,Consolidation
QSQ0P82,30,78140,584,26354,60-89,Mobile,MW,Private
B01QCTE,44,40216,742,44641,90+,IVR,S,Consolidation
9BU4UZ2,62,84666,655,44326,90+,IVR,W,Consolidation
257GE0Q,27,34950,669,48466,30-59,Web,S,Private
6DHX16H,31,28138,616,33412,60-89,Agent,NE,Federal
CQMPD7Z,63,93002,659,0,1-29,Agent,MW,Private
NBZUG0I,19,77472,828,27345,Current,Web,S,Federal
5G19QGU,52,54033,661,8608,Current,Mobile,W,Private
IDCE74A,23,68767,599,1629,30-59,IVR,W,Consolidation
F63YA2K,67,68354,630,813,30-59,Web,MW,Federal
B8RP8ZT,58,49960,638,45882,60-89,Mobile,S,Consolidation
JDUCEFU,47,52325,713,26626,Current,Mobile,MW,Federal
YAHULWJ,27,12597,783,31315,60-89,Web,W,Federal
ATJE1LA,63,100476,678,50824,1-29,Web,W,Federal
SF1F4TZ,43,35783,663,18069,60-89,Web,W,Private
30POCR0,19,66051,732,28269,Current,Mobile,MW,Private
PM0D5WL,48,56811,588,33951,60-89,Agent,MW,Consolidation
30TJ2T9,45,83024,662,11037,30-59,IVR,NE,Consolidation
KO6XNQX,23,46227,629,51609,Current,Web,NE,Consolidation
BH0MH74,26,104394,570,5793,Current,Web,MW,Private
KYCQ2YG,35,85994,636,44621,1-29,Agent,W,Private
JIN9RG4,26,73133,638,26944,30-59,Web,W,Private
5MBZGJZ,21,47616,740,18271,60-89,Mobile,S,Federal
RNCIQ1H,37,43938,711,56321,90+,IVR,W,Federal
RWEJKIN,34,47074,655,27568,90+,Agent,S,Consolidation
IL3DVYJ,22,84234,611,33407,30-59,IVR,S,Consolidation
5LF6A4F,39,37541,690,35120,90+,IVR,NE,Consolidation
O7P58CO,43,55504,778,38026,30-59,Web,S,Private
O61XN8D,52,46848,698,50168,60-89,Mobile,W,Private
0N04OAE,61,35755,698,6181,Current,Agent,NE,Federal
F4WIQ8H,26,95053,642,49448,1-29,Mobile,W,Private
2OO5NU9,72,96842,703,9863,Current,Mobile,MW,Consolidation
RV2Y7CD,64,88504,679,18066,60-89,Web,NE,Federal
RQJWOJW,59,24289,721,0,60-89,Agent,W,Federal
GERRGNT,70,52128,708,4276,30-59,Web,MW,Federal
DYODUX5,21,34595,676,27781,30-59,Agent,NE,Federal
9W0AN6N,69,12000,622,24752,90+,IVR,W,Private
3ASNRM6,48,45618,650,24330,30-59,Web,MW,Federal
QZGH2YT,27,96670,691,62914,1-29,Web,S,Federal
UFWBUCJ,48,57093,666,26319,30-59,Web,NE,Private
04BFPV0,61,42499,629,30839,90+,Mobile,NE,Consolidation
W6EH425,74,31946,754,23280,1-29,IVR,W,Federal
SPN5MRD,56,20063,590,36915,90+,Mobile,NE,Federal
I9HILZN,54,41056,688,32957,90+,Mobile,S,Consolidation
757SS73,57,12000,759,14411,Current,Web,W,Private
OZL65X4,58,59551,675,65035,90+,Mobile,NE,Federal
V5Y21ID,54,24079,638,10696,Current,Web,S,Federal
GXU007B,36,56251,649,32831,30-59,Mobile,NE,Consolidation
MVCU6A4,54,44526,652,8549,1-29,Web,S,Consolidation
8489R1R,62,58947,715,33260,1-29,Mobile,S,Federal
4MUYOWS,57,12000,797,24997,Current,Agent,NE,Private
DSGMCFO,35,28352,773,12487,90+,Web,MW,Federal
WI5FLUL,72,21043,781,44077,60-89,Web,NE,Federal
G0AZDKK,68,12159,648,21594,30-59,Mobile,S,Private
ZU4NS7N,58,64269,740,20589,1-29,Agent,MW,Private
HLTMGRA,21,12000,682,19530,30-59,Agent,S,Consolidation
XV9RHYK,68,30385,631,3861,60-89,Mobile,MW,Private
K63RVWO,66,77236,679,1855,Current,Web,MW,Federal
JXH3W6Z,25,65491,702,45227,1-29,IVR,NE,Private
LLG3T9P,63,21359,615,34075,30-59,Mobile,S,Private
8FQO0MP,51,104735,779,2096,Current,Agent,NE,Consolidation
P3FTJ6A,57,55552,775,11920,60-89,Web,MW,Private
CP1YS81,70,53273,639,30155,90+,Agent,MW,Private
8NG0DLH,51,32391,614,27498,30-59,Web,W,Consolidation
3R3MFZK,54,72481,570,17251,30-59,Web,W,Consolidation
OHEUN5A,72,65118,672,26180,30-59,Agent,W,Federal
XALXEPN,29,80599,819,38498,1-29,Mobile,MW,Private
LSL5N6H,42,19431,529,22660,90+,Mobile,NE,Federal
3V2A830,45,29306,684,27994,60-89,Agent,S,Consolidation
BS6TO8W,29,60799,803,29700,Current,IVR,NE,Consolidation
5OR27NW,75,59092,605,23794,60-89,Web,NE,Federal
VLN7WFM,67,47908,688,48098,60-89,Web,NE,Consolidation
UOXZ3BG,74,63992,657,55906,30-59,Agent,NE,Private
CSO2HBR,69,16766,674,15934,60-89,IVR,S,Federal
33H8G8T,69,43365,713,51291,Current,Web,NE,Federal
KK1R71P,54,41254,705,26681,60-89,Agent,S,Federal
7YT2M6T,32,51355,729,49170,90+,Web,MW,Federal
OKJ2NI4,66,50725,577,19276,30-59,Agent,MW,Private
ZK78LZX,66,92090,727,27295,Current,IVR,W,Consolidation
0RMHRCN,63,53145,606,47634,30-59,Agent,NE,Private
XCPXCX1,59,60180,617,30697,30-59,IVR,S,Private
2W7WR1T,42,24573,615,14104,30-59,IVR,NE,Federal
SA3IDY3,46,43459,802,10897,Current,Agent,W,Private
E9O1XGJ,34,48892,741,19176,60-89,IVR,S,Consolidation
9S0GD5N,21,65095,693,3428,60-89,Agent,S,Consolidation
UO63WED,50,78625,700,35788,90+,Web,MW,Consolidation
DNOZYW1,59,56955,717,29154,30-59,IVR,NE,Federal
R7CL6P3,44,64433,634,53165,Current,IVR,NE,Consolidation
8DL4JM0,41,16245,665,0,60-89,IVR,W,Consolidation
MXQW3B4,44,71064,749,22604,60-89,Agent,MW,Consolidation
M1PPYZ8,64,38853,654,14634,30-59,IVR,W,Private
9JPKPF3,20,83632,654,23959,1-29,Mobile,NE,Federal
ZC7D2KD,19,56403,598,46715,30-59,Web,MW,Private
EZD43W9,68,90162,756,0,Current,Agent,W,Federal
LU2ZLGL,28,66817,742,0,60-89,Web,W,Consolidation
HKOKPY9,73,30625,764,32201,60-89,IVR,S,Consolidation
KI1IJE2,65,91901,638,15326,Current,IVR,MW,Consolidation
ZS49CDZ,29,25350,600,26865,30-59,Web,NE,Private
MPMZ69I,55,55387,753,31794,90+,Web,MW,Consolidation
2K0MV3Q,39,50263,799,34793,30-59,Mobile,NE,Consolidation
6HJGNZC,66,51506,735,57932,1-29,Mobile,S,Private
Y1FZK9Q,63,40231,613,36777,60-89,Agent,W,Federal
NUMVEXG,49,71762,728,6548,Current,Agent,NE,Private
KO3VPK2,19,76112,514,21145,60-89,Agent,W,Consolidation
02BLU27,32,50399,545,0,60-89,Web,W,Federal
SX3AI6P,37,68837,681,20033,1-29,Mobile,W,Consolidation
NAQ2YOT,55,18373,662,44947,Current,Web,NE,Consolidation
SNPC5DT,75,72642,729,1393,Current,Web,NE,Federal
DPJHSG0,30,55975,616,42610,30-59,IVR,S,Consolidation
IIO1Q3D,40,33416,678,45944,30-59,Web,NE,Private
36B3YQM,65,48417,683,45191,60-89,Agent,MW,Consolidation
HDLSZAT,41,14276,638,0,1-29,IVR,NE,Federal
Y6XLEJW,31,40216,734,53588,90+,Agent,MW,Private
UO4G4IQ,35,33935,746,7497,1-29,IVR,S,Federal
PNUZFHQ,25,42310,703,16972,60-89,IVR,S,Private
G75E06Q,48,37583,767,10342,30-59,Agent,MW,Consolidation
A117NID,42,28248,665,0,Current,Web,MW,Federal
G1IQ76P,21,41100,721,52138,60-89,Web,NE,Consolidation
T9ZZCGL,48,52260,705,18552,Current,Web,NE,Consolidation
1F997EI,56,46634,612,6639,30-59,Mobile,MW,Private
LZ15BCW,74,49639,720,21234,1-29,Mobile,W,Consolidation
24HK1QD,62,67143,688,26194,30-59,IVR,MW,Private
MTM12LC,51,42610,588,25717,30-59,Mobile,MW,Private
3LBQGU3,49,46259,638,8967,Current,Mobile,S,Private
I139DO7,43,46248,698,36669,30-59,Web,W,Private
F0V5VYK,48,71737,727,28831,60-89,IVR,MW,Private
UWAW20G,56,48099,655,26647,60-89,IVR,W,Private
NRSNIMU,56,41088,665,15669,30-59,Web,W,Private
OVKTCPW,33,80759,618,42869,30-59,Agent,NE,Private
B2GFWVW,74,47701,752,24423,90+,Mobile,NE,Private
Q8TSAYY,44,48490,595,2671,30-59,Agent,NE,Private
P6PNU0K,64,87945,850,5642,1-29,IVR,S,Consolidation
ZCP83JU,53,12000,677,36853,1-29,Web,MW,Federal
IUHTI7F,67,56920,670,42337,1-29,Web,W,Consolidation
T77HVX5,57,43658,672,22498,1-29,Mobile,MW,Federal
TW3FH72,25,46576,730,53530,60-89,Web,NE,Federal
7720USZ,56,82150,659,34063,Current,Mobile,S,Federal
M348NI7,40,30303,715,29115,30-59,Web,W,Consolidation
NCME6F4,29,14556,596,44896,90+,Mobile,MW,Private
LRY3IGW,20,66782,744,31268,60-89,Agent,NE,Private
RD1I3GG,55,53732,700,33538,90+,IVR,W,Federal
FEB31HO,72,73831,673,40050,60-89,IVR,MW,Private
30QBKER,51,64321,623,34335,Current,Mobile,NE,Consolidation
HW8WLVA,37,44440,715,28565,30-59,Web,MW,Consolidation
C6A41L1,42,40596,744,50895,90+,IVR,W,Consolidation
DOUADVW,62,50760,563,45847,30-59,Mobile,S,Consolidation
C5BFV2K,33,19355,693,41364,1-29,Web,NE,Private
7MCKUM8,36,66122,737,42414,1-29,Web,NE,Private
ZLZM7OD,49,42849,643,70902,30-59,Agent,NE,Private
0DPIMRB,46,17939,721,35097,30-59,Mobile,S,Private
4O9HAXH,47,80139,713,34126,Current,Mobile,S,Private
FMOCTCL,34,81735,661,19252,60-89,IVR,W,Consolidation
VMEZXLE,24,94882,697,47882,Current,Agent,MW,Federal
GMLT43E,40,27960,700,42513,90+,Web,S,Federal
IQUWRXZ,72,41780,621,34752,30-59,Mobile,NE,Private
W9XA3KX,37,109497,692,0,Current,IVR,W,Consolidation
AWQDUIL,66,35552,714,64744,90+,Web,S,Private
8R80N18,68,67261,684,28476,30-59,Web,W,Federal
ILGB0S0,45,12000,697,34830,1-29,Agent,W,Federal
D31K9QM,73,60587,635,38347,1-29,Web,NE,Federal
22BONJU,30,82821,585,41247,30-59,IVR,NE,Private
8XUKU8N,58,39215,708,26510,60-89,Web,MW,Private
ZYFIA14,69,48775,701,30028,30-59,Mobile,MW,Consolidation
ARSAS6G,31,50883,743,14697,1-29,IVR,W,Private
U9V45D3,37,49399,793,30143,1-29,Agent,NE,Private
O8ZD0LQ,61,53104,709,4787,Current,Mobile,MW,Federal
0CADSMI,37,43670,685,39275,90+,Web,W,Private
I9A44YZ,63,59720,657,31095,30-59,Mobile,S,Federal
E4F4N3Z,25,44208,725,8634,1-29,IVR,MW,Private
LT5V487,57,33920,635,16600,Current,Mobile,MW,Federal
IT2VQYM,20,63693,657,34211,90+,IVR,MW,Consolidation
VLNZUQQ,23,79393,668,32353,1-29,Web,MW,Consolidation
6KOF8KR,29,61401,718,48608,Current,Web,NE,Consolidation
Q3K8A7R,53,64498,650,27445,Current,Web,S,Consolidation
7ORFQLA,19,18723,577,26037,60-89,IVR,MW,Federal
AXEQBNH,29,39146,638,29044,90+,Agent,S,Private
JX3BID6,55,52281,539,0,60-89,IVR,MW,Consolidation
YZMZUQ8,22,64450,752,35954,1-29,IVR,W,Private
33GY1MW,37,73667,769,22985,60-89,Mobile,W,Consolidation
Z8JJM3O,30,23843,653,20961,30-59,IVR,NE,Consolidation
UDKEZH3,71,93582,667,19559,Current,Agent,NE,Consolidation
QPKGRMM,54,46678,743,43032,Current,Mobile,W,Private
XE321D5,34,85768,694,29469,60-89,IVR,W,Private
486I3CE,27,40479,726,34377,Current,Agent,MW,Consolidation
4WQQYDN,67,60162,729,21422,90+,Mobile,MW,Private
7Z0A690,21,74167,581,14741,30-59,Web,S,Consolidation
5BY2BXS,75,70416,691,39778,60-89,Mobile,NE,Private
75YUZTW,46,30982,652,35107,90+,IVR,MW,Federal
GGN92F0,34,19539,678,18600,90+,Mobile,W,Federal
ZGUS8P6,50,30886,737,67069,Current,Mobile,MW,Consolidation
C0X2HYV,21,38784,697,28278,30-59,Web,W,Federal
QTG7HZL,22,29572,644,5475,1-29,Web,S,Federal
L3G0D2A,39,48186,705,59255,Current,Web,S,Private
74KUDYZ,41,37398,597,46162,90+,Mobile,MW,Private
D102KKV,56,75836,766,32364,1-29,IVR,NE,Federal
Z0KDN3T,47,36843,663,31287,Current,IVR,W,Federal
49TMY91,28,76845,779,22122,Current,Agent,MW,Private
U31E90G,21,74647,734,27067,30-59,Web,NE,Federal
LVQKXBI,40,22732,681,9531,Current,Mobile,S,Federal
HDPWVBZ,42,80312,651,24594,Current,IVR,MW,Federal
ADRKU0G,38,42270,624,9116,90+,Mobile,S,Private
VLC254Z,26,48752,724,14484,30-59,IVR,W,Federal
EZUL4AE,28,59771,558,41886,30-59,IVR,MW,Consolidation
K9JX42E,47,41219,657,15829,90+,Agent,S,Consolidation
K3QU7TG,74,68573,617,14971,60-89,Mobile,MW,Private
V96CRK7,23,59084,701,12860,90+,Web,MW,Consolidation
DNHBOBV,56,42681,703,58144,Current,Mobile,S,Federal
AHKB4J0,26,63095,709,26865,60-89,Agent,NE,Federal
23GGODL,65,38371,610,31927,30-59,Web,NE,Federal
45WRXPU,44,26270,673,0,1-29,Agent,NE,Federal
ILM3ILB,58,64512,686,36795,60-89,IVR,NE,Federal
KTVMC6S,53,53953,609,33582,30-59,Web,S,Private
3T268O2,19,54373,762,30029,30-59,Web,S,Consolidation
DYGFLIJ,47,62239,608,44226,90+,Web,S,Federal
8B6J393,41,44436,706,28872,60-89,Mobile,MW,Federal
M8R8DWP,20,93545,698,60206,1-29,Mobile,NE,Federal
FFLNCC2,59,42178,668,9629,Current,IVR,NE,Private
VT3X8VE,21,34334,585,42635,30-59,Agent,W,Federal
UTMEQUZ,54,96954,670,5605,Current,Mobile,MW,Private
ZHI646N,42,21218,727,17401,Current,Mobile,MW,Federal
Q82K8RY,47,20504,609,17266,30-59,Web,S,Federal
CKEH5SW,18,31277,669,7958,60-89,Mobile,MW,Federal
6AR1AR6,50,49836,819,27744,60-89,Mobile,W,Consolidation
9VLU8WP,33,28101,733,30462,1-29,IVR,MW,Federal
19KWGBN,75,13476,638,31353,Current,Agent,S,Private
WU1R0DN,31,47993,653,26586,Current,Mobile,NE,Private
0G3YVOL,74,55378,729,40709,60-89,Agent,NE,Consolidation
6UNVSDK,51,69973,674,0,Current,Agent,W,Private
EPLI20A,51,75719,667,28245,60-89,Web,W,Private
4CKOM5F,63,15968,564,22536,60-89,IVR,MW,Federal
4JYEU3Q,51,32712,660,57861,Current,Agent,S,Private
A7R8ILI,18,64377,773,0,Current,Mobile,W,Federal
A3BL13V,45,92903,613,34769,Current,Mobile,S,Federal
EBNDSL3,54,67124,634,41463,1-29,Web,MW,Private
VFUA9BQ,69,66504,645,48302,30-59,Web,MW,Private
73SLZ3Z,47,23322,632,333,Current,Mobile,MW,Private
VV457GN,33,67846,685,21498,Current,Mobile,S,Federal
MQW8EVR,67,47301,816,51274,1-29,Web,S,Private
AV3W9O0,71,64403,706,21546,90+,IVR,S,Consolidation
EWO7TCB,30,76026,730,23289,30-59,Agent,NE,Federal
CZ3BQFR,51,54905,678,8029,60-89,Web,S,Consolidation
6V3DGS9,26,74518,668,30334,1-29,IVR,NE,Private
T7F1UP4,50,24984,673,21277,Current,Mobile,S,Federal
ZLE6KWH,48,45716,745,682,60-89,Mobile,NE,Federal
HOAE527,50,25778,617,39913,30-59,Web,NE,Federal
C98WZGW,61,73280,699,52488,1-29,Web,NE,Private
4ZWBMFN,57,32340,696,17663,30-59,IVR,MW,Federal
M9QW3HT,58,76577,694,31063,60-89,Agent,S,Consolidation
9MA21KC,64,71441,783,49194,90+,Agent,MW,Federal
Q50O0FJ,57,65762,609,38803,60-89,IVR,W,Consolidation
FV177UD,61,36543,707,44934,30-59,Mobile,W,Private
SGK783N,23,61485,692,6072,90+,Agent,S,Federal
46ZSSJN,61,65110,733,21225,Current,IVR,W,Consolidation
79WRR51,46,49322,655,35412,Current,Agent,S,Private
38Q37MB,27,34628,605,64168,60-89,IVR,S,Federal
HLGEMJ9,30,12000,661,79663,30-59,Mobile,MW,Federal
7DKNNCP,39,66169,697,0,Current,Agent,MW,Federal
2WQK2OM,29,37994,642,41247,60-89,Mobile,S,Consolidation
HNHWEKQ,53,49103,693,25475,60-89,IVR,S,Federal
BGDYBOJ,65,44704,667,34920,60-89,Mobile,S,Federal
DDTBXT6,52,48043,728,37925,60-89,IVR,S,Consolidation
QGCBJJU,24,97016,722,42725,1-29,Agent,W,Consolidation
1LK84KQ,40,31009,635,0,Current,IVR,W,Federal
5WMD9LA,75,34138,724,28684,30-59,Web,MW,Private
3Y5A292,72,38084,662,23567,90+,IVR,S,Consolidation
RWUEFG0,24,66841,710,20888,1-29,Agent,S,Consolidation
S7XZFWS,30,101138,773,34588,Current,Web,W,Private
ZBLJ2NP,45,67970,692,25600,Current,Web,NE,Federal
Y2N3NFC,56,82597,608,48314,30-59,IVR,NE,Federal
S6G298C,67,49409,602,31380,30-59,Mobile,MW,Federal
ZFW3BWE,56,67119,690,29897,60-89,Web,S,Consolidation
4RC05ZJ,28,35264,695,56861,60-89,Mobile,MW,Private
TOG1WKV,50,34148,719,37365,Current,Mobile,W,Federal
TW3VTYU,49,72206,662,3987,30-59,Mobile,NE,Consolidation
4BR2FXV,24,76064,661,45046,60-89,Mobile,W,Private
PDBX52N,63,43868,634,25768,Current,Agent,MW,Consolidation
SOGGY5K,19,67482,701,44441,Current,Agent,S,Private
F9FZJAH,19,66719,631,55499,60-89,IVR,W,Consolidation
9KW1AAK,29,25222,674,44506,60-89,IVR,NE,Federal
DNOQ3XW,31,42117,677,32854,30-59,Mobile,MW,Consolidation
1W1WUDC,72,12000,713,48411,30-59,IVR,NE,Consolidation
UF0TJ5J,68,35553,703,21943,60-89,Mobile,MW,Consolidation
1COXPY5,55,37227,752,47359,1-29,Mobile,W,Federal
P0FODRO,68,28104,663,18180,Current,Mobile,S,Consolidation
M0IHDZS,48,77126,620,31344,30-59,IVR,MW,Federal
OMFFK4X,72,65154,747,36879,30-59,Mobile,MW,Private
V8LRZSU,46,77745,658,24439,90+,Web,NE,Consolidation
Q7TFS2E,71,42116,697,45705,1-29,IVR,S,Consolidation
UXJCN0C,19,76038,681,14038,90+,Mobile,W,Consolidation
Z5CWCC2,35,52481,659,46747,30-59,Web,W,Private
2HJQN33,32,76322,573,26774,30-59,Mobile,W,Federal
W1PUWSN,22,71421,655,29329,Current,Agent,MW,Private
T60KUSF,31,45051,709,21489,Current,Mobile,MW,Federal
7X3BQWR,36,41348,618,35077,60-89,Web,W,Private
DL3AF6K,40,67239,620,20739,30-59,Mobile,S,Federal
LTTC954,68,65547,652,21830,30-59,Agent,MW,Private
0F5E47R,67,60584,743,55808,90+,IVR,NE,Federal
QH79UMT,62,34639,609,7940,60-89,Agent,W,Private
91TVV95,41,25419,671,41663,Current,Mobile,S,Consolidation
GVLHWXP,22,43811,815,47947,90+,Agent,W,Consolidation
XJJDH2U,44,79081,696,48156,90+,IVR,NE,Private
GO8UTD9,31,92839,651,53414,Current,Mobile,NE,Private
6H9G9EI,51,55388,690,20160,30-59,Agent,NE,Consolidation
9MSK0NL,50,76670,665,17661,30-59,Web,MW,Consolidation
THM4KT6,70,99299,559,47226,Current,IVR,NE,Consolidation
43D5IQV,50,89129,620,35009,90+,IVR,MW,Consolidation
TLYO674,66,32840,695,9189,Current,IVR,S,Private
OAAZDJB,33,22485,686,11908,Current,Web,NE,Federal
4TR4GSE,29,40050,703,31009,1-29,Web,NE,Consolidation
16WU19L,50,33460,698,32866,1-29,Web,MW,Federal
TX9GSDI,57,74481,674,30890,30-59,Mobile,NE,Consolidation
1GPT49P,57,64298,640,53285,1-29,Agent,W,Private
MEXWXZM,46,12000,730,19560,90+,Web,W,Consolidation
ZKXJ5GG,61,71760,633,19624,Current,Web,W,Private
REDY0VQ,68,44470,650,34003,30-59,Mobile,MW,Federal
MSZDXIM,64,58417,734,16966,60-89,IVR,S,Private
TMP4NVV,25,31407,703,37855,30-59,IVR,W,Federal
RWE9EUK,20,49305,724,23956,90+,Agent,MW,Private
6MVN35I,41,12443,707,26880,60-89,Mobile,S,Private
SQ6DNN8,47,58036,686,14101,30-59,Web,MW,Private
Y4TS63B,38,50165,628,39221,Current,Web,W,Private
8C8CLRK,34,63182,597,22030,30-59,Mobile,MW,Consolidation
OU3HPF1,62,54411,654,25340,30-59,Web,MW,Federal
NTA81J8,57,48858,584,45179,30-59,Mobile,S,Consolidation
F5LXK2G,52,69632,710,41622,30-59,Agent,W,Consolidation
WHZR4UR,69,33974,652,46564,1-29,IVR,MW,Consolidation
AF667ZT,22,71049,725,21245,1-29,Mobile,S,Consolidation
4OEPC8T,25,60806,626,33728,1-29,Web,W,Consolidation
0H1C9IB,22,80980,762,7621,30-59,Agent,MW,Consolidation
JMV06DD,66,18553,640,27006,60-89,Agent,NE,Private
4V30T9N,52,21028,693,7253,1-29,Agent,NE,Private
WHOFYM0,18,89673,644,42240,90+,Web,NE,Private
6BDJ7H7,57,43199,577,11493,30-59,IVR,W,Private
GL5WR6Z,53,92458,597,28924,Current,Mobile,NE,Federal
NA0B6NW,23,32383,688,8363,1-29,Agent,W,Private
0KMCMXZ,44,94192,672,19441,Current,Agent,MW,Private
9QESOS0,45,114438,653,13892,1-29,IVR,MW,Private
Q8HCQUT,70,31026,637,17465,60-89,IVR,NE,Consolidation
QF1TTIM,61,46276,652,45847,60-89,Web,S,Federal
U7JW9WC,74,64580,586,37923,30-59,Web,W,Private
24LPO6G,18,44073,595,9153,30-59,Mobile,MW,Private
PU0T566,64,29822,649,96,30-59,IVR,W,Federal
Y50UCAI,67,51762,655,36664,90+,IVR,MW,Private
28QAQX9,52,60267,690,10830,Current,Agent,NE,Federal
Z1WRAA7,54,88140,789,32849,90+,Web,MW,Federal
Y5T37SZ,53,14711,598,35886,60-89,Mobile,MW,Consolidation
VGFRI7F,74,14694,695,13802,Current,Mobile,MW,Private
W7LRKHT,59,62170,608,33078,60-89,IVR,MW,Federal
03JW6R8,56,45062,743,1871,1-29,Agent,NE,Federal
BU7GE3A,24,47327,765,28505,60-89,Mobile,NE,Consolidation
DRN4ORA,63,108659,600,44325,1-29,Agent,NE,Federal
L3RFJL9,25,71046,539,43419,60-89,Web,W,Federal
AVLER8M,27,64826,793,21621,90+,Mobile,S,Private
7N8VOEU,50,26861,763,43115,60-89,Mobile,S,Federal
SOOITBT,25,46249,679,35134,Current,Web,MW,Federal
QNP1K8U,37,82743,674,49249,Current,Mobile,MW,Federal
HG1GF4O,48,12000,634,42470,Current,Agent,MW,Consolidation
VBCQ7G4,24,63934,620,27940,90+,Mobile,MW,Consolidation
MG00CRZ,35,101277,723,42298,Current,IVR,NE,Private
VZHOYYK,33,44768,714,50032,90+,Agent,W,Consolidation
Q1HU3FI,53,43714,704,42495,60-89,Web,MW,Private
2PRYVF3,61,49165,670,24930,Current,Agent,S,Consolidation
5EAARDQ,36,46588,726,44625,90+,Web,S,Consolidation
WF58YJ9,20,51125,791,15902,Current,Mobile,W,Federal
KZADBS9,24,41767,594,17863,30-59,IVR,S,Federal
BYWCYBO,68,14764,723,42058,Current,Web,S,Consolidation
PSEX2VY,23,33433,552,35117,30-59,IVR,NE,Federal
CIOWCS2,39,39792,722,32447,60-89,IVR,W,Federal
7B5YUFX,70,62910,641,12762,90+,IVR,MW,Private
D5Z8546,58,89822,722,39467,Current,Agent,NE,Federal
IC1L7DY,36,39082,654,0,30-59,Agent,NE,Federal
HSS7NW0,19,38759,719,6207,Current,Agent,W,Consolidation
FY17XOZ,61,50546,649,10148,90+,Agent,NE,Federal
WGE3ZIE,67,71695,629,32727,30-59,Web,S,Private
GXLUN6U,30,59545,597,17086,60-89,Web,MW,Consolidation
4JUNR3B,30,62425,753,23092,60-89,Agent,W,Federal
6JBP33G,39,73950,792,20013,30-59,IVR,NE,Private
GE6KRSI,57,65287,706,31475,30-59,Agent,NE,Federal
7OBBC83,45,43029,768,0,30-59,Web,S,Federal
XFZJDCY,71,37534,710,36951,Current,Agent,MW,Consolidation
PSV6TXJ,55,59913,719,43388,60-89,Agent,W,Private
ZWKC66U,21,56954,723,48401,1-29,IVR,S,Consolidation
JQ54BG5,21,73079,665,41615,1-29,Agent,W,Private
R2E4UGD,74,43696,746,38058,90+,Agent,NE,Consolidation
3XKKJLI,73,72729,676,30859,90+,Mobile,NE,Consolidation
0I9BL14,47,21509,678,15941,Current,IVR,W,Consolidation
1TCJFCZ,20,12000,686,36707,90+,Mobile,NE,Consolidation
IEIHCJJ,39,56723,686,7306,60-89,Agent,MW,Federal
TTI909N,38,12000,709,10246,30-59,Agent,S,Private
8U40QCU,31,31807,618,0,30-59,Web,NE,Consolidation
LWEQD6R,19,60741,651,31633,60-89,IVR,NE,Private
3MN9X6G,57,48897,591,60400,30-59,Web,MW,Consolidation
I3DZXLR,45,61867,671,42255,Current,Web,NE,Private
7JRCI46,74,86601,645,34883,1-29,Web,MW,Consolidation
YPHWHM5,26,61797,666,19701,60-89,Agent,S,Consolidation
2IPE7YK,64,82651,706,65070,30-59,IVR,NE,Private
VUCAHOG,49,79717,758,22954,1-29,Agent,W,Federal
UIS2GY9,46,30468,628,30398,90+,Mobile,S,Private
JOD8VU7,23,82771,592,9306,30-59,Agent,MW,Private
W4HWON2,53,45836,673,32043,Current,Web,W,Federal
DKRLC0Y,44,71323,703,65831,Current,IVR,MW,Private
QT67F2H,55,42583,721,8150,Current,IVR,S,Federal
8GBNIUD,51,80351,630,25468,30-59,IVR,NE,Consolidation
K3VJE6I,44,61744,665,24849,Current,IVR,S,Federal
9EKOJZC,52,88232,663,22075,30-59,Mobile,W,Private
PWA0D7D,74,36438,705,8519,Current,Web,S,Federal
MEXF32V,30,55021,685,36839,90+,IVR,S,Federal
KKTBK5P,21,76513,627,8154,60-89,IVR,W,Consolidation
EQPIGJS,25,75935,705,18735,1-29,Agent,MW,Federal
3N50BV6,46,76104,652,50539,Current,Web,W,Federal
2C11BD2,49,46274,652,8058,Current,Web,W,Federal
634RH7C,45,57786,690,28591,Current,Mobile,W,Federal
ZPQV6UU,29,49701,719,22045,Current,Agent,W,Consolidation
UNY2O6S,43,39826,700,43210,30-59,Web,NE,Federal
MTRKZYT,21,63159,624,42346,90+,Web,NE,Private
36ZPMG6,57,35825,758,26183,90+,Web,S,Consolidation
0LJCH2V,61,44561,615,30851,30-59,Web,MW,Federal
I5B9OIN,34,54945,708,17190,1-29,Web,NE,Federal
PTFWVVQ,64,80798,637,31824,30-59,IVR,W,Consolidation
XG48RA4,57,45736,667,69031,60-89,Mobile,S,Private
T87QUF7,27,35186,664,19013,90+,Web,W,Private
EWKIHPY,74,63964,698,70858,Current,Agent,W,Federal
D0RZXAJ,63,68435,656,48368,Current,Mobile,NE,Consolidation
W991K8B,48,73820,709,26158,1-29,Web,S,Federal
OMPO0N1,61,62442,660,23694,Current,IVR,MW,Private
RW50LMB,37,73621,706,11697,1-29,Agent,NE,Consolidation
5ON46OT,41,16454,627,19223,90+,Agent,MW,Private
YYQM49V,33,67772,751,0,1-29,IVR,MW,Federal
DEK429M,48,57671,664,13238,1-29,Mobile,NE,Federal
WGT2LB2,56,58380,670,43222,30-59,IVR,W,Consolidation
PI6W380,41,84206,597,10680,60-89,Mobile,NE,Consolidation
V1F070V,66,58128,678,20728,30-59,Agent,MW,Federal
9CKHAWV,59,74908,665,54716,Current,Mobile,MW,Consolidation
NN6LXYN,43,67347,613,43429,30-59,Mobile,W,Consolidation
I59S90H,57,24088,564,43623,60-89,Agent,S,Consolidation
XAHS5RC,70,46664,636,2882,60-89,Web,S,Federal
BXPFYJL,44,46853,658,18899,30-59,Web,MW,Private
Q5WNIAI,53,85899,678,41696,Current,IVR,MW,Private
NFRAOTW,28,61007,662,19117,Current,Web,S,Federal
7IT7XXD,43,29681,734,21015,1-29,Web,NE,Private
77YH3Y8,69,39854,628,41635,1-29,IVR,MW,Federal
KEZNL0H,62,47101,585,34795,90+,IVR,NE,Private
EUGWUBU,21,12000,644,40757,30-59,Web,W,Consolidation
KRX0GWH,63,50388,666,66115,1-29,Mobile,W,Federal
24US73W,43,62451,692,19140,90+,Mobile,W,Consolidation
2SGR9W2,56,53587,737,0,60-89,IVR,MW,Consolidation
0VCCLIN,27,41677,617,45946,30-59,Web,NE,Private
ADD0GN7,53,39458,739,18582,1-29,Mobile,S,Consolidation
ND3J5H4,70,41460,758,0,Current,Web,S,Consolidation
99HZYZT,67,60407,690,17681,Current,Mobile,NE,Federal
UQVU5OE,19,31792,697,33069,90+,Web,S,Consolidation
2FDZLTO,37,41941,639,32965,30-59,Mobile,NE,Private
89YTMQS,25,70455,789,45544,1-29,Agent,W,Private
HA752A9,46,38184,634,46654,90+,Web,W,Federal
YH0G0XQ,57,40796,642,9958,60-89,Mobile,S,Private
7D6E5F0,58,31616,660,14581,90+,IVR,NE,Federal
Y5LCUFV,41,89402,599,31599,30-59,Web,S,Federal
00T5TK2,53,35176,645,58390,Current,IVR,NE,Consolidation
PO55QY6,52,90052,647,16785,Current,Web,S,Consolidation
5CH4FOD,61,52893,729,22180,90+,Agent,NE,Private
R2Z0AUF,64,70118,705,61337,1-29,Web,NE,Federal
NTHM707,31,24958,714,40568,60-89,Web,S,Private
P7UYA7Z,20,103921,654,29816,1-29,IVR,W,Consolidation
LX4UZII,33,32325,754,67630,1-29,Agent,W,Federal
DKVUFF1,32,63257,815,31119,30-59,IVR,MW,Consolidation
0UUFZQQ,39,34966,716,37625,90+,Agent,MW,Private
GH2IJ4T,21,55931,648,16999,Current,Mobile,MW,Private
HLOIKIV,19,12000,687,6576,1-29,IVR,NE,Consolidation
VYE45QZ,31,62134,751,24734,30-59,IVR,NE,Private
SA5PNVW,46,56186,666,2620,Current,Mobile,S,Consolidation
E55325C,42,69275,739,9228,30-59,Mobile,W,Consolidation
N6DO2GU,43,39491,602,0,30-59,Web,NE,Federal
GBL0M3I,20,33253,672,69502,30-59,Mobile,MW,Private
H3V10M1,20,69955,648,42862,30-59,Mobile,MW,Consolidation
8O5M4AJ,29,57286,597,24698,60-89,Mobile,MW,Federal
L6HZMZH,70,39395,679,42510,30-59,Agent,S,Federal
D0JZCBF,51,29120,709,27604,Current,Mobile,W,Federal
CDO0OXB,73,111995,655,52822,Current,IVR,W,Consolidation
2BVXEJA,38,26694,634,20939,30-59,Web,MW,Federal
1NJKIKS,38,59826,579,21143,60-89,Agent,NE,Federal
FZTGP8D,21,79266,626,38483,Current,Web,S,Consolidation
AVD2XN7,31,69332,654,12147,60-89,IVR,NE,Private
5WAAECH,53,48025,697,43194,60-89,IVR,W,Federal
IYUHWYQ,73,60938,660,0,Current,Web,W,Consolidation
WFHDV37,35,55974,632,24423,Current,Web,MW,Consolidation
SI9ICA6,61,53715,785,57980,30-59,Web,NE,Federal
OKQ6N9L,46,47220,679,21664,60-89,Web,NE,Private
0GUQL27,67,38696,696,10769,1-29,IVR,NE,Consolidation
2C9T199,69,37197,696,16698,Current,Agent,W,Federal
IJB3SWS,23,64480,736,28313,30-59,Agent,W,Private
8WR4IJI,18,50073,649,42060,30-59,Web,NE,Private
90GNVYG,44,31232,694,21152,30-59,Web,NE,Federal
P4CD0PP,51,21705,702,0,60-89,Agent,NE,Consolidation
ZKVNIJW,59,89352,571,21236,30-59,Agent,NE,Consolidation
824HBQ9,71,46737,672,12137,60-89,IVR,MW,Private
0J2NBI5,57,54754,640,30070,90+,Agent,S,Federal
YWU2GYI,49,39198,698,7165,Current,Web,W,Private
RXPUDC6,30,47835,621,33864,30-59,Agent,W,Consolidation
LRC6G1H,67,36392,648,22976,90+,Mobile,MW,Federal
Q4XYPPH,22,44636,701,17920,Current,Web,S,Federal
HYHP386,47,43887,599,12450,30-59,Mobile,MW,Consolidation
HLMH1T9,33,12000,693,51976,Current,Mobile,NE,Consolidation
PK92WU1,45,39952,657,0,30-59,Mobile,NE,Private
QRY3VVV,46,23215,792,20045,90+,Web,S,Private
DCM3T19,71,46458,732,29678,1-29,Agent,W,Federal
5V2WWG8,72,25514,663,39838,90+,Mobile,MW,Consolidation
0TWKDW1,27,52802,699,24723,60-89,IVR,MW,Private
210U8UL,33,55275,627,51449,60-89,Mobile,NE,Private
MC4XWI7,62,76549,669,32303,90+,Mobile,NE,Federal
FYROQ2Q,23,14082,594,7534,90+,IVR,NE,Consolidation
E429OMU,21,76388,710,4327,Current,Web,S,Federal
K64MGJ7,61,48669,616,59994,90+,IVR,NE,Federal
SV0FHSO,25,41496,688,18991,60-89,Agent,S,Federal
SKPSCEB,63,12458,669,45600,1-29,Web,NE,Federal
R2SDS8B,19,17713,586,25032,30-59,Mobile,W,Federal
1AU0INW,57,61974,850,22316,30-59,IVR,NE,Federal
W0BUPMT,36,79267,801,35725,30-59,Mobile,MW,Private
VHDVMWY,40,16292,708,5354,1-29,Web,MW,Consolidation
G107G8O,71,37206,620,23573,30-59,Agent,NE,Federal
2P5EJRS,54,62418,615,9846,30-59,Web,NE,Private
PNNLO0H,47,64748,649,0,Current,Agent,MW,Private
WH83316,40,57374,623,32624,1-29,IVR,NE,Private
SBDJ532,60,66083,628,34803,Current,Mobile,S,Federal
W2A8U9V,24,23705,803,0,90+,Web,W,Consolidation
DDOIKT2,33,22468,635,45805,1-29,Agent,NE,Private
VVLD3II,19,85879,631,4239,Current,Agent,S,Federal
344MW04,24,101582,696,75471,Current,Web,S,Federal
4MEIADN,28,68047,744,15541,90+,Agent,S,Federal
2MF3G1P,18,80919,667,5349,60-89,IVR,MW,Federal
IKQWJ2C,71,46787,733,37711,30-59,Web,NE,Private
OB8X1FE,49,57980,644,44212,1-29,Mobile,W,Private
UUIJNWP,32,59282,618,24362,90+,Agent,S,Consolidation
A6UEYER,19,20148,825,5149,60-89,Web,S,Private
4GU5Z9L,71,69720,724,30086,90+,IVR,NE,Private
IMOES1A,52,78530,607,35587,60-89,IVR,W,Private
0QCBCBE,22,45869,778,5471,Current,Mobile,MW,Consolidation
EHDM6K6,42,67759,663,19442,1-29,Web,NE,Consolidation
GV868CD,30,33570,645,48939,90+,Mobile,W,Private
KC4LORX,36,43780,570,12072,30-59,IVR,W,Private
AGS1KWQ,50,40525,758,0,60-89,IVR,MW,Federal
0MEVA7J,25,37349,619,35260,60-89,Agent,S,Consolidation
75IHL2T,23,25149,705,51192,Current,IVR,MW,Private
6OWW5FK,19,36207,626,15556,30-59,Mobile,NE,Consolidation
DPXNF7C,66,67598,667,47910,30-59,IVR,NE,Federal
G1IR70I,39,56643,660,12075,30-59,Web,S,Private
K1W7GR7,19,44989,665,31488,30-59,IVR,S,Consolidation
Q4YE0WF,26,96088,739,78036,Current,IVR,MW,Federal
JZ0IFRM,67,53516,734,23354,1-29,Agent,W,Consolidation
EHRTVCE,47,75513,732,26986,Current,IVR,NE,Consolidation
RCNEBCX,66,63456,586,21054,60-89,Agent,S,Private
J9Q22YC,28,47424,618,17100,30-59,Mobile,MW,Private
RJO59VR,70,35095,785,23745,Current,Web,NE,Private
SXVTI2V,69,42265,590,27233,30-59,Web,MW,Private
UD2XD3T,74,43047,549,31553,30-59,Agent,NE,Private
0ALMWNM,39,35517,634,20144,60-89,Agent,MW,Private
2QSU2EI,59,25774,726,0,60-89,Agent,NE,Federal
QGGBUKC,46,83838,572,25727,30-59,IVR,S,Consolidation
3J3R30M,68,12000,760,29199,30-59,IVR,W,Federal
Y5CCBSY,74,18182,687,36370,90+,Web,W,Consolidation
QZFO30X,47,50074,655,79178,90+,Mobile,MW,Consolidation
WRB7F6F,67,84891,637,0,30-59,Mobile,NE,Private
USY2O33,29,12000,732,22858,90+,Mobile,NE,Private
Z98JHE1,45,12000,749,24168,90+,Mobile,S,Consolidation
8TH105O,23,42938,652,23561,30-59,Mobile,MW,Consolidation
R5SOSC0,72,44068,738,27986,Current,Mobile,NE,Private
NOAD78Q,56,64739,684,34537,Current,Agent,W,Private
9ISXUWV,38,12000,702,37575,60-89,IVR,W,Private
LXVGPC6,52,54323,739,30500,60-89,Agent,NE,Private
LUA07FM,63,46427,650,47502,90+,IVR,MW,Federal
G74L8OS,37,33503,806,40769,60-89,IVR,MW,Consolidation
G86DQ8G,67,92781,622,54213,1-29,Mobile,S,Federal
4OBKS3I,33,69628,622,60031,90+,IVR,W,Federal
6SJQA0P,75,64621,603,44131,30-59,Mobile,MW,Consolidation
HHPBMYO,42,51146,766,0,60-89,Web,W,Private
19SHQ8B,25,46559,646,75552,90+,Agent,S,Private
VYJ2JZO,62,70968,731,54027,Current,IVR,S,Consolidation
JFC6AQ1,28,70998,795,22854,60-89,Agent,MW,Consolidation
LSREYGA,49,41732,669,9892,60-89,Web,W,Federal
UR8WOIE,30,38337,749,40437,60-89,Web,S,Federal
WE46XAA,75,12000,706,42536,60-89,Mobile,S,Consolidation
8DH9PTF,40,27335,658,16329,1-29,Mobile,MW,Federal
6XLBHWG,53,53767,742,11155,1-29,Mobile,S,Consolidation
WWQXYEB,40,28032,640,48775,Current,Agent,MW,Private
2FOZZ1J,69,45668,712,284,60-89,Mobile,W,Federal
JORDBIQ,52,12000,768,48486,60-89,Agent,MW,Private
UFIVIPV,60,20203,660,5963,30-59,Mobile,MW,Federal
WHQMN7D,27,63101,712,0,90+,IVR,S,Private
8611GQI,36,41609,685,28799,30-59,IVR,NE,Consolidation
I3F4X2J,30,44534,693,15375,60-89,Web,NE,Private
YW3DP11,37,12000,669,22944,90+,Mobile,MW,Federal
WZJUC5R,51,24213,658,55466,Current,Agent,MW,Consolidation
J6D553Q,73,47454,719,56608,60-89,IVR,NE,Private
ZFZJ29Y,27,12736,726,31710,30-59,IVR,MW,Private
MGN1EEX,27,30970,665,46076,1-29,Mobile,NE,Consolidation
MRY09SG,51,61973,639,60730,60-89,IVR,S,Federal
X0MUL27,70,53195,575,56275,30-59,Mobile,W,Federal
NHIE9ED,18,30799,603,23942,30-59,Web,W,Consolidation
JMWN2K8,72,75507,695,3029,90+,Agent,NE,Federal
ZOCJECB,68,49639,664,15543,1-29,IVR,W,Private
69HZGOP,50,30337,624,32065,60-89,Web,NE,Consolidation
GI0RR0T,39,63534,634,0,1-29,IVR,NE,Federal
M7PYXDW,46,21013,660,24553,30-59,Mobile,NE,Consolidation
VYV2GQU,42,48744,623,35706,30-59,Agent,W,Federal
ZFRXYMM,28,81067,699,32923,90+,Mobile,MW,Private
59WAGP5,60,39701,649,40528,90+,IVR,W,Private
764UGEB,73,46082,608,23440,90+,IVR,S,Private
5QD8C1A,31,80739,664,50650,Current,Web,S,Consolidation
M2D93H3,42,59752,613,25704,60-89,IVR,MW,Consolidation
NKC6BBB,28,76904,603,35362,30-59,IVR,NE,Federal
JM8XBAT,33,36058,641,45812,90+,Agent,W,Consolidation
FEZKFH0,54,34594,693,0,60-89,Mobile,NE,Consolidation
3LJOKBZ,23,60681,750,36239,90+,IVR,NE,Consolidation
J96MEF1,44,45750,616,34375,60-89,Mobile,S,Federal
RQH7O0Z,63,63804,695,9368,60-89,Agent,NE,Federal
RMA7YPC,24,42392,629,29175,Current,Agent,W,Consolidation
DE12WUW,68,61506,755,46099,Current,IVR,S,Federal
2LIMP39,33,39644,749,26502,Current,Mobile,MW,Consolidation
BTKF6XD,65,12000,667,9976,Current,IVR,MW,Private
72U22EF,39,19649,552,21287,60-89,IVR,NE,Private
7U08WM2,69,62858,695,8439,Current,Agent,S,Federal
YULND7U,18,56928,620,7910,1-29,IVR,W,Consolidation
7AKN207,27,44937,652,19621,30-59,Web,W,Consolidation
3AXP4EU,37,28339,687,65650,Current,Agent,NE,Consolidation
APJY1ZB,52,104994,668,30041,Current,Agent,S,Private
GKAVRC6,73,42802,751,21609,60-89,Mobile,MW,Consolidation
LMEGS7U,60,26349,598,13921,60-89,Agent,W,Private
P0SC7SV,64,28689,648,0,60-89,Web,W,Private
GCSOTDH,69,40997,620,38907,1-29,IVR,MW,Federal
VGED9OL,39,92827,636,45590,1-29,IVR,MW,Private
ZHWJR64,73,64117,719,17045,60-89,IVR,NE,Federal
HMRYI02,74,12000,645,25019,30-59,IVR,MW,Federal
13PVVQZ,38,58332,582,17055,30-59,Agent,NE,Federal
0FAVHYS,68,59542,692,13361,30-59,Web,MW,Consolidation
4Q4SXA0,66,60430,789,11975,30-59,Agent,NE,Consolidation
0H67WPR,29,12000,662,31375,90+,IVR,NE,Federal
764JWTE,39,50646,654,4086,1-29,IVR,NE,Private
8G8HZMV,43,40158,632,65457,Current,IVR,S,Consolidation
V3Z6BZ8,50,42846,689,41391,30-59,Mobile,S,Consolidation
46AYN2D,46,60236,686,60773,30-59,Agent,MW,Consolidation
BEJAM4R,62,49282,718,17740,1-29,Mobile,MW,Consolidation
OT1K8HC,69,69141,522,52267,60-89,Mobile,MW,Federal
0CM0TU2,58,44040,491,14389,30-59,Mobile,MW,Federal
E1SFXUS,21,91990,588,49395,1-29,Agent,S,Consolidation
TWLTWAW,51,32150,649,28558,Current,Mobile,MW,Consolidation
QTKEYW0,52,39721,805,4916,30-59,Mobile,S,Consolidation
9ULTHYC,20,17855,704,17601,Current,Agent,NE,Private
KLDF4HR,43,32552,651,46642,30-59,Agent,NE,Private
6VB23OT,62,36755,677,35296,1-29,Web,MW,Consolidation
TNGCRZX,71,27072,591,30440,30-59,IVR,W,Consolidation
AP7DVUF,31,72498,647,3913,60-89,Mobile,MW,Private
U3WBVDD,40,52776,669,77887,1-29,Web,S,Private
1VRGSS8,72,64090,711,51114,Current,IVR,NE,Private
TIXDWR0,71,51042,751,30677,90+,Mobile,S,Consolidation
87OK7KY,48,38077,643,0,Current,Web,W,Consolidation
KP1L4WF,68,96645,630,14266,1-29,Web,NE,Federal
X5F6Z61,27,66215,704,45205,1-29,Mobile,NE,Federal
I6AYNPE,68,59113,711,37742,30-59,IVR,W,Federal
TIVEH8V,55,12000,790,74943,30-59,Agent,NE,Federal
KB700UC,50,37481,635,19237,1-29,Web,NE,Federal
7X1RCQ1,70,37556,598,38894,30-59,IVR,S,Consolidation
43I21PU,58,70783,599,20911,30-59,Agent,NE,Consolidation
LT2BI30,56,77720,724,44989,60-89,Web,MW,Consolidation
6BHAGDF,53,36369,700,21891,30-59,Mobile,W,Federal
OKI5BLW,27,49228,650,12900,30-59,IVR,NE,Private
ENM5UN7,20,51694,709,29842,1-29,Agent,MW,Consolidation
NBD0V0N,68,46144,601,30528,60-89,Web,MW,Private
L9GM5HN,40,16442,729,31501,90+,IVR,S,Consolidation
ZPZVOWI,37,37624,678,35630,1-29,Mobile,S,Consolidation
NW74YRT,23,72130,521,65833,60-89,IVR,W,Consolidation
EY7Z32O,33,52162,664,56651,60-89,IVR,NE,Private
J2PKKIU,47,53954,626,33970,Current,Agent,S,Consolidation
HVQIZD8,72,72955,631,54473,1-29,Web,MW,Consolidation
34XDKXI,65,52088,647,20939,Current,Mobile,NE,Private
EDXFE3J,72,70883,692,19342,60-89,Web,S,Federal
C38MEMZ,29,34962,710,52028,30-59,IVR,W,Federal
P6RD76F,52,46116,491,21534,60-89,Web,W,Consolidation
PXNCCRB,29,81796,713,701,90+,Agent,MW,Federal
XNPZCU7,57,38369,668,44548,Current,Mobile,MW,Consolidation
DAWSUH4,24,63285,622,31405,90+,Web,MW,Federal
PEEM9JU,29,66845,712,20656,Current,Web,MW,Federal
TURZ5MT,46,76814,672,24462,Current,IVR,NE,Federal
1VJ35YR,23,47216,747,0,60-89,Mobile,NE,Federal
24FJ57R,43,12753,672,0,Current,Mobile,W,Private
N6YJMK3,36,52718,667,49189,Current,Web,S,Private
MDSJH3H,32,63754,709,35237,30-59,Agent,W,Consolidation
J5OLVOR,25,75626,750,34460,Current,IVR,S,Federal
YDC14ZS,58,12000,629,9914,Current,Mobile,NE,Federal
9N56NYX,43,82751,713,21216,1-29,Web,MW,Federal
9PRNNBE,57,28216,614,32568,30-59,Agent,W,Private
FV44U3W,39,78988,537,15447,30-59,Web,NE,Private
L5XF50I,69,72663,761,25072,30-59,Agent,S,Consolidation
O6L1F90,59,53861,567,1177,90+,Agent,MW,Federal
OZ83EJF,53,63906,655,35111,1-29,Agent,W,Federal
VSIGBIA,21,65260,665,62260,Current,Web,MW,Federal
2GQN8J0,21,66701,688,69107,1-29,Mobile,MW,Federal
RYKN8A2,68,40657,630,9479,1-29,IVR,S,Consolidation
JINHD5X,44,43062,686,50463,1-29,Mobile,NE,Federal
GHEKQ8B,51,82712,658,31571,30-59,Mobile,MW,Consolidation
SV2IFWY,34,46345,671,37781,30-59,Web,W,Private
DXBDEHH,22,68724,706,8976,60-89,Web,W,Consolidation
T8UKXT6,66,50015,741,0,Current,Web,S,Consolidation
0DTIRC9,61,72683,754,33833,60-89,Mobile,W,Federal
GYR58MX,22,60660,619,11460,60-89,Web,MW,Private
QS21OT0,69,65237,793,0,Current,IVR,W,Private
31YRUJO,73,50465,696,11622,90+,Web,W,Federal
BY4UBZC,45,58255,686,37848,30-59,Mobile,NE,Private
BYVS4C3,20,16422,758,0,Current,IVR,NE,Private
C8CYNL6,73,99051,552,7600,Current,Agent,S,Federal
2NAR3SH,28,55454,667,7019,30-59,Mobile,NE,Consolidation
WT2E077,58,35802,596,14500,60-89,Mobile,NE,Federal
A2IBCLT,21,29406,674,44849,90+,Web,NE,Federal
AH35QRR,73,20418,739,44382,30-59,Web,S,Federal
A9URI7E,72,12000,679,10690,30-59,Agent,S,Consolidation
R2KEG7V,65,96485,707,20681,1-29,Web,MW,Private
120TSGT,22,58723,742,21892,90+,IVR,S,Federal
K6OHPXZ,28,25581,593,48990,30-59,IVR,MW,Federal
XCN3ON4,27,64426,654,58005,60-89,Mobile,MW,Federal
16NUJL5,73,80806,631,18942,30-59,IVR,S,Consolidation
MJOPPRI,24,39633,760,51452,30-59,Web,S,Private
7O82H3R,66,37138,696,49490,90+,Web,S,Consolidation
VMBN4HZ,26,40991,658,11262,1-29,Mobile,S,Private
S3M5OUR,40,37014,771,15387,90+,Web,S,Federal
KFI53LL,52,26403,628,35305,1-29,Mobile,W,Consolidation
YBCN78H,74,90936,757,26823,1-29,Agent,MW,Private
P9MGYH5,68,38446,614,25117,60-89,IVR,NE,Private
NMNR06D,37,28239,735,10158,1-29,Agent,S,Federal
97ERR59,68,68265,741,28329,60-89,Agent,W,Federal
J1PJFQO,69,24804,605,5011,60-89,Web,NE,Consolidation
A573HXB,49,44945,658,16116,90+,Mobile,W,Private
YLJ1J2P,67,64213,676,31281,1-29,IVR,NE,Consolidation
OBA84IY,27,46206,691,24512,30-59,Web,MW,Private
8T8VLPC,33,71573,687,32259,Current,Web,S,Private
5RNL3A7,51,39753,729,29598,90+,Mobile,MW,Federal
E3NWXUJ,47,17250,704,28197,Current,Web,NE,Consolidation
49M56VA,69,30243,793,24851,60-89,Mobile,MW,Consolidation
NQ6FXYP,37,89366,740,17342,30-59,Agent,W,Private
XCVN6VD,50,47122,626,49960,60-89,Web,S,Consolidation
AXHCYEP,73,52203,648,46988,30-59,Agent,MW,Federal
AOOXJ93,74,74152,692,16181,1-29,Agent,MW,Consolidation
YBUR0K8,36,94090,617,48694,Current,Mobile,W,Consolidation
K5IJULP,50,50528,621,8660,60-89,Mobile,MW,Federal
HLI5L69,54,58921,758,6221,1-29,Web,MW,Consolidation
9BSL7L9,75,62474,705,27980,90+,Mobile,NE,Consolidation
AS8PP40,62,51821,678,44518,30-59,Web,NE,Federal
W4PYX3S,74,53010,659,27178,90+,Agent,MW,Private
Q8OBW3J,32,37587,769,5823,1-29,Mobile,S,Federal
TGXNX4S,66,53089,696,6658,1-29,IVR,S,Consolidation
AYTXW1V,59,32798,690,38029,90+,Mobile,MW,Consolidation
SV8DKMU,44,78875,740,56879,1-29,IVR,W,Private
J3TRP0J,54,51438,573,46433,30-59,Agent,S,Consolidation
LI076A3,50,67650,715,2312,1-29,IVR,W,Federal
HEXLDX7,18,52461,658,21320,Current,Agent,S,Consolidation
YKU9IVW,62,12000,697,52744,90+,Mobile,MW,Federal
P17X89N,26,59772,667,32253,1-29,Web,W,Federal
XQT4P50,28,83166,631,16763,60-89,Mobile,S,Private
ZDQ7JBM,39,76222,617,30046,30-59,IVR,NE,Consolidation
8NYFWDC,20,28578,634,45810,90+,Mobile,S,Federal
0N2TNXH,54,48862,726,31996,1-29,Web,W,Consolidation
20FED9Q,24,48701,642,0,30-59,IVR,MW,Consolidation
ZT0TPJ7,31,60167,601,23227,30-59,IVR,S,Private
7YVDQBS,41,31168,665,73116,30-59,Mobile,NE,Consolidation
CMVYBYG,60,80314,638,46788,90+,Web,S,Federal
Q7QRERI,64,33271,657,0,1-29,Web,NE,Consolidation
8E7FLQH,47,72952,716,36174,1-29,Mobile,NE,Private
UKPV8LY,63,53620,682,0,90+,Web,W,Federal
ML12P5W,60,23982,744,26750,90+,Web,NE,Private
F51XFA2,53,97736,688,31977,Current,Web,MW,Consolidation
9OV7YS1,67,26477,745,20311,30-59,Mobile,NE,Consolidation
3ZY5SRO,23,115481,686,35822,1-29,Agent,W,Consolidation
31QX4Q7,31,27945,686,44324,1-29,IVR,S,Consolidation
XJN82IJ,48,25134,726,19378,30-59,IVR,S,Private
YTSU2MS,62,56172,782,60215,90+,Web,MW,Consolidation
U6IJX4Z,35,62081,658,2765,90+,Mobile,S,Consolidation
V50EW25,29,25389,656,18609,60-89,Mobile,MW,Federal
GURGUGJ,69,25262,662,70475,Current,Mobile,W,Consolidation
TZUF0UE,70,78529,650,13131,Current,IVR,S,Federal
Y8870J9,24,45913,653,44098,30-59,Web,W,Consolidation
14OFN1B,37,62492,700,13131,Current,Web,S,Federal
C2TE8EC,68,45968,618,36410,60-89,Web,MW,Private
FVHF1KM,23,36832,595,28299,90+,Mobile,NE,Consolidation
WDVC65H,38,34711,696,5313,90+,Agent,MW,Consolidation
KX7N89L,66,44289,633,42634,60-89,Mobile,MW,Private
QSHE9G1,48,51613,636,1451,90+,IVR,MW,Federal
A0RK8CJ,19,12000,666,24748,Current,IVR,W,Private
1HQUBIQ,54,30277,763,23203,90+,Web,NE,Private
E4EX6U8,56,26473,757,29225,60-89,Mobile,S,Federal
GZVRCTL,41,48424,679,46672,Current,Agent,W,Private
X96KNPX,26,43062,690,33485,1-29,IVR,NE,Consolidation
4HY05Y5,73,75266,725,22994,Current,Mobile,S,Consolidation
9W5N9C7,25,87878,668,43901,60-89,IVR,S,Private
9AGE9NY,21,33565,661,29728,30-59,Agent,W,Consolidation
3JCZUCQ,66,19487,623,23793,60-89,Agent,MW,Consolidation
HT4A27D,35,31990,625,0,90+,Mobile,NE,Consolidation
7HBOARO,43,72026,810,39257,Current,IVR,MW,Federal
ATFEBI0,69,36045,665,43013,30-59,Agent,NE,Consolidation
TJX82VR,18,41741,726,39996,90+,Mobile,W,Consolidation
S9NPAXU,39,39944,656,0,60-89,Mobile,W,Federal
STCFHD8,57,70081,589,36464,30-59,Agent,S,Consolidation
G4LB45A,52,58426,705,13687,90+,Web,W,Federal
U0ZTUG8,55,12000,707,23497,60-89,Agent,NE,Consolidation
L6ULM1T,54,39388,801,57256,Current,Mobile,S,Private
YR260Q1,28,97418,650,58715,Current,Mobile,S,Consolidation
LTYHMP1,43,60910,696,54607,60-89,Mobile,S,Private
R2K06GS,25,57253,663,16788,Current,Agent,MW,Federal
X6LK7IA,25,96279,635,47684,1-29,IVR,W,Federal
MD5TFU2,19,21253,667,7270,30-59,IVR,W,Federal
LIBTT9P,61,52323,646,28872,60-89,Agent,MW,Consolidation
8MVU2YE,37,71254,725,51463,Current,Web,NE,Federal
YUNLAYQ,71,61537,649,35011,60-89,Mobile,NE,Private
GJK91DP,36,47454,662,31613,1-29,Agent,NE,Federal
QCJNIYZ,64,28554,579,18949,30-59,IVR,NE,Private
JAV8NFQ,49,55881,651,74989,60-89,Agent,S,Federal
VPG6VC4,65,86557,740,27038,90+,Web,W,Consolidation
RRN5N5E,60,30376,608,29985,30-59,Web,NE,Federal
1ZSB8LV,44,12000,711,31201,60-89,Mobile,MW,Consolidation
CI248F3,60,53137,633,49079,90+,Agent,S,Federal
QF4TIIN,62,65825,739,18379,60-89,Agent,S,Private
H7I3WYY,69,79724,704,23495,60-89,IVR,S,Federal
W8DT8CQ,70,58491,709,11297,30-59,Agent,S,Private
RCBPLJD,24,64009,692,58448,90+,Web,NE,Consolidation
TXLJK85,62,33170,662,61771,Current,Web,W,Federal
QY8ECV8,70,85226,580,10117,30-59,Mobile,MW,Consolidation
MO1DS3H,36,46388,721,30418,60-89,Mobile,MW,Private
53UY8U1,54,67395,700,29284,Current,Agent,MW,Consolidation
7LAK0PN,67,39704,622,28785,30-59,Agent,S,Private
7BCU5SX,35,41646,723,13255,30-59,IVR,W,Private
VZEBU2Y,30,12000,647,48284,1-29,IVR,S,Private
OFSL3QA,36,12000,594,35568,60-89,Web,W,Federal
DYBV33Y,18,26265,660,46603,30-59,IVR,MW,Federal
PRDLX9H,40,61392,690,22584,60-89,IVR,NE,Consolidation
VCUBPR0,21,63279,695,21933,90+,Web,S,Private
WE511KP,23,30104,661,51434,30-59,IVR,W,Private
GPOQ59M,32,83492,664,29837,30-59,Mobile,W,Consolidation
J1OULWO,70,52660,792,29294,60-89,Agent,NE,Federal
5CGAGHF,67,36422,606,17079,30-59,IVR,W,Federal
V71448N,67,29236,676,50560,1-29,Web,W,Consolidation
OHVRJQA,44,66400,635,45829,90+,Agent,NE,Private
72R5I1S,50,36034,620,62080,90+,Web,NE,Federal
JTKA1C2,24,76805,735,10655,60-89,IVR,W,Consolidation
TN7SU62,71,77323,655,38808,30-59,IVR,NE,Private
W48TP37,56,42207,738,23359,90+,Web,W,Consolidation
GFGM1TM,37,44832,721,28043,Current,Web,NE,Federal
5OJW9BF,72,42558,653,7137,Current,Agent,S,Federal
B0MQOQ4,61,55696,716,34236,Current,Web,MW,Consolidation
L0UW6IK,67,33270,658,12824,30-59,IVR,NE,Private
PRK5SKF,60,45057,767,34382,30-59,IVR,W,Federal
9S3W563,41,94660,694,24274,1-29,Agent,W,Consolidation
VLQ3VXH,47,35871,631,18277,60-89,Mobile,S,Federal
4YQQ142,69,77616,695,9811,1-29,Agent,NE,Private
ETUGKNN,38,87094,791,62937,1-29,Agent,MW,Federal
3WW5CHA,69,71375,655,34732,1-29,Mobile,W,Federal
R03IQHY,34,58798,678,59879,90+,Web,MW,Private
YTEM2F4,62,30370,696,40203,Current,Mobile,NE,Consolidation
RL9DTP3,62,20021,668,14500,90+,Agent,S,Federal
6G8OM08,41,47613,698,6721,1-29,IVR,MW,Private
QZJQAMZ,28,39707,744,11209,60-89,Web,MW,Consolidation
E20RILL,32,32535,738,14422,90+,Agent,MW,Consolidation
W9ZL5Y3,38,65230,646,34915,60-89,Web,MW,Federal
EOXIRI4,41,45992,787,30105,30-59,Mobile,S,Consolidation
GKTPGR6,66,52773,685,14451,Current,IVR,MW,Federal
RWEDBCY,50,70723,651,27460,90+,Web,NE,Federal
GXMD7QC,56,12000,610,28553,60-89,Agent,W,Consolidation
2G42B7M,47,19994,661,18427,90+,Mobile,MW,Federal
57LWS1Y,26,75071,712,16750,Current,Agent,W,Private
3CYBYC4,55,66454,676,50714,Current,IVR,MW,Private
IUYD7RI,69,77420,623,29869,90+,Web,MW,Federal
CYKVMQY,38,26274,649,28166,90+,Agent,S,Federal
N5E0EV6,41,81123,718,57326,30-59,Mobile,NE,Federal
KXXJ0LE,18,13300,741,0,90+,Web,NE,Private
DULZ44H,40,42926,678,55301,90+,Agent,MW,Consolidation
1CCEFE7,70,45434,639,58705,30-59,IVR,MW,Federal
GMQADSB,41,47484,722,43558,30-59,Mobile,S,Federal
E3VMK0P,27,61485,592,31377,60-89,IVR,S,Consolidation
0YXIYQB,35,59521,682,31946,Current,Web,MW,Consolidation
R4OJ0J0,22,73261,641,9160,90+,IVR,MW,Federal
20NJAAA,24,63233,672,1924,1-29,Mobile,S,Federal
O61HBQT,18,68508,647,25046,30-59,Agent,NE,Private
06O6ATB,51,12000,642,35729,90+,Mobile,NE,Federal
S8TSNC1,49,36275,637,29711,60-89,Web,W,Private
1ZYKSLJ,59,59614,727,30053,1-29,Mobile,MW,Federal
AAW1WCM,73,79693,698,26414,1-29,IVR,NE,Consolidation
JL8EZ31,23,26061,673,50343,90+,Web,S,Consolidation
EVOKQY9,38,80479,718,20869,30-59,Agent,S,Federal
8N57PLE,37,69738,674,61070,30-59,IVR,S,Consolidation
NMHCBEO,18,56408,723,0,Current,Agent,NE,Private
53DYJXM,68,68250,705,22194,60-89,Web,MW,Private
HRCFU5D,71,48475,670,37555,60-89,Web,NE,Private
UBZ8ZRR,57,53841,729,14737,90+,IVR,MW,Consolidation
5NNRDBP,54,23735,717,0,1-29,Agent,MW,Private
HYZ1OV5,28,48293,659,28439,60-89,Agent,W,Private
58TRE9Q,29,82725,678,17078,1-29,Mobile,W,Federal
OJTBPGT,57,81715,643,14002,60-89,Agent,MW,Consolidation
UEER90M,61,25274,611,32565,60-89,Web,MW,Federal
FD627DT,61,52876,627,27273,30-59,Mobile,MW,Federal
CZF2TDC,30,25187,592,11025,30-59,Agent,S,Federal
IOXD9CS,36,55662,688,25089,60-89,IVR,NE,Consolidation
E3LVO0I,44,56763,600,49423,30-59,Web,W,Federal
HPMNZ1U,43,91759,602,0,1-29,Web,MW,Consolidation
JZFUDI4,28,57378,714,30096,1-29,Mobile,S,Federal
KTCM2VS,56,37253,745,50467,1-29,Mobile,S,Private
NADKN2K,46,49221,638,26776,30-59,Web,S,Federal
SSF1HRJ,28,81923,724,44503,60-89,Agent,S,Federal
RPQNYMP,41,85774,748,19233,1-29,Web,NE,Federal
WVLCX7M,64,78643,669,24770,30-59,Web,W,Consolidation
BILNPT9,36,85146,728,5784,30-59,Mobile,MW,Private
ZY1UU9Y,53,61184,701,43082,60-89,Agent,MW,Consolidation
X6R1NXH,32,51435,747,31932,Current,Agent,NE,Consolidation
Q5173C7,40,18832,585,8435,30-59,Mobile,NE,Private
V0ZITYF,35,53996,746,19775,Current,Agent,NE,Consolidation
WB9SLO9,68,41406,735,23125,1-29,Agent,S,Consolidation
TLGYLPZ,41,57226,640,29440,Current,Web,S,Consolidation
54NPUT2,63,44675,649,29567,90+,Agent,W,Consolidation
W1HGW5F,56,49803,706,6168,Current,Mobile,NE,Consolidation
HJUF4FR,55,57286,624,18096,30-59,Web,S,Federal
O6P2HFD,38,74881,669,35314,60-89,IVR,S,Private
W95MZ08,47,42353,702,57249,90+,Mobile,W,Federal
3YSKHY6,29,45142,701,16697,Current,Web,W,Federal
DFDITNK,45,96204,702,25385,Current,Web,MW,Federal
7SOYGY2,31,72108,666,7842,90+,Mobile,W,Private
HIBOY7R,37,28728,718,50982,30-59,Agent,S,Federal
63025SD,51,31284,625,0,1-29,Web,W,Private
E7A34MP,65,48815,638,18856,30-59,Agent,NE,Federal
S8VMWMF,41,66931,712,54800,60-89,IVR,W,Federal
171K1YM,69,46211,684,31408,Current,Agent,MW,Consolidation
20VZ9LY,75,62000,626,31822,60-89,Web,NE,Private
LA4AX2U,70,54026,753,51020,30-59,Agent,NE,Federal
V9ZS4BF,39,41708,799,52964,30-59,IVR,W,Consolidation
TXYZ8AK,60,20464,647,0,30-59,Mobile,MW,Private
AQYN344,18,57193,680,26470,30-59,Web,W,Private
L3I7NEZ,21,19466,554,27651,30-59,Web,MW,Consolidation
PSR2826,27,70725,781,31694,Current,Agent,MW,Consolidation
S3HMO1D,33,33341,741,59351,1-29,IVR,MW,Private
H1A4OGN,61,58156,640,18465,90+,IVR,W,Private
1RSRLA8,68,45697,746,39659,30-59,Web,S,Private
J0JMMYR,19,61081,683,37645,Current,Mobile,NE,Consolidation
UUJONBG,56,30259,622,44404,30-59,IVR,MW,Consolidation
QA78RAP,64,61665,662,27124,Current,Agent,NE,Consolidation
C16ZE7B,59,43259,578,2321,90+,IVR,S,Consolidation
VLOYHDO,47,64033,641,37782,Current,Agent,MW,Private
EHOOKEI,28,24952,726,18215,90+,Web,S,Private
LSEUNNR,56,80080,753,49527,90+,Agent,MW,Consolidation
OOFPEOU,42,75979,585,3814,60-89,Mobile,NE,Private
3HKVPLM,61,46894,696,45717,30-59,Web,NE,Consolidation
IC6B0YU,47,67961,676,0,60-89,Mobile,NE,Consolidation
Z5ER12D,67,68086,584,32676,30-59,Mobile,S,Private
5UB6LOA,52,49307,611,1943,90+,Mobile,W,Federal
XM5LZE6,74,18574,730,18711,90+,Web,W,Federal
WGA1QGT,28,72177,631,11322,60-89,Mobile,S,Consolidation
VTDG3C6,52,85914,691,59848,Current,Agent,MW,Private
Z4N1XL8,43,56970,745,48104,30-59,Mobile,S,Consolidation
PFBCE5Z,42,91113,735,37138,Current,Agent,W,Consolidation
5GLIGYK,23,39851,757,48160,1-29,Agent,S,Private
O9DQQXI,54,41116,625,0,30-59,Mobile,NE,Federal
39QZJ9Y,50,41708,695,31481,30-59,Mobile,S,Private
D9ANOTQ,26,79503,679,29100,1-29,IVR,MW,Private
HDCV4BK,74,47682,717,47944,30-59,IVR,NE,Federal
9V4KLXU,50,91599,687,13190,Current,Web,S,Federal
493WXA7,38,54270,646,20292,Current,Mobile,S,Consolidation
DFCOPZF,57,81556,641,41806,60-89,Agent,S,Consolidation
ECQOROI,19,64117,698,27270,Current,Web,S,Consolidation
CDTXBB7,35,12000,600,16080,30-59,Web,S,Private
H0UMS48,20,80008,592,12656,60-89,Agent,W,Private
PIVXSYT,44,12000,708,28527,60-89,Agent,NE,Consolidation
520HH3F,26,70890,616,12534,90+,Agent,NE,Private
9IQBQ9J,21,25324,715,34997,1-29,Agent,W,Consolidation
QZT360A,54,19201,616,13414,60-89,IVR,NE,Consolidation
5UGHNBJ,58,21768,663,23281,Current,Agent,W,Private
74TBS9I,37,85782,658,25062,60-89,Web,MW,Private
INQ4O7V,73,51285,761,35087,Current,Mobile,W,Private
VCNQIYF,32,107229,653,30874,Current,IVR,W,Federal
B4Z7J8H,69,38243,730,20194,1-29,Web,S,Private
W0V0I1I,36,74723,768,20287,Current,Agent,S,Federal
MBQTUV2,25,55107,705,50412,90+,Agent,W,Private
ZDWD5C7,18,43115,524,27146,30-59,Web,W,Federal
HK0I7MT,27,57669,688,27640,Current,Mobile,NE,Federal
08DNX80,70,53894,731,28552,30-59,IVR,W,Consolidation
YF7QTZ1,32,85628,690,16871,90+,Mobile,MW,Federal
BKLM6WG,63,100412,717,0,Current,Mobile,S,Private
83KKOFB,66,39545,639,11488,60-89,IVR,MW,Private
A2XGVGD,19,66556,719,32409,60-89,Web,NE,Private
481KRKR,24,22287,688,0,30-59,Mobile,MW,Consolidation
2WC3BNE,68,87801,602,28991,30-59,Web,MW,Private
Z8CV2A6,60,97158,719,28623,Current,Agent,NE,Private
C245O7O,30,12000,690,45768,30-59,IVR,NE,Private
7XX1W36,21,68446,774,48451,60-89,Mobile,W,Federal
2OOUXQS,65,32736,625,20001,60-89,Agent,MW,Consolidation
EN2CQXR,25,62366,722,4237,60-89,IVR,MW,Federal
QUO2XQZ,68,68483,833,30577,1-29,Web,W,Consolidation
QV9W2ZZ,22,51602,648,15278,30-59,IVR,NE,Consolidation
JXHRMF6,33,72592,604,20532,30-59,Mobile,S,Private
RMDH2EO,26,60810,644,39482,Current,IVR,NE,Private
05LVPF7,42,36388,779,31092,90+,IVR,W,Private
0MWFS58,33,115086,706,71878,Current,IVR,W,Private
FLKTAWM,33,54498,766,22626,Current,Agent,W,Consolidation
OXLMYQS,56,74661,689,33274,30-59,Agent,W,Private
2H8V2WV,52,112194,644,17943,1-29,IVR,S,Federal
C5P2UR3,53,50178,663,45733,60-89,Agent,W,Federal
HDZ8FBZ,44,34006,585,34256,60-89,Mobile,NE,Private
6GR37PV,50,29110,710,4970,30-59,Web,S,Private
YM59WGG,37,33407,674,54207,Current,Web,S,Federal
B9VRD7W,55,61828,567,39182,60-89,IVR,NE,Federal
LSUTOTH,44,43804,469,62240,60-89,Agent,MW,Private
5TA6UF6,45,46434,729,3999,60-89,Mobile,W,Consolidation
JCILPJZ,44,91022,631,21458,1-29,Web,S,Private
KYNLCKL,51,33765,734,36567,60-89,Mobile,W,Federal
P5P4NJK,43,21084,696,48318,60-89,Web,S,Private
XX9IGD4,48,56883,611,20226,60-89,IVR,S,Consolidation
8GUUCM5,30,61094,673,9343,Current,Web,MW,Consolidation
LITSJ8B,35,59395,759,32079,60-89,IVR,MW,Federal
YTOY7WP,65,28117,652,38629,60-89,Agent,NE,Consolidation
JY62ZEE,50,43581,688,10365,60-89,Agent,W,Federal
9179B9N,25,70783,763,43801,30-59,Mobile,MW,Federal
3ER70UT,73,54207,686,58361,90+,Web,W,Private
WDV5QIN,40,12000,659,36621,90+,Mobile,W,Private
3PFI14K,61,78053,662,2688,60-89,Web,MW,Consolidation
V23U65X,33,52945,695,33426,60-89,Mobile,NE,Private
IR4IIQK,75,23283,674,15696,60-89,Agent,W,Consolidation
DCV2IYQ,54,42061,668,26104,90+,Mobile,S,Consolidation
N0OBKUH,69,37419,646,6179,60-89,Mobile,W,Private
BSF5KSX,69,56439,770,52996,60-89,IVR,NE,Consolidation
GYF3BL9,23,42038,746,20433,90+,Web,S,Federal
15MR0VL,29,44170,650,13066,Current,IVR,MW,Consolidation
IVR40DM,28,47551,661,48303,30-59,Agent,NE,Private
LG1EFLH,75,55652,609,31836,30-59,Mobile,NE,Consolidation
4HLLQLL,23,42234,639,9233,60-89,Web,MW,Federal
RRPZLK3,56,51055,655,51926,60-89,IVR,NE,Consolidation
WU6HJQ7,18,46673,809,40236,1-29,Agent,W,Private
RH4K4JK,34,80192,675,18139,60-89,Mobile,S,Private
AW7FOE4,30,36464,634,22354,1-29,Agent,W,Consolidation
N321QA1,62,29663,568,25555,60-89,Mobile,NE,Consolidation
K83GSGC,67,53624,724,13643,1-29,Agent,NE,Private
SKHD1YU,60,46164,687,46815,1-29,Web,W,Consolidation
98IZ3U8,75,47231,683,2224,30-59,Agent,W,Private
TEXZWE0,43,90037,652,26506,Current,Mobile,W,Federal
HOW59Q7,20,91508,571,28746,Current,IVR,MW,Federal
2GKMCML,38,48134,616,25767,60-89,Web,NE,Private
TCHYGTM,44,19304,717,48194,1-29,Mobile,W,Federal
RH9VGKY,54,29162,689,25363,Current,Agent,W,Consolidation
X5ZU2ZU,21,63520,709,39776,90+,IVR,NE,Federal
2DZKWUH,35,31808,786,32842,Current,Agent,S,Private
M5GOTUA,66,74676,740,24770,30-59,Web,W,Consolidation
T3M5H0J,33,66979,738,43913,30-59,IVR,W,Federal
6RP26GF,44,20977,612,18572,30-59,Agent,W,Federal
MT8VT43,68,47171,675,6195,90+,Mobile,NE,Federal
KDUWTN5,75,17996,655,25580,60-89,Mobile,W,Consolidation
8O9GF5R,62,17560,670,51626,30-59,Web,W,Private
EXXE3IX,37,29761,699,43887,90+,Agent,NE,Consolidation
VRTH5GR,62,36688,588,0,30-59,Web,W,Private
IKX0RB5,64,83636,734,66490,60-89,Mobile,S,Federal
OSSSS2I,34,49478,656,10144,Current,Mobile,S,Federal
49FB4TD,34,59397,656,31864,Current,Agent,S,Private
X7T9ZJJ,64,70940,734,17540,90+,Web,MW,Consolidation
3KSCNLH,66,12000,634,3288,30-59,IVR,S,Consolidation
MSYG91M,75,21896,732,35581,Current,Agent,MW,Private
DEOEGEZ,60,80335,600,34178,30-59,Mobile,MW,Federal
D5JGK54,69,55521,636,18970,Current,IVR,NE,Private
70IOFIF,42,12000,741,32153,1-29,Web,MW,Private
1DDM6TF,66,50196,561,25928,60-89,Mobile,W,Consolidation
ON8U3HP,57,35601,703,0,30-59,Agent,W,Consolidation
AV917RM,34,80592,738,51930,30-59,Agent,MW,Federal
PQOHBIC,37,41657,561,74054,30-59,Agent,NE,Consolidation
EZIHZVZ,26,69794,674,38237,90+,Agent,NE,Private
8I5EX5S,59,78828,617,0,60-89,Web,W,Federal
4IBHIF5,22,70200,619,53763,90+,Agent,S,Consolidation
C0QPDXX,63,22697,647,13305,Current,Agent,MW,Private
YKEHVQ9,22,36320,734,40042,90+,IVR,S,Consolidation
F3ADTPR,18,63819,712,25829,30-59,Mobile,S,Federal
BEFFLZM,44,69511,615,19111,60-89,IVR,NE,Federal
QTYW45K,46,41827,624,25657,90+,Web,S,Consolidation
CED6IFJ,18,69311,721,19722,30-59,Web,MW,Private
QL0SCKC,57,12000,723,35004,60-89,Mobile,NE,Private
0909JFJ,57,48512,701,29812,30-59,IVR,W,Consolidation
6I5GSE1,58,98079,612,13898,Current,Agent,W,Federal
DGC50I3,20,92979,633,37314,Current,IVR,NE,Federal
PJ7HME6,41,26367,668,44385,60-89,Web,NE,Consolidation
OA48QNP,31,45483,738,35754,30-59,Web,MW,Private
2T24D7V,58,17587,647,67367,Current,Web,W,Federal
VC480OC,73,36171,664,34252,30-59,Agent,MW,Consolidation
QS0IJAJ,20,12000,680,11623,90+,Web,NE,Federal
09LZRK7,32,43750,746,43072,30-59,Web,NE,Consolidation
M6VDUQD,28,51777,758,31298,Current,Web,S,Consolidation
LIH6D07,44,35049,557,54433,60-89,IVR,W,Consolidation
ORNEEE0,67,50394,692,0,30-59,Mobile,S,Federal
YBSEWYO,74,41542,675,56030,30-59,IVR,NE,Consolidation
EDODU68,68,52733,562,23229,30-59,IVR,MW,Consolidation
MM4PVM4,58,45260,681,25897,30-59,IVR,MW,Private
N9EN0KE,23,20116,685,19748,Current,Mobile,MW,Federal
WLDT1SQ,73,59139,827,51613,60-89,Agent,NE,Private
FSHB0OQ,39,45247,686,3853,1-29,Agent,NE,Federal
P4H78QA,24,40372,720,789,Current,Agent,S,Private
IBLEJGU,58,59113,587,23815,30-59,Mobile,W,Federal
EIGTBG7,53,72812,657,41894,1-29,Web,W,Private
QX6QD07,47,67234,671,46175,30-59,Web,W,Private
U4F5Y7G,24,75709,758,42807,1-29,Web,S,Consolidation
IE00EJH,20,96579,579,36132,Current,IVR,W,Consolidation
Y1BFW7J,34,17316,714,8754,90+,Web,W,Consolidation
UX6OVHB,19,51105,588,38060,60-89,Mobile,S,Private
185GSCM,61,47954,617,0,30-59,IVR,S,Consolidation
N2E6XLJ,71,54065,704,24730,Current,IVR,MW,Federal
E4VV9C0,37,37339,773,15133,1-29,IVR,MW,Private
NZRV4A3,35,52223,741,45100,Current,IVR,NE,Federal
EHT1SEM,45,75683,644,18653,1-29,Agent,MW,Private
YB4XZ3M,34,92700,649,29815,Current,IVR,MW,Private
IW06NY4,66,45317,707,40424,90+,Agent,S,Private
41R7CX7,66,31200,707,30819,30-59,IVR,S,Federal
QOYM8BS,75,70781,697,46130,60-89,Mobile,S,Private
A26YFPM,69,47704,725,21021,90+,Mobile,W,Private
CZ5U5MT,43,26145,681,24089,1-29,Mobile,S,Consolidation
YT91QE3,32,12000,673,28694,60-89,IVR,MW,Federal
2YT9L6T,52,40613,574,8187,90+,Web,MW,Consolidation
3AFPYBU,54,55380,713,38031,60-89,Web,NE,Private
488PKWT,53,24945,732,30382,1-29,Web,MW,Federal
2A84N1W,55,26274,667,13310,Current,Mobile,W,Consolidation
3F9ZXQE,27,79825,717,37384,Current,Mobile,MW,Federal
0GNH8S2,27,44657,707,50729,1-29,IVR,NE,Federal
RQ0WPBM,51,33732,691,19650,Current,Web,S,Federal
KFOCNQD,37,35860,751,28299,1-29,Mobile,NE,Consolidation
P59YEQ9,20,60945,566,19902,30-59,Mobile,S,Private
BLJ8IZO,22,16050,611,32848,90+,IVR,MW,Consolidation
KBUOC1R,37,45047,639,33650,30-59,Agent,NE,Consolidation
EGLNUKX,64,83493,641,8485,Current,IVR,W,Private
LIMXSEH,34,64369,689,43549,Current,Web,MW,Private
OCOG2XR,65,43446,650,34821,30-59,Web,NE,Federal
31SK054,58,39191,628,51842,Current,IVR,NE,Federal
E6JIXUB,57,55735,551,46379,90+,Agent,W,Consolidation
P1OQKV0,72,30819,626,3258,30-59,Web,W,Federal
FFTZQ7N,49,31113,605,13884,30-59,IVR,NE,Consolidation
1DE1E16,54,35532,579,41187,30-59,IVR,NE,Federal
GHPAS0Z,20,83437,653,27926,60-89,Mobile,S,Private
SX82UFL,62,54384,609,42279,60-89,Agent,W,Private
WA9JZXA,59,51448,749,6472,60-89,Web,MW,Consolidation
EDPVGNY,60,84363,649,25260,1-29,Agent,S,Private
CM453KF,39,62606,685,44745,60-89,Mobile,MW,Consolidation
JQ5NV8O,58,32178,670,48222,30-59,Mobile,NE,Federal
G5M61IS,49,68199,659,14983,1-29,Agent,W,Private
CO2JEP9,59,29331,623,27008,Current,Mobile,S,Private
ATPZ00H,32,49567,639,38402,60-89,Agent,W,Consolidation
N3S2W1I,38,44477,751,8040,60-89,Agent,MW,Federal
4V9ELS2,50,12000,684,0,1-29,Agent,MW,Federal
HQNWZB9,21,82270,642,49499,30-59,Web,S,Consolidation
PTVH31A,39,45673,743,14812,Current,Agent,NE,Federal
0M651LZ,35,43105,731,0,1-29,Web,S,Private
C23U2G3,25,12000,661,39701,60-89,Web,NE,Consolidation
PYN1QI5,45,69787,696,53023,60-89,Mobile,S,Federal
XKHI5O5,33,65996,667,58927,Current,Mobile,S,Private
SUZC21U,24,48068,646,15796,1-29,Web,W,Consolidation
LYJRG4K,50,51889,725,63265,90+,IVR,MW,Consolidation
KC2MNG8,56,37240,699,35495,60-89,Agent,W,Consolidation
3ZTDS7X,63,36793,588,41504,30-59,IVR,NE,Private
G1NPXI9,28,45576,673,42525,30-59,Web,NE,Private
HC93VWY,75,51750,597,49533,60-89,IVR,MW,Private
LFQF5E8,71,45095,813,1356,60-89,Web,S,Private
6ZJQ7W7,46,34363,770,9605,Current,Web,MW,Federal
SCPQ4RV,40,24779,677,14719,30-59,Mobile,S,Private
C2GS4YE,20,27086,689,20417,Current,IVR,W,Federal
A6UYPV2,66,69603,719,24880,30-59,Web,MW,Private
4MK8456,18,33701,714,0,30-59,Agent,NE,Consolidation
QGOXAIQ,44,34029,650,7772,60-89,Web,MW,Federal
L0JO4PY,60,45437,759,17866,90+,IVR,W,Private
LQBMAE3,61,34619,727,36641,30-59,Mobile,MW,Federal
CVSYRPF,54,65455,680,26018,1-29,Agent,MW,Consolidation
N3OX5FL,71,84131,724,10637,90+,Agent,W,Private
3NMYB4B,28,61654,578,52851,60-89,IVR,NE,Private
B3STV3C,24,46306,653,4280,1-29,IVR,NE,Private
4KFF2JT,39,40410,654,21660,90+,Mobile,S,Consolidation
H4A3YJT,30,44845,636,34944,1-29,Web,NE,Federal
FNGBG4P,57,56877,586,37282,30-59,IVR,S,Federal
CKONRHH,59,53685,762,9398,30-59,IVR,MW,Private
MHBYHZ4,19,82772,717,7267,30-59,Agent,MW,Consolidation
HXM42YV,61,15383,669,42565,30-59,Mobile,S,Federal
9EAD0SR,18,35760,766,899,30-59,Mobile,W,Consolidation
3VO6YVP,38,60785,621,11494,1-29,Agent,S,Consolidation
923UV15,19,34591,757,21378,30-59,IVR,W,Federal
L514EOE,63,70847,767,30159,30-59,Agent,W,Private
1XGBNGZ,44,73613,835,0,1-29,Web,MW,Private
YJ9UI8N,63,12000,642,63122,90+,Agent,S,Consolidation
6ELCANR,48,28338,800,46226,60-89,Agent,NE,Consolidation
WSHMLFZ,63,109159,727,26623,Current,Web,W,Consolidation
UDTXCY1,63,36818,805,22672,60-89,IVR,MW,Federal
SPGY5A9,36,49170,789,48021,60-89,Web,W,Consolidation
IO8VE6U,67,24558,656,37311,1-29,Agent,S,Federal
EC8FB94,50,83511,620,34297,1-29,Mobile,NE,Federal
2J16W8M,58,69295,582,12067,90+,Agent,MW,Private
VSHKOEC,66,32065,807,39491,60-89,Agent,NE,Private
DI86YRQ,25,67003,710,17437,30-59,IVR,NE,Consolidation
RSNUN44,67,12000,683,14076,Current,Web,MW,Private
FQW856U,70,44440,694,13385,90+,IVR,NE,Private
WO7V1GS,46,80135,619,31898,30-59,Web,NE,Federal
ATRD83X,57,99261,682,16417,Current,IVR,W,Federal
4ES3AOF,71,55976,713,44054,1-29,IVR,MW,Consolidation
8E9GF2F,66,63064,628,20999,30-59,IVR,MW,Federal
V9UJAP7,52,39736,823,38637,60-89,IVR,MW,Consolidation
9IPPD71,63,61044,642,47163,Current,Web,MW,Consolidation
QHWTEK1,54,43174,706,11160,Current,IVR,MW,Federal
GFPPSYA,21,62713,556,48682,30-59,Mobile,W,Consolidation
4WYRW3H,30,72350,582,57226,30-59,Agent,W,Federal
ZV4W5NU,61,66776,664,31633,1-29,Agent,NE,Consolidation
4G207YI,58,95209,621,52187,Current,IVR,W,Private
R49W5LS,32,55210,738,60389,30-59,Mobile,S,Consolidation
DW79WCX,20,58907,692,14552,60-89,Mobile,S,Federal
OM2OYHZ,74,28633,714,26500,90+,Mobile,NE,Consolidation
2KIRRNR,33,44020,738,4381,90+,Web,W,Private
9TVPUC4,74,55742,722,21824,30-59,IVR,S,Federal
7HLCNPT,55,67543,695,33808,90+,Mobile,S,Consolidation
N69XKR9,33,42919,520,37740,90+,Mobile,MW,Consolidation
DXUJJCS,48,45325,654,34215,Current,Agent,MW,Consolidation
0VGNXB5,40,17121,704,35177,90+,IVR,S,Consolidation
GNNV9IB,67,65209,673,10766,90+,Mobile,W,Federal
6L2A45H,59,64495,804,36122,30-59,Agent,S,Consolidation
TFNSGPY,60,30962,734,32916,1-29,Mobile,MW,Federal
CUH1I8Y,71,42923,638,0,90+,Agent,W,Federal
2XLEGW6,65,77107,727,2936,60-89,Mobile,MW,Federal
40IRG29,50,69165,651,16832,60-89,Agent,W,Consolidation
NTDON4O,24,30110,790,42593,1-29,IVR,MW,Federal
TXPXZQU,67,26888,621,29607,1-29,Mobile,NE,Consolidation
C25DMUP,31,17500,747,17270,30-59,Mobile,NE,Private
AYIBUSA,62,28581,682,4369,1-29,Web,MW,Federal
246HID2,18,43381,684,0,90+,Agent,W,Federal
5GYRW6O,62,49994,794,23828,90+,Web,S,Consolidation
Y3BQHOK,24,67008,674,24690,30-59,Web,NE,Consolidation
X6ILJ42,71,57069,768,44417,Current,Agent,NE,Federal
V9T3WYB,26,29795,689,17508,60-89,Web,S,Consolidation
UBODS1E,23,24051,734,42024,Current,IVR,S,Consolidation
E07FPY1,47,61381,695,0,90+,Web,MW,Federal
BY7UXU2,19,59163,645,39083,Current,Agent,W,Consolidation
GN7DPWB,57,49713,645,14804,Current,IVR,MW,Consolidation
9J5RWHH,55,60827,641,37835,60-89,Web,MW,Federal
YX6YINW,63,73438,679,56353,30-59,Web,S,Federal
SJ57ZPQ,36,87746,742,19337,90+,IVR,W,Federal
CU47SOC,36,56788,721,15578,60-89,IVR,S,Federal
0ZSLWEU,55,48973,649,18405,60-89,Agent,NE,Federal
44XZPR6,38,65960,655,49072,Current,Agent,S,Federal
9F77LU8,74,54147,714,0,30-59,IVR,W,Federal
OB3RATQ,47,79419,717,15235,Current,Mobile,S,Consolidation
M7CE590,22,48619,704,13503,60-89,Agent,MW,Consolidation
2RUW0U9,52,12000,719,35087,1-29,IVR,S,Consolidation
VIFTTD9,22,50279,610,9233,30-59,Web,W,Private
L1N13JC,31,21535,707,58802,90+,Mobile,S,Private
77GY3FY,34,45209,660,35675,90+,Web,W,Federal
FSABQ21,25,53423,690,25499,60-89,Web,NE,Consolidation
XAR3JDX,21,57604,682,6864,60-89,Web,MW,Federal
Q9Q7FA5,29,16954,656,37413,30-59,Agent,NE,Consolidation
GOVUOLA,73,81777,761,61481,Current,Mobile,S,Consolidation
ZZBLN9E,56,72744,696,26617,30-59,IVR,W,Consolidation
IUDUAHG,19,79299,655,24107,1-29,Web,S,Private
QS3TGDB,45,43048,630,59875,90+,Mobile,MW,Private
DHYNHY8,25,12000,766,28214,60-89,Web,S,Consolidation
WS1ZL7P,75,38009,685,19057,90+,Web,W,Federal
LUF28GA,42,27017,703,7273,30-59,IVR,W,Consolidation
ZJJY4MZ,54,51923,640,0,60-89,Mobile,W,Consolidation
5RE29U3,24,50844,661,22227,Current,Agent,W,Federal
WPIHSCX,71,63435,661,51746,1-29,Agent,S,Federal
24L6G9H,63,32769,747,35902,Current,Mobile,S,Federal
Q3A7C1R,52,47822,632,54507,Current,IVR,W,Private
SJOX505,66,52005,612,62753,30-59,IVR,W,Federal
15FQJIT,74,67227,763,0,Current,Mobile,S,Federal
IUA08EK,39,69678,751,17727,1-29,Mobile,MW,Consolidation
I9B7C8D,31,32837,710,33288,Current,IVR,S,Private
ZRRP52I,44,51129,760,3077,90+,Agent,S,Consolidation
4T1S1HV,22,17941,583,18577,30-59,Agent,NE,Consolidation
Y8N1UTO,21,83443,651,41255,90+,Web,NE,Consolidation
05IM2CT,44,61244,685,43881,30-59,IVR,W,Consolidation
9EL8HL8,49,79387,645,23192,30-59,Mobile,MW,Consolidation
RU08L4P,19,74171,582,37665,60-89,Agent,MW,Consolidation
MX46ATN,47,86079,607,18624,60-89,Mobile,S,Consolidation
PYN89MR,43,39723,688,11936,1-29,Agent,S,Consolidation
XXMS3RA,73,68601,682,47123,Current,IVR,W,Consolidation
KP4U88Y,55,45519,632,58715,90+,Agent,S,Federal
Y6QR7E5,42,35740,774,37405,Current,Web,S,Federal
AC15DI4,48,66458,638,21217,1-29,Mobile,MW,Federal
AUZF01S,18,60573,654,32645,90+,Agent,W,Federal
7FD3MWG,29,20694,591,9338,30-59,IVR,NE,Consolidation
FBDPWC1,38,52854,616,55941,30-59,IVR,W,Private
SDN1MXF,63,87423,575,36540,30-59,Agent,MW,Private
2CGXU5W,51,76833,659,11910,90+,Agent,MW,Federal
KQHJ9ZU,57,46295,632,40032,60-89,Web,MW,Private
WRUTVLY,25,37375,690,52439,60-89,Agent,MW,Consolidation
5HHOI4K,72,59087,750,17707,Current,IVR,S,Federal
GT6D97O,26,61737,706,0,30-59,Web,S,Consolidation
2PH1DJV,48,56700,746,39160,30-59,IVR,S,Federal
CN31LYC,69,58020,628,41971,1-29,IVR,MW,Consolidation
SSSULJA,24,13813,784,21588,30-59,Mobile,S,Federal
E8JN8UH,48,78573,677,23335,90+,Agent,MW,Federal
9EOIZU7,48,100445,714,42842,Current,IVR,S,Consolidation
SXLMT2P,33,64102,618,24643,60-89,Mobile,MW,Private
FD9JRM4,68,63335,779,29696,30-59,Web,NE,Consolidation
3QB38YH,28,69581,615,23636,60-89,Agent,S,Consolidation
14FRUXT,43,22927,657,40067,30-59,Mobile,NE,Consolidation
LSJKOQZ,52,78535,649,24318,1-29,Web,S,Consolidation
FWG895N,59,58377,678,21042,30-59,Web,S,Private
PGF7MVQ,38,39544,735,36611,60-89,Mobile,NE,Private
WKGUY0O,63,90042,678,39340,1-29,Agent,MW,Private
MAK5W40,74,36866,692,21532,60-89,Mobile,NE,Federal
QNSN2S8,59,74075,606,16461,60-89,Mobile,W,Private
SBFDGJ9,49,47880,699,36559,90+,Agent,W,Federal
3416UKL,52,24389,679,2596,1-29,Web,S,Consolidation
LTO4RQ3,66,28204,784,28919,60-89,Agent,NE,Consolidation
MPLXC0P,73,63934,711,48698,90+,IVR,MW,Consolidation
VGAVK01,22,68817,619,30959,30-59,Web,W,Private
VQ5GXQO,21,45438,622,27690,Current,Agent,S,Federal
PGVTN4Y,68,18780,730,26344,1-29,Mobile,W,Federal
UT7646P,40,61571,638,19838,60-89,Web,S,Private
7BXCD20,65,55203,634,18553,90+,Mobile,MW,Federal
YZTBVHU,26,18989,739,18836,60-89,Agent,S,Consolidation
1JYK820,50,32672,696,26699,60-89,Web,S,Consolidation
NEVGTDD,55,57975,669,41592,1-29,Mobile,MW,Consolidation
1208WU5,36,70608,647,39581,60-89,Web,NE,Consolidation
L2J2NG1,22,57279,688,21573,60-89,Mobile,S,Consolidation
3RTZ5TV,44,37169,684,43245,60-89,Web,NE,Private
JPAL1DS,70,73823,755,48405,1-29,IVR,NE,Consolidation
53QE5EE,60,47331,649,23360,1-29,Agent,S,Consolidation
VSQOI2J,62,47569,691,90894,60-89,Web,NE,Federal
HF5OX05,53,44401,767,21238,30-59,Agent,S,Federal
1LOAP1K,69,64338,640,8847,60-89,IVR,S,Federal
61CTAIJ,45,41218,641,40398,90+,IVR,MW,Consolidation
U9W3GGO,69,75373,741,26850,30-59,Web,W,Private
Z5GF0G4,32,32534,653,48760,1-29,IVR,W,Private
17YW1BS,22,36065,691,15766,1-29,IVR,NE,Federal
LMCBUOE,50,41542,786,5983,60-89,IVR,MW,Consolidation
FIC40N8,40,77608,701,31051,1-29,Agent,S,Private
PTR5E7B,41,38303,784,37525,60-89,Mobile,NE,Federal
CU0E0R3,26,28061,682,56036,60-89,Web,NE,Federal
9G6DVNQ,60,64007,632,8670,Current,Agent,NE,Consolidation
O0A7OXZ,38,24705,631,16479,Current,IVR,W,Private
ZH93XMC,44,66564,676,69489,30-59,Mobile,W,Federal
F2OJ58U,47,40108,643,17878,90+,Mobile,MW,Private
PM5HGBO,42,54715,685,39778,90+,Agent,S,Federal
QB00G9E,63,57664,761,19318,90+,Mobile,W,Federal
1OF25SW,49,39333,712,11744,Current,Agent,MW,Consolidation
EOZ0KZ4,52,88376,689,19959,1-29,IVR,MW,Private
99RWTF0,46,36261,774,56,Current,IVR,S,Federal
RH5U3VV,57,26123,660,36334,Current,Mobile,W,Consolidation
9SHO5D5,60,59367,641,34812,1-29,Mobile,W,Consolidation
RYVORLF,18,65674,698,32219,60-89,IVR,W,Private
95BU1ET,38,87536,601,28955,60-89,Web,S,Private
2O8XGHI,75,38789,699,27675,30-59,Agent,W,Consolidation
QBA3RNQ,65,48922,695,40579,90+,Agent,NE,Consolidation
6IDYDNR,37,40796,770,37764,90+,Web,NE,Consolidation
NOUROYU,74,56602,782,41529,1-29,Agent,S,Private
G35A27C,25,49063,679,47427,30-59,IVR,NE,Private
6L4JDGJ,23,110903,670,26073,1-29,Web,S,Consolidation
FQGDM1I,45,36796,724,30506,Current,Agent,NE,Consolidation
W2PCN9T,60,94954,717,50510,Current,Mobile,MW,Consolidation
3OEUVTY,65,45243,704,39237,90+,Web,MW,Consolidation
MWOCKI4,42,24797,725,14147,60-89,IVR,NE,Federal
6HYD6I0,56,54925,746,34524,1-29,IVR,W,Consolidation
JXPP9YV,75,22669,679,0,Current,IVR,NE,Consolidation
2H2P39Y,23,51069,728,47488,90+,Web,MW,Private
3CUS50A,23,76492,629,31140,90+,Web,NE,Private
JRH8IPT,40,12000,541,57855,30-59,Web,NE,Consolidation
OP767J2,31,18322,751,21000,60-89,Agent,W,Private
RL0NWRN,36,46819,766,31336,90+,IVR,NE,Federal
W921FGM,19,70434,586,50895,60-89,Agent,NE,Private
JTR0M6H,58,40215,638,26109,Current,IVR,W,Private
BP0FL8J,38,71569,594,58231,60-89,Mobile,MW,Federal
8N8077X,27,35404,528,56808,60-89,Agent,S,Consolidation
I6G61PC,67,45264,678,36618,Current,Mobile,MW,Consolidation
UKWQVR1,37,36549,664,52009,30-59,Mobile,MW,Consolidation
EWRX4ME,26,12000,802,20201,30-59,Agent,NE,Private
FPQEQQR,45,31393,598,16683,30-59,Web,W,Private
8ZBJJAC,71,27895,766,26181,Current,IVR,W,Consolidation
34O6PIB,56,37614,634,28421,60-89,Web,S,Private
UXZ3ADH,67,50762,641,38959,Current,Mobile,S,Private
R0TMTOC,57,48340,653,38758,1-29,Web,NE,Consolidation
CT1ZHT4,44,31097,595,9119,30-59,Web,W,Federal
FVNUY82,60,75937,731,47571,Current,Agent,W,Federal
M7ZVORX,55,33666,590,39241,30-59,Agent,S,Federal
JPQPQ24,68,45204,752,19547,30-59,IVR,S,Consolidation
SNX1SE3,45,60408,613,35395,60-89,Mobile,S,Federal
YMH33DH,54,52163,670,38838,1-29,Agent,NE,Federal
1GSMX74,75,107876,708,31420,Current,Agent,S,Private
FZET8P1,46,93701,647,23193,Current,Mobile,S,Consolidation
PCB6978,44,47611,706,28153,Current,IVR,NE,Consolidation
NEY9P4N,51,84613,757,16892,30-59,Mobile,NE,Federal
5H3K7UJ,45,43027,664,34563,1-29,Agent,W,Private
459696E,57,62821,611,51183,30-59,Mobile,W,Private
SV6O9E9,68,48627,569,50347,60-89,Mobile,W,Consolidation
981BF8W,54,70830,744,0,60-89,Mobile,NE,Private
2GOAPAD,70,79246,828,22642,1-29,Mobile,W,Federal
4FXERL6,18,65442,620,26356,30-59,IVR,NE,Federal
HMVFUJI,21,40211,698,0,60-89,Web,MW,Private
P9I7SUN,47,50652,715,37498,30-59,Agent,MW,Consolidation
RMPGX44,53,28095,684,28232,30-59,IVR,NE,Private
RF76PK9,29,32151,712,14796,1-29,IVR,W,Consolidation
V137S9D,50,38157,702,29135,1-29,Agent,MW,Consolidation
VF0JQQN,69,67415,714,15164,60-89,Web,W,Private
R2LED4O,25,67602,807,6068,60-89,Agent,W,Federal
6Y563P3,43,43244,726,28874,Current,Web,NE,Consolidation
GZB3RIM,70,20562,612,27617,60-89,IVR,W,Consolidation
9OM115B,18,77448,749,50538,Current,Web,W,Federal
8RWGOSG,34,19359,617,30422,90+,Web,W,Private
A2YMPYI,25,25732,752,81828,30-59,Mobile,S,Federal
CVHZTAY,66,88385,798,26685,Current,Agent,W,Consolidation
V5CVM8T,33,44210,724,29911,30-59,IVR,W,Federal
LOBICLW,49,83086,689,23102,Current,Agent,W,Federal
3DYF7BN,55,75220,665,29849,90+,IVR,W,Consolidation
37PJPO3,73,28481,737,29199,30-59,Web,S,Consolidation
HMW4BQP,63,60569,628,24944,90+,IVR,NE,Federal
LJEDGFJ,59,63709,759,25598,Current,Agent,W,Consolidation
JJ63XVF,45,32243,655,38512,1-29,Web,MW,Federal
5QUB00M,35,57197,753,26205,30-59,Mobile,S,Federal
PZD1SKZ,60,48808,699,28444,1-29,Web,S,Federal
NYS5THU,20,46827,810,32263,Current,Agent,NE,Federal
EYSU7ER,36,53886,757,46363,1-29,Agent,MW,Federal
MSV7A3B,54,85252,697,16792,60-89,Web,W,Private
6XDMR7B,74,43395,662,10017,30-59,Web,NE,Consolidation
N14EB87,70,74141,797,28839,30-59,Web,W,Private
E0L1Q9R,48,83565,698,46208,60-89,Mobile,W,Private
N6QMUUM,20,70582,700,24609,30-59,Mobile,W,Consolidation
3WPPBMQ,31,13037,603,11625,90+,Agent,NE,Consolidation
HHCK9ZW,53,23632,734,18332,60-89,Mobile,MW,Federal
QM19IWB,33,82112,734,44052,90+,Web,NE,Consolidation
505T0RF,37,62086,690,35837,1-29,Agent,NE,Federal
5WUIH2J,24,44231,556,26086,60-89,Mobile,S,Consolidation
YNKIV90,18,26093,739,6583,60-89,IVR,MW,Consolidation
ZS9MTHD,33,46730,661,55967,Current,Agent,MW,Private
55OU763,22,37548,671,0,60-89,IVR,NE,Consolidation
J1YLJZC,74,31141,693,576,60-89,Mobile,MW,Federal
G3M6A1K,24,64629,755,35134,60-89,Web,NE,Consolidation
WDIJVTY,22,67454,664,29204,Current,Mobile,W,Federal
304DM2H,41,31194,733,20230,1-29,IVR,W,Private
UQQ4TND,40,47885,703,26970,90+,IVR,NE,Federal
TVR4FJS,49,34598,769,48337,90+,Web,NE,Consolidation
3PAUA3A,66,31427,600,31531,90+,Agent,MW,Consolidation
0FBWPV4,58,34624,718,13516,90+,Agent,MW,Private
GZI4FLS,73,46486,813,6583,90+,Agent,MW,Private
UWJP0QI,48,33973,751,46015,60-89,Agent,S,Consolidation
WPGK9ME,21,35837,732,19203,90+,IVR,MW,Private
7KHUL0O,22,52101,702,3230,90+,Mobile,S,Federal
X1LEQI9,52,31931,764,26653,30-59,Web,MW,Federal
W29PHBC,32,37814,699,38721,1-29,IVR,MW,Private
5LK9UAW,18,40542,732,15751,1-29,IVR,S,Federal
I145201,61,44827,632,56738,90+,IVR,MW,Consolidation
IE6KN0Q,60,31512,520,13320,60-89,Agent,S,Consolidation
3JVZ0G1,48,40066,722,37651,30-59,Mobile,W,Private
ZG5SUUI,50,45533,735,7211,30-59,Mobile,MW,Private
Z3G0KSJ,37,12000,679,28899,90+,Agent,W,Private
ZRK6ILC,57,65958,633,34778,90+,Mobile,W,Private
ZAE557O,19,23446,619,17585,90+,IVR,MW,Private
9ZR3RZN,50,60837,661,6212,90+,Agent,S,Federal
4YFDS0D,29,12000,744,23253,30-59,Web,W,Consolidation
7H4PZNG,66,54889,681,11190,30-59,Agent,NE,Private
LM8FHCC,34,27298,559,46367,30-59,Mobile,S,Private
I052U9A,40,97657,677,46073,Current,Web,S,Consolidation
EKATK10,42,56723,720,32526,60-89,Web,MW,Private
TC41RWS,18,48856,669,23017,30-59,Agent,NE,Consolidation
G34IQ7Z,61,42406,710,29728,Current,Web,MW,Private
ZZTL246,71,32659,633,41922,30-59,Agent,MW,Federal
S3NC62A,63,35060,705,0,90+,IVR,S,Federal
HZI1GEI,57,32523,573,89252,30-59,IVR,S,Federal
JAIMUE2,36,26560,673,11302,60-89,Mobile,W,Private
F70UJGV,32,18710,740,28378,90+,IVR,W,Federal
CWHMRIH,27,44758,729,46677,Current,Mobile,S,Federal
RHBKGK9,19,71822,768,39260,Current,Agent,W,Private
RNPPAPC,25,70862,695,56568,Current,IVR,W,Consolidation
61PO9O2,30,25594,653,26268,30-59,IVR,S,Private
VX1BOQI,20,64604,713,45011,60-89,Web,MW,Private
6NYYCJ4,27,30157,722,0,60-89,Mobile,S,Consolidation
R8MTK0R,68,66510,626,24459,30-59,Agent,S,Federal
4ANLIOB,70,46573,692,42814,30-59,Agent,NE,Private
YELO5OG,68,62426,628,58913,60-89,IVR,W,Private
A8NCXCW,26,85902,774,77604,60-89,IVR,W,Federal
V4NDJM5,30,36407,622,27860,Current,Mobile,NE,Private
IDM6A7U,54,50997,823,60975,90+,Agent,W,Consolidation
NILCTRR,67,67726,713,26637,Current,Web,NE,Private
NUTXH1W,58,14836,584,46373,90+,Web,NE,Private
LYNHX2O,33,69567,850,46653,1-29,IVR,MW,Federal
C4KDTE0,59,61089,607,27883,60-89,Web,MW,Consolidation
P1DZXGU,40,54823,596,31672,30-59,IVR,W,Consolidation
DIICZKK,35,37436,703,0,1-29,Web,MW,Private
600SKMS,21,49299,688,70048,Current,Mobile,NE,Consolidation
83YGMEX,33,41511,700,18453,90+,IVR,W,Federal
V1UC8EA,41,65768,686,31969,1-29,IVR,NE,Private
5CCASBU,46,42988,699,12804,30-59,Agent,NE,Private
A753LC5,23,76965,641,48069,90+,Agent,NE,Private
HKD6K7R,32,49813,720,29430,90+,IVR,S,Federal
X8POK0P,72,35536,837,40430,30-59,Web,S,Private
0W7TUA9,30,124885,727,49242,Current,Mobile,MW,Private
RZ4XG8I,66,69205,619,25130,30-59,Agent,NE,Private
DQTROI9,53,48554,644,40866,60-89,Mobile,MW,Consolidation
F5AGIRW,34,25964,629,30238,1-29,Agent,MW,Consolidation
GEILOZE,34,36872,752,31059,90+,Mobile,W,Private
UG7LVV0,49,54651,663,44788,90+,IVR,W,Consolidation
GL3TKQV,28,64027,664,26658,90+,Agent,NE,Consolidation
JHG1JJN,58,46741,623,25908,Current,Agent,S,Consolidation
1YAUA8D,47,34558,690,37565,30-59,Web,NE,Consolidation
ZKM5VGY,53,14309,697,34564,Current,Mobile,W,Private
I118L30,22,28318,701,33425,1-29,IVR,MW,Private
MCRCUN9,26,56867,643,4435,60-89,Mobile,MW,Federal
O7DSRLE,68,52585,744,41953,90+,Agent,S,Federal
Z39PECN,25,77140,621,0,30-59,IVR,S,Consolidation
QGZDKMQ,56,39289,712,5345,90+,Agent,MW,Consolidation
IJOCVSG,42,70742,716,30228,30-59,IVR,MW,Private
FE0X7H2,59,53194,690,33787,60-89,IVR,S,Private
TOPY7VN,63,44723,782,32368,1-29,Agent,MW,Federal
OSKG3V2,70,50606,698,52911,90+,Web,NE,Consolidation
H83FI4O,38,15053,533,33597,90+,Web,NE,Private
K6GS0JV,58,20855,635,0,30-59,Web,MW,Federal
VEIL3EQ,71,30737,633,15483,30-59,IVR,S,Federal
GE2J51B,68,63218,687,38013,1-29,IVR,NE,Consolidation
XM6AQWQ,62,45108,607,32787,90+,Mobile,W,Consolidation
CNKWSTV,48,26921,725,18822,Current,IVR,W,Consolidation
LN1P0VU,32,65007,658,36838,30-59,IVR,NE,Federal
BQ3K9D6,70,76696,769,34073,60-89,IVR,NE,Private
YEAVEDH,41,48945,699,42732,60-89,Mobile,S,Federal
36C0OX8,23,39544,672,27870,60-89,Web,MW,Private
T76PIV6,38,39197,659,42474,1-29,Agent,MW,Federal
SV3V4BN,60,80503,764,22781,30-59,IVR,MW,Consolidation
ODU1LVN,36,20413,636,25209,1-29,IVR,W,Federal
90EQEIH,54,19401,712,13720,1-29,IVR,MW,Federal
9IZV51Q,42,89670,780,35001,60-89,IVR,NE,Private
3BZDKCL,21,41808,651,33260,30-59,Mobile,W,Federal
88R29FM,61,75134,671,5869,Current,Agent,MW,Private
YO8DJE7,42,78921,696,15463,60-89,Mobile,S,Private
Y8TSVIH,45,70581,706,29392,60-89,Agent,MW,Consolidation
M1XGB1B,21,49181,748,52184,1-29,Agent,S,Consolidation
B68RERV,46,69137,683,31559,Current,Mobile,MW,Federal
3QM6DTE,63,89531,748,51641,90+,Web,MW,Federal
37RLN36,45,13502,701,24774,Current,Web,NE,Consolidation
3LV323X,44,29850,716,10979,90+,Mobile,MW,Private
PSPAG3J,35,77453,677,7459,1-29,Agent,NE,Federal
HXTDQY8,49,37488,593,50221,60-89,IVR,S,Private
X6DCLED,23,76921,738,62261,30-59,IVR,W,Private
07WXC1K,27,12000,774,54635,60-89,Mobile,W,Private
ZLOHSPP,35,64279,597,40189,60-89,Agent,NE,Private
EB9I9EX,31,59114,644,0,30-59,Mobile,W,Private
L2KOVE5,36,90144,604,45430,Current,Agent,S,Private
TKPEZLT,64,49432,712,1261,1-29,IVR,S,Federal
1BTR23Q,65,51329,656,7918,1-29,Mobile,S,Private
5ZP9MF5,43,57471,676,39197,1-29,IVR,NE,Consolidation
VKWKNPO,59,62186,736,23569,30-59,Mobile,NE,Private
KG6UMH4,70,76716,593,57231,30-59,Agent,NE,Private
NO1Z74Z,70,12000,681,46710,30-59,Mobile,W,Consolidation
UR9XSSC,53,38017,690,34921,Current,Agent,MW,Federal
KFYCCGZ,32,32885,596,45180,30-59,Web,W,Federal
D5LXTNJ,34,24391,666,46408,1-29,Agent,S,Federal
9DT94G8,51,77988,605,24605,90+,Web,W,Consolidation
CAFVO5Y,38,49510,633,0,90+,Mobile,MW,Federal
HKO1CMR,36,45076,703,8440,90+,Mobile,NE,Federal
M8WNLEP,55,70063,594,3659,30-59,Agent,NE,Private
72B4F63,47,37606,572,29571,60-89,Mobile,S,Federal
9ASJ21G,39,74080,531,9757,60-89,Agent,NE,Federal
TSCJLEI,24,24474,662,36106,1-29,IVR,MW,Federal
A09R17W,61,95796,681,9010,Current,Mobile,MW,Private
SJP753K,39,55549,730,23337,90+,IVR,S,Private
0JEZ4UI,71,54930,756,19280,60-89,IVR,S,Consolidation
JCSLQC3,49,53811,727,34073,30-59,Mobile,NE,Private
GUUCQB3,56,14229,769,38153,1-29,Web,W,Private
VFUBO3V,51,49608,633,24149,Current,IVR,NE,Private
6DZT2D8,71,69026,670,9425,30-59,Mobile,W,Consolidation
GMXZZXH,20,72617,801,11423,Current,Web,S,Consolidation
72WUMA4,19,12000,704,23354,1-29,Mobile,W,Federal
FQEWAOU,38,54984,738,19830,90+,Web,MW,Private
H4KYMHV,71,48649,543,11697,90+,Web,W,Private
RW6TM2O,50,65998,736,32949,60-89,Mobile,W,Consolidation
H79IHNB,32,51299,673,34579,90+,Web,MW,Federal
PVI06B8,27,12000,724,19802,30-59,Agent,S,Private
UDENCRT,45,34035,664,51698,Current,IVR,NE,Consolidation
JHJXQKD,59,97269,666,36725,Current,IVR,MW,Private
6GQ2WIP,55,51132,742,11780,Current,Web,S,Private
AOZG6FU,48,33875,542,21054,60-89,Mobile,MW,Consolidation
O20W4FK,58,55477,679,44552,Current,Mobile,MW,Private
DCIROW8,33,30353,700,44374,Current,IVR,MW,Private
BERXE6L,43,46954,639,32244,30-59,Web,MW,Private
Z3LGVWF,21,46083,654,56242,Current,Mobile,S,Federal
FULZ2AD,45,46188,733,38572,90+,Mobile,MW,Consolidation
P2R6U0M,32,72525,746,37247,30-59,Web,MW,Federal
CPK7PWT,65,62116,696,12294,90+,Agent,NE,Federal
CFILKJX,75,74173,620,13036,60-89,Mobile,MW,Federal
D0XH2ME,21,36605,671,30252,60-89,Mobile,S,Federal
Q6TCLK0,22,58042,714,40624,1-29,IVR,NE,Private
8DHEXHI,46,75857,661,42513,30-59,IVR,MW,Private
AOTFBGN,71,53496,607,38094,30-59,Web,NE,Private
QJT4NGY,75,96396,696,54156,Current,Mobile,MW,Consolidation
O5LKHJ6,56,96372,744,30890,Current,Mobile,W,Federal
M042QTC,51,18654,609,42320,30-59,Mobile,S,Consolidation
EQA2O4M,58,56185,555,53577,60-89,Web,S,Private
1QUPWCK,27,68526,644,20575,90+,Web,MW,Federal
9RK7ZD9,70,64236,602,26031,30-59,Mobile,S,Consolidation
06GKABC,63,80558,704,30974,90+,Web,NE,Consolidation
HTHSJR0,23,81360,743,0,1-29,Agent,MW,Consolidation
9Y49DZ8,65,61976,662,40000,90+,Mobile,NE,Consolidation
S4A2IS0,20,45388,711,26341,1-29,Mobile,NE,Federal
PY6B2KN,57,76160,704,35595,1-29,Web,MW,Private
A10IB26,39,57669,767,50202,1-29,Mobile,S,Consolidation
RONTDI9,57,75294,686,23724,Current,Agent,NE,Federal
9S8U287,29,95463,691,27637,Current,IVR,S,Consolidation
NF5179N,49,85490,782,1943,Current,IVR,S,Consolidation
I58BDYT,53,35980,755,47810,30-59,Mobile,S,Federal
B5OU833,33,82144,850,34148,30-59,Agent,W,Federal
SVI1X1V,74,70222,583,56846,30-59,Mobile,S,Consolidation
RCFPLBX,63,75476,739,0,Current,Agent,S,Private
11ID07T,65,33892,712,0,Current,IVR,W,Federal
2DE83QU,32,79340,661,0,1-29,IVR,MW,Consolidation
SM7RBRX,29,37140,619,59411,30-59,Web,MW,Federal
R3UREV2,52,45963,687,42740,30-59,Agent,MW,Federal
3PJB8ZE,39,66432,637,14898,90+,Agent,W,Private
NBFAI6T,57,50556,680,32128,90+,Agent,W,Consolidation
UD6LE9C,64,40527,688,5910,60-89,IVR,NE,Private
7I957MP,62,89554,715,6907,30-59,IVR,MW,Federal
3FKP96A,42,51093,603,27663,60-89,Agent,S,Consolidation
3HTY61J,70,18624,642,5476,30-59,Web,S,Consolidation
ZS9D8KT,53,50338,734,20200,1-29,IVR,W,Private
39MH4QX,32,17316,682,0,60-89,Mobile,NE,Federal
ARDM8ZP,75,41793,672,23613,Current,Agent,NE,Federal
QNQVIEX,34,65432,606,30628,60-89,Mobile,W,Consolidation
B7T1M3U,38,72092,607,25735,30-59,IVR,MW,Private
UI3DO70,25,44310,653,14123,60-89,Web,MW,Consolidation
DOT948U,22,35549,730,11934,60-89,Agent,S,Private
KKD2D96,45,58190,704,0,1-29,Agent,MW,Federal
73TBO5Z,72,23560,725,48320,90+,Mobile,NE,Private
CCE7SAB,62,74803,633,16356,90+,Agent,W,Consolidation
V07IRJG,22,24372,724,43599,Current,Mobile,S,Consolidation
477PKBR,62,78440,632,17763,60-89,Mobile,NE,Consolidation
0LBT3G2,21,58368,659,32056,90+,IVR,W,Private
QZCUCTS,70,56812,621,3657,60-89,Web,MW,Private
47X202V,42,49940,679,27751,90+,Web,W,Federal
V014JPO,40,45460,663,12729,1-29,Web,W,Federal
6W3CJHT,23,56608,647,35009,Current,Agent,NE,Consolidation
Y5J3N6M,38,87310,698,0,1-29,IVR,MW,Private
RECDHZV,59,38857,753,0,Current,Mobile,S,Consolidation
C9PBTYJ,24,61983,717,3241,90+,Agent,W,Private
80TW87S,31,56565,586,35183,90+,Agent,S,Federal
48OLDC0,50,102367,657,30818,Current,Mobile,S,Consolidation
IKS62C1,27,86231,760,14410,60-89,Mobile,S,Private
VQBZBRQ,66,25249,673,68929,90+,IVR,W,Private
8Z5D5EU,28,45059,753,39881,60-89,Agent,NE,Consolidation
8LXEQLE,28,50482,772,10086,1-29,IVR,W,Private
XP0JF6D,44,95506,595,8087,Current,Mobile,W,Private
Y9V20YA,27,36043,786,27817,90+,Web,NE,Consolidation
RR49HQW,57,58950,658,30420,1-29,Agent,NE,Consolidation
193Q1L6,67,66916,736,43398,1-29,Agent,S,Federal
TNFW6SZ,30,26398,555,3363,30-59,Mobile,MW,Consolidation
LRUN01S,42,78740,691,35233,1-29,Agent,NE,Consolidation
BZWBHO4,66,34801,673,32944,Current,Web,S,Federal
IMNM4ZP,39,26434,607,44234,60-89,IVR,MW,Federal
OM17OCE,50,48537,691,32769,60-89,IVR,MW,Federal
U23WUZO,53,46605,770,33755,1-29,Agent,MW,Private
W6CO55A,32,26828,580,31068,30-59,Agent,S,Consolidation
6GUO8I5,70,75631,758,34114,60-89,Web,MW,Consolidation
1X7OV6S,35,81340,705,53807,1-29,IVR,S,Private
3VV7RMN,64,58534,705,0,90+,Mobile,W,Federal
U5CFP37,74,64615,693,16522,30-59,Mobile,NE,Private
80LKX1S,57,87536,665,17975,1-29,Web,MW,Consolidation
OGI3EEA,57,46926,676,3217,30-59,Mobile,S,Federal
7NV7K56,42,66458,619,31903,90+,Web,W,Federal
QVALBNA,72,21502,608,24882,30-59,Agent,NE,Consolidation
OWCZP88,21,66297,712,0,1-29,IVR,W,Consolidation
KAZV6WN,39,88175,691,45452,Current,IVR,NE,Private
2ZCFZW0,27,44748,729,17610,60-89,Agent,W,Consolidation
5L6BSPX,20,56769,703,8442,1-29,Mobile,MW,Private
396YFI7,64,77346,729,31580,30-59,Mobile,NE,Private
OFRVAF6,37,83320,661,50148,30-59,IVR,NE,Federal
XV349N1,52,28763,593,36399,30-59,Web,S,Consolidation
E52ZU10,52,38972,668,33155,90+,Agent,NE,Private
UKEYZ7S,27,37694,689,0,Current,Agent,W,Federal
GVT67K3,74,43627,728,57814,Current,IVR,S,Private
X1CKJ1E,38,33332,711,23606,90+,Agent,W,Private
6FY6P0H,27,80196,643,41740,1-29,Mobile,MW,Private
NPYHRFO,42,66930,727,28856,1-29,Web,S,Federal
9LBSMWP,70,74514,717,35670,60-89,Mobile,NE,Federal
J20SARV,61,40552,681,24390,Current,Mobile,MW,Consolidation
A0KLL5Z,47,86275,755,62371,Current,Web,W,Private
1JQQXF2,61,63909,634,23360,90+,Web,MW,Consolidation
0MHXBOH,56,46620,721,17155,Current,Mobile,NE,Federal
3BFXB4Y,22,60604,637,28933,30-59,Agent,W,Federal
ZWBH80E,65,80722,636,17036,30-59,IVR,W,Private
AJ3YVSI,30,73833,676,35037,30-59,IVR,NE,Consolidation
G15XD82,69,56777,751,37663,30-59,Mobile,W,Private
EVQBZ1O,50,78581,672,26409,90+,Web,W,Consolidation
R77NTHG,50,51423,690,41952,Current,Mobile,S,Federal
4H9DATO,41,67546,743,21956,30-59,Mobile,NE,Federal
EMDMZ5R,23,82971,609,33039,30-59,IVR,NE,Private
9S334WI,40,36654,577,36078,30-59,Agent,S,Private
961J88Q,50,44769,671,49383,60-89,Mobile,NE,Federal
XHQ3U91,43,56670,564,32754,30-59,IVR,MW,Private
TV4REAS,54,58309,603,18729,30-59,IVR,S,Private
X0BJ05M,36,38983,757,35310,1-29,Web,S,Private
KDQIUT6,74,36049,668,9953,60-89,Agent,MW,Consolidation
991KACC,20,12000,621,27921,30-59,Agent,W,Private
F8BV5ZH,57,53443,585,66146,60-89,Mobile,S,Consolidation
YA2OTKQ,37,20983,756,36754,60-89,Mobile,MW,Private
TMG2PU2,71,32354,579,18526,30-59,Mobile,S,Federal
C5A8SM0,50,45421,655,42139,Current,Agent,MW,Private
YR8JUDW,73,80102,658,44715,30-59,IVR,NE,Consolidation
73ZCA7F,47,36135,685,31614,1-29,Web,MW,Consolidation
6Y1NM79,74,28854,531,33746,60-89,IVR,NE,Private
0DCZ6PB,22,101038,731,13198,1-29,IVR,S,Federal
Q9P7EQF,51,35404,657,40294,1-29,Agent,W,Private
KHI006I,51,34399,708,26242,Current,IVR,W,Private
J49ITN7,69,29412,722,39058,1-29,Web,MW,Federal
35V2A0J,26,82520,700,22650,1-29,IVR,NE,Federal
HF1PW26,56,31370,665,47271,30-59,Agent,MW,Federal
5H3Z4LB,57,33650,654,12241,90+,IVR,S,Private
DCLI697,23,53461,656,22256,90+,IVR,W,Federal
G540FAJ,58,49756,550,44541,60-89,Mobile,W,Federal
7RCQ6W9,47,59904,698,56071,60-89,IVR,S,Private
RUCZG3R,52,48117,597,0,30-59,Mobile,S,Consolidation
FZGINJX,18,61165,734,10455,90+,IVR,W,Consolidation
X9E82I5,75,56554,624,28875,60-89,Web,S,Consolidation
KUC8MLS,67,49293,697,7830,30-59,IVR,NE,Private
CQ7VG6N,49,56600,682,9561,60-89,IVR,S,Federal
JEICUYZ,74,61465,758,35479,60-89,Mobile,W,Consolidation
M4T8BP6,43,69496,622,15650,1-29,Agent,MW,Federal
V40GYEZ,44,24723,672,36249,30-59,Mobile,S,Consolidation
2OAZFUU,24,41406,801,36021,30-59,Agent,NE,Federal
PJE7KF0,41,50843,784,14995,60-89,IVR,MW,Federal
S44Z78I,34,45526,770,18265,Current,Mobile,NE,Private
EFCWYS8,40,53872,611,658,30-59,Web,S,Private
BWFP1B4,63,54801,715,22108,Current,Web,NE,Federal
BRRD44N,51,22319,637,46686,1-29,IVR,NE,Private
EMDF3JP,65,36647,743,68515,Current,Mobile,MW,Private
O0DMJPA,18,26915,693,28780,30-59,Mobile,MW,Federal
R4PU6W9,60,51054,746,25084,90+,Mobile,S,Federal
3M48NGC,58,74805,667,9893,1-29,Agent,NE,Private
YL6CAWQ,45,33628,665,21551,90+,IVR,S,Private
GP3JK8X,24,45849,624,10845,Current,Agent,NE,Private
K7YBZGA,51,49870,725,33562,30-59,Mobile,NE,Private
YZ0GMV0,46,70470,646,49386,30-59,IVR,MW,Private
MO7OPKL,21,51516,595,48987,30-59,Web,NE,Consolidation
YR9X20B,19,37264,698,42531,90+,IVR,S,Private
MYJ4Q9C,23,61693,646,41715,1-29,Mobile,NE,Consolidation
9UFU6PY,31,23199,764,21250,60-89,Mobile,S,Consolidation
HY9LXL0,44,20663,606,46051,60-89,Mobile,W,Federal
Y0RSG5U,38,18095,709,36992,90+,Agent,W,Private
V5OJZTO,22,64202,649,45590,1-29,Agent,MW,Federal
SBAF292,27,44602,741,57798,90+,Mobile,W,Consolidation
KZMPJRH,29,49550,648,24365,1-29,Mobile,S,Consolidation
8L1MRD8,18,18972,718,65274,Current,IVR,MW,Federal
139FX1P,22,35648,727,45995,60-89,Web,MW,Consolidation
O752TVR,44,38105,613,41925,30-59,IVR,NE,Federal
8P6U5PS,30,59747,663,38425,1-29,Mobile,NE,Federal
XE78D29,41,30107,631,21178,30-59,Web,NE,Private
ULZ6WKK,46,73878,718,0,30-59,Agent,NE,Federal
JKNXM81,43,40496,711,31521,90+,Mobile,NE,Private
X2X5DAO,56,57486,664,38956,60-89,Web,W,Private
T3S7AZM,24,75178,700,14298,30-59,Mobile,MW,Private
21XJ7WW,33,82492,684,20483,Current,Web,W,Consolidation
KG8RHCL,43,34860,668,24003,Current,Agent,NE,Private
M0JG4Q8,37,22506,769,45918,Current,Agent,NE,Private
5ZJAUCY,59,75776,698,43552,60-89,Mobile,NE,Private
JZEFZLU,46,66671,569,7016,60-89,Web,MW,Consolidation
KOMV2XC,29,65881,720,56291,90+,Web,NE,Consolidation
UGXBRYT,72,50410,647,39824,60-89,Web,S,Federal
SIKZOIE,61,12000,634,42749,30-59,Mobile,W,Consolidation
4PO1I3M,69,62288,674,34646,1-29,Mobile,S,Federal
4FL7Q15,39,72216,693,7761,30-59,IVR,W,Federal
MNR1V1Z,55,20800,638,40799,1-29,Agent,MW,Federal
9M3JGW8,53,37776,765,28095,1-29,Agent,S,Private
GNTB34K,70,12400,765,19384,60-89,Agent,NE,Federal
UXY9OR1,40,80546,773,16570,30-59,Agent,MW,Consolidation
X3KB5NQ,42,67553,595,16442,60-89,Agent,S,Consolidation
UFGYN53,52,54140,610,17489,60-89,Web,W,Federal
ZIVZG92,35,38787,661,5350,30-59,Web,W,Private
FNIE9LA,29,49420,679,0,60-89,IVR,S,Private
BH4VSK2,69,42765,594,39376,30-59,Agent,MW,Federal
AFSYPQR,24,82553,630,11609,30-59,Agent,S,Private
1CCM0W3,63,69137,698,36596,Current,Mobile,MW,Federal
AIAW4OT,28,12000,609,22764,90+,Mobile,NE,Consolidation
154MAPH,26,35459,689,14360,1-29,IVR,NE,Consolidation
K77JJ6V,50,36315,599,12334,90+,Web,S,Federal
UC7VVEG,75,51238,704,14711,1-29,Mobile,MW,Federal
5VR2BKF,56,63723,715,33085,90+,IVR,NE,Private
N2B4JTJ,51,42176,649,22513,60-89,Mobile,NE,Federal
19VP4JS,38,49243,570,14942,30-59,Web,S,Private
L0XTIR2,31,63959,668,35463,1-29,Agent,W,Consolidation
WMF1GZV,67,37929,700,24434,Current,Mobile,MW,Consolidation
2K14IBM,38,61067,622,13086,1-29,Mobile,W,Private
POUI0OM,70,51250,695,43514,1-29,Agent,W,Private
IZY8X8X,34,92292,658,13259,Current,Agent,MW,Private
FC4KL8C,70,52463,690,44361,Current,IVR,W,Federal
JTO0IQQ,24,41625,629,38496,Current,Web,S,Federal
A4FIT3N,34,12127,724,24113,1-29,IVR,NE,Federal
MO11IF2,33,56159,654,40420,1-29,Agent,W,Private
QAHSU1G,20,45460,632,0,90+,Mobile,NE,Consolidation
HZS8F09,24,59675,774,57638,30-59,Web,W,Private
E5GV7P2,58,30685,634,19094,60-89,Mobile,NE,Federal
87WG8V9,69,12000,746,14510,60-89,Mobile,NE,Federal
9QUBWRP,54,53032,732,15854,90+,IVR,MW,Private
U8F855M,34,66682,755,26680,90+,Web,MW,Federal
RTQHNOL,29,59580,799,36758,90+,Mobile,W,Private
Q4GSKJ8,43,95233,597,39825,Current,Web,NE,Federal
FIMTB6T,74,14477,733,45284,Current,IVR,W,Consolidation
3WZDSB5,73,79320,524,54159,60-89,Mobile,NE,Federal
5J8YIT2,47,39667,689,38102,60-89,Agent,NE,Consolidation
9F27SJC,32,56376,796,42498,30-59,Web,S,Federal
TG5JTV7,43,78051,614,26597,30-59,Agent,MW,Private
UGPJ60S,30,46811,654,28796,90+,IVR,MW,Private
P0NFDD2,75,36580,624,16411,1-29,Mobile,W,Private
IC487BX,27,18104,793,20130,1-29,IVR,S,Private
CLPDIXC,38,27972,656,35438,30-59,Web,MW,Consolidation
99OH12P,75,35798,703,24135,1-29,Web,W,Consolidation
QAVAQDM,69,53191,722,14338,30-59,Mobile,S,Federal
YTYOVVT,69,47855,687,37540,1-29,Mobile,W,Federal
GL2MCXN,24,78562,738,25152,1-29,Mobile,MW,Private
ES5CS9U,40,82802,721,16561,30-59,Web,S,Federal
19547KP,33,70571,657,51937,90+,Web,S,Consolidation
IAH5MN6,23,47808,714,28443,60-89,Mobile,MW,Federal
UBLFJU8,20,34956,702,33018,1-29,IVR,MW,Consolidation
K8SM0V7,63,45070,736,30291,90+,Agent,NE,Federal
3Z30ZBT,34,63306,651,19611,60-89,Agent,MW,Private
6OORMR9,59,31043,730,16191,60-89,IVR,W,Private
NLAG991,32,53572,636,41175,1-29,IVR,W,Consolidation
ILXN48L,19,41557,631,16360,30-59,IVR,NE,Private
70EBPY9,52,75220,546,9800,30-59,Agent,S,Private
N52IID7,19,57493,669,43354,30-59,Web,W,Federal
J4B1YQ2,36,49672,707,14366,90+,Agent,W,Private
GLI5GHX,38,23986,676,16095,1-29,Mobile,S,Consolidation
80ND3Y9,32,29850,653,13716,90+,Mobile,W,Federal
8JKX2Y5,23,46887,729,28251,30-59,Web,NE,Federal
GFO0SKU,20,20038,742,27779,Current,IVR,S,Consolidation
AJOWEMD,67,43715,603,0,30-59,Mobile,MW,Consolidation
TUTGJ1N,20,12000,621,35217,1-29,IVR,W,Consolidation
IPVTAB3,28,31942,710,46027,60-89,IVR,MW,Federal
V5ZD0YX,38,64985,690,12635,Current,Mobile,W,Private
UPFLFCY,57,64281,623,26768,60-89,Web,NE,Private
6OPEMST,20,104372,646,0,Current,Web,W,Consolidation
JV5S1HH,36,68862,682,31086,1-29,Mobile,MW,Private
1Y97JYL,46,37435,745,27329,90+,Web,MW,Federal
OR8WM9L,41,92217,698,37184,Current,Web,W,Private
JHP4O2O,36,61189,780,25270,Current,Mobile,W,Private
9BGV2ES,62,76608,515,19680,30-59,IVR,MW,Consolidation
L1M3TFQ,68,12000,604,25581,60-89,IVR,MW,Federal
T8NCHD8,48,33413,637,28626,1-29,Mobile,MW,Consolidation
OBLJ0UA,45,36353,811,20653,1-29,Agent,NE,Private
DI09KGW,56,79502,603,28792,30-59,IVR,W,Private
2VFHD7W,23,72282,694,1138,30-59,Mobile,W,Federal
7E887R1,47,37599,648,17404,60-89,Web,MW,Consolidation
WP4TVDK,24,96377,686,17470,Current,Mobile,S,Private
9H5C7RS,32,44291,563,41016,30-59,IVR,NE,Private
D9G2J6W,40,57174,721,19088,Current,Agent,NE,Private
A7W3MQO,54,75358,653,17879,60-89,IVR,S,Federal
FKATV82,38,46571,623,34840,90+,Mobile,MW,Consolidation
NIAB2YU,22,28469,714,51493,60-89,IVR,NE,Private
OYR6CCV,59,14601,638,21063,30-59,Agent,W,Private
RDPMPCE,50,60230,721,3040,90+,Web,NE,Consolidation
YCKEWRW,35,68508,657,58585,60-89,Agent,NE,Consolidation
CKU7ZQJ,44,25490,663,30687,1-29,Mobile,NE,Federal
POUV75D,70,95866,728,5242,Current,Agent,S,Federal
NQPTS0M,55,86685,776,47990,30-59,Agent,MW,Federal
XZ1NW8J,62,73915,628,34242,90+,Agent,MW,Private
URVQT3G,24,27345,664,23070,1-29,Web,NE,Consolidation
GUA8F66,48,19860,590,62269,30-59,Mobile,MW,Consolidation
OV1L28R,27,22449,670,36314,Current,Agent,S,Private
XIPRTT3,50,64375,723,13413,1-29,Mobile,W,Federal
M62HDXC,37,88800,668,21633,90+,Mobile,MW,Private
FXA2WD7,48,52056,659,17121,90+,Mobile,NE,Consolidation
FIFWU7C,70,73485,727,52841,30-59,Mobile,S,Consolidation
KDY8LWK,23,78548,620,0,Current,Web,S,Consolidation
GD6BOF4,27,62451,763,4851,90+,IVR,W,Private
SRPUC8E,46,62273,701,15844,90+,Web,MW,Private
K1W031M,25,28711,589,52240,30-59,IVR,S,Consolidation
ZSXK22P,57,116150,719,59237,Current,Agent,MW,Private
N29MRQV,56,36247,826,18268,90+,Mobile,W,Consolidation
K4Z91PL,27,93044,623,17433,Current,Mobile,S,Federal
911PJQ5,49,12000,660,41064,60-89,Mobile,NE,Private
ZYMUZZO,28,83714,699,35460,Current,Agent,MW,Federal
W8PAWHL,68,101334,731,46304,Current,Agent,W,Private
ZO6T6BJ,37,63509,698,34262,60-89,Mobile,W,Federal
DUSCUNK,23,65111,688,41341,90+,Web,MW,Private
32LWZ6O,56,23899,705,0,60-89,Web,W,Consolidation
GLBVCR7,70,79981,763,41602,30-59,IVR,W,Federal
IJ7KTSP,52,65170,721,32142,30-59,Web,W,Private
GB2Q40W,63,24429,570,26263,60-89,Mobile,MW,Federal
0FQLDB2,49,62093,716,32851,Current,Agent,S,Private
U2PLCSV,52,41575,781,0,90+,Agent,MW,Federal
60I7P2R,71,99859,663,6337,1-29,IVR,MW,Consolidation
O5OKHF2,30,39650,625,26964,60-89,IVR,NE,Consolidation
LLOPEYP,70,44829,686,20723,30-59,Mobile,W,Private
NLNCJ7X,33,31748,755,0,Current,IVR,MW,Consolidation
34S7646,32,24651,750,24673,90+,IVR,S,Federal
UESBFCI,31,40121,656,26082,60-89,Web,MW,Consolidation
L4Z29DL,21,30360,626,42827,Current,IVR,S,Federal
SY3ONX3,45,70601,753,16950,30-59,Mobile,W,Federal
OL8C4W8,41,56753,712,18580,Current,Mobile,MW,Consolidation
NI8TNDF,40,65743,604,11438,30-59,Agent,NE,Private
F30KH58,60,59516,780,9415,30-59,IVR,MW,Federal
UMH9NKL,57,68503,638,32452,Current,Web,MW,Private
L8NV9UZ,69,83189,756,32776,1-29,IVR,W,Private
U1IADYW,69,72369,638,36581,90+,Agent,S,Federal
J669REA,46,39643,624,48738,60-89,Web,NE,Private
6U2SLZ2,67,40293,598,55188,30-59,Agent,S,Consolidation
MYX444N,43,49041,695,10985,30-59,Mobile,NE,Federal
HHE7ICD,22,75231,708,17297,60-89,IVR,NE,Consolidation
IJZS9ON,33,45719,810,45067,30-59,Web,NE,Federal
EHAPWPX,40,36222,655,2198,30-59,Agent,W,Private
A7B726E,39,31514,643,30345,90+,Mobile,NE,Federal
EZ5EHR0,26,19095,690,36554,90+,IVR,MW,Consolidation
5TWBQHS,63,12000,739,21922,90+,IVR,S,Consolidation
WTFCC2S,26,65678,665,29024,1-29,Web,MW,Federal
KT0KXGN,18,66927,804,15472,Current,Agent,NE,Federal
TSQACBS,62,30958,738,153,60-89,Web,NE,Consolidation
WEMMHMX,27,51570,695,29736,Current,Agent,NE,Consolidation
QDZ7Y95,26,23330,634,44936,1-29,Agent,S,Federal
XEH8GEQ,71,45963,678,0,30-59,Web,NE,Federal
PCBFLUN,46,77588,684,40325,1-29,Agent,S,Private
7E3B4C3,57,39847,704,18002,1-29,Mobile,S,Private
2IZ5P3V,45,37642,725,32401,30-59,Agent,W,Consolidation
O8Q88MG,24,68546,685,30027,Current,Web,W,Federal
S4ZNZQ7,60,49843,562,70257,60-89,IVR,W,Consolidation
TOOK1OM,49,56316,761,58287,30-59,IVR,S,Private
IUNWELA,47,51395,674,34810,1-29,Web,W,Private
S99DTHV,60,58723,782,35300,60-89,Mobile,NE,Private
C4VNIBL,19,26846,554,42954,60-89,Web,MW,Private
KBOJAXN,20,52367,550,37256,60-89,IVR,S,Private
43D3ZB2,23,24189,657,36640,90+,Web,S,Federal
DG38RAJ,70,48682,765,29371,30-59,Web,MW,Federal
RQ277ET,29,58390,608,45652,30-59,Mobile,MW,Private
86LTHET,52,38679,679,32788,60-89,Mobile,S,Private
7ZVNBI1,20,64603,693,9363,30-59,Mobile,NE,Private
70R3SDU,53,58134,771,62734,60-89,IVR,MW,Federal
S9QKJFP,40,37964,592,36802,90+,IVR,S,Private
U95IYUB,67,48340,591,53963,30-59,IVR,NE,Consolidation
TI22NV0,64,31737,767,13151,Current,Web,S,Federal
2JBTZGT,70,42214,653,19842,60-89,Mobile,W,Private
UY7NVLI,72,60784,650,25931,1-29,IVR,S,Consolidation
EK5A0XU,39,88346,670,22920,60-89,Agent,NE,Private
B69C45R,62,41739,598,35630,30-59,Mobile,MW,Private
4R6VHMX,22,49022,732,33064,90+,Mobile,MW,Federal
SQHBPWK,46,45811,654,55496,90+,Agent,NE,Private
SPZPDYJ,29,23623,641,30321,60-89,Agent,W,Private
3C9XQYM,59,89703,665,34872,Current,Mobile,W,Private
DERG870,55,15560,752,10866,60-89,Agent,S,Consolidation
E7MGRH5,35,109456,602,36761,1-29,Mobile,MW,Federal
IZFZMQP,52,83018,627,39636,Current,Agent,NE,Consolidation
900YEH8,53,71829,541,19609,30-59,Web,MW,Consolidation
2SGNGYF,63,32439,789,36046,Current,Mobile,NE,Consolidation
HNWGU9B,56,37685,528,19780,60-89,IVR,W,Private
AMXE2NF,53,85342,638,13065,90+,IVR,NE,Consolidation
PV3GD0Q,33,49096,762,57066,1-29,Mobile,NE,Private
Q9FR8EG,32,32117,701,15385,Current,Agent,W,Consolidation
U1G7PND,63,43925,711,57294,60-89,Web,S,Private
6FJPZ42,62,116737,596,22888,Current,Agent,MW,Private
UPOF0HK,25,66311,663,46471,1-29,Agent,W,Consolidation
3CJOP0V,23,35351,706,24656,60-89,Web,MW,Consolidation
QW8E0BN,54,36213,670,22950,30-59,Agent,S,Consolidation
5DSYM7D,50,42238,606,32520,60-89,Agent,MW,Consolidation
9I7WA78,54,71340,747,23121,60-89,Agent,NE,Federal
4XYJOA2,45,72040,660,17403,90+,Mobile,NE,Private
Q30O30U,53,62944,553,61681,30-59,IVR,S,Consolidation
YVU69QA,33,24972,725,26011,60-89,Mobile,W,Private
YN4U9BX,41,58810,574,57964,30-59,Agent,S,Federal
IWUCX67,37,54548,680,39308,Current,Agent,MW,Private
B9XV8WO,20,43964,682,50780,Current,Web,S,Private
2OH8FZU,41,27749,650,12546,Current,Web,MW,Consolidation
0C5U8YL,26,52455,654,56176,1-29,IVR,W,Federal
RT46JCT,61,78215,768,31746,Current,IVR,S,Federal
CWXXDW2,38,26004,663,53737,90+,Agent,W,Federal
RXXWFMH,59,72024,816,52949,60-89,Web,S,Federal
6QKKY22,43,71215,703,28884,Current,Web,MW,Private
M6UT6FI,68,73657,525,12468,60-89,IVR,S,Federal
0CDK36M,34,84262,735,37804,90+,Mobile,W,Federal
TT1BLOW,19,89158,514,20612,30-59,Mobile,W,Private
9BP12UJ,65,34295,731,14688,1-29,IVR,MW,Federal
YI60Q75,74,23469,645,59902,1-29,IVR,MW,Consolidation
HCZDQ3W,42,81256,724,27922,90+,IVR,W,Federal
V1MZB3I,19,83749,640,0,30-59,IVR,S,Federal
8QFBHNT,58,60231,505,36622,30-59,IVR,S,Private
VAWPITK,39,64669,623,9884,90+,Web,MW,Consolidation
JPCMW0J,43,53430,730,24994,1-29,Web,MW,Federal
KJWV2QN,37,100207,666,0,1-29,Web,W,Private
8OCVF34,75,66432,711,6959,Current,Agent,W,Private
YLROIAW,31,74272,782,39142,1-29,Mobile,S,Consolidation
9WBSM14,26,61328,674,43450,Current,Agent,MW,Private
SAV9CNG,74,55174,691,50328,1-29,IVR,MW,Private
ZG9BEKG,56,55813,703,18088,1-29,Mobile,S,Consolidation
KFDTBJO,18,51678,496,17220,30-59,IVR,MW,Federal
2KKWFAP,21,85006,701,45919,1-29,IVR,MW,Federal
V4DH9UG,50,74263,713,45493,30-59,Web,NE,Federal
IPE46IV,53,22916,641,57938,60-89,IVR,S,Private
PQO2LNG,57,54748,617,34260,30-59,Agent,S,Consolidation
8JLKNPX,39,31742,700,20669,30-59,IVR,MW,Federal
4TJMJIQ,18,35167,671,39484,Current,IVR,S,Federal
YEYXIY4,69,68276,572,30402,60-89,IVR,MW,Federal
6PHA6F7,54,33776,631,6344,Current,IVR,MW,Private
EJM9CUU,22,39974,613,38468,60-89,IVR,W,Federal
IB931K2,39,18656,715,23694,60-89,Mobile,NE,Private
VILAP1J,49,39338,700,18918,1-29,Agent,NE,Federal
OEGI3QU,61,35196,693,2079,90+,Agent,S,Federal
DL4YCPU,29,39614,633,27277,Current,Mobile,W,Federal
GZF2UM8,49,55057,671,48004,Current,Web,S,Private
6RV9777,38,64349,722,14244,Current,Mobile,NE,Federal
3OVU7PW,18,33059,684,17131,Current,Web,NE,Federal
2AJGZ36,66,63460,660,25970,1-29,Mobile,MW,Consolidation
Y3OT760,67,42281,759,17549,60-89,IVR,W,Federal
NIC9E82,45,100536,706,33509,1-29,Web,MW,Consolidation
95HXLOJ,62,12000,650,52528,90+,Agent,W,Consolidation
WWVD0OL,33,26097,654,16891,Current,Agent,MW,Private
F5Q3JS9,75,88476,693,4055,60-89,Mobile,S,Federal
8SZI5IK,60,64929,628,0,90+,Agent,MW,Private
25FNSCQ,44,57440,598,18609,90+,Agent,W,Private
UFMGL7D,28,56383,621,28876,Current,Mobile,S,Consolidation
NARUR37,27,77939,746,0,90+,Mobile,MW,Consolidation
9LWG4DI,56,44141,710,37207,Current,Web,S,Consolidation
U71SEL8,52,59299,635,27211,Current,Mobile,MW,Private
K92XE9G,75,59346,531,20377,90+,IVR,MW,Consolidation
AYVNX9S,29,71609,699,16493,30-59,Agent,MW,Federal
XXU4YQ5,73,67598,655,31522,1-29,Agent,NE,Federal
BQ85UVL,67,47253,644,26002,30-59,Agent,W,Federal
24XCRWD,28,84085,636,62856,1-29,IVR,W,Private
HGH3D6G,39,65841,681,37489,Current,IVR,S,Private
OETP5XM,18,26158,698,41068,60-89,IVR,W,Private
W325GZM,40,31787,692,46769,1-29,Web,MW,Federal
XTB0Z6M,33,60922,747,4767,30-59,Mobile,MW,Consolidation
QE12QEY,50,41263,644,7406,Current,IVR,S,Private
6SNGLH6,43,65474,669,12305,90+,IVR,S,Federal
04JGSQO,38,44513,613,0,60-89,Mobile,W,Private
YF12CHD,73,32553,553,15977,90+,Agent,MW,Consolidation
8AB40OO,30,20336,603,32580,30-59,Agent,W,Federal
PEPL7ZQ,23,55870,745,19713,60-89,IVR,NE,Private
PBKTMAV,26,62914,755,21728,30-59,Agent,W,Private
XIGZQL1,30,73271,761,17581,30-59,IVR,W,Private
KTSG7FX,38,62069,651,2463,90+,Mobile,S,Private
U8TN8FQ,53,34059,675,15910,Current,Mobile,W,Consolidation
TL8N3E5,35,50030,628,10410,90+,IVR,MW,Federal
I18K0AX,51,27062,627,22889,30-59,Mobile,S,Private
8ZGVWWU,62,53504,635,40459,60-89,Web,S,Consolidation
363EY89,34,83896,615,32569,30-59,Agent,W,Consolidation
8LSTU0C,27,69825,664,44383,30-59,Web,S,Private
FFE1OH6,21,86375,585,8929,60-89,Web,S,Consolidation
TNIBTH0,54,35529,562,38782,30-59,Mobile,W,Consolidation
1BUJLZ8,34,54726,642,36676,Current,IVR,W,Consolidation
3OBOPAB,23,67496,692,19642,30-59,Agent,W,Private
4IN2KQV,51,73509,732,22223,60-89,Mobile,NE,Consolidation
QXJ67OH,35,47861,766,22683,30-59,IVR,W,Consolidation
DN2GWWP,36,49718,668,14465,90+,IVR,S,Private
VM2HJJH,35,37211,666,43673,30-59,Mobile,S,Private
HVF8ESD,45,63425,729,50038,Current,Agent,NE,Federal
KAE90I2,63,83470,625,52593,1-29,Web,MW,Private
PY5KH2N,66,12000,622,23265,1-29,IVR,W,Private
DZM5NS3,28,40823,650,19076,90+,Web,S,Federal
RTQJ8CW,67,37192,711,47274,Current,Web,MW,Consolidation
LJCP1YB,20,57236,679,10855,30-59,Mobile,S,Private
IMOWPNM,35,70877,701,44082,1-29,Agent,NE,Consolidation
KLVA2UH,72,47105,711,16152,60-89,Agent,MW,Consolidation
5H1G8Z4,70,78979,772,17668,1-29,IVR,S,Consolidation
27J432D,29,29267,606,0,60-89,Mobile,NE,Consolidation
0ECDC9Y,37,42001,697,59771,30-59,IVR,NE,Federal
OWX4KK1,39,65239,551,36008,90+,Web,S,Federal
112HXRJ,64,85467,717,34315,90+,Agent,S,Consolidation
M8FSZ4N,49,79078,548,33033,30-59,IVR,S,Private
BCO3UQH,58,59793,748,16103,30-59,IVR,MW,Private
LU6K7P9,74,46350,652,30580,1-29,Mobile,S,Private
QRKD0LK,55,19387,694,10277,1-29,Mobile,W,Consolidation
GMFFOHK,47,27561,789,24319,1-29,IVR,W,Consolidation
8W85Y6Q,29,54560,681,34058,60-89,Mobile,S,Federal
NQBVR08,46,44765,669,24103,Current,IVR,S,Private
G6A8MLI,30,52365,728,16184,60-89,IVR,W,Federal
V3RE9QL,67,67736,716,20885,1-29,Mobile,NE,Federal
EZR4E5I,23,62952,643,19623,60-89,Web,S,Private
34RQVZY,69,51760,588,29007,30-59,Web,NE,Consolidation
JIH4F1X,33,63733,642,35545,1-29,IVR,S,Consolidation
643F1AY,75,12000,544,54294,30-59,Mobile,S,Private
ITUF8CY,60,24804,653,17689,Current,Mobile,S,Consolidation
CTCDJF2,72,64398,620,27598,30-59,Web,MW,Federal
YAADU90,57,68572,709,20611,1-29,Agent,NE,Consolidation
Z52QZSK,28,45637,661,42753,60-89,Agent,MW,Private
8OSVC1U,70,22612,693,11034,90+,IVR,MW,Private
6ZS62YW,63,24505,725,29472,1-29,Web,W,Federal
VZVASI7,23,67306,677,31168,1-29,Mobile,W,Consolidation
P2QXYOB,24,60494,782,18242,Current,Web,W,Federal
XCCSG4O,59,63096,618,14680,90+,Agent,S,Private
D9PQR9P,50,44906,630,20326,30-59,Web,S,Federal
PT6TROU,20,52737,647,24462,1-29,Web,W,Consolidation
Z85PRCP,50,69913,622,62103,Current,Mobile,W,Consolidation
6X5LD8Q,73,34176,648,26409,90+,Web,MW,Federal
G8VUAZX,67,49308,597,32541,30-59,IVR,S,Consolidation
VMZA5W8,67,21570,600,31110,30-59,Web,NE,Federal
KTAF6BL,59,53569,795,5591,30-59,Web,S,Consolidation
9II37Y3,66,75941,728,25540,90+,Agent,S,Private
URK1CTZ,73,76814,718,46969,Current,Mobile,W,Consolidation
E9GHR3W,28,56985,551,12809,90+,Web,S,Private
1QRE8NE,60,48096,723,13982,30-59,Agent,W,Federal
XMBESB2,55,71053,712,36900,30-59,Web,NE,Federal
T7SAYQN,32,53890,685,12228,1-29,Agent,NE,Consolidation
8ZAFU67,73,29184,651,18184,Current,IVR,NE,Private
MWGOSNS,73,42725,686,0,90+,IVR,S,Private
TWN7GWR,52,68421,602,42973,30-59,IVR,W,Private
9GNTDWH,20,78042,646,23793,60-89,IVR,NE,Federal
VGW9HNE,47,40534,653,25035,90+,Agent,S,Consolidation
B1JVEN2,35,59493,751,37748,30-59,Mobile,NE,Consolidation
7MZAKGM,31,52169,618,22404,30-59,Mobile,MW,Federal
NKBF2E6,51,40022,691,63365,Current,Mobile,W,Private
DTZ91X7,39,29975,627,34892,90+,Web,S,Consolidation
XTUYL0B,67,38975,686,20234,90+,Web,W,Federal
3TTBUYS,59,43616,620,61536,30-59,IVR,MW,Federal
XG9A2N1,47,29854,617,67853,60-89,Agent,W,Private
0L879W5,71,84375,706,36327,1-29,Web,W,Consolidation
NMJ5IAN,29,77412,629,36305,30-59,IVR,S,Federal
Z17977Y,56,89815,608,0,60-89,Web,W,Federal
3FON8ON,20,47071,527,23848,30-59,Web,S,Federal
7DXE2IF,32,31288,730,8360,1-29,Mobile,S,Federal
COTOHP6,26,55173,752,15163,60-89,Agent,W,Private
UJJLF2N,23,60135,674,31341,30-59,Web,S,Private
I9LE0NC,60,18401,666,46156,90+,IVR,MW,Private
22DVX5U,45,78378,567,25126,30-59,Agent,NE,Federal
B8JQTBO,39,96515,738,26265,1-29,Web,S,Federal
DZ4ZREN,74,68490,718,41796,90+,Mobile,MW,Consolidation
OHELH91,25,93808,658,25906,Current,Web,W,Private
07HZQ8O,70,45947,783,50800,Current,Agent,MW,Private
BTBOP51,38,30416,616,19903,60-89,IVR,NE,Consolidation
3DI2ZG8,74,46545,602,6927,30-59,Mobile,NE,Private
UFLV4BA,41,45573,585,12837,90+,Agent,NE,Federal
WACKLN9,45,12000,688,19646,90+,Mobile,MW,Private
0BQ1S9R,58,60052,708,18806,90+,Web,S,Federal
3MTEBDU,72,58719,638,11724,1-29,IVR,W,Federal
OVD79C9,47,28983,647,30590,90+,Web,W,Federal
JRO5V01,33,60286,668,55946,90+,Web,MW,Private
6C9NSJ3,65,38491,649,0,90+,Web,W,Consolidation
HZS32D1,30,60886,680,0,60-89,Agent,MW,Federal
SFK7QIR,46,59258,687,55344,30-59,Web,MW,Private
IJQN6C4,42,68331,766,36270,60-89,Agent,NE,Private
FNQGNRH,22,99178,767,23498,Current,Mobile,NE,Private
BBLBADK,21,44857,630,65869,1-29,IVR,NE,Private
WR2V3TG,47,28680,577,16774,30-59,Mobile,MW,Consolidation
RYY8NXW,26,40535,730,4347,60-89,Web,W,Federal
KJFDU1G,68,90159,670,26863,Current,Mobile,NE,Federal
GLFVQUE,46,31833,666,46287,1-29,Web,S,Consolidation
NCZ2ZMI,47,62497,641,52729,90+,Agent,NE,Private
BI6MGHA,60,94998,723,7401,1-29,IVR,S,Consolidation
LZ5RLTD,64,85582,712,15449,1-29,Agent,W,Federal
BNVL0OS,53,61569,658,33737,30-59,IVR,S,Private
8HYV1YK,73,73358,702,14490,Current,Agent,NE,Federal
UWXG8TP,63,80220,664,25524,1-29,IVR,S,Consolidation
DXGRS3Q,62,47415,711,13579,Current,IVR,S,Private
3ZA772F,49,27257,770,30017,90+,Web,W,Consolidation
1NZSXPE,64,63413,697,24310,60-89,Mobile,MW,Consolidation
SG0S0U5,44,71432,687,36345,1-29,Web,NE,Federal
DWMEJKE,58,60497,702,3632,60-89,IVR,W,Federal
LPVR79Y,39,69217,640,43753,60-89,IVR,NE,Federal
PQ4LE5H,59,41171,716,32813,1-29,Mobile,W,Private
6DOHE7K,65,49851,621,0,30-59,Mobile,NE,Consolidation
CI7AOLH,56,95179,621,26696,Current,IVR,W,Private
JMMB5JF,49,14241,581,21894,60-89,IVR,S,Federal
PQCMSV1,33,45852,676,103,1-29,Mobile,NE,Federal
WW4E2F1,27,24118,777,29172,60-89,Mobile,S,Federal
JMFDXQW,36,111007,564,22251,Current,Agent,NE,Federal
80NHJE1,44,66135,702,7616,60-89,IVR,S,Federal
5VZVXIE,19,76533,784,19921,90+,Agent,NE,Federal
WDKEJP5,41,68863,650,19332,1-29,Web,W,Consolidation
CXBBLN1,60,31670,636,14261,Current,Mobile,NE,Federal
HZ6PUF3,48,47356,687,10536,60-89,Agent,W,Consolidation
QFDT95B,66,64497,618,37279,90+,Agent,NE,Consolidation
O8BJMIG,66,35885,672,53622,30-59,Agent,S,Consolidation
XU9P7F4,20,93004,698,53838,1-29,IVR,MW,Federal
41EVL4S,40,68276,682,37884,1-29,Mobile,S,Consolidation
6J1YGSK,19,32799,682,19411,Current,IVR,S,Private
DR3VWMJ,74,76003,665,45927,30-59,IVR,W,Consolidation
S1BHLF8,26,96648,645,18003,Current,Agent,MW,Consolidation
J3OKEKS,62,75753,706,37901,1-29,Agent,W,Consolidation
AJEHFA6,23,45135,710,42699,1-29,Mobile,MW,Consolidation
9VX4XSQ,24,78848,601,42477,30-59,IVR,W,Consolidation
UZRYD1P,56,12000,703,32924,30-59,IVR,MW,Federal
LDM1VL7,26,71082,616,1771,30-59,Web,S,Federal
E6C4ZDB,39,47974,626,17009,Current,Agent,MW,Consolidation
0HL9XPS,18,42216,557,35118,30-59,Agent,S,Consolidation
X7KGCIO,64,65481,639,0,Current,IVR,W,Private
1UF09UY,67,43083,582,16150,30-59,Agent,MW,Private
AWDRW6F,41,49334,782,32388,90+,Mobile,NE,Private
YA1W3RR,50,76341,657,30016,1-29,IVR,W,Consolidation
K2WJMW4,70,62177,769,45239,1-29,Web,W,Federal
B9KZYX5,73,53177,709,10441,Current,IVR,MW,Federal
4PA8HYE,60,65670,761,49710,1-29,IVR,S,Consolidation
GNB3U5L,67,115237,762,21715,Current,Mobile,S,Federal
EY8LQDW,31,54044,726,45701,60-89,IVR,NE,Consolidation
ET1GHR0,43,55143,722,4203,90+,Agent,S,Consolidation
YTKW283,63,46000,770,55031,60-89,Agent,NE,Consolidation
DFZ7ONS,51,69386,574,40964,60-89,Web,S,Private
5UGDDXB,73,59942,681,51955,30-59,Agent,MW,Consolidation
105XUR7,28,78069,571,6566,30-59,IVR,NE,Private
4XNUBY8,39,78772,733,29876,60-89,Web,W,Consolidation
83VSQEJ,67,79742,779,47214,Current,Agent,MW,Consolidation
I5BBKV0,22,58087,627,7337,90+,Mobile,W,Federal
F33U699,47,55850,630,38637,Current,Mobile,S,Consolidation
3YPQ5LY,67,12000,633,25879,60-89,Agent,S,Consolidation
17HV0EH,21,53654,650,20639,1-29,IVR,MW,Consolidation
YYV37DI,58,40453,684,47501,Current,Mobile,S,Consolidation
O6NZPW2,27,12000,626,26654,Current,Web,W,Private
DS2SLR4,35,75634,637,37199,1-29,Agent,NE,Federal
PUV58OH,59,60491,740,16778,1-29,Mobile,MW,Federal
4SRNJ62,70,36861,693,14154,30-59,Agent,W,Consolidation
NN0DYK3,75,72507,631,15757,60-89,IVR,S,Consolidation
34XGOHM,40,98201,594,32865,1-29,Web,W,Private
PK9IPHP,59,19818,664,15670,30-59,Agent,W,Federal
NVJAZ2E,64,76760,565,14645,30-59,Agent,NE,Federal
UW37J9G,41,51673,719,30010,Current,Mobile,S,Private
HN8XZ4O,59,57504,720,50741,60-89,Web,S,Consolidation
KY6E1YM,71,66283,679,40696,30-59,Mobile,MW,Consolidation
PFRJ2NW,68,37469,713,35492,90+,Agent,NE,Consolidation
39AYQ6W,27,34223,648,13982,1-29,Web,S,Private
RID3U94,42,12000,696,41317,60-89,Web,NE,Federal
PVEG4DN,74,64690,803,29531,90+,Agent,MW,Consolidation
BVZR6KF,47,33379,691,48650,1-29,Web,MW,Consolidation
OCG2KEY,34,40514,711,21622,90+,Web,MW,Private
ZY9NNZY,45,61055,668,16974,1-29,Agent,MW,Federal
57XTOVR,54,60671,782,71624,60-89,Agent,NE,Consolidation
UAMHM7A,61,93265,847,1768,Current,Agent,W,Federal
7ODKEF8,72,50292,650,52474,30-59,Web,MW,Federal
2I5P7VW,33,13012,683,28916,1-29,IVR,NE,Federal
KXSOLVQ,36,43251,668,41674,1-29,Mobile,S,Consolidation
NXNW3C5,37,22341,745,42187,30-59,Agent,W,Private
IYHUIVG,30,97511,726,31012,Current,IVR,W,Private
JZXC7NE,29,23168,643,35001,Current,Web,MW,Private
PEQCYH2,66,33631,661,0,Current,IVR,W,Federal
SI159I3,26,72211,594,39364,30-59,Web,S,Federal
KA9LZ57,28,28200,693,48120,60-89,Mobile,MW,Consolidation
8JP289W,53,56484,640,57231,1-29,Web,NE,Private
C11UH3D,30,82004,602,36667,90+,Web,S,Consolidation
FNH671P,46,38141,610,44773,30-59,IVR,W,Federal
Q7GKTMQ,71,52119,607,20526,60-89,Mobile,MW,Private
4ROYLQF,28,13670,537,44467,90+,Mobile,NE,Federal
V78HU7F,70,71029,712,38533,60-89,IVR,MW,Consolidation
L40FOC9,22,27292,729,53611,1-29,Mobile,S,Private
J81O082,30,55289,789,31821,60-89,Web,W,Federal
UD8M829,18,58374,742,37197,Current,Agent,MW,Federal
NSCZKM9,29,39611,743,3189,60-89,Web,NE,Private
1106P34,61,78245,678,37283,90+,Mobile,MW,Consolidation
MI9GEXM,49,36005,639,48535,1-29,IVR,W,Federal
PB22O1T,31,36325,692,26331,30-59,Web,NE,Federal
WDGBHDC,29,47349,757,34554,Current,Agent,MW,Consolidation
L67G86W,26,32584,649,5689,1-29,IVR,MW,Federal
MZQRSJZ,68,23133,710,22773,90+,Agent,S,Consolidation
L29Q2L4,19,43017,714,43343,90+,Agent,W,Federal
3SD09OY,37,50019,706,30674,60-89,Web,NE,Consolidation
JMO05DL,37,34177,731,38406,Current,IVR,S,Consolidation
0QG1L11,53,69596,594,36219,60-89,Agent,MW,Private
V9NXBV3,36,37032,673,35340,60-89,Agent,W,Private
RTJ5PHT,18,70736,802,8999,Current,Agent,NE,Private
FV2TTUS,59,55494,829,65414,30-59,Mobile,MW,Consolidation
H8HYF87,19,78187,676,0,30-59,Web,MW,Federal
8F34GAD,18,20711,670,32940,30-59,IVR,MW,Federal
H1CBHF1,35,69681,625,24957,30-59,Mobile,MW,Private
9IVLX6X,40,76093,787,25938,30-59,Web,W,Private
8XAZ8J2,31,37357,765,56466,Current,IVR,S,Federal
2CLP81L,37,44148,705,24966,30-59,Mobile,W,Federal
L1R99M2,36,44495,766,33462,60-89,Web,S,Federal
HYLURTP,35,57460,580,20587,90+,Mobile,W,Consolidation
8ECKC54,43,70837,688,15837,60-89,Web,NE,Private
9JI7OME,70,34062,565,15618,90+,IVR,NE,Federal
8SRYO4R,29,65356,554,47830,60-89,Agent,S,Consolidation
4Z4UR2Y,70,45088,715,14567,60-89,Web,NE,Consolidation
F025LOX,28,62333,691,50612,30-59,Agent,MW,Private
G87OI0E,49,27764,721,18470,Current,Mobile,NE,Private
E8NQ99F,64,48997,611,48064,30-59,Web,S,Federal
RXOKPI1,75,43449,740,13975,90+,Agent,S,Consolidation
6FYK7WQ,69,65134,701,83526,1-29,IVR,W,Consolidation
P5ONYSY,56,52589,684,25059,90+,Web,W,Federal
2IM29NN,71,91856,767,18865,Current,Agent,W,Consolidation
RYF0992,26,57342,695,25761,60-89,IVR,S,Private
O2N333Z,50,24273,628,50808,Current,IVR,NE,Consolidation
NRZJK9E,22,44734,611,24171,90+,IVR,NE,Private
2SJYD20,49,55745,754,19268,60-89,Agent,MW,Federal
ZXQ1K1Q,27,98312,753,58154,1-29,Mobile,MW,Federal
4YSD6SH,48,43657,616,22317,30-59,Mobile,MW,Consolidation
S83GYZI,29,34436,701,0,1-29,IVR,W,Federal
3JH7UYB,35,79882,623,8409,30-59,Agent,S,Consolidation
JDP0LVS,67,69786,730,41276,60-89,Agent,NE,Private
R4RJ9UL,33,31834,797,23315,Current,Web,NE,Federal
8BZ9T30,30,25871,770,13056,Current,Agent,W,Consolidation
3VFJ02L,34,27173,686,38908,1-29,Web,MW,Private
JSP49CD,47,38841,614,0,60-89,Agent,S,Consolidation
EUJ8YHJ,46,17858,727,13406,90+,Mobile,S,Consolidation
QHACMEY,28,13527,622,0,60-89,IVR,NE,Private
A4Y0W71,61,33471,642,39297,30-59,IVR,MW,Consolidation
YR8H9XD,19,54752,614,28466,30-59,Agent,MW,Private
6AG0SLZ,34,34257,773,16075,60-89,Web,W,Federal
WC01INH,73,23410,762,37391,90+,Mobile,NE,Private
QNACZC8,52,48977,703,49423,90+,Mobile,W,Private
MGIEKJT,68,18513,586,38619,30-59,IVR,W,Consolidation
88D0TGS,63,24251,604,37076,60-89,Web,MW,Private
622HMPW,34,66350,600,34480,90+,Web,NE,Private
41MFE6V,36,49563,627,8793,1-29,Web,S,Private
DS1BHRN,33,68893,704,0,30-59,Mobile,NE,Private
KEX5DEV,70,69976,650,0,1-29,Web,NE,Federal
2TQWOOE,49,42891,752,8163,30-59,IVR,NE,Consolidation
PWSUQFQ,42,66936,689,55724,1-29,IVR,S,Private
ZVO9QT9,69,71522,701,0,30-59,IVR,MW,Federal
165AEJT,27,54002,687,7160,1-29,IVR,S,Private
KZB5FW1,58,48039,708,35283,30-59,Mobile,S,Federal
4KSO03W,53,56874,733,33763,90+,Agent,W,Private
FL12Z4Y,70,62180,672,30003,60-89,IVR,W,Consolidation
P101YQT,27,22533,656,23644,60-89,IVR,W,Private
K7DBWPV,39,53124,789,51779,90+,Agent,NE,Consolidation
E2Y3ZNP,61,12000,766,43890,60-89,Mobile,NE,Private
AJ5ND3A,41,49604,733,22833,90+,Web,MW,Federal
HONBPQG,54,66827,743,35079,Current,Agent,W,Consolidation
DBDPV4R,56,60758,725,19151,Current,Web,NE,Consolidation
9XKA4LI,37,25462,743,48286,90+,Mobile,S,Federal
7R93FEZ,69,37750,642,29984,60-89,Agent,MW,Consolidation
323PTJ5,53,38760,593,10089,30-59,Mobile,NE,Consolidation
73UHR5Y,36,45642,752,32795,Current,Mobile,NE,Private
P4FC06H,53,67844,661,42300,90+,Web,W,Private
3XHYTDB,28,41573,706,33338,Current,Web,MW,Private
2X9PF16,65,47435,593,8333,90+,IVR,S,Private
0VS52SQ,68,47989,732,16680,60-89,Agent,S,Consolidation
TONZNQ0,49,27105,659,11902,60-89,Web,NE,Federal
0JH6ZAZ,40,12000,541,32978,30-59,Mobile,W,Private
G042MZ8,54,21585,707,20300,30-59,Agent,NE,Consolidation
QKQBKUR,42,50479,585,33665,90+,Web,MW,Private
WWFCY40,41,25307,728,15145,1-29,Mobile,S,Federal
FRHOCN9,41,99484,680,48879,Current,Mobile,W,Federal
8H0IMJY,56,29029,698,14688,1-29,IVR,S,Consolidation
PJLBWJ1,53,57960,636,34649,30-59,Web,W,Private
C8AK2IV,49,59491,763,30772,30-59,IVR,MW,Private
3TOPZZR,45,47661,679,0,1-29,Agent,S,Consolidation
PL2CGCT,67,33281,667,26909,90+,Mobile,NE,Federal
IX0HY9K,74,65125,766,46329,30-59,Agent,NE,Federal
1750CEH,75,37164,710,51010,1-29,Mobile,MW,Consolidation
DI3G13I,58,64278,548,42962,60-89,Agent,W,Federal
E75C7QX,65,24777,725,46042,1-29,Mobile,W,Federal
YNF1SSG,66,95361,557,11304,Current,Mobile,S,Federal
8XJK31D,61,28239,616,15171,60-89,IVR,MW,Private
K3FPT55,66,60288,653,37945,90+,IVR,W,Federal
ILVB8DM,54,12000,605,31953,30-59,Mobile,S,Federal
ARAGDX5,34,29054,686,0,90+,Agent,NE,Consolidation
XKCB9D7,24,76480,663,38019,90+,IVR,MW,Federal
107R925,33,72552,734,11405,90+,Agent,NE,Consolidation
QMKT6H6,19,44878,763,15255,Current,Web,NE,Private
L7AMKOH,18,41288,743,19175,1-29,Web,S,Consolidation
ZC2GSK3,50,12213,639,44440,90+,Web,MW,Federal
WS5AZ8Y,69,64859,764,40347,30-59,IVR,NE,Consolidation
VN7LCCJ,66,25120,681,6147,1-29,Agent,NE,Consolidation
8O1BJ9R,61,45768,766,34663,30-59,IVR,MW,Private
SPQYASY,68,42148,686,46459,30-59,Agent,W,Consolidation
5TD44K1,70,89733,722,47643,Current,IVR,NE,Consolidation
D1GAFUN,46,24373,565,19817,30-59,Mobile,NE,Federal
WIQ7ZFV,23,77089,623,20469,60-89,Agent,W,Private
KIXXX1G,21,61958,766,48571,Current,Mobile,W,Consolidation
V7MBCI5,45,57628,670,38739,60-89,IVR,MW,Federal
I0E8N71,27,53803,718,25107,60-89,IVR,S,Federal
LX2U6YJ,32,54067,664,4139,30-59,Agent,W,Private
3UC3WFE,39,79604,555,17711,60-89,Mobile,NE,Consolidation
HFG5LU7,67,81123,731,28833,Current,Mobile,MW,Consolidation
KL4RFQC,56,76016,677,0,60-89,Mobile,W,Private
Z7WHWKM,59,12000,645,24376,1-29,Web,NE,Federal
O4YC3S0,25,66000,663,27905,1-29,IVR,W,Federal
FE0B17M,43,66722,670,28758,1-29,Web,MW,Federal
FSPEN8Z,54,80389,717,11520,1-29,Agent,NE,Private
B6GS8G8,31,90772,672,39813,Current,IVR,W,Consolidation
IY5PU5W,66,64043,723,21942,90+,Mobile,W,Federal
FPGWV5Z,24,65235,624,25189,30-59,Web,W,Consolidation
J1UI9L6,50,60343,626,7896,Current,Agent,W,Private
T9LIFI3,29,56366,678,45889,30-59,Web,NE,Federal
KJXSMFK,60,57197,533,18365,30-59,Web,NE,Private
64BWX0S,72,45974,630,36991,60-89,Web,W,Private
W6GSDJT,34,41410,742,48289,30-59,Mobile,NE,Consolidation
66D7WDJ,65,44031,737,8930,90+,Web,NE,Consolidation
AW0EWAY,72,22866,676,42068,1-29,Agent,NE,Federal
WETYX2C,69,55107,730,34157,Current,Web,S,Private
O37PHAN,75,12171,781,73851,Current,Web,W,Private
HHVYHXD,35,47163,687,55762,Current,Mobile,W,Consolidation
R9EH7OL,71,15543,654,13911,30-59,Mobile,W,Private
RBSZUJB,66,50358,674,0,90+,Agent,W,Private
4FG3Y93,74,105858,648,58157,1-29,Agent,W,Federal
J9AA9P9,42,59255,752,27893,1-29,IVR,NE,Federal
CB1KJTG,61,63672,612,13141,30-59,Agent,W,Consolidation
7M6J3RT,36,82642,667,54726,Current,Agent,NE,Federal
FEN0B09,55,51686,715,17588,30-59,Agent,W,Federal
BWEVSEY,38,46440,703,55277,30-59,Agent,NE,Consolidation
1NLC8JP,72,77238,617,0,90+,Web,S,Private
GB077NX,73,53321,649,8712,60-89,Agent,S,Consolidation
NPVG91B,43,79577,632,35764,90+,Web,W,Federal
J2QP89U,74,53591,727,42938,1-29,Agent,MW,Federal
VAQVBDI,62,61280,800,22839,90+,Agent,NE,Federal
WGQIO1M,42,39194,713,0,30-59,Agent,W,Federal
3V7G5DW,60,61268,571,27610,60-89,IVR,S,Private
037GBUH,60,41319,649,28277,Current,Mobile,MW,Consolidation
CYX97I9,39,70008,751,0,30-59,IVR,NE,Federal
D7U2B1T,43,56591,688,5634,90+,Web,W,Consolidation
W5WFCPK,62,13887,726,57689,Current,Web,S,Federal
X4MIVL5,44,98836,676,33697,Current,IVR,NE,Federal
UFI389P,18,55577,620,41478,1-29,Agent,NE,Consolidation
53J2D54,29,34494,628,48616,1-29,IVR,S,Federal
5NYQ3YH,60,32897,647,53959,30-59,IVR,MW,Private
4TNPUTP,19,50590,605,45979,90+,Mobile,W,Private
P6RFE64,49,53576,748,39536,60-89,Mobile,W,Federal
OFQ3W32,45,62153,721,27253,Current,Web,MW,Federal
YWKOODV,59,60696,634,36659,Current,Web,S,Consolidation
X0RDT5N,27,78967,620,41990,30-59,Web,S,Federal
6293TLO,35,37653,696,18002,Current,IVR,MW,Federal
BOUZY46,69,54813,721,29167,90+,IVR,NE,Private
T9LZX8U,64,26742,594,0,60-89,Mobile,W,Private
0C2WKJY,38,61009,669,31362,90+,IVR,S,Federal
6NK9F73,23,52497,697,49791,90+,Mobile,NE,Consolidation
BBJCDIW,75,49099,730,32553,60-89,Agent,MW,Consolidation
LJH7NBV,33,40093,663,29442,Current,IVR,MW,Consolidation
EXE0OF3,64,96630,689,28603,1-29,Agent,NE,Private
ON8UUJS,21,19592,562,27909,30-59,Mobile,NE,Federal
287FDV2,55,36025,631,34060,1-29,Mobile,W,Private
L7GFRD4,44,50599,693,12407,30-59,Mobile,S,Consolidation
T2TC8YB,25,46637,783,31773,60-89,IVR,NE,Private
1ZLBORI,72,84428,795,74828,1-29,Agent,W,Federal
JI6SOW4,66,43428,740,4798,60-89,Web,MW,Federal
7JMDXUB,27,38528,752,33156,30-59,IVR,NE,Federal
SH9YCR0,47,52194,695,17689,30-59,IVR,W,Consolidation
4XR8PJP,64,73165,727,38251,1-29,Agent,MW,Federal
QOYBZ8G,32,57108,757,7877,30-59,Mobile,MW,Private
PS4INCO,36,72310,726,26326,1-29,IVR,W,Federal
ZPPZ99F,63,43764,694,21906,Current,Mobile,W,Consolidation
EDQMVQW,51,34361,802,22295,60-89,Mobile,MW,Private
M9NR73W,71,52723,708,30866,1-29,Mobile,S,Federal
G6SPD2S,39,39570,698,19795,1-29,Mobile,MW,Consolidation
X2ZVL9E,70,20941,793,66378,30-59,Agent,S,Consolidation
N2WO9KH,48,41032,734,54177,30-59,Agent,NE,Consolidation
I6GGJWI,69,62221,668,39904,Current,Web,S,Federal
VV28UE1,56,75696,693,35652,30-59,Agent,W,Private
D9SQMJN,67,68072,743,35461,1-29,Agent,W,Consolidation
17KF6JZ,60,19903,736,28673,60-89,IVR,MW,Consolidation
04DV0UP,37,39174,647,41885,30-59,Web,S,Private
Y4W3WES,57,41866,664,0,Current,IVR,NE,Private
ZUV1FKH,37,78256,632,18818,Current,Web,NE,Consolidation
A1361BG,22,66112,772,14712,1-29,IVR,W,Consolidation
PLHRTC7,67,86095,674,0,1-29,Agent,S,Consolidation
VTX3NF2,53,40466,618,28538,60-89,IVR,MW,Private
9H2BVWV,36,53402,703,0,60-89,Mobile,W,Federal
ACF0R7F,62,42172,678,11939,Current,Web,S,Private
7B7P9JY,37,74005,553,5402,30-59,Web,MW,Private
NWNGUCZ,28,66536,697,40447,30-59,Mobile,W,Consolidation
LFN7V2T,45,52625,714,20565,Current,IVR,W,Consolidation
CNHJVAN,38,13772,675,32429,1-29,Mobile,NE,Federal
LMYQZ5P,61,62040,663,50387,30-59,Mobile,W,Federal
V54C6P1,35,28302,788,17809,1-29,IVR,S,Private
EULJGQP,55,62597,697,24977,30-59,IVR,NE,Private
O6GIL6D,58,38601,606,18760,60-89,Agent,MW,Consolidation
LVZYZ72,38,45667,722,75154,60-89,Agent,NE,Federal
3MT2MD8,32,30944,573,31815,30-59,IVR,S,Consolidation
WLGJE2A,46,20934,617,14703,60-89,Web,W,Consolidation
C45PI2S,20,52252,738,31376,90+,Web,MW,Private
0S3KDZ4,41,40100,689,23564,Current,IVR,S,Private
777IH0F,48,15886,501,0,30-59,Web,MW,Federal
TT0IX1S,74,44190,749,16236,30-59,IVR,NE,Consolidation
EY4IH9P,69,41410,700,21704,30-59,Agent,S,Private
WJOJAFI,40,18802,676,49367,1-29,Agent,S,Federal
9RXB814,35,76899,687,23068,90+,Agent,W,Consolidation
AFDMR6S,57,100799,561,39166,Current,Mobile,W,Federal
8QV6S2B,36,33164,487,44239,30-59,IVR,W,Private
2GKQRAF,23,75422,714,34286,30-59,IVR,S,Consolidation
09OWGMF,39,38348,606,21391,90+,Web,MW,Consolidation
A0CO76O,50,87431,539,0,30-59,Agent,S,Federal
KVYTNDJ,47,12000,622,48096,30-59,Mobile,NE,Private
1L9NYPU,37,12000,684,49082,1-29,Mobile,NE,Private
UWPKN64,35,81011,730,37747,Current,Mobile,MW,Consolidation
H9BTD5P,56,86079,576,51341,60-89,Agent,MW,Consolidation
V63N79I,25,72261,616,21397,30-59,IVR,W,Private
0EH4UJ7,39,50678,603,52922,60-89,Web,MW,Consolidation
9XMA5VI,60,68143,769,41827,Current,IVR,MW,Private
2MKV0DS,18,55831,620,52593,90+,IVR,MW,Private
E2YE38D,29,60110,639,39128,90+,Web,S,Federal
LUERJQE,27,12000,737,7973,60-89,Mobile,NE,Private
8C1CQG4,28,76579,779,0,30-59,Agent,W,Private
TLXBWLW,64,19445,709,0,1-29,Web,MW,Consolidation
JYYFK31,56,41857,720,28103,1-29,Mobile,S,Private
R6BILQP,39,22191,706,18276,60-89,Mobile,W,Private
I4W6OZX,22,36115,678,36522,90+,IVR,W,Consolidation
VBCNKF5,65,77023,675,39402,60-89,Agent,MW,Consolidation
JFY4W8T,52,63978,710,33753,1-29,Agent,W,Private
DG1WJUI,65,76630,709,55353,Current,IVR,MW,Private
CPCC3ZK,41,46230,621,46456,30-59,IVR,W,Private
WN0MODP,60,66358,767,34128,60-89,IVR,NE,Consolidation
KHSALJ0,53,23549,792,53417,60-89,Agent,W,Federal
PAAG3DU,56,89712,661,53936,1-29,Web,NE,Private
FDNPTWE,46,85958,674,23652,1-29,Mobile,W,Private
42NBFA3,42,12000,614,27206,30-59,Mobile,MW,Private
B4YUEXY,50,20754,592,27488,30-59,Mobile,NE,Consolidation
Q35AW3O,23,47803,641,53891,30-59,Web,W,Private
PSZ6W8W,22,28395,668,11957,90+,IVR,S,Federal
ZRKBFQX,42,55414,718,45260,1-29,Web,S,Consolidation
8KGYGGS,62,33800,674,25836,30-59,Mobile,NE,Private
UH80Q7T,38,44870,670,0,Current,Web,MW,Federal
RTZW446,40,105470,677,31004,Current,Mobile,W,Federal
A50F53I,18,43577,625,31521,30-59,Web,W,Private
O1DFSTS,71,37175,705,59894,60-89,Web,MW,Federal
H24PQY0,75,16677,726,27149,60-89,Agent,W,Private
RHM22SN,62,58023,775,38241,Current,Web,MW,Consolidation
65Z3F1O,51,62514,711,39196,1-29,Mobile,MW,Private
40VTKRR,56,45827,643,33080,Current,Mobile,W,Consolidation
VBV1JPV,25,73485,701,21355,1-29,Mobile,S,Consolidation
XMFH5E8,37,12000,799,28543,60-89,Agent,W,Federal
IROHY1O,56,45033,743,20889,90+,IVR,S,Consolidation
P2F96CX,21,38314,634,0,30-59,Web,W,Federal
CTOLQGA,72,54814,654,0,1-29,Web,W,Federal
W5259GM,51,41481,625,56907,1-29,Mobile,W,Federal
EC546OR,46,49998,736,0,60-89,Web,MW,Private
TW87T8D,45,54320,616,10485,60-89,Web,MW,Private
X974PPW,56,22727,615,73540,60-89,Mobile,MW,Consolidation
5A4RGFN,54,70348,818,5401,1-29,Mobile,NE,Private
4U4FGGW,25,30922,654,32373,30-59,IVR,W,Federal
RWBJ9CP,69,26078,618,26098,30-59,IVR,S,Private
7BQ0U75,41,49177,683,0,90+,Web,W,Federal
MYGTY3A,47,49169,645,16212,1-29,Mobile,W,Private
2WZ8EM2,35,47724,754,45982,90+,Agent,NE,Consolidation
CYYF66X,53,74618,717,31854,60-89,Agent,NE,Private
Q8FKCEK,66,63103,568,36104,30-59,Agent,MW,Federal
BMPXQ3X,19,45747,582,9519,90+,Mobile,S,Federal
6IOSTUZ,21,51596,723,26083,90+,Mobile,W,Consolidation
SI3OE9V,37,31853,683,19613,1-29,Web,MW,Consolidation
8P47D9G,64,57554,739,61595,90+,Mobile,S,Private
EJ2VHAK,50,41049,625,24137,Current,Mobile,MW,Federal
KFQ5DZ5,60,24352,603,9047,60-89,Mobile,NE,Private
RB9VDX0,45,95589,655,24233,Current,IVR,S,Federal
O06R9DD,67,45846,567,2716,60-89,Agent,MW,Private
CVS4Z2F,54,39276,648,47476,90+,Mobile,W,Federal
EFHX0ZJ,20,58947,656,47852,90+,IVR,NE,Private
SVCZA0E,51,12000,707,20399,90+,Mobile,S,Federal
F6WXQGL,60,38818,663,27394,60-89,Agent,MW,Consolidation
WMVW9KQ,18,15724,707,1417,90+,Mobile,MW,Private
2THW9P0,73,54945,668,35446,60-89,IVR,NE,Private
BE5407K,63,50438,612,17884,30-59,Mobile,MW,Private
PQY3RDL,27,69884,698,5809,90+,Mobile,NE,Federal
BVZB0OI,42,77692,657,40389,30-59,Web,NE,Federal
JDTVV2Y,70,18026,731,20735,Current,Agent,S,Federal
OJTXCF0,49,45057,794,18785,1-29,Agent,W,Private
DCPWL6B,64,48447,690,47584,90+,Agent,W,Consolidation
DAZ54QY,50,65224,601,33011,90+,Web,W,Private
R91R0HR,27,44259,638,57065,60-89,Agent,S,Federal
J2VO7IU,28,46393,778,51525,Current,IVR,W,Private
U595CEK,34,41247,662,9270,1-29,IVR,NE,Private
ALSUL8S,54,12000,662,46487,1-29,Mobile,MW,Private
AHWTNU7,18,56003,771,54089,60-89,Agent,W,Private
GZX826A,64,47412,735,30020,1-29,Agent,MW,Consolidation
ZX1QF8J,68,39209,719,40153,60-89,IVR,MW,Private
PP9CWNB,56,52470,618,36391,30-59,IVR,NE,Federal
OP03KSG,67,51848,723,18608,60-89,Mobile,NE,Consolidation
CXA78AN,33,101238,649,8581,1-29,Agent,NE,Federal
U63YRXK,37,47895,752,51812,1-29,Web,NE,Private
6XCF4KZ,26,73811,759,63883,30-59,Agent,NE,Consolidation
ZSB6ZWK,67,54494,711,29377,90+,Web,W,Private
8BNMJSX,71,65777,765,30075,30-59,Web,S,Consolidation
J0Y2ATG,49,24759,695,5317,60-89,Agent,NE,Federal
4UKAHYV,35,58268,713,38686,90+,Agent,NE,Private
BKHTAB9,75,41804,686,16369,60-89,Agent,MW,Consolidation
W2KULLK,56,17435,685,0,Current,Web,S,Consolidation
7NDGDH5,46,43872,664,32558,1-29,Web,NE,Consolidation
209EI8X,50,90401,682,0,Current,Agent,NE,Private
FKXN039,36,55776,770,20829,Current,Web,W,Private
9QH1J5T,47,71214,766,63264,30-59,Mobile,MW,Private
TD0DOF8,38,22145,682,0,Current,IVR,W,Private
IWJOTIK,28,64517,580,0,60-89,Mobile,NE,Private
IU5DSJN,28,31928,627,3181,30-59,IVR,W,Federal
2G3AUT3,50,44852,757,10195,30-59,Agent,S,Consolidation
TYOBTPU,68,49410,850,15840,Current,Web,NE,Consolidation
2UJENVS,22,39704,763,9467,1-29,Web,W,Consolidation
1W6RUD5,41,19598,668,24377,60-89,Agent,S,Private
QL0H5QQ,39,97491,657,0,1-29,IVR,MW,Private
FIBJZP9,22,47799,719,12735,30-59,IVR,MW,Consolidation
DDQHKGA,38,81282,587,35285,30-59,IVR,S,Consolidation
HZRXYWU,43,56037,696,9002,90+,IVR,S,Federal
F5XK1SY,29,23898,559,21946,30-59,Mobile,S,Federal
KTUZH06,71,29129,714,20362,1-29,IVR,NE,Federal
D6JI874,58,51417,805,63280,30-59,Mobile,W,Consolidation
4QJD7B5,37,88884,826,36160,1-29,IVR,NE,Private
X3WN8AA,57,47372,726,26278,90+,Web,NE,Federal
6AKT7ZQ,57,84981,679,16029,30-59,Mobile,W,Consolidation
VORK1DJ,32,61180,608,57317,90+,Agent,NE,Federal
H231WCG,65,36822,577,30866,30-59,Web,W,Private
YN3SCSB,49,44499,774,4809,90+,Agent,S,Federal
933BQOQ,26,43839,729,11767,Current,IVR,S,Private
D0E8C6T,55,44910,726,24980,60-89,Web,S,Federal
EQ3O6J8,56,56611,672,0,30-59,Mobile,W,Private
PVF984H,38,34214,643,0,1-29,Agent,W,Federal
Z7W7N0S,69,34192,755,36221,30-59,Web,W,Private
IC1ORAY,64,21786,675,18423,Current,IVR,MW,Private
GIPAXNQ,62,66022,687,22659,1-29,Mobile,W,Federal
B0XDKUU,71,32329,710,16383,60-89,Agent,W,Private
8X9ZLOD,62,93621,538,44333,Current,Agent,MW,Consolidation
QIN5IBW,26,74664,603,44208,30-59,Web,S,Private
QAHCUA0,20,46953,580,36600,60-89,Agent,W,Private
800HERS,35,71323,661,18640,30-59,Web,MW,Consolidation
XS83XEW,31,58677,673,17005,90+,Web,W,Consolidation
EH1VR1N,20,47376,703,18097,30-59,IVR,W,Private
WTFMSJB,24,71569,712,5711,Current,Web,NE,Private
KVQYWJ8,43,57553,738,52871,1-29,Web,W,Private
PSQZN7X,21,114340,657,14324,Current,IVR,MW,Private
LLS51PI,36,31641,686,46049,60-89,IVR,NE,Consolidation
MXSCUHW,26,32423,664,45073,60-89,Web,S,Private
HUAT45J,71,53531,664,54796,60-89,Mobile,W,Federal
S8X7GFL,44,76568,650,17688,30-59,Web,S,Federal
HOVSRM9,72,42147,740,18412,1-29,Mobile,S,Consolidation
SMV30QA,32,29152,697,44179,90+,Agent,W,Consolidation
MSOS8J2,65,74159,718,43673,30-59,IVR,NE,Consolidation
K74F5ZQ,73,53654,633,13349,30-59,Web,MW,Consolidation
UEHG832,49,73174,644,3978,1-29,Agent,W,Consolidation
1TO0BOG,41,78333,598,0,60-89,Web,S,Private
W4JSNYM,57,31471,777,26635,1-29,Mobile,NE,Federal
7GRI9ET,56,75134,604,34563,90+,Agent,W,Federal
FFYKPL3,58,45121,734,54286,30-59,IVR,MW,Consolidation
83E822L,66,35705,602,0,30-59,Web,NE,Private
163YK03,65,66795,739,27008,1-29,Mobile,NE,Federal
YWL9700,48,79733,718,15723,90+,Mobile,W,Private
8ZHZD71,62,61020,667,29199,30-59,IVR,S,Private
02WPKQJ,65,78210,716,63140,1-29,Mobile,W,Consolidation
8W8A5K8,29,67260,781,47855,Current,Mobile,MW,Consolidation
C4VG9Z2,54,17929,656,47804,30-59,Mobile,S,Consolidation
AUD2YZD,50,67696,719,27256,Current,Web,S,Private
ZYG8CV7,37,55946,580,13512,60-89,Web,W,Private
8NX1KHQ,42,89614,702,0,90+,Agent,MW,Consolidation
YGRUZU5,58,59725,676,14681,60-89,Mobile,MW,Federal
005WDNL,51,63931,701,19362,Current,IVR,NE,Private
RUXVT3O,41,36970,633,42597,Current,Web,W,Private
V9TKRWQ,50,49678,646,50208,60-89,Web,W,Federal
9DUD85Z,69,57557,673,47908,Current,Agent,S,Consolidation
KP9XCO5,39,46536,653,22351,1-29,IVR,NE,Consolidation
EGV10K6,47,41561,767,16738,1-29,IVR,W,Federal
QRCBBG8,44,41035,654,5792,1-29,Agent,W,Consolidation
RCPPRCJ,19,34947,593,50254,30-59,IVR,NE,Federal
KRZ1Y3N,41,21276,730,5637,1-29,IVR,MW,Consolidation
9IF826B,19,34585,611,30525,30-59,IVR,S,Consolidation
JY5FDDS,60,18166,602,40317,30-59,Mobile,MW,Private
4E5BCID,72,30122,658,43247,30-59,Web,S,Private
B3VCPEA,68,69613,699,10635,1-29,IVR,NE,Private
EXC1T0O,38,74983,709,52871,60-89,Mobile,MW,Federal
Y04N3YS,48,45405,630,46426,Current,IVR,MW,Consolidation
A9FYSRC,41,67660,695,17267,1-29,Web,W,Private
EFQJG02,56,57171,629,60355,Current,Web,MW,Federal
IL8B5L9,66,32600,835,36285,60-89,Web,MW,Federal
HL2FY0T,75,20499,759,35034,30-59,Web,NE,Federal
18GIYRN,54,54770,636,34777,1-29,Mobile,S,Federal
K6N0XIK,48,74943,766,15043,60-89,Agent,MW,Private
0LK872P,41,34060,743,9602,1-29,Web,MW,Private
V7JMKJL,63,43337,785,49637,1-29,Web,W,Private
5L2ZJMF,30,13555,619,59582,30-59,Web,MW,Private
OQ37KTL,65,79368,695,15709,90+,Web,W,Federal
QTKCD0R,57,15614,603,35933,30-59,IVR,MW,Consolidation
GDC5TAO,28,33706,628,16706,90+,Mobile,W,Private
IFOWP47,70,55166,622,41090,60-89,IVR,W,Private
IGO58OA,54,46887,623,57205,90+,IVR,MW,Federal
1PY75WE,61,48342,641,21232,Current,Agent,W,Federal
WBV2IZS,23,50840,705,45469,60-89,Web,S,Federal
57NY16O,52,57475,705,23658,30-59,IVR,S,Private
JS08RWQ,51,46986,614,29324,30-59,Agent,MW,Federal
JOKNPHN,67,61324,679,20970,1-29,Mobile,S,Private
LM2LW7Z,58,18002,603,27907,30-59,Mobile,W,Private
YIW59OD,59,68268,657,34447,1-29,Mobile,MW,Federal
WNL2URQ,60,35898,761,13096,90+,Web,MW,Federal
D1SPDKZ,24,75277,693,0,1-29,IVR,NE,Consolidation
MV4QQJ3,57,71832,596,0,30-59,Mobile,S,Private
52XG8P6,34,37664,695,37210,1-29,Web,S,Private
RYIARU4,20,72384,724,30119,1-29,IVR,MW,Private
9DDE3CU,40,51145,580,52105,90+,IVR,MW,Federal
ODCK828,35,59893,757,30319,Current,Web,MW,Consolidation
46N05FL,50,59624,746,26832,1-29,Agent,S,Federal
ULEMX15,71,56685,677,16803,90+,Mobile,NE,Federal
AGWKR37,34,53376,563,33871,30-59,Web,W,Consolidation
OBMUIXC,44,80653,701,27588,90+,Mobile,S,Consolidation
BCP6OQN,64,51359,693,33548,1-29,Agent,NE,Consolidation
A41IZXT,40,48767,588,18046,30-59,Web,S,Consolidation
NF6NV5X,29,80710,748,0,60-89,IVR,S,Consolidation
BXW2EOW,55,25741,682,42649,Current,Agent,MW,Private
0WFOY4D,23,55526,650,5880,90+,IVR,MW,Consolidation
NFF2WCF,62,43919,675,35300,1-29,Web,NE,Private
21XG77F,71,91857,644,38799,Current,Mobile,W,Consolidation
UOJJFAF,52,68464,660,40541,90+,Web,W,Federal
1VH0AMX,55,56850,706,44227,Current,IVR,S,Consolidation
3U0UP22,30,30839,574,43423,30-59,Mobile,MW,Federal
FCD6MZS,41,14614,718,33558,30-59,Web,S,Federal
RV68JQ1,51,43855,728,87438,90+,Web,S,Federal
4LMCT64,21,49850,670,30303,90+,IVR,S,Federal
DTG5NQJ,41,28796,704,35981,30-59,Web,W,Federal
BMZJ22P,52,22773,743,30397,1-29,Web,S,Federal
LHA8OQI,75,35009,737,32580,Current,Mobile,MW,Consolidation
8GQ8DPM,30,69993,647,53974,30-59,Web,NE,Private
795E5IZ,21,67655,745,55870,60-89,Web,MW,Consolidation
SUO874O,46,47198,754,24742,1-29,Mobile,MW,Consolidation
V9RXUS0,42,30913,725,0,60-89,IVR,S,Private
HBVPXNO,70,56325,676,50650,30-59,Agent,W,Private
N2R9LM8,52,105221,713,27268,Current,Web,MW,Private
34876KE,26,64385,689,83772,60-89,Agent,NE,Consolidation
G166S78,61,50796,662,38035,Current,Mobile,NE,Federal
SOSX43W,70,57556,832,5294,30-59,Mobile,W,Private
XW112CD,18,43232,634,36359,Current,Web,MW,Federal
T365W64,75,58086,593,1752,30-59,Agent,MW,Federal
W55UQRF,38,66257,658,20856,60-89,Mobile,MW,Consolidation
QYW5IXT,34,21716,576,8930,60-89,Mobile,S,Federal
AXIZLES,73,44567,654,45546,1-29,Agent,MW,Private
9YO18PA,26,51138,610,2813,90+,IVR,W,Consolidation
W8XE3AC,43,69671,706,9086,1-29,Agent,NE,Private
IEO7D8W,19,71451,850,38537,30-59,Web,S,Consolidation
WCS4BJU,27,98860,684,0,Current,IVR,S,Federal
HFSU4SE,66,98570,584,21465,Current,Agent,NE,Private
818IQWL,35,88201,783,22044,90+,Web,W,Federal
QCCGZDN,35,53121,638,40845,30-59,IVR,NE,Consolidation
VYG72VW,26,70442,584,37392,30-59,Mobile,NE,Consolidation
HDLQH1C,63,91664,683,16416,1-29,IVR,MW,Private
RN9UQ7R,25,62653,668,37988,Current,IVR,MW,Private
1P5W11W,23,40713,711,35971,Current,IVR,S,Federal
5W2K2UB,48,79609,648,1064,90+,Mobile,W,Federal
LQJSQCZ,63,25396,593,12120,30-59,Agent,NE,Federal
18BYPKN,32,115355,772,30597,Current,Web,NE,Federal
5A38EQ4,66,25411,676,54971,30-59,Agent,W,Federal
L95B8MB,74,72624,726,22271,90+,Agent,MW,Federal
3C0EQ4A,50,34117,620,46397,1-29,Mobile,NE,Consolidation
X6AZ8YG,36,63206,717,11710,30-59,Web,W,Private
NUPUY0Z,57,46207,768,76538,1-29,Mobile,S,Private
LU5BO81,42,99381,645,39898,Current,Web,NE,Consolidation
AZMIQ5P,27,59197,655,22304,30-59,Mobile,S,Consolidation
2YWBNGG,64,59038,661,12973,60-89,IVR,MW,Federal
ASMZX4N,46,27819,726,23608,90+,Mobile,MW,Consolidation
VOAV41B,34,22976,661,43850,90+,IVR,NE,Federal
NE6IT1E,33,16317,610,33376,30-59,Web,NE,Private
XNEEWT8,63,17358,614,2648,30-59,Mobile,MW,Federal
GLMY62X,69,34862,749,40052,30-59,Web,NE,Private
LO1Z2QS,62,58628,683,30380,60-89,IVR,W,Consolidation
JSYXUFB,44,55757,739,38024,90+,Mobile,MW,Federal
SG65KXV,53,21345,753,31304,30-59,IVR,NE,Consolidation
VA2ULZF,70,100933,681,27571,Current,Agent,MW,Consolidation
Y87QS7J,64,22300,736,14509,90+,IVR,MW,Private
SOYG9ZQ,37,38575,695,0,1-29,Web,MW,Federal
879JMQ4,52,41198,706,52477,60-89,Agent,MW,Private
5GO04ST,41,76988,650,9722,90+,Agent,W,Consolidation
JA6MIH6,20,44122,649,17455,90+,Mobile,NE,Private
TL97P7D,46,56120,664,0,1-29,Agent,S,Federal
V9ZUYH9,19,56428,644,63695,60-89,Mobile,NE,Consolidation
DP4REC8,22,55521,691,36478,60-89,Agent,W,Federal
RH8LX6D,33,36341,601,64157,90+,Agent,MW,Consolidation
EBCVF6F,62,54360,660,69197,60-89,Agent,W,Consolidation
10VR2BK,37,52123,604,32395,30-59,Agent,S,Federal
6EEG9NJ,26,64120,661,29022,Current,Web,NE,Private
LABSMYJ,69,41590,740,31062,60-89,Agent,S,Federal
STOUIFJ,29,57078,683,10364,60-89,IVR,MW,Federal
9A14350,32,50091,721,15726,30-59,Agent,MW,Federal
HK89JSN,38,49114,731,12567,90+,Mobile,S,Consolidation
VO8MLF1,64,75499,711,27526,1-29,Mobile,MW,Private
APKE5AJ,38,67858,759,2424,90+,IVR,MW,Federal
4768TQW,65,71038,686,22498,60-89,Web,S,Private
3MYFNCE,19,64028,694,26554,1-29,IVR,MW,Consolidation
7KUUETN,35,86114,648,47322,1-29,Web,MW,Private
YXADLUS,37,12000,556,45741,60-89,Web,S,Consolidation
98NFX0N,62,64529,825,37818,Current,Web,NE,Private
87H91EL,65,61501,615,8050,30-59,Agent,NE,Private
FENTD7K,19,81715,602,26792,30-59,Mobile,NE,Federal
ZYJB48W,41,34965,750,33164,Current,Agent,NE,Private
CF89LPB,49,60833,695,16796,90+,Web,S,Consolidation
6W5OWK1,64,48039,705,10376,30-59,Mobile,S,Private
YDJIXL7,63,27124,588,20482,90+,Web,W,Consolidation
S8HMBR5,25,41062,703,15142,30-59,IVR,MW,Federal
FTMTTQL,21,36419,664,26158,30-59,Mobile,MW,Federal
VV4O94D,70,30404,731,51781,30-59,Agent,W,Private
TF8HB3K,71,36595,668,40128,30-59,Mobile,MW,Private
8ABY595,60,69191,685,23505,Current,IVR,S,Consolidation
IYQKQ2Y,45,41789,781,11203,30-59,IVR,W,Private
FSJWCCW,26,49043,732,48205,90+,IVR,NE,Federal
ABPT2AH,20,21459,583,24618,30-59,IVR,S,Federal
TJ1GM25,50,68829,717,32629,Current,IVR,W,Consolidation
HE9I0HN,74,68790,600,51593,30-59,Mobile,NE,Consolidation
BHJWP6T,59,52805,647,30518,90+,Agent,MW,Federal
ZXKQKP9,20,93574,730,37985,Current,Agent,W,Consolidation
NHP39LQ,27,32707,675,41390,60-89,IVR,MW,Federal
270NVP8,18,65016,797,36049,60-89,Mobile,MW,Private
JG2RZGH,25,41870,626,22893,90+,Agent,W,Private
JQP6I0T,59,62924,622,21868,1-29,Agent,MW,Consolidation
4AJMMUZ,24,39448,742,37810,Current,Mobile,S,Private
P8DJKLU,75,55353,733,30157,30-59,Web,S,Consolidation
C9JA5T7,21,35110,503,0,30-59,IVR,MW,Federal
SJ75VW2,34,88719,765,31871,30-59,Mobile,W,Private
ZNYQ6PG,23,51006,668,39170,90+,Web,S,Federal
KLCP9UW,27,62947,644,17566,30-59,Mobile,W,Federal
ZPEAL2W,41,56684,691,6694,30-59,Mobile,MW,Federal
CJTAQVO,50,37637,704,17812,90+,Web,MW,Federal
4YMICRN,50,36321,706,16055,1-29,Web,S,Federal
3HAXWDL,44,67566,830,17663,Current,Agent,MW,Federal
WZUVQEC,62,89502,723,39534,90+,Mobile,NE,Private
U139KA7,20,59911,722,44190,1-29,Mobile,NE,Federal
FMM0QPO,36,70087,719,40051,90+,IVR,MW,Private
WP82H6S,56,57151,785,33123,1-29,Agent,NE,Federal
K1SR8CP,59,38213,674,45293,60-89,Mobile,S,Consolidation
6Y0UPU5,43,42327,688,51539,1-29,IVR,S,Private
93Z9QBL,18,33623,644,23710,Current,Web,W,Private
EDMHITC,26,30653,751,0,1-29,IVR,NE,Private
SKZO3I9,59,91527,769,6565,Current,Mobile,W,Consolidation
KLU1EAO,28,76390,657,9999,30-59,Mobile,S,Private
DPHU2XR,38,44131,730,28707,30-59,Mobile,MW,Federal
GE00FRO,20,79840,771,0,60-89,Agent,NE,Federal
W6U7HKN,57,72279,716,39147,90+,Agent,NE,Federal
GNZS43C,28,38408,743,28731,30-59,Agent,W,Consolidation
PKQK173,61,78381,642,10708,90+,Mobile,NE,Consolidation
F7GR71Y,19,44125,691,11620,1-29,Web,S,Federal
CYJXP7X,25,85601,741,24195,Current,IVR,NE,Consolidation
KKG1R1C,24,45255,683,36958,90+,Mobile,MW,Consolidation
NFQ7N6W,57,45770,610,15843,30-59,Agent,NE,Federal
T0TSZDX,52,72665,638,17591,1-29,IVR,S,Private
PNSM43D,50,19479,704,31582,Current,Mobile,NE,Private
IZB25JT,38,48660,648,39572,60-89,Web,S,Federal
6JP3ZJL,39,80818,700,25386,30-59,Mobile,S,Private
E9FTAXP,28,29797,619,29539,90+,IVR,W,Consolidation
WPVC0AZ,43,54947,671,21023,1-29,Agent,NE,Private
0O72Q4M,23,82426,696,17437,Current,Mobile,W,Private
BVOD71P,49,55129,717,5473,30-59,Mobile,NE,Consolidation
43056M0,26,61169,679,5205,1-29,Mobile,MW,Consolidation
JPKHF33,51,33664,807,5604,90+,Mobile,W,Consolidation
FA204OA,67,68745,668,10948,90+,IVR,MW,Federal
ZFFZQC7,62,49559,577,71283,60-89,Web,NE,Consolidation
V83MI4I,26,56883,541,24924,90+,Mobile,MW,Private
ZHJMXSN,49,61752,676,48983,Current,Mobile,W,Consolidation
CBF0VBZ,20,88331,611,0,90+,Agent,W,Private
2292MTR,26,101852,603,37953,Current,Mobile,MW,Consolidation
N2SUA5M,63,44651,726,18951,Current,Agent,S,Consolidation
CUM8SMQ,42,31410,666,5251,90+,IVR,S,Consolidation
WZUB3ZU,25,34516,711,0,60-89,IVR,MW,Consolidation
MT8QM76,26,38572,749,28666,60-89,Mobile,NE,Federal
SIDBX28,41,48112,609,0,90+,Mobile,W,Consolidation
0GNZHG8,54,42598,606,18478,30-59,Mobile,MW,Private
S69OP2C,26,62841,689,39796,Current,Mobile,MW,Private
N8PVWJA,67,33594,725,47966,60-89,Mobile,NE,Consolidation
IN1A7KN,46,35244,714,36804,Current,IVR,NE,Consolidation
0KRVC93,55,51638,702,0,90+,Mobile,MW,Federal
9T27YFZ,49,29799,575,18075,30-59,IVR,S,Federal
09JRNAM,74,78840,581,18396,30-59,Agent,S,Federal
43UR4MF,43,48756,778,66559,60-89,IVR,MW,Consolidation
TZJS6PV,18,20309,750,3526,1-29,Web,MW,Consolidation
SHGPZ91,34,12000,689,16743,90+,Agent,W,Federal
EKC4ZEW,20,57582,713,40840,30-59,Mobile,S,Consolidation
2KV00I3,29,12000,715,41849,1-29,Web,S,Federal
922WAHD,46,32588,669,68101,90+,Web,S,Private
ZZ1R2RO,25,40394,595,16716,60-89,Mobile,S,Private
6RLN7OG,52,59676,669,32473,Current,Web,MW,Private
V8M07NK,73,64695,654,5173,60-89,Agent,S,Private
0R3I9HU,62,46857,749,26689,30-59,Mobile,NE,Consolidation
F4AF3QH,75,112597,719,22246,Current,Mobile,W,Private
MRRRIS9,31,109056,663,38881,1-29,IVR,MW,Consolidation
M1HQB1E,67,95092,644,21950,1-29,Mobile,W,Consolidation
IY0CTR6,18,59482,646,0,90+,Web,W,Consolidation
7M1NDRK,68,40455,687,28323,Current,Agent,W,Consolidation
A83UDQB,25,15727,627,21634,Current,Mobile,MW,Consolidation
FB76AV3,18,117538,708,25935,Current,Mobile,S,Federal
RRRSUYJ,21,65085,624,27060,90+,Mobile,NE,Consolidation
ZWI9SIV,50,40234,572,34646,30-59,Web,W,Private
GF3BBT8,60,49845,791,38755,Current,Web,S,Consolidation
61GTYQH,35,83038,671,51891,1-29,IVR,W,Consolidation
FBC16LK,55,76345,655,39170,90+,IVR,MW,Private
B4LDIMS,71,52067,707,119,30-59,Mobile,S,Private
1S8131Y,40,58506,602,34622,30-59,Mobile,S,Consolidation
7RCI2AF,27,58903,801,54077,1-29,Web,NE,Private
1KVLDHP,39,88479,612,22460,60-89,IVR,MW,Private
P61NHVC,34,70007,598,56552,60-89,IVR,NE,Private
MJKKEGV,20,61760,769,15297,1-29,Agent,S,Private
XOJD7XR,73,61567,659,42361,60-89,Mobile,W,Consolidation
UYGETE7,18,12255,596,29123,30-59,IVR,NE,Federal
HO8CC98,65,27961,715,75555,60-89,Mobile,NE,Consolidation
0GYVDPT,65,12000,715,49972,60-89,Mobile,S,Federal
NRY632I,31,82517,677,25645,1-29,IVR,MW,Consolidation
YK28F7K,41,24543,673,32489,30-59,Web,MW,Consolidation
W218GAV,60,60497,757,18200,1-29,Agent,MW,Private
SCRTP08,75,45770,711,25512,Current,Agent,MW,Consolidation
XIE0RNU,25,30245,654,43181,1-29,IVR,MW,Private
8DO3PX9,67,73510,691,11881,30-59,IVR,MW,Private
8X4S27K,60,73213,627,44061,30-59,IVR,W,Federal
WJABXXW,64,48417,753,38247,30-59,Agent,NE,Consolidation
1HZVNAS,53,36102,664,29178,30-59,Mobile,NE,Federal
IRVA0Y0,50,65892,679,28241,1-29,Web,NE,Private
08JT6GK,59,58588,692,33107,60-89,Mobile,NE,Federal
O7VBGR8,67,12000,779,26387,60-89,Web,MW,Federal
ZWXGD4P,74,82640,704,25238,30-59,Web,S,Private
MDBZIVC,57,56429,707,30021,30-59,Agent,S,Consolidation
V0L5C09,31,71316,581,0,60-89,Mobile,MW,Consolidation
J74F55A,35,15414,664,39170,1-29,Mobile,W,Private
BM7FCJ0,65,54959,623,12123,60-89,Mobile,NE,Private
HQR6F7Q,38,26246,643,31774,Current,Web,S,Consolidation
SP10Y6A,49,55880,741,47191,60-89,Web,W,Private
OFSMNAW,42,52032,686,34532,90+,Web,NE,Consolidation
2TULGEL,71,13628,625,7808,30-59,IVR,W,Private
FKAP0WZ,36,12000,718,39017,30-59,Mobile,NE,Private
CVPNX4Y,54,54011,596,29941,60-89,IVR,NE,Consolidation
2BVS3K3,37,70942,629,17746,90+,Agent,NE,Private
JMREVK3,46,66087,814,66140,30-59,IVR,MW,Consolidation
8JDY5QT,50,69459,664,36733,90+,IVR,S,Consolidation
XS3HDP7,60,37124,665,15881,60-89,Web,NE,Private
MZGWF5A,55,80719,606,46800,60-89,Mobile,NE,Private
0APSALD,47,76647,678,19138,Current,Mobile,W,Consolidation
3O193X2,57,47409,705,60324,30-59,IVR,NE,Federal
P63CTZR,27,39847,711,34288,30-59,Mobile,W,Consolidation
NZY47QU,42,46739,589,34181,60-89,IVR,NE,Consolidation
WT805QT,62,12005,718,7847,90+,Web,MW,Private
33HW8D0,66,58040,660,25051,30-59,Web,MW,Private
9KPU8O9,60,56874,613,54511,60-89,Agent,NE,Federal
JMWUOCS,64,25361,647,31629,Current,Agent,MW,Private
E9GGZ64,55,38319,596,25414,30-59,Web,MW,Federal
UWUFUK1,58,69401,796,25667,Current,Web,NE,Federal
2XI3RNC,22,54145,705,42695,Current,Web,W,Consolidation
NQUFEUC,23,43782,649,39718,Current,Agent,NE,Consolidation
36MKZRR,43,51383,698,30397,1-29,IVR,NE,Federal
3AC6PE6,59,36650,588,22114,30-59,Mobile,MW,Consolidation
1OCHSXC,67,35264,682,29690,30-59,Web,W,Federal
IZRMT0N,62,56042,708,54207,90+,IVR,S,Federal
XYTCDMF,64,47719,702,13181,30-59,Web,NE,Private
BI28SHQ,23,34529,746,30925,60-89,Mobile,W,Federal
HE9E5OZ,44,67255,700,4805,60-89,Agent,S,Consolidation
42T2G43,62,65381,681,13378,30-59,IVR,S,Consolidation
R9K9LJ3,60,52590,711,7332,60-89,Agent,MW,Federal
9CY9PE0,34,61366,699,20851,Current,Agent,S,Private
BNU69IM,42,54367,675,30095,1-29,IVR,W,Federal
KPK7FVU,42,31982,594,30695,30-59,IVR,NE,Federal
ISIW39L,43,58364,718,5744,90+,Agent,S,Federal
9S5R2KU,60,35162,699,60785,60-89,IVR,S,Consolidation
S6M033I,58,19618,657,42536,60-89,Mobile,NE,Private
D5SLOC8,31,12000,623,28665,Current,Web,S,Private
X1SKNXD,29,12000,701,16398,30-59,Mobile,NE,Federal
QRJO4RL,45,52191,675,25578,60-89,Agent,NE,Private
YIX6XHG,45,35499,727,57783,30-59,Mobile,NE,Private
2CUDLD5,32,37300,749,2379,30-59,IVR,W,Federal
WWP82QZ,60,57118,743,56554,1-29,IVR,S,Private
HE7UR23,63,60348,824,31925,90+,Agent,W,Federal
A9VZEOX,65,55163,652,22500,60-89,IVR,S,Private
UG35I08,23,58998,717,5461,60-89,Web,MW,Federal
KREG167,50,53382,697,47884,90+,IVR,NE,Private
CRHY3ZO,52,56321,770,60629,1-29,IVR,S,Private
XOX3MSL,26,88354,637,23591,30-59,IVR,W,Consolidation
9XJYVAK,56,23407,663,46406,90+,IVR,NE,Federal
FKNVZDD,46,46330,609,11078,30-59,Mobile,W,Consolidation
PMNJ1YL,50,53078,664,30662,30-59,Web,NE,Consolidation
WYZX4W6,70,58499,765,33058,1-29,IVR,MW,Private
BHGFB2F,59,83524,618,40896,90+,IVR,W,Private
WCF5YB3,73,79798,742,39953,90+,Web,MW,Private
TITUGSW,67,42387,712,49672,90+,Mobile,W,Federal
Z1KHLUE,47,70123,675,19435,Current,Web,W,Private
0KF8VD3,42,12000,722,15745,60-89,Web,NE,Federal
KCQWB00,52,28698,674,17349,30-59,IVR,S,Federal
SZBFFZZ,62,58719,727,36801,1-29,Mobile,NE,Federal
SEUO4VK,70,90063,716,37581,Current,Mobile,NE,Private
2N5ZANE,27,51356,655,2755,Current,Agent,NE,Federal
HZLPLH8,36,38928,718,39422,60-89,Mobile,W,Private
75ELTFE,41,67682,617,29751,60-89,IVR,MW,Federal
0MXVL57,51,69395,750,42199,1-29,Agent,W,Private
FT53L0U,58,55641,675,27716,30-59,Agent,S,Consolidation
TRLZSCX,37,46610,640,57531,30-59,IVR,NE,Private
EI05NMS,50,55936,697,14113,Current,Agent,MW,Private
S0JX9AM,71,48849,712,21385,1-29,Agent,S,Federal
VSGHJUC,38,12000,521,2685,90+,Agent,W,Federal
M8NYZHH,23,57605,592,31876,30-59,Web,W,Federal
TK7P6XS,43,44981,705,59488,30-59,Agent,MW,Private
LURMW3U,45,12215,721,43528,60-89,Web,S,Consolidation
5671KX2,74,43470,674,12209,1-29,Mobile,S,Consolidation
JS407EE,29,30778,614,7145,60-89,IVR,MW,Consolidation
MS6806L,45,68293,639,47432,Current,Web,NE,Consolidation
R1OV9CP,32,43449,587,22626,60-89,Web,MW,Private
4ZN573V,39,51032,701,36589,1-29,Agent,W,Consolidation
M458AX4,46,46032,697,0,30-59,Agent,NE,Private
ZG7FBV2,68,33684,744,14770,90+,Agent,NE,Private
F32JSKI,38,87472,640,0,1-29,Agent,NE,Private
WUR1Z82,36,54425,679,40108,90+,Agent,S,Federal
1WC6LLC,62,34540,585,27106,60-89,IVR,NE,Federal
311BKHS,50,74814,700,39238,30-59,Web,S,Private
K8J1923,66,73044,634,36141,30-59,Mobile,S,Consolidation
POY22CM,36,43724,681,42845,Current,IVR,W,Federal
NRY6K7A,39,62868,682,38780,90+,Web,W,Consolidation
5EOL0TA,29,93734,805,21585,Current,IVR,W,Consolidation
XCY5U4Z,37,64611,697,26118,1-29,Mobile,MW,Federal
9RR7S20,19,29234,705,19897,60-89,IVR,S,Private
QWPBEDE,70,85827,633,19734,90+,Mobile,MW,Consolidation
XR6N18B,40,46492,591,45081,30-59,Agent,W,Consolidation
AV7QA80,35,64547,706,49034,60-89,Web,W,Federal
NSPSKTR,68,37113,707,19518,90+,IVR,S,Federal
F8N1R57,25,47451,758,24466,30-59,IVR,W,Federal
8FL2WBZ,44,33732,748,38770,90+,Agent,MW,Federal
WGDCOQ9,52,66739,604,47366,60-89,Web,S,Private
1L7KENH,30,30872,668,31377,1-29,Agent,S,Federal
GKC1UV2,67,51104,723,44516,1-29,Agent,NE,Private
4CUYSG6,30,12000,693,34551,Current,Web,S,Consolidation
MA11KRA,25,27663,768,50057,Current,Agent,MW,Private
2GVLLSA,74,22157,666,17526,30-59,Web,S,Federal
Y1MTJYE,34,24190,674,44229,Current,IVR,W,Consolidation
7OPHRQZ,29,50382,626,7983,60-89,Agent,S,Federal
SSNML4C,25,89996,701,50953,90+,Web,MW,Private
NMZOFE9,60,75691,696,36971,1-29,Web,NE,Federal
5J2D8CL,63,56420,628,16052,60-89,Web,S,Federal
UCLHQ2E,67,44578,691,36946,Current,Agent,W,Federal
46DZF9W,37,45385,692,58942,60-89,Web,MW,Federal
9MHO6T2,47,12000,609,20576,90+,Web,NE,Private
30YSXPN,29,63801,592,16253,30-59,Mobile,NE,Consolidation
SGQ9WER,59,40326,670,39467,90+,Agent,MW,Consolidation
V3UDLWR,33,72478,708,19419,1-29,Mobile,NE,Federal
FVP1XNK,69,38142,681,11200,1-29,Agent,S,Consolidation
NLUPYA8,51,37902,644,48684,1-29,Agent,MW,Federal
A1T4DST,20,62879,642,0,60-89,IVR,S,Federal
YCSRK5S,73,70280,690,29022,60-89,Agent,W,Federal
42SF12A,30,77479,599,37960,60-89,Mobile,MW,Federal
XZ1MFIH,28,58113,644,0,60-89,Mobile,S,Private
HQJ90ZU,46,55309,685,46485,30-59,Agent,NE,Consolidation
L2LUHHS,21,31847,665,37880,60-89,Web,MW,Private
ARX7HME,38,48122,716,70178,60-89,Mobile,NE,Consolidation
E8Z2GFQ,39,29179,713,31015,1-29,IVR,MW,Private
Z4JQI55,37,77190,682,30644,60-89,IVR,NE,Federal
3TAMVNC,35,41342,706,19794,Current,IVR,MW,Private
LUDQD6O,18,67417,634,15751,Current,IVR,W,Private
YU534Q4,28,38965,659,5063,90+,Web,S,Private
EGE5EKF,49,86506,595,3188,60-89,Agent,NE,Federal
BCISJPC,36,67552,695,25237,1-29,Agent,MW,Consolidation
2A3AH7U,23,82622,703,0,90+,Mobile,MW,Consolidation
LE0BCT3,75,35976,597,32506,60-89,Web,S,Federal
853J5SF,66,60764,718,33808,1-29,Mobile,W,Private
ZRC69T7,29,67699,668,60980,90+,Agent,MW,Private
HL0QSN5,34,12000,710,4834,60-89,Agent,W,Consolidation
5JMPGGD,32,75216,703,1691,Current,Agent,MW,Private
BG6AHS9,27,12000,639,30910,1-29,Mobile,W,Federal
C876H28,18,58535,708,11556,30-59,Agent,MW,Federal
DBZXAI9,70,77058,637,16111,60-89,Mobile,W,Private
5K9IT5C,65,64976,749,12258,90+,Agent,W,Private
SBRP14X,39,50494,630,51130,90+,Mobile,NE,Private
AVE7E51,51,37245,796,190,60-89,Mobile,S,Consolidation
G5V2NVK,55,39432,819,13008,30-59,Mobile,MW,Consolidation
HC8CAH3,58,42504,682,41370,Current,Agent,MW,Consolidation
FGHDILU,28,76948,662,39849,Current,Mobile,S,Federal
4QZTGBC,19,18997,732,32771,60-89,Web,MW,Private
WE4C1V4,64,26182,696,7134,1-29,Agent,S,Consolidation
DVG8ZA2,65,62065,701,60137,1-29,Web,S,Consolidation
Y27VMVW,48,67938,641,31576,30-59,Agent,NE,Consolidation
DXWOR17,57,34355,643,36972,30-59,Mobile,NE,Private
9VVN5X4,71,53009,614,46439,60-89,Mobile,MW,Private
0F3BTL4,18,50883,662,38438,90+,Mobile,S,Private
HAL7NGT,59,45702,651,39481,30-59,IVR,NE,Consolidation
QML5MQT,34,72408,657,27329,Current,Agent,S,Consolidation
L2D2QUX,59,50454,706,20490,1-29,IVR,MW,Federal
8JRPG73,27,69263,780,27662,90+,IVR,NE,Federal
4P0L58J,42,47290,699,31302,90+,Web,W,Federal
QC35AZN,70,59779,723,4832,30-59,Mobile,NE,Consolidation
A6L0OEX,72,74190,729,27428,30-59,Mobile,W,Private
BF9S2U8,61,38622,738,9528,90+,IVR,NE,Consolidation
I8D9L9X,45,28863,693,37961,90+,Web,MW,Federal
H7JHC5S,24,65260,740,37303,Current,Agent,MW,Federal
KC21P4U,61,56301,690,4348,1-29,Mobile,NE,Private
7UPFLN4,65,65086,671,29642,60-89,Web,NE,Federal
4ZGMS66,33,24891,758,33250,Current,Web,S,Federal
KTIOR4V,42,12000,679,34634,Current,Agent,W,Private
PJ8T22C,59,41282,760,41749,1-29,Mobile,NE,Federal
KATQYDS,47,38134,638,29695,30-59,Mobile,NE,Private
HOE3MXZ,44,64142,652,68590,30-59,IVR,S,Private
0K7H01S,30,49308,632,33546,90+,Agent,NE,Federal
UOF7F8T,37,59314,676,41012,90+,Agent,NE,Private
JFMJ73L,58,75907,680,32570,30-59,Mobile,MW,Federal
CLM4F8F,75,46551,591,50125,30-59,Web,MW,Federal
MY6PO0M,51,70275,664,0,30-59,IVR,W,Private
HJ7D4NG,41,80983,719,463,1-29,Agent,S,Private
XJ4PNJY,26,70493,655,54925,1-29,Mobile,W,Federal
K02LVUM,74,73292,634,47118,60-89,IVR,S,Consolidation
QCZ1LK4,52,62307,708,49607,Current,Mobile,S,Consolidation
KA65FZ2,38,20235,719,51698,90+,Web,NE,Consolidation
7XRNRME,61,55778,726,52935,30-59,Agent,W,Federal
2C1L9FJ,27,53332,699,43279,Current,Agent,NE,Consolidation
0HQ6DG8,56,64303,752,51504,90+,Agent,S,Private
IAXUFVP,38,55722,677,34440,60-89,Web,S,Consolidation
QF5LNJI,73,61944,715,29231,Current,Web,NE,Consolidation
1AOZUJV,50,33262,663,28603,90+,Web,W,Private
Z8EXRCL,18,49545,787,36835,30-59,IVR,NE,Federal
YBATOLO,31,90094,687,79477,Current,Agent,S,Federal
ZZRBYQG,62,55845,654,25739,Current,Mobile,S,Federal
DD8TAIA,61,69178,719,4333,30-59,Web,W,Private
9M0K1Y4,24,70525,697,23928,Current,Agent,W,Consolidation
G1VED32,27,83992,687,34397,30-59,Mobile,S,Federal
GMIURPV,19,41918,721,27954,60-89,Agent,MW,Private
6XKJUPQ,25,42891,637,0,90+,Web,NE,Consolidation
I90MB0O,32,12000,724,71496,30-59,Web,NE,Federal
ORQETJD,65,30782,598,45315,30-59,Web,S,Private
2SKKFTF,28,65763,642,57133,1-29,IVR,W,Private
OB36A7T,65,45483,662,3942,30-59,Mobile,NE,Private
OJK45QB,48,62980,768,17728,1-29,Web,S,Consolidation
4GW43KI,65,45490,611,13337,90+,Web,MW,Private
JCSJPKB,56,61505,715,30855,1-29,Web,NE,Federal
79QZ2DT,43,61426,683,16045,1-29,IVR,NE,Consolidation
E1HM38K,50,36232,649,15310,Current,Web,NE,Federal
661L08K,39,41924,678,47170,1-29,Agent,MW,Private
Y4TKVV7,41,44923,687,7907,1-29,Web,NE,Private
Y0V3UTC,67,18790,654,0,Current,IVR,W,Federal
BZO547G,54,60734,633,41369,30-59,IVR,W,Federal
8BULO11,69,65012,646,30150,Current,Agent,S,Private
IN7FM1S,43,12000,755,28841,60-89,Web,MW,Federal
WRDMLY4,38,63162,680,24018,30-59,IVR,S,Federal
500EEOD,58,55710,673,1826,Current,Agent,S,Consolidation
8D3JPWI,28,49802,788,33193,1-29,Web,MW,Private
NZV1V8P,22,47517,750,21770,30-59,Web,W,Private
304NWF2,65,27449,611,33842,60-89,Agent,W,Federal
MAX9FKE,23,86702,615,56932,60-89,Mobile,S,Private
0JZWLSD,48,82090,686,2811,30-59,Mobile,W,Federal
VCB1YNT,49,31463,701,8824,60-89,IVR,S,Consolidation
3728PU8,73,21832,628,32683,90+,Web,W,Private
B29XZ6U,64,62662,618,8306,90+,IVR,S,Private
7WN360B,53,60921,761,50520,1-29,Agent,MW,Consolidation
3BB6F05,71,56567,746,37905,Current,Mobile,NE,Private
HTRWC4W,19,60824,634,10103,90+,Agent,S,Federal
FOUF1H0,18,53432,619,29357,60-89,Mobile,NE,Private
0PA8JX5,28,61795,678,17544,1-29,Mobile,NE,Consolidation
9BJMTY0,50,36742,590,34036,90+,Agent,W,Private
KDC885I,25,55646,560,26960,30-59,IVR,S,Private
KIO5B6I,73,51192,589,13325,30-59,Web,W,Consolidation
A9HIEOP,21,54728,669,29795,Current,IVR,MW,Federal
IUI9KKH,38,58835,629,26638,60-89,IVR,NE,Consolidation
3K8EKT2,54,27995,641,15613,90+,Web,S,Federal
CO8PE74,31,65242,716,36613,30-59,Agent,NE,Federal
PWY0TUZ,56,41507,636,9586,1-29,IVR,S,Federal
C0F3EWP,19,53980,609,23795,30-59,Agent,W,Private
0I1MCY2,69,58657,665,25185,90+,IVR,NE,Private
FXUJ5OG,33,29105,599,17817,90+,IVR,NE,Federal
M06HCE0,21,35137,726,59540,90+,Mobile,S,Private
GL1QGOU,42,72848,703,32617,60-89,Mobile,MW,Federal
S5RZQ6P,37,30395,643,64700,90+,IVR,MW,Private
34PGGCB,69,39436,717,27052,60-89,Mobile,W,Federal
W5ZQW6L,63,44156,781,56108,30-59,IVR,W,Private
BDO8T8M,25,13923,719,27864,30-59,IVR,S,Private
M3UXPAE,42,56820,712,36502,30-59,Mobile,S,Federal
NNK8FWR,49,39957,647,26934,90+,Agent,W,Private
ZCVDB6Y,60,73462,608,37440,60-89,Web,MW,Private
G0E7H4N,69,18844,643,30288,60-89,IVR,MW,Consolidation
J670LJC,19,32938,673,40902,Current,Web,W,Private
5KFSNRR,28,23041,556,21437,30-59,IVR,MW,Federal
RZZQO17,65,59559,706,56155,1-29,IVR,S,Consolidation
NKDAT5L,23,81438,720,32622,60-89,Web,NE,Consolidation
TEPGHU7,37,37306,695,49044,Current,Agent,NE,Consolidation
9HE6VB7,54,30111,738,3371,1-29,IVR,NE,Private
F15JDO3,29,34946,661,47751,90+,Agent,W,Consolidation
H7JAJLT,69,64103,654,41104,Current,Agent,MW,Private
HTN9XED,58,55806,606,0,30-59,IVR,MW,Private
NFIE99I,66,60976,757,34649,30-59,Mobile,W,Private
UV67HT2,57,55238,659,13271,30-59,IVR,MW,Federal
YP5SSM0,21,109551,729,25105,Current,IVR,NE,Private
48JU63L,68,29190,682,49430,60-89,Mobile,S,Consolidation
3PZBF97,47,49561,624,39694,1-29,Agent,MW,Private
456ZVBQ,50,18563,709,67771,Current,Mobile,MW,Private
QVTDOAD,75,75634,678,0,60-89,IVR,NE,Federal
OQUC0V4,30,93750,728,0,Current,Web,NE,Consolidation
KL9BLXG,35,56985,576,16789,30-59,Mobile,MW,Federal
ZQHBQIQ,18,34404,659,35666,Current,IVR,W,Consolidation
YI0DG95,24,85092,724,27321,1-29,Agent,MW,Consolidation
D70FE07,19,100600,749,20612,Current,Agent,W,Private
V2ISQP4,47,12000,723,0,60-89,IVR,NE,Private
YVU049D,47,67142,588,6633,60-89,Agent,MW,Federal
8FC0TR5,60,12000,778,12236,90+,Agent,NE,Consolidation
OA7WKDP,26,46889,595,29959,60-89,Agent,W,Federal
SU0R7G0,40,56733,668,857,90+,Web,MW,Consolidation
6GBXQJ7,61,73447,645,17110,Current,Web,NE,Consolidation
M9DBEZA,18,58625,652,17047,60-89,Web,S,Private
HZ3ZSG9,26,60482,748,25102,60-89,Agent,MW,Private
5G35FB4,25,81529,678,40469,1-29,Agent,W,Federal
J72BTQ8,69,71007,737,56910,90+,Mobile,W,Consolidation
36H2BQG,20,52137,785,60140,60-89,Agent,W,Consolidation
4XVDN0A,55,53022,715,23482,60-89,IVR,MW,Consolidation
RGWJ8RR,52,41728,690,50205,90+,Agent,W,Private
1L9GFVN,39,28660,727,21766,1-29,IVR,MW,Private
FQ6VM3B,55,37897,648,18333,1-29,Agent,W,Federal
QP6XGHU,31,80441,641,48183,60-89,Mobile,NE,Consolidation
MV9E40K,21,49550,703,38204,90+,Agent,MW,Federal
3AGTSXT,58,70261,803,43363,1-29,Agent,NE,Consolidation
J2R24G4,45,40142,728,50531,90+,Web,W,Federal
IS5NTT4,62,50954,694,24504,Current,Agent,MW,Consolidation
6AAF28N,18,26478,795,19844,60-89,Mobile,S,Consolidation
46OOJJD,73,57130,708,36790,1-29,Web,MW,Federal
KBH423L,50,65011,670,8015,1-29,Agent,S,Private
GVJIMX5,35,20618,730,36625,1-29,Mobile,MW,Consolidation
YTJUQ7X,30,69459,778,29314,90+,Mobile,MW,Private
993N4BF,50,67511,697,32050,90+,IVR,NE,Private
N14RBHP,58,59532,663,23195,Current,Mobile,W,Consolidation
LQJIDKN,27,64501,720,31400,1-29,Agent,MW,Private
FH2TN8B,71,69694,624,15564,30-59,Mobile,S,Private
A8MBQWC,57,80623,600,19760,60-89,Mobile,NE,Private
4BIOHK0,23,76458,654,39559,90+,Mobile,W,Federal
3N27F96,33,68296,772,32948,30-59,IVR,NE,Private
E9DR5DB,41,75791,687,2284,30-59,Web,W,Private
F010AIA,75,30952,683,23938,Current,Web,MW,Consolidation
DET4KER,30,17071,656,45702,30-59,Web,S,Federal
9JRD4HQ,68,13068,583,36114,60-89,IVR,W,Consolidation
5ZPLYO0,55,34333,641,23606,30-59,Agent,NE,Consolidation
DXJ37C9,67,32557,605,24096,30-59,IVR,MW,Consolidation
TKUNURL,70,24659,599,35527,30-59,Agent,NE,Federal
J02WY0U,35,72255,741,22901,Current,Mobile,W,Consolidation
P4XGQ78,72,67869,700,43568,30-59,Web,MW,Private
NOL8WKF,23,70904,770,31457,90+,Mobile,S,Consolidation
1G1EG1I,61,25936,657,32595,30-59,IVR,MW,Private
WAOBC3O,59,46595,684,28673,30-59,Agent,NE,Consolidation
TA0COR7,75,63386,691,66086,60-89,Mobile,NE,Federal
P8PWN40,25,71550,711,42268,60-89,Agent,W,Federal
FCR5LVW,50,71103,683,2770,1-29,Mobile,MW,Consolidation
H42M44G,71,60471,667,34596,90+,Web,NE,Federal
RT2L2IE,67,35736,742,28036,30-59,Mobile,S,Federal
E3R037O,48,58416,699,35635,1-29,Mobile,W,Consolidation
68Q0J9M,27,32017,588,65427,60-89,Mobile,MW,Consolidation
XUX1OXR,47,90375,719,11428,1-29,IVR,MW,Consolidation
19IK85E,35,34301,658,15408,30-59,IVR,W,Consolidation
EOI3QIJ,29,12000,689,33361,60-89,Agent,S,Federal
8ND7G0L,56,69003,700,36215,30-59,Web,W,Private
21G07HP,30,31428,728,11426,30-59,IVR,S,Federal
86K18JQ,32,77909,679,51174,Current,IVR,S,Private
C7FOV2Y,69,66737,583,8192,60-89,Agent,NE,Consolidation
GDPPQ0Y,23,14523,720,21313,1-29,IVR,NE,Federal
UFI9JHR,47,71684,760,20114,1-29,Mobile,NE,Consolidation
NA0VLRR,40,45387,685,0,90+,Web,W,Federal
OQSRLDH,45,53509,641,43803,60-89,Web,MW,Consolidation
RKF4HT6,70,12000,621,6939,1-29,Agent,NE,Consolidation
ZD6AOVL,22,64667,647,21964,60-89,Mobile,NE,Federal
M7R3QCQ,30,48353,597,13423,60-89,Agent,MW,Private
O9W04Q2,45,63199,713,76971,Current,Agent,W,Consolidation
BYJO7C5,30,38735,705,16503,Current,IVR,NE,Private
WU1I7XX,72,57228,640,23855,60-89,Agent,W,Private
B4XGMPW,25,31985,768,48820,30-59,Agent,S,Consolidation
H89UHLY,25,42283,672,23859,30-59,Web,MW,Federal
TG8BKA8,41,71552,605,39022,30-59,Mobile,W,Federal
4D4R9V4,55,43027,728,32974,30-59,Agent,W,Consolidation
BJU68OS,42,79510,722,38511,1-29,IVR,S,Private
6J2TIPL,59,12000,724,34328,Current,Web,W,Private
4XMALU6,56,22311,722,20799,60-89,IVR,NE,Private
3U6OKGK,69,28914,737,10827,1-29,Web,W,Consolidation
FXC6I4N,40,29477,837,59711,Current,Web,NE,Consolidation
A38K0HF,58,27907,724,47841,90+,Web,NE,Federal
TLCEZI8,41,48722,709,18561,Current,Mobile,S,Private
FPATM0T,75,66094,673,51698,60-89,Agent,MW,Private
5E1HQBD,37,76469,679,5106,90+,Mobile,S,Consolidation
V5LX9BE,75,62115,686,40595,60-89,Agent,W,Consolidation
D3JJH1W,56,42531,631,27371,30-59,Agent,MW,Private
OZLEL8P,61,56483,803,13422,Current,Mobile,S,Consolidation
8PMX76A,22,56391,667,61694,1-29,IVR,MW,Private
XBV36TO,65,61888,697,41205,30-59,Agent,NE,Federal
HAL104S,47,45713,642,12162,60-89,Agent,W,Consolidation
81HRULH,53,43846,591,48578,60-89,Agent,W,Federal
S9V9BD9,21,71020,690,62432,Current,IVR,NE,Consolidation
PXBFEJ2,52,62856,661,0,60-89,Web,MW,Consolidation
496K4O6,53,66842,680,11608,60-89,Agent,S,Private
J8HQDE7,39,47627,659,19851,1-29,Web,MW,Private
QG6TUQ5,39,44112,657,27915,90+,Agent,MW,Consolidation
SKOYTK0,49,60164,686,19971,1-29,Mobile,S,Consolidation
WDL9ZS1,43,43686,667,24118,30-59,Mobile,W,Private
OIOT860,33,18419,734,10976,60-89,Agent,S,Private
FEJRK2L,34,41319,679,34816,60-89,Agent,S,Consolidation
ZKWDEEK,25,25556,760,17873,30-59,Mobile,S,Consolidation
5HSTS68,65,49324,695,4263,1-29,IVR,MW,Federal
ECBAOTS,63,30367,585,20942,90+,Agent,W,Consolidation
H6LB3K5,45,12000,661,0,1-29,Web,S,Federal
MAX6EBQ,29,55793,708,9369,90+,Web,S,Consolidation
AKW6ZLK,41,54339,732,10268,60-89,IVR,W,Private
06AIWXE,32,13896,711,54161,1-29,IVR,W,Federal
86GVGT2,25,76854,732,34719,Current,Web,W,Private
BF8ZQ1V,75,25286,635,32276,60-89,Agent,W,Private
58J8H19,45,69755,786,21355,1-29,Agent,W,Private
D5LN55E,35,48169,727,24965,Current,Mobile,S,Federal
QNXPVMS,19,60070,690,26377,30-59,Agent,NE,Consolidation
IFQBKK2,59,44418,714,33199,1-29,Agent,S,Private
53Y15CA,29,89706,724,0,90+,Mobile,MW,Federal
09IOGLA,62,31666,702,26077,1-29,Web,NE,Federal
XSJAG78,31,63911,751,9514,Current,Web,W,Federal
7YF9UL4,46,58213,608,36411,60-89,IVR,W,Federal
0BMZW75,32,41870,757,14376,Current,IVR,MW,Private
YE1ZC7B,54,85293,563,29550,30-59,Mobile,NE,Federal
02JYV6Y,31,25042,730,52474,90+,Mobile,W,Private
DA5B4L6,21,35665,740,34276,60-89,Mobile,W,Federal
42KAM6W,64,79773,653,38287,1-29,Mobile,W,Federal
WTBV50H,35,12000,633,6942,60-89,IVR,W,Federal
5TDXSOO,41,24731,782,13857,90+,IVR,NE,Federal
ZRLXMV2,63,41051,608,21727,30-59,Web,NE,Federal
SIP4B8J,62,63450,691,15496,30-59,Mobile,NE,Consolidation
ZLM72JE,47,56929,622,5298,60-89,Agent,S,Private
BS5XRGA,75,68126,745,41477,30-59,Agent,S,Consolidation
S9GMYSE,35,31336,681,16566,90+,IVR,S,Consolidation
3138I2X,24,40761,629,1327,90+,Mobile,W,Private
ZZG9BCD,61,74748,839,15827,1-29,Agent,NE,Federal
27YOENP,26,71722,751,19801,30-59,IVR,MW,Consolidation
CC5RQNS,57,33009,612,6663,30-59,Web,NE,Private
J7GTRDD,69,79605,597,8917,30-59,Web,S,Consolidation
TP3174G,53,54254,722,37431,60-89,Web,S,Private
HW3CHNJ,45,41127,598,9915,30-59,Mobile,MW,Private
A8RVJWH,19,18145,609,0,30-59,Agent,MW,Federal
FU20VMA,64,86714,696,22797,90+,IVR,W,Private
RFXIOKP,60,47309,699,21440,Current,Agent,S,Private
FKRKN88,63,38547,828,26015,30-59,Agent,S,Consolidation
SE6JN59,33,69379,689,66560,1-29,Web,S,Federal
T9QX3PB,48,46811,771,30476,30-59,IVR,MW,Federal
3A0MQ4X,48,22801,703,58406,60-89,Web,NE,Consolidation
S832EJX,74,65354,685,12525,1-29,Mobile,NE,Private
4I6R81P,54,32997,684,18211,1-29,IVR,NE,Private
914ABAZ,66,78489,643,42556,1-29,Agent,S,Private
DQLQ1WM,19,27662,678,21449,90+,Agent,S,Consolidation
YD07DVR,72,48571,695,31835,30-59,Web,MW,Consolidation
C9GCMYZ,39,63622,671,4281,Current,Mobile,NE,Private
7K5ID10,34,110397,698,10095,Current,Agent,W,Federal
4054G8Q,27,39772,621,0,1-29,IVR,MW,Consolidation
RPZH4YY,38,46306,635,48316,90+,Web,MW,Private
CGGXP5C,68,49882,639,41826,90+,Mobile,MW,Federal
DKNOU6T,32,28736,635,17892,90+,Mobile,S,Federal
JZ6US7R,23,97196,774,25930,1-29,IVR,W,Federal
6HMRTIE,48,71106,703,40642,1-29,Web,W,Federal
RF9CFWA,58,62493,719,61593,1-29,Mobile,NE,Private
C2I92PV,19,85442,703,17882,60-89,Agent,MW,Private
BT9WNJS,26,17880,604,22277,30-59,IVR,NE,Federal
ZWP4O5X,49,81647,740,28500,60-89,Mobile,W,Federal
FC9VD5S,47,70989,652,25668,1-29,Mobile,MW,Private
DIY4NRM,75,21165,778,28056,90+,IVR,MW,Federal
M9J98CW,49,33764,761,21783,60-89,Web,S,Federal
JSFY0U5,29,33548,679,28882,60-89,IVR,S,Federal
DCJS924,24,20797,808,0,Current,Mobile,W,Consolidation
5SSUMH0,70,69755,658,26105,1-29,Agent,MW,Federal
TMAYMYW,58,69543,619,32183,60-89,Web,W,Private
I8RVJFN,72,52265,724,55073,60-89,Web,MW,Federal
CF4US3G,64,96935,630,19803,Current,Agent,MW,Private
5QBB3XM,67,31386,686,12354,1-29,Web,NE,Federal
B0N9CC7,61,95541,615,21813,Current,Mobile,W,Private
FW17VUP,47,68369,678,25482,1-29,Mobile,NE,Federal
RX6PRYI,60,75843,732,34873,1-29,Mobile,S,Consolidation
OCSQOU9,50,49857,658,49565,Current,Web,S,Private
1E4ZNZZ,53,66021,728,51893,60-89,Web,S,Consolidation
8N3VO0E,59,74810,770,25115,60-89,Mobile,NE,Federal
TK2ZT15,75,37341,670,34968,90+,Web,MW,Consolidation
459JJ9G,70,116871,732,44720,Current,Web,W,Consolidation
CYJQE5A,49,75504,583,13930,30-59,Web,NE,Consolidation
XYLJD2V,64,53742,651,16470,60-89,Web,MW,Private
E9WY5WD,27,49210,569,30422,90+,Agent,NE,Federal
YYT86R5,52,30231,677,0,90+,IVR,S,Consolidation
D8VI6FK,67,73678,593,46391,60-89,Web,MW,Private
CIKANU2,47,27600,672,8782,1-29,Agent,W,Federal
22IDC5V,50,48914,672,30551,Current,Agent,S,Private
NKFHB7V,27,47178,756,19590,Current,Agent,NE,Federal
NTYESTA,67,12000,703,44596,60-89,Agent,S,Private
5C5WBQA,42,75052,669,22589,30-59,Web,NE,Private
RO8UA4N,39,55910,702,78029,30-59,IVR,NE,Federal
SP3V5VS,18,58547,697,50737,30-59,Web,NE,Private
23RGUCB,21,41585,768,23199,Current,Mobile,S,Consolidation
LX0ST69,72,12000,704,16287,30-59,Web,NE,Federal
QW5DSK7,58,37204,645,43056,1-29,IVR,NE,Private
NWYWRRA,31,49803,687,24751,90+,IVR,S,Consolidation
GXJEQ4A,23,83881,638,31466,30-59,Mobile,W,Federal
DWAT80Q,65,26641,657,47353,Current,Web,NE,Consolidation
UK1OOA3,28,51514,638,32574,60-89,Web,MW,Private
X64OS9G,31,32428,597,25534,60-89,IVR,S,Private
RGO5SEB,41,44618,752,17759,60-89,Agent,S,Consolidation
B98DS0Y,73,49216,568,1865,30-59,Agent,NE,Federal
S2ULK3F,36,82496,686,23662,60-89,Mobile,W,Private
BL6SGW2,50,34279,586,60112,30-59,IVR,NE,Consolidation
OTEYMOM,65,87717,631,32108,90+,Web,W,Consolidation
LK1B17Z,32,65008,642,21072,Current,IVR,W,Private
YFJNBIF,45,33694,640,0,90+,IVR,MW,Federal
VK1XV1J,44,33001,569,11178,30-59,Web,MW,Consolidation
4XAIC0D,28,42994,654,13333,1-29,Web,NE,Federal
VHV1NM3,38,64730,641,4366,Current,IVR,W,Private
LQFS6HN,32,47373,746,21227,Current,Mobile,W,Consolidation
7HG4P93,57,54552,677,26755,60-89,Agent,MW,Federal
MWMNOHG,42,53714,715,0,30-59,IVR,MW,Consolidation
495AJGA,49,37312,721,62847,90+,IVR,MW,Federal
0Q235G0,25,50719,717,36347,1-29,IVR,MW,Consolidation
AOLXQRM,53,56660,691,17741,60-89,Mobile,W,Private
4UZXY4G,31,61097,619,18882,60-89,Agent,MW,Consolidation
6VNT6O4,27,40113,608,21964,30-59,Web,NE,Federal
04NXV50,67,48887,672,37072,30-59,IVR,NE,Private
B7UDBUJ,31,52496,650,35013,60-89,Web,NE,Private
N16DB0I,55,56194,651,29696,60-89,Agent,S,Federal
W2MAIET,39,79641,698,34118,1-29,Agent,W,Private
GOHMPRS,30,58528,552,51743,60-89,Web,W,Federal
MDB93QX,18,33112,646,47575,1-29,Web,W,Federal
UZLZOO0,27,47294,676,21766,Current,Mobile,NE,Consolidation
GYDBXE1,22,83113,801,11335,60-89,Web,S,Private
XHWRRVA,39,56713,676,40999,1-29,Web,W,Private
1VVTY9F,39,96132,633,23215,Current,Web,S,Private
LPGU8NQ,54,27504,700,0,90+,Agent,NE,Private
W9YUMX0,40,23970,710,27740,30-59,Agent,W,Federal
D1834L2,29,39594,579,58433,30-59,IVR,MW,Consolidation
A6ELOUQ,27,43030,711,38139,30-59,IVR,W,Private
61DM78U,31,20997,648,53746,90+,Mobile,W,Federal
NI1GK2U,75,57647,631,28108,30-59,IVR,S,Private
91QJHDD,68,12000,696,4809,Current,IVR,S,Federal
MDA9OEK,55,91342,678,59882,Current,Web,S,Federal
O2KP3JR,73,32367,618,36979,30-59,Web,MW,Private
N42X2EZ,58,51813,533,36935,60-89,IVR,S,Private
PMKRQ2Y,71,28966,612,12926,30-59,Agent,W,Federal
JGDGK8D,32,65091,639,4501,30-59,Mobile,NE,Federal
NU4H6FQ,24,57060,760,4301,1-29,IVR,NE,Private
VNZVZN2,39,12000,546,15719,90+,Mobile,NE,Federal
ZFFFKEC,56,42151,688,13169,1-29,IVR,W,Federal
TCI9SU6,63,41767,701,2690,1-29,IVR,S,Private
2BWQNXF,60,40296,619,37415,60-89,Mobile,W,Private
SCEJCY1,61,33208,636,31647,1-29,Web,MW,Consolidation
DGB9S7S,23,45327,602,65909,90+,Agent,W,Private
LZAWR7Z,20,76587,637,15341,1-29,Web,W,Private
TLK87N4,40,51868,627,28615,Current,Agent,NE,Consolidation
ZR8MEZR,62,88460,595,20761,90+,IVR,NE,Private
2EPCG6G,23,60036,684,21903,Current,Mobile,S,Consolidation
1OTARLZ,52,56539,541,61431,60-89,IVR,MW,Private
S4MFEL3,64,68976,748,19901,1-29,Web,NE,Private
TYLU58F,39,55551,617,44706,30-59,Mobile,MW,Private
53IQQUO,20,68662,768,42336,Current,Mobile,NE,Consolidation
RZQE54P,59,93250,671,35880,Current,Web,W,Private
DOMSPFQ,48,58603,674,43718,30-59,Web,NE,Consolidation
5ZWUOT8,68,48908,658,0,1-29,Mobile,W,Federal
8479R11,54,84323,572,45877,90+,Mobile,MW,Consolidation
PLYW0BD,48,71011,683,10460,90+,Mobile,MW,Consolidation
KKH0UHK,68,40347,667,53029,30-59,Mobile,S,Private
ZGXUA4D,26,40154,657,7250,90+,Web,NE,Private
0JYJ2DS,28,31620,667,17453,1-29,Web,NE,Federal
W139MXF,50,49661,688,41972,Current,Mobile,W,Private
S1GD1T5,24,51830,758,22981,30-59,Agent,MW,Federal
HA0T3KX,21,56428,740,17316,90+,Web,NE,Private
6SO282D,64,63382,573,56496,30-59,Agent,MW,Federal
3IRVXD2,53,56064,612,34089,60-89,IVR,W,Private
BF1N97N,55,53029,678,3060,60-89,Mobile,S,Federal
M6ZGEVM,25,55346,618,39275,30-59,Mobile,W,Federal
Y7B0U2H,53,52706,642,21909,90+,IVR,NE,Consolidation
9Z04Q3Q,62,31179,649,33383,Current,Mobile,W,Private
N0WCZVL,50,45027,645,6033,1-29,Agent,W,Consolidation
GC095VK,46,26450,688,3675,30-59,Agent,MW,Private
VB8Q351,18,48612,674,58093,30-59,IVR,W,Federal
A6X85ZZ,74,67990,662,39563,60-89,Mobile,W,Private
KST69PV,51,48434,603,57409,60-89,Web,S,Private
LDXFIB9,56,33528,850,12850,1-29,IVR,W,Federal
PJNVWRX,53,26162,652,29246,Current,Agent,MW,Consolidation
OK4KJ1M,39,27913,692,33509,1-29,Agent,W,Federal
N3AX5AT,21,48839,784,47590,30-59,Web,NE,Consolidation
4WHOOBR,20,31286,688,15517,90+,Agent,S,Consolidation
BV0XT9V,21,66177,583,6636,60-89,Web,NE,Consolidation
7204J3M,32,12000,734,27830,90+,IVR,MW,Federal
599GI9M,51,100283,740,25817,Current,Mobile,MW,Federal
AYUAM75,53,52978,725,4606,90+,Agent,W,Private
HEQKMQP,71,12000,638,52064,Current,Web,MW,Federal
VLNKND6,58,65268,695,9981,Current,IVR,MW,Federal
ZYEFG5O,57,42963,749,23608,60-89,IVR,S,Private
3GEHLEK,24,63140,627,27782,Current,Web,W,Consolidation
JJEY7QW,24,45211,696,30181,30-59,IVR,NE,Consolidation
IX7BRRB,65,67429,783,37859,1-29,Web,W,Private
IUADJ72,32,63364,736,819,90+,IVR,NE,Private
Q342DYQ,26,51372,606,0,60-89,Web,MW,Consolidation
ZPXBB3M,75,65084,721,20107,90+,Mobile,S,Private
BPCMOY8,20,43414,531,7199,30-59,Agent,W,Private
AQ15O2N,32,88536,710,30263,Current,IVR,W,Federal
RH7LAY6,43,64625,684,0,30-59,Agent,S,Private
OIYMYK8,19,48170,730,0,90+,Mobile,NE,Federal
QYZ6Y3Z,54,12000,667,44585,60-89,Mobile,MW,Private
L3EOWR8,43,47992,661,38856,90+,Web,W,Federal
8IQWFJR,19,38277,685,35202,90+,IVR,NE,Consolidation
TVGTEKT,30,19013,648,49425,30-59,IVR,MW,Private
D7R1930,32,87864,686,24486,30-59,Agent,W,Consolidation
CHY3T5Q,49,67648,583,31025,60-89,Mobile,MW,Federal
XX9XJUE,35,35486,633,40286,Current,Agent,MW,Consolidation
955CF72,54,50630,705,62732,1-29,Mobile,NE,Federal
GS8O79V,43,49771,747,14476,Current,Mobile,NE,Federal
RQ8K98Y,73,19434,540,2978,90+,IVR,S,Private
M59PCYD,22,38958,641,44308,1-29,Web,S,Private
7OJ98BY,28,12000,633,62580,Current,Web,S,Consolidation
6QYVII1,43,31032,617,41395,30-59,Agent,S,Consolidation
0TA6YY5,55,33763,666,51953,90+,Mobile,MW,Consolidation
6WQ28KC,70,76757,616,19917,60-89,Agent,NE,Consolidation
NUIGEGR,18,60282,605,34715,30-59,Agent,S,Federal
KYLOQM1,46,22179,647,30841,90+,Mobile,NE,Consolidation
PU46U15,26,29932,732,41576,1-29,Web,S,Federal
DJGGGU5,68,68413,726,14029,60-89,IVR,MW,Consolidation
W8JHE5S,64,82842,680,16605,30-59,Mobile,MW,Federal
0ABMKRY,50,64391,800,46227,90+,Web,W,Private
TMQK0YM,21,36271,752,49721,90+,Agent,W,Federal
0OKK0OJ,48,60064,630,2951,30-59,Agent,NE,Federal
ZN59GMU,56,75613,725,23728,30-59,Web,S,Consolidation
CVUE11P,33,56525,622,6126,1-29,Agent,NE,Private
60MV6W2,62,33010,674,16092,1-29,IVR,NE,Federal
WFCCE9F,36,50027,561,26023,30-59,Agent,NE,Private
THBN2X3,71,77154,663,47745,1-29,IVR,MW,Consolidation
EGICQXV,36,86029,538,67282,60-89,Agent,NE,Federal
C54WSQT,68,21810,757,40197,Current,Agent,W,Private
H74ISRC,70,42986,702,30627,90+,Agent,S,Federal
080G9F4,45,59674,682,51655,Current,IVR,NE,Federal
IJKUV2V,56,72457,692,29752,1-29,Web,NE,Consolidation
3A27F57,42,52804,812,44966,30-59,Web,NE,Federal
7U1KDJB,56,42197,597,790,60-89,Web,S,Consolidation
VR9AHEM,18,49607,725,40406,90+,Mobile,S,Private
HIHIPQ1,58,60089,665,67115,90+,Agent,MW,Private
MPA7DZV,55,12000,711,13059,Current,IVR,S,Federal
L5HVDQ0,25,63265,741,0,1-29,Web,NE,Federal
4DDV283,21,31354,697,9861,60-89,IVR,S,Federal
RSVZ2E1,28,88026,697,29000,1-29,IVR,NE,Federal
HOVU5WP,31,44843,702,35678,1-29,Agent,S,Private
R9T9CD1,23,79249,636,24228,1-29,Mobile,MW,Consolidation
5GM80BG,54,72837,683,37707,Current,Mobile,S,Private
ILWUR6Q,66,31395,740,36497,Current,Mobile,W,Federal
WW5K422,33,70673,615,30377,90+,Mobile,W,Private
25LZSE9,46,62597,700,26026,Current,Mobile,S,Consolidation
L8MDZFW,55,20296,674,36745,Current,IVR,S,Federal
X4O1CCY,64,55269,850,43629,1-29,Agent,NE,Private
YQ1JNY6,71,44232,602,18072,30-59,Mobile,NE,Federal
LQGA3QU,58,27569,784,21158,90+,IVR,W,Consolidation
XNDDZTP,65,69378,693,26449,30-59,Mobile,W,Consolidation
QHO8155,64,87859,590,23732,60-89,Agent,W,Consolidation
BOOBCK3,61,44640,705,18416,1-29,IVR,W,Federal
XVXEUSX,50,47951,643,10891,60-89,Mobile,MW,Consolidation
O2Q66BZ,70,58815,709,40180,30-59,Web,W,Federal
8B890ZM,21,71583,689,26224,1-29,IVR,MW,Federal
VYCS44P,35,80325,605,48971,60-89,IVR,W,Federal
XOQ8JXL,35,35182,571,16792,60-89,Agent,MW,Consolidation
3N3BZT9,72,12000,750,34649,Current,Agent,MW,Private
A2Q9OJF,43,71743,758,25927,90+,Agent,MW,Private
KH50K2T,18,20917,570,0,30-59,Web,S,Federal
D1IVXAN,18,55632,728,23253,1-29,IVR,S,Consolidation
ZZ99VMH,49,82151,690,22206,60-89,Agent,MW,Consolidation
PFO8608,54,60722,621,25251,1-29,Mobile,W,Private
YC0KLR7,75,54826,644,34553,90+,IVR,W,Federal
49IX5TT,23,20520,537,11717,30-59,IVR,W,Consolidation
NIFJOND,74,58189,744,52240,Current,Agent,W,Federal
HKQI5OF,56,81433,629,49722,60-89,IVR,W,Federal
ACZHZEQ,34,32103,662,29631,90+,IVR,NE,Private
6IAQIIJ,55,74802,702,17393,60-89,Agent,MW,Private
EOGE9B4,28,48818,843,55996,1-29,Web,NE,Federal
XM4IV5J,31,43432,635,35248,Current,Agent,NE,Private
6X14AI7,39,92566,631,9790,Current,IVR,W,Consolidation
1NI10KQ,57,43602,718,43409,Current,Web,NE,Federal
ZX0W4T7,62,55163,669,64886,1-29,IVR,NE,Private
L3E49YW,63,78081,594,52268,60-89,IVR,S,Federal
IYN62U8,60,28172,715,41148,90+,Mobile,W,Federal
JXR7P4E,28,66223,654,36671,1-29,Mobile,NE,Consolidation
8UFQAU5,21,12103,678,21194,1-29,Agent,W,Private
8IFTKF7,29,36174,643,34519,30-59,Agent,S,Consolidation
PEOSO1F,49,19323,722,26436,60-89,IVR,W,Private
G6NX9OW,73,38753,682,43164,30-59,Web,MW,Private
H59G5HG,31,39346,690,8021,30-59,Agent,W,Private
NWKCUT5,60,42272,679,17225,30-59,Agent,S,Consolidation
T1S4JID,68,35708,601,22597,60-89,Agent,MW,Private
HGYR9NA,21,47337,663,28590,Current,Web,NE,Private
UN91FY6,68,59131,695,19191,30-59,Mobile,NE,Federal
GF2IXW2,37,53961,598,47615,30-59,Agent,NE,Private
H2U8V7L,72,12000,589,31843,60-89,Agent,MW,Consolidation
TB1PPQV,54,61767,623,27805,90+,IVR,MW,Consolidation
8P0LW38,66,24051,739,32694,1-29,Mobile,NE,Consolidation
JLPEFJA,54,68648,644,31635,90+,Mobile,MW,Private
LKEMHLW,49,12000,655,51797,30-59,Agent,NE,Federal
0QFX7A1,51,16404,775,31772,30-59,Agent,S,Private
MSAB3BV,72,46238,731,35944,30-59,Mobile,S,Federal
N4LL1WO,20,39848,732,22321,Current,Web,W,Federal
C1AU9DS,39,61626,751,30817,90+,Agent,W,Consolidation
LCBIEDB,38,37979,631,27624,60-89,IVR,W,Consolidation
N2OJGFH,67,75240,691,13233,1-29,Agent,MW,Consolidation
W6YQEF8,20,69935,609,31235,30-59,Agent,MW,Federal
J8FN2BE,24,77657,759,49304,60-89,Mobile,MW,Federal
7ZXFMX9,37,70035,601,35759,60-89,Mobile,NE,Federal
EJGXAA2,75,46211,666,24956,90+,Mobile,NE,Consolidation
0JSMSAJ,35,39533,644,22603,60-89,Mobile,W,Federal
7AUIGJD,32,69824,583,14789,90+,Web,W,Consolidation
XJBC8VD,18,28766,677,51179,30-59,Mobile,S,Consolidation
9RFGXJ6,24,64850,693,23783,Current,Agent,NE,Consolidation
1BOCZKW,24,61002,705,34386,Current,Agent,S,Consolidation
9R3VP8L,75,83632,702,9062,1-29,IVR,W,Federal
YVETN2Q,22,12000,658,10808,90+,Agent,MW,Consolidation
PFG8PJV,58,33170,643,26732,1-29,Agent,W,Federal
BAGXKK3,74,83303,623,67204,90+,IVR,MW,Consolidation
SPPN74P,45,42554,679,0,1-29,Agent,S,Private
Y1V9L29,49,82020,655,14723,90+,Web,S,Federal
CAOKPM4,19,72968,529,10720,60-89,IVR,MW,Federal
BPLQ9SD,68,54514,770,30708,1-29,Agent,MW,Federal
W305PUR,40,32565,578,40614,60-89,Mobile,S,Federal
LYK83TQ,74,12000,669,26347,Current,Agent,MW,Consolidation
2QGV3DR,24,57670,601,0,30-59,IVR,S,Consolidation
06W819F,26,45758,654,33051,1-29,IVR,S,Consolidation
HBXCSXC,61,40988,702,52760,Current,IVR,NE,Consolidation
8MZCHZ1,22,49747,643,56588,60-89,Mobile,NE,Private
ASAQHFB,21,88422,577,14952,60-89,Mobile,NE,Private
4CQEKIU,48,25695,688,56166,90+,Web,S,Consolidation
FYEGFYA,38,57158,725,55910,1-29,Agent,W,Consolidation
U42I3P4,33,88150,779,44242,1-29,IVR,NE,Federal
53AYEQA,38,28142,570,15232,30-59,Agent,MW,Federal
XHPD3BG,30,82028,815,31890,Current,Agent,NE,Private
3NWXROG,40,68642,697,42314,30-59,Mobile,NE,Private
P25M9FE,66,54152,822,31635,1-29,Web,W,Private
241UWNZ,61,48658,594,31754,30-59,Agent,MW,Consolidation
J1GEV8C,36,24985,730,75531,Current,IVR,S,Federal
8BWAUFX,61,46407,685,23404,30-59,IVR,W,Federal
G680IUG,74,89218,676,35583,90+,Agent,W,Federal
SV18F6F,28,48059,639,27779,90+,Mobile,MW,Private
5XI18T1,65,37405,559,37685,60-89,IVR,NE,Federal
URPQZVY,33,44614,581,28488,30-59,IVR,MW,Federal
YSZDED8,45,27301,741,41147,1-29,IVR,W,Private
LOA8O34,41,72408,637,15724,90+,Web,W,Private
JVLCG1J,60,49237,587,30265,30-59,Mobile,W,Consolidation
RSSDVB2,31,97185,726,15961,Current,Web,NE,Private
M7BPQJM,67,19228,692,14436,Current,Mobile,NE,Consolidation
P8EICFA,48,55479,574,12244,30-59,IVR,MW,Consolidation
MJJQGFJ,40,32525,739,83300,Current,Web,S,Federal
76D2KJR,41,26625,700,53678,1-29,IVR,S,Federal
T6XIYZV,52,24981,692,54118,1-29,Web,NE,Consolidation
8E9UF3Q,34,31139,735,0,Current,Mobile,W,Consolidation
WV7AR0S,56,26805,529,26388,30-59,Agent,MW,Private
NN6B09X,24,43126,635,43645,90+,IVR,S,Consolidation
CRKFKJ6,26,71409,661,25468,Current,Agent,NE,Private
UR58X9Q,58,45570,606,39233,30-59,IVR,S,Federal
L9HGMTV,53,70077,610,34174,60-89,Mobile,S,Consolidation
MUITSUL,29,34200,553,22197,30-59,Web,MW,Federal
Z2H4Q4V,42,64809,634,0,30-59,IVR,MW,Private
361XSNB,68,65040,653,39463,60-89,IVR,W,Federal
GWVJJ2X,70,54004,709,58098,1-29,Web,MW,Private
F9AHO3K,37,49388,581,14839,30-59,Mobile,MW,Private
RJ4BX95,29,42746,631,29962,30-59,Agent,S,Private
N26F4DQ,37,30022,787,29941,60-89,IVR,NE,Consolidation
IO4X85I,54,12837,661,29456,1-29,IVR,NE,Private
S3KKV9R,23,59794,538,39322,60-89,Agent,NE,Federal
XF36L3E,35,58272,690,24242,60-89,Mobile,NE,Private
IW8CYSY,67,12000,803,36756,60-89,Agent,MW,Federal
V9L660N,51,76354,725,55737,90+,Mobile,MW,Private
7WLYZFP,39,34467,724,0,1-29,IVR,S,Private
SIBGWNZ,72,50368,614,19871,90+,Mobile,S,Consolidation
DCDQVUL,57,60162,659,32535,1-29,IVR,S,Private
A4XPZWY,43,94892,693,54876,Current,IVR,W,Federal
UNMAD1B,25,32141,674,54631,90+,Mobile,W,Consolidation
0KWD0LB,50,53388,789,0,Current,Web,W,Private
PCGQ6PE,57,28141,767,40407,60-89,Mobile,W,Federal
DX2JAS0,36,12000,692,8520,30-59,Mobile,MW,Private
E09WQ4N,71,12820,608,43106,90+,IVR,MW,Private
PKW7493,43,38339,635,16596,1-29,Mobile,S,Consolidation
QK711UZ,38,61367,703,42015,1-29,Web,S,Federal
I0LWQBY,59,26826,757,50396,30-59,Agent,S,Federal
Q3BBT9M,68,64340,583,49361,60-89,Web,W,Federal
O3S65QU,52,56066,660,41534,30-59,IVR,S,Federal
CYC3T13,39,38934,718,30730,1-29,Web,S,Consolidation
XGXVV0F,34,61330,659,27807,60-89,Agent,W,Private
URVI8PJ,64,42451,679,43102,90+,Mobile,S,Federal
7L0RCTI,46,40404,724,12058,Current,Agent,MW,Consolidation
P9VRNEG,32,35416,745,19169,1-29,IVR,S,Private
2Z2V17T,70,36735,738,10093,1-29,Mobile,MW,Federal
VETNSM8,57,83370,608,5489,60-89,IVR,NE,Consolidation
IM06ETC,53,69963,631,70424,60-89,IVR,W,Consolidation
AI77LX9,54,54529,633,0,90+,Web,NE,Private
ZCHHXA7,33,50479,710,30272,60-89,IVR,MW,Private
4G8R7SN,59,81235,651,45094,30-59,Web,MW,Private
61Y2X6M,18,60020,717,8841,90+,Mobile,S,Consolidation
Z9PWQ7F,23,38028,631,22582,60-89,Web,S,Private
0DPDZNX,45,63873,700,44946,90+,Agent,MW,Private
ZK08CT6,25,59956,622,17530,30-59,IVR,MW,Consolidation
3GPI3RF,29,80875,753,13679,30-59,Web,NE,Consolidation
D8L8DJ0,48,40736,658,24695,30-59,Web,NE,Private
CERKNCM,56,76530,555,23640,30-59,Mobile,W,Federal
005S1QQ,27,79280,699,59348,90+,Agent,S,Consolidation
P94YTNC,37,56036,561,45330,60-89,Web,MW,Private
JBC2SWS,29,59348,654,38277,90+,IVR,MW,Federal
AYJZ7T6,42,45164,649,5209,30-59,Mobile,S,Private
9ARSOZ9,26,75949,711,50238,90+,IVR,W,Consolidation
C7RM6J8,50,44943,804,24388,60-89,IVR,S,Federal
9V86WZS,72,39862,646,11805,Current,Mobile,MW,Federal
BTR8SYO,23,85606,619,45060,30-59,Web,W,Federal
KLNK3Y9,22,15267,636,23772,1-29,Mobile,W,Consolidation
QH0CECI,70,59885,636,12588,30-59,Agent,W,Private
JA2M0W1,38,61032,711,22852,90+,Agent,NE,Consolidation
N5H5JMC,71,65620,720,19070,1-29,Mobile,W,Private
W012O78,72,103307,641,39236,1-29,IVR,W,Private
LQH7PPC,19,59663,757,41743,60-89,IVR,W,Consolidation
0AP1WNS,46,91763,680,25274,Current,Mobile,W,Federal
19EMF8R,25,47583,699,23482,60-89,Agent,MW,Federal
NOG85D4,44,33619,623,23054,1-29,Mobile,MW,Federal
OXEF4A5,52,39296,576,41393,90+,Agent,NE,Private
LSBJLVY,54,23765,643,50150,1-29,Web,W,Private
YXBD07Q,70,63822,573,27623,30-59,Web,W,Consolidation
G3SD2GN,26,89362,651,27330,30-59,Mobile,S,Private
1N76S20,31,70362,775,22406,30-59,Mobile,MW,Federal
OWGZRIX,27,26173,685,32876,90+,Mobile,MW,Federal
OR9F5IV,67,58424,717,14845,1-29,Mobile,W,Federal
48GWGHM,66,34180,676,40954,60-89,Mobile,S,Consolidation
852WB7T,25,77916,605,53384,60-89,Mobile,MW,Consolidation
T8QZPKY,75,49297,656,43376,30-59,Mobile,MW,Federal
MHLTT7R,49,69454,644,20084,1-29,Web,W,Federal
YGE3VJA,25,72669,676,50937,1-29,Mobile,S,Private
ZOD05JH,23,65655,655,39018,1-29,Web,NE,Private
O515IGJ,35,52572,762,17025,60-89,Web,W,Private
W3JGEQE,42,44137,680,28461,Current,Mobile,MW,Federal
WXVTX6P,47,40006,727,57164,90+,Mobile,NE,Private
R8H6OWW,38,57644,607,29291,30-59,Web,NE,Private
P2R7DOY,31,65418,703,33274,60-89,Web,S,Consolidation
NWYTAU7,20,59402,603,25394,30-59,IVR,W,Consolidation
0A0UY9F,23,45521,545,30744,90+,Web,W,Consolidation
BOMVIBZ,38,61105,599,22685,30-59,Mobile,MW,Consolidation
GWA654N,67,22844,734,19607,30-59,Mobile,W,Federal
D5KGF39,49,58397,746,39966,30-59,Web,W,Private
Y5L57SZ,21,96779,645,0,Current,Agent,S,Consolidation
O8L5KBT,39,75810,605,61628,30-59,Mobile,MW,Private
NPS119O,40,55668,609,57437,30-59,Agent,MW,Private
7ODM6IN,46,25784,633,34874,1-29,Agent,MW,Federal
5TO3E1E,65,99713,648,6415,Current,IVR,S,Private
XA41QDP,20,51855,614,34498,30-59,Web,MW,Federal
USFN07E,71,60708,598,35569,30-59,Mobile,NE,Federal
7VXUQDR,24,13681,616,43270,30-59,Web,S,Private
061ATM1,35,19233,765,34214,60-89,Web,S,Federal
KNU2MWM,33,73616,703,50817,90+,Mobile,S,Private
9V0PQ2L,70,38257,640,21985,60-89,Mobile,MW,Private
BQ08F1I,60,90948,657,32537,Current,IVR,NE,Consolidation
LPB0100,73,30408,788,33642,1-29,Mobile,W,Private
3HI0X5F,19,43517,794,0,1-29,IVR,S,Private
L1YEDZ3,27,63830,705,62221,60-89,IVR,W,Private
VRQVQLQ,67,65341,692,23210,30-59,Mobile,S,Private
55L1P1D,46,58082,739,1855,Current,Agent,S,Federal
G5KSGV2,71,54320,604,38224,30-59,Mobile,NE,Private
KVR6AX8,63,60113,656,30083,30-59,Mobile,W,Consolidation
7EEDTJV,43,43874,617,28574,30-59,Agent,NE,Federal
C4JVMXC,46,50739,633,0,1-29,Agent,MW,Federal
P1NA6KS,59,39759,564,33737,90+,Agent,MW,Private
U90ZCQL,57,31737,670,32981,Current,IVR,MW,Federal
DN65SWS,60,73412,682,2881,30-59,IVR,MW,Private
Z7XU67P,54,64461,686,7051,90+,Mobile,NE,Private
48GCNUB,25,59464,767,24926,1-29,IVR,MW,Private
SJJCAXO,60,70918,773,26813,1-29,Web,MW,Consolidation
F9LO4ZZ,50,81720,630,0,60-89,Agent,S,Consolidation
E4XYF9I,26,46880,656,7190,Current,Mobile,S,Federal
7PY2Z96,35,43135,678,13511,30-59,Mobile,MW,Consolidation
L37546F,67,46965,716,17879,30-59,IVR,MW,Consolidation
Q8RL6AB,35,75658,636,45634,Current,Mobile,NE,Federal
FD143XR,18,45571,765,3615,90+,Agent,S,Consolidation
I73T2GQ,35,23960,607,29840,30-59,IVR,W,Private
AHCZKCH,27,55442,680,36571,60-89,IVR,S,Private
E9EBHNQ,64,44294,695,23345,Current,IVR,MW,Federal
I8BLIEN,52,12000,677,23154,1-29,Web,S,Consolidation
BQAM97X,32,35111,734,32665,90+,Web,NE,Consolidation
QR3EV1R,26,60706,655,52067,30-59,Mobile,S,Consolidation
GY0LZS3,34,45500,731,22903,1-29,IVR,W,Federal
DF08UPN,28,78819,793,13576,60-89,Mobile,S,Federal
9VSNH0E,19,51043,696,45055,1-29,Mobile,S,Private
LFQEBIW,20,12000,699,30459,1-29,Web,S,Federal
T5BC1U0,56,47204,640,41079,Current,Mobile,MW,Consolidation
XJUY0BV,39,58756,632,19138,30-59,Mobile,NE,Consolidation
N3FRLUZ,35,56777,700,37839,60-89,IVR,W,Private
O31YHXS,23,66288,692,2772,Current,Agent,NE,Consolidation
H23GXRI,20,42142,689,20095,60-89,Mobile,MW,Federal
HU270A0,50,62981,596,17431,30-59,Agent,NE,Consolidation
M4GSD5B,69,53073,711,22320,Current,Web,NE,Federal
TLQ74FC,36,20451,741,43167,60-89,Agent,MW,Consolidation
0DRVCNI,26,75297,696,14121,90+,Mobile,MW,Private
4GSY7VH,68,44651,705,11110,90+,Web,NE,Private
O4MLVW8,56,60374,575,11545,60-89,Agent,W,Consolidation
D0R450F,47,54275,712,62361,1-29,IVR,W,Private
NHCGW33,56,83161,641,19430,1-29,IVR,S,Private
DV56ONX,62,40331,697,21366,60-89,IVR,S,Federal
0IU7HWL,44,50910,654,28427,Current,Agent,W,Consolidation
3ZEZQAC,48,45802,802,41585,90+,Web,NE,Federal
W6UR7I2,43,38152,635,34930,30-59,IVR,NE,Private
KPLPMV3,36,38745,608,32903,60-89,IVR,W,Federal
5XJ3Y1X,26,59497,717,0,Current,Agent,MW,Consolidation
XXASHVF,44,78873,604,33337,60-89,Agent,MW,Consolidation
S9NPTPR,33,70176,689,42390,Current,IVR,NE,Private
ATI2HUX,64,15261,662,24241,1-29,Mobile,NE,Private
7SELS3C,32,12000,805,16208,30-59,Mobile,S,Private
3T4Y0TB,63,37979,748,25592,60-89,Agent,S,Federal
8MYDL0L,31,45613,678,0,60-89,Agent,MW,Federal
NK4OTBG,25,76069,657,19770,30-59,Web,W,Consolidation
8RWDJ4V,30,72301,699,0,1-29,Mobile,W,Federal
FNXRL47,28,92060,650,51342,Current,Agent,MW,Private
8IM3OLN,40,78890,663,23173,1-29,Web,W,Federal
GT6LKWK,44,74446,688,46398,90+,Agent,MW,Federal
ANKB23J,70,12000,632,57703,60-89,Agent,NE,Federal
ZMYP2CH,29,38055,628,28348,Current,Mobile,NE,Consolidation
DPFSSBJ,23,25925,733,34634,60-89,Web,MW,Private
OL6BIV0,74,49647,605,12645,30-59,Web,W,Federal
9V3ANHR,29,50845,707,0,1-29,Mobile,NE,Consolidation
MLID370,58,39984,661,0,60-89,Agent,NE,Federal
M7K4986,47,73805,657,25131,1-29,Web,W,Federal
GUK1ZG8,35,91998,656,43043,Current,IVR,NE,Consolidation
BVQ4RKP,23,24007,676,7242,Current,Web,MW,Private
66Z230J,75,76965,656,27857,1-29,Agent,S,Consolidation
772IY1U,74,44506,584,52135,30-59,IVR,MW,Private
WC9F2TB,64,16066,637,25072,90+,IVR,MW,Federal
OZFSRAZ,62,74480,815,46976,Current,IVR,W,Consolidation
J1Q3Q5P,37,31638,737,40974,1-29,Mobile,S,Private
BMC97C7,18,36101,718,20776,Current,Web,NE,Federal
E6ZVLHY,63,30915,611,22125,30-59,Agent,MW,Federal
X995405,39,69356,634,38371,1-29,Web,MW,Private
82DE12U,41,52715,695,25406,Current,Agent,W,Federal
BIDFWA8,24,44823,698,24856,Current,Agent,NE,Federal
S1GYAPN,45,55937,638,17135,1-29,Web,NE,Private
9RDPXDF,60,61253,702,28991,1-29,Mobile,MW,Private
DVG7OQ2,67,81208,661,40830,90+,Web,NE,Consolidation
H0QA1LS,26,71106,623,38758,Current,Mobile,NE,Federal
HECFXW7,65,58512,656,1016,90+,IVR,W,Private
UQAAJ84,56,83735,681,14391,30-59,IVR,MW,Private
E8E5TNL,47,67926,760,45459,30-59,Agent,W,Private
L2KSZIP,47,67446,700,30174,60-89,Web,S,Private
X63CFL0,68,54094,601,24858,30-59,Web,MW,Federal
JO2T629,27,61671,780,30809,1-29,Mobile,S,Private
3NXPPBD,57,39371,732,35016,60-89,Agent,MW,Federal
TJBLDWV,22,42979,787,39435,30-59,Mobile,S,Federal
FORDPUO,43,29968,633,59179,Current,Agent,NE,Consolidation
230Q3QA,25,55542,622,17399,30-59,IVR,W,Federal
M7I9RY3,61,23187,674,37218,1-29,Mobile,S,Federal
ITGUKTQ,66,52846,724,17492,60-89,Mobile,S,Private
C0DJ96I,66,43645,695,11077,60-89,Agent,W,Consolidation
9GL4B73,44,82306,617,14138,30-59,IVR,NE,Private
8MCLICE,55,12000,718,47527,Current,Mobile,MW,Consolidation
78BNWD7,32,27348,738,40619,90+,IVR,S,Federal
V7LN23Y,73,60014,727,0,1-29,Web,S,Consolidation
OBRUJ1H,35,32364,723,33292,Current,IVR,NE,Consolidation
U4BAWZ9,54,67593,693,8859,60-89,Mobile,NE,Private
X1UM55F,71,41347,719,15850,30-59,Agent,MW,Consolidation
1TGLNSS,44,49653,722,53964,Current,Agent,NE,Federal
QKE2GJR,23,71918,641,35479,60-89,Agent,S,Private
B74X2EK,47,60726,682,1474,30-59,Mobile,MW,Federal
921YK9X,74,60272,695,26149,30-59,Web,MW,Private
98Z2MF0,37,54321,671,0,90+,Agent,W,Federal
L2UG05W,43,26293,622,0,60-89,Agent,NE,Private
OFUOE7G,34,48387,715,17428,1-29,Agent,W,Consolidation
NR1CGWJ,53,21610,731,1999,60-89,Web,S,Private
0LNK4U6,46,64070,811,7376,Current,Agent,W,Private
SOVJ625,58,14427,686,4649,Current,Web,S,Consolidation
LEJP8FW,63,44411,670,30270,1-29,Web,MW,Private
NUABWM1,71,35368,742,32695,60-89,Mobile,NE,Private
UAYBDTN,50,54819,582,18734,60-89,Web,MW,Consolidation
8M52GCF,29,13772,769,33697,Current,Agent,NE,Consolidation
Q3GCG1J,21,71587,610,48332,90+,IVR,W,Private
GK4P9OD,48,27381,569,38851,30-59,Agent,NE,Consolidation
HXRIBXA,72,13540,697,24610,1-29,Mobile,MW,Consolidation
5ZR8346,60,20235,728,20781,1-29,IVR,NE,Private
8EK38CJ,55,47280,676,28654,60-89,Mobile,MW,Federal
ULUNH2Z,72,53111,646,21432,30-59,Mobile,S,Private
QOLF43Y,39,17362,744,32600,30-59,Web,W,Consolidation
X4SVKKU,64,67667,826,32729,Current,Agent,MW,Federal
4P2EK1H,63,44665,668,22627,60-89,Agent,NE,Private
4VMBLCW,72,12000,657,3297,30-59,Agent,S,Private
YYJCVOH,27,87494,576,41471,30-59,IVR,S,Consolidation
E4Q6QDY,21,64486,661,4563,60-89,Mobile,NE,Private
ZTNE0V4,49,42803,655,22983,Current,Web,NE,Consolidation
VW0NHJL,39,108584,780,33771,Current,IVR,S,Federal
0CPSFA8,48,66677,633,19267,1-29,Agent,NE,Consolidation
LYQP2U7,19,59897,652,0,60-89,IVR,W,Federal
DS3QSQC,35,81733,687,19270,1-29,Mobile,S,Consolidation
87PSCH8,68,61691,711,21257,30-59,IVR,NE,Consolidation
UFCMVQ9,58,12000,717,19416,1-29,Mobile,NE,Private
OQKZ6L6,67,61839,502,6381,60-89,Web,NE,Private
EWJR73C,69,63142,665,24770,90+,Mobile,W,Consolidation
QT9OJ4X,42,71067,758,21495,1-29,Agent,W,Private
TGMALWV,35,68780,694,42498,1-29,Web,S,Federal
YFH3XDV,52,65892,760,36472,30-59,Agent,W,Consolidation
KKEQVI0,61,53733,675,19580,60-89,Web,MW,Federal
IKCIDKW,30,71911,785,53102,Current,Agent,W,Private
6XNISOS,74,29652,670,30661,1-29,IVR,MW,Private
DJPTOYU,74,57461,691,16341,1-29,IVR,MW,Federal
WTT3E9V,60,41137,687,21519,60-89,Web,W,Federal
CKSC63G,72,66530,742,15169,90+,IVR,MW,Private
BZIRJYZ,47,62395,727,25393,1-29,Mobile,MW,Consolidation
952B5IK,23,40371,640,28272,1-29,IVR,MW,Private
FO5YVMT,75,47085,782,0,90+,Agent,W,Private
6D27Z5Q,38,61300,745,71119,30-59,Web,W,Federal
O6JRU7N,31,54697,791,7271,90+,Web,W,Federal
0P875KN,66,68763,790,0,90+,Mobile,MW,Consolidation
NFECW9A,21,26851,716,11439,Current,Web,MW,Consolidation
9NPGIRD,30,34016,811,26579,60-89,Agent,NE,Federal
3FL0ELL,49,107084,688,14770,Current,IVR,MW,Consolidation
DKU6JED,44,34121,694,36025,1-29,Mobile,W,Consolidation
0U6MY9H,30,29096,594,0,30-59,Mobile,MW,Consolidation
WZ90UE0,61,72406,674,43037,90+,Mobile,S,Consolidation
8OG996J,25,47726,653,23627,90+,Agent,NE,Consolidation
20UC87N,49,72772,626,46615,90+,Agent,NE,Consolidation
E82XEU7,35,74789,665,37390,90+,IVR,S,Federal
MQVINDH,69,79653,669,17097,30-59,Web,NE,Private
DX0PKOV,50,35555,648,21388,60-89,Web,S,Federal
S74NDDA,24,34950,609,41873,90+,Agent,S,Private
KIANOUO,63,68247,600,29769,60-89,Mobile,NE,Private
FZHFEFP,44,78637,698,29904,1-29,Agent,NE,Private
QX1CLMM,47,45698,724,54002,90+,IVR,S,Federal
TDNAPGF,34,76754,774,47002,1-29,Web,S,Federal
K9F6G8V,32,58085,610,38519,90+,Agent,MW,Private
5PSPU69,24,45276,642,48989,1-29,Web,S,Federal
0K23Z2Y,68,33663,794,13958,Current,Mobile,W,Federal
RE8IV8A,73,36433,715,0,Current,Mobile,W,Private
JGZ3FPX,27,57740,609,19300,90+,IVR,S,Federal
I15H25Z,25,56123,746,0,1-29,IVR,NE,Consolidation
L745CSF,65,78445,719,36914,Current,Web,NE,Consolidation
YA1JUSS,52,27191,574,34522,30-59,IVR,W,Consolidation
4K43SAF,29,18966,637,15285,30-59,Mobile,NE,Private
R8QOOEG,47,22207,682,43312,90+,IVR,NE,Consolidation
C0TW4HM,27,64566,748,66433,Current,Web,W,Consolidation
Y6RH05H,40,12000,599,46476,60-89,IVR,NE,Federal
O5A439G,54,67226,703,50123,1-29,IVR,W,Private
QF8RM9I,72,30711,817,66034,60-89,Agent,W,Private
AMOX96U,44,62719,765,45742,1-29,Web,NE,Private
IKPDXKI,47,32917,671,4680,30-59,IVR,NE,Federal
T1LB8JO,32,57670,706,31735,90+,Web,MW,Private
7LM8E49,36,51936,704,25797,Current,Mobile,MW,Private
JFO2ATZ,60,16665,696,41134,30-59,Agent,MW,Consolidation
RD16NJ1,49,73893,591,58504,30-59,Agent,S,Federal
U9SH7N1,38,38275,681,51617,Current,IVR,MW,Federal
8NSWHWY,73,58066,706,6714,Current,IVR,S,Federal
0OK0Y03,30,50287,592,21732,30-59,Web,W,Federal
1DRWR2R,59,87528,712,20671,30-59,IVR,MW,Federal
ZNVP8GM,24,86753,683,28104,90+,Agent,S,Federal
PX7QA7D,48,38260,705,40942,1-29,IVR,S,Consolidation
NDITN5K,69,12275,786,23081,1-29,Web,MW,Federal
UIU3XMV,53,19830,732,35849,90+,Mobile,W,Consolidation
L1WDX68,36,15873,572,0,60-89,Web,NE,Federal
S5WW7XH,62,16613,630,49842,60-89,Agent,S,Consolidation
JH7G160,72,12790,696,26476,Current,Web,S,Federal
C1ZA0DV,23,62930,687,27193,90+,Agent,W,Federal
6AZTIKV,70,88593,636,35116,Current,Web,S,Consolidation
MYOA2VC,45,76531,768,21371,1-29,Agent,W,Private
TE0Q32R,59,45741,567,0,30-59,Mobile,NE,Private
KDK2YWF,34,54427,701,33835,90+,Mobile,S,Consolidation
FFQOT8H,47,19776,618,0,60-89,Web,W,Federal
QW4C6LB,74,54379,775,39739,90+,Web,MW,Consolidation
520HH28,64,87773,781,32024,Current,Agent,S,Consolidation
9U16KQ8,39,55978,706,9361,90+,Agent,W,Federal
9ZOBZOU,65,100393,561,26603,Current,Agent,W,Federal
H0QBVRP,42,82967,702,35532,30-59,IVR,W,Private
NAGNIDP,19,47602,734,14289,90+,Agent,W,Consolidation
DSWM31Y,71,50577,711,34600,Current,Web,S,Private
QXW7DS7,56,49445,677,31158,1-29,Web,MW,Private
A6S0JEC,24,59923,642,24701,Current,Agent,W,Consolidation
Y0CLCCV,39,76639,687,10387,Current,IVR,MW,Consolidation
IVK0B73,47,19940,734,15023,Current,Mobile,MW,Federal
PVDEYCZ,64,55582,657,68650,1-29,Mobile,MW,Federal
IZIWNT0,62,50585,714,16279,1-29,Agent,W,Federal
LFDJ2Q8,41,38973,716,26668,90+,Agent,MW,Consolidation
87JLGTV,35,51489,712,0,90+,Web,W,Private
GMTQ0HI,24,30632,775,10259,1-29,Agent,W,Federal
67YURNZ,41,25535,776,50115,1-29,Agent,S,Private
KP6JR07,47,67180,711,22779,Current,Agent,W,Consolidation
Y4II7VX,57,50500,691,27614,60-89,Agent,S,Consolidation
ZV0DSG6,45,55779,588,42667,60-89,IVR,NE,Consolidation
W12TPL7,25,71653,648,5058,90+,IVR,W,Federal
DSP6W2W,60,72745,631,30228,60-89,Web,W,Consolidation
95TX69V,34,29915,649,45671,30-59,Agent,NE,Private
I72OALF,66,51219,609,38629,60-89,Mobile,MW,Private
DLOR2TY,27,55361,695,51085,1-29,Web,W,Consolidation
4LF3CF0,53,22811,552,34540,30-59,IVR,NE,Federal
I3LPLFW,29,39970,638,18802,Current,Agent,NE,Federal
QPNPN72,32,58469,703,18289,30-59,IVR,NE,Federal
T229Q7I,35,66704,685,34678,Current,Mobile,NE,Federal
YQZSS8V,26,38012,669,16251,90+,Web,S,Federal
B86ZU04,62,76842,683,25868,1-29,Mobile,S,Consolidation
XHHDAS1,53,39703,696,59479,90+,Mobile,S,Consolidation
JEHLYCG,28,73192,643,40145,Current,Mobile,S,Private
LB2WCY4,21,21691,647,13763,Current,Web,MW,Federal
JSRD9Q4,57,21920,731,17306,90+,Web,NE,Private
E8BTQ78,46,83866,681,10079,90+,Mobile,MW,Federal
N3WZ3VU,51,65379,637,34396,Current,IVR,NE,Consolidation
SH2UX6J,50,77394,720,65274,30-59,IVR,MW,Federal
GE4OF63,45,23149,617,26282,90+,Mobile,W,Private
EEHFU4B,26,53951,708,8213,60-89,Web,MW,Private
X8L008U,27,25694,526,23230,30-59,Web,W,Consolidation
MWOB4FD,33,72538,683,46923,30-59,IVR,NE,Federal
601EJT1,61,46749,573,24309,90+,Mobile,W,Private
KWXG0ZF,38,48665,529,13351,60-89,Mobile,MW,Consolidation
RNUTPCO,72,80671,639,37461,90+,Web,S,Private
59TYZCP,32,47876,825,36170,60-89,IVR,NE,Federal
1K4O27E,72,64489,727,31778,30-59,IVR,NE,Federal
TEH6Y5F,35,15576,688,18478,90+,Web,MW,Private
2FVFA2N,64,41610,603,19539,90+,IVR,W,Private
KSAUA4R,29,71943,597,55220,30-59,IVR,NE,Private
O504FX0,27,82831,678,39839,90+,IVR,NE,Consolidation
P2KUGEO,25,78398,646,54141,30-59,Web,MW,Consolidation
U2OKJLN,32,60113,683,44116,Current,Mobile,W,Federal
B2I98NK,75,64458,689,0,60-89,IVR,MW,Consolidation
ZRJ48L9,59,42711,629,48135,1-29,Web,W,Federal
YTCMBVP,27,67696,664,2071,90+,Web,S,Consolidation
1OA3VF0,63,104160,699,16496,Current,Web,S,Private
LIZ63IV,53,47709,652,41388,Current,IVR,MW,Consolidation
NZKRSN8,44,27757,702,51227,30-59,Mobile,S,Private
L9INTUO,52,79494,709,24124,Current,Web,W,Private
RAVPX0X,49,59393,737,37627,Current,Mobile,MW,Consolidation
Q496US5,62,76405,666,58390,1-29,Web,W,Private
1NBZOYW,55,87925,726,37695,1-29,Mobile,W,Consolidation
87XPI79,60,67238,577,6696,60-89,Web,MW,Federal
KVL9PTK,75,37712,701,40067,Current,IVR,NE,Private
H5CSK30,49,23797,791,36903,Current,Agent,W,Private
ODGZDN9,31,45001,748,3708,30-59,Mobile,MW,Federal
XQ7XL88,28,12000,665,0,30-59,Agent,W,Consolidation
1BKDJT4,38,68973,651,0,90+,Mobile,NE,Consolidation
ED6LOB2,54,21662,760,38032,30-59,Agent,S,Federal
B3LTIJA,53,49087,720,36766,90+,Web,S,Consolidation
04YPRPA,58,33226,720,32280,60-89,Web,W,Federal
0H4S41F,55,58915,736,51088,90+,IVR,MW,Private
O5DIGXL,42,12000,625,25251,1-29,Mobile,S,Federal
NOLBA0X,21,28152,678,27314,1-29,IVR,S,Federal
YQBRS3X,57,64233,661,11107,30-59,IVR,NE,Federal
I4FO7PW,54,82364,593,14714,30-59,Mobile,S,Federal
CVHLBPR,68,29432,773,52857,90+,Mobile,W,Federal
JEDODWH,63,54738,747,23883,Current,IVR,NE,Consolidation
9NUFHN5,33,43226,662,31939,30-59,IVR,MW,Private
NJ55AB7,73,38015,651,27859,60-89,Web,S,Federal
AYYBGRX,67,72121,701,61194,30-59,Web,NE,Federal
Q8R4HC7,56,23965,784,15873,60-89,Agent,S,Federal
AKVXT2F,36,50979,729,20225,30-59,Agent,S,Consolidation
BCD6FXN,49,57885,674,58023,1-29,Web,NE,Consolidation
P7RN3J0,40,41793,620,14956,Current,Mobile,W,Consolidation
0GOOH6D,52,75253,761,0,90+,IVR,S,Consolidation
UK693P4,41,25110,709,7144,90+,Agent,S,Consolidation
LP0IRAH,57,51364,644,16733,60-89,IVR,NE,Consolidation
OTB85VI,50,22329,741,0,1-29,IVR,NE,Consolidation
CPG590W,56,38429,628,33868,90+,Web,W,Federal
YGAA70T,33,68054,689,28981,30-59,Mobile,NE,Consolidation
SZRR1JU,37,42274,581,46657,30-59,Web,NE,Federal
T845Q7H,34,86016,698,970,1-29,IVR,NE,Consolidation
VWR3YNI,33,52142,671,35156,Current,Mobile,MW,Consolidation
JQZDCSE,27,58071,667,26552,90+,Mobile,S,Private
D8DRYP7,65,49177,753,46618,60-89,IVR,MW,Private
Q45TVGU,50,36084,789,23239,30-59,IVR,MW,Consolidation
KT8KX7G,20,24690,593,8541,30-59,Agent,NE,Consolidation
3Z5NCY3,67,32470,642,0,90+,Mobile,S,Consolidation
HVPKFA2,74,56885,607,10486,60-89,Mobile,NE,Private
XGCFX3N,72,60207,779,0,60-89,Web,W,Consolidation
8OPBH4E,24,54542,747,44156,60-89,Web,W,Consolidation
UMM7PFE,56,47799,692,839,90+,Mobile,W,Private
RX3NGHB,34,46337,748,4574,60-89,Web,S,Private
7Y8PZL9,61,12000,721,28437,Current,IVR,W,Consolidation
Z5NTDYW,18,97235,768,20248,Current,IVR,W,Consolidation
7EA3MFK,57,46157,801,17052,90+,Agent,S,Consolidation
1MF07OL,36,47938,752,27756,Current,Web,MW,Federal
5IBCB0F,41,97232,700,60191,Current,IVR,W,Private
5A5PMLQ,22,22312,646,24856,90+,Mobile,NE,Consolidation
5TGI7XL,46,51032,658,51577,90+,IVR,MW,Private
V1GGXRE,47,51852,668,26350,90+,Agent,S,Consolidation
POPXAXU,55,60906,766,47317,30-59,Agent,W,Consolidation
LZ6V7S7,19,77976,735,32215,1-29,IVR,W,Federal
R98W07F,62,87826,675,24951,Current,Mobile,S,Consolidation
GPILERE,24,25836,606,16154,30-59,IVR,W,Federal
MWPHM5Z,49,58562,616,31029,30-59,Mobile,S,Consolidation
TCNO3FE,22,54235,737,15540,Current,Mobile,S,Federal
YY5E7SR,40,33298,722,28172,30-59,IVR,S,Private
0380CBQ,66,52842,522,31857,60-89,IVR,S,Federal
4EFSAA6,36,121113,654,0,1-29,Mobile,NE,Federal
PK48AB1,70,42058,507,9306,30-59,Agent,S,Federal
ES5CWFZ,50,64163,757,15435,30-59,Web,W,Consolidation
8TNHDAU,55,48256,672,16516,30-59,Agent,NE,Consolidation
FYTJU0Z,34,41024,755,43012,90+,IVR,W,Federal
MDH6W3Q,54,59204,590,59989,60-89,IVR,NE,Federal
89K8TEB,72,25573,705,0,30-59,Mobile,S,Consolidation
PS82XLV,64,25777,590,44274,30-59,Agent,NE,Consolidation
MMH541O,38,66793,591,22235,30-59,IVR,NE,Private
LCLI3D3,21,92424,720,58551,Current,Web,MW,Private
R6K2VMW,41,39343,700,6798,30-59,Mobile,NE,Private
P0LO2K9,33,29723,633,23979,60-89,Agent,MW,Federal
NZDWP73,61,50104,590,36038,90+,Agent,W,Private
27NR6DP,71,12000,812,29765,1-29,Mobile,S,Private
QYJV84A,42,68938,608,4062,30-59,Web,S,Federal
HZX7ZB1,26,39340,618,38565,60-89,IVR,MW,Federal
5V7WYH1,33,32126,830,68619,90+,Agent,NE,Consolidation
UQED0GV,45,46968,666,46270,1-29,IVR,S,Consolidation
8C9Q36L,60,24166,709,33926,60-89,Mobile,NE,Consolidation
1U6K5YQ,18,15799,732,7253,1-29,Web,MW,Private
A2FQZTI,46,64188,573,17115,30-59,Web,S,Consolidation
LL8OS9X,70,74674,725,54000,1-29,Agent,W,Federal
3L71029,44,46757,689,28079,30-59,Web,NE,Consolidation
96J6VDC,53,53643,624,49784,30-59,Agent,NE,Private
RATRYRM,28,77883,589,38666,30-59,Mobile,W,Private
F6RNH5E,73,39875,571,31520,60-89,Agent,S,Private
GP8J0DJ,45,48308,727,32668,30-59,IVR,MW,Consolidation
PFR2Y79,32,71330,682,22928,30-59,Agent,S,Private
VI9V9J2,46,82238,781,24454,1-29,Web,MW,Federal
TTTQWH4,36,55045,710,32462,90+,Web,S,Consolidation
LOMMW4G,62,32247,669,39233,90+,Mobile,W,Federal
G623J73,19,73092,632,26771,1-29,Web,NE,Private
N39ECRP,42,30891,731,75817,90+,Mobile,W,Federal
UMU4YGO,50,69330,651,55055,30-59,IVR,MW,Private
KF1622V,71,27738,672,65544,30-59,Web,NE,Federal
O0YLEQD,63,48348,632,28729,90+,Web,NE,Consolidation
RMTN29T,72,64371,721,0,1-29,Mobile,W,Private
OESQ17Z,38,62649,666,28601,1-29,IVR,W,Consolidation
0L9LAYK,54,48880,715,26129,30-59,Agent,MW,Federal
YLB0WVY,45,56279,613,44159,30-59,Mobile,NE,Consolidation
3G6C615,34,37563,685,33995,30-59,Mobile,MW,Consolidation
NC62V8F,44,22193,641,28623,60-89,Mobile,S,Federal
G7803G5,41,69369,590,20154,60-89,Mobile,NE,Private
EQY8LBK,69,51657,721,25677,30-59,IVR,W,Federal
AKFD18T,26,59326,702,35767,30-59,IVR,S,Consolidation
8T7ZQCL,69,72734,607,0,60-89,Web,S,Private
DINU31E,22,75444,665,50597,30-59,Mobile,NE,Consolidation
P1ILRIO,39,39567,772,24825,Current,Agent,MW,Private
AD38YOU,73,46545,723,56029,Current,IVR,W,Consolidation
ODQ4AKM,48,45475,683,0,Current,Mobile,NE,Private
VSF5YC9,74,48932,729,7390,60-89,Mobile,MW,Federal
V9K6L7J,27,38870,556,76692,30-59,IVR,S,Consolidation
LU25WSE,36,78226,708,27361,1-29,Web,MW,Consolidation
UFAH4BA,52,37514,693,31840,30-59,IVR,W,Private
Z820CIH,57,12000,562,0,60-89,Mobile,NE,Consolidation
EFAPWSN,39,70997,769,39353,30-59,Web,S,Federal
O8SDXAM,42,56253,667,52147,90+,Mobile,S,Private
IVUL5YZ,63,61114,605,0,90+,Agent,NE,Private
C39BMTH,43,67952,756,46406,1-29,Mobile,S,Federal
NVQJIVM,38,81089,734,10980,30-59,IVR,MW,Federal
2ER1CUT,35,101140,631,31294,Current,Web,NE,Federal
YSLTDNQ,45,37015,689,12422,Current,IVR,S,Private
2TBER5X,36,26267,627,24495,Current,Mobile,W,Private
22J7Q4K,31,60910,667,25057,60-89,Agent,W,Private
OMS98Z2,56,57935,761,40090,Current,Mobile,W,Federal
WSAAENX,50,75596,617,37940,30-59,Agent,MW,Consolidation
KKRZD5E,54,49514,648,36845,1-29,Agent,S,Consolidation
K9ZYERE,55,51018,677,6044,60-89,Web,MW,Private
LB59WWI,48,73615,644,30723,30-59,Agent,MW,Consolidation
FK9N6CX,61,37136,579,7126,30-59,IVR,NE,Private
323L8N6,56,46426,689,33860,30-59,Web,MW,Federal
0HIJA6B,31,54664,661,12177,30-59,IVR,S,Federal
9V3KR0A,18,46041,605,50246,60-89,Mobile,NE,Federal
7NHPGJX,65,40887,700,22288,Current,Agent,MW,Consolidation
0RII5CQ,46,40908,698,37697,60-89,Agent,W,Consolidation
2J4XYBR,18,35879,841,17842,90+,Mobile,S,Federal
RYEQ7KO,73,61830,650,29693,60-89,Agent,NE,Consolidation
DQ1GT7D,18,44537,716,66756,90+,Agent,S,Consolidation
7RU8DM0,35,88717,728,15753,90+,Web,MW,Federal
R095UHG,43,26246,735,42070,Current,Agent,S,Federal
DTVCCS4,44,50605,694,20624,1-29,Web,MW,Federal
N2R48TW,44,86504,569,12441,30-59,Mobile,W,Federal
GB0KJTW,21,41955,654,21399,30-59,Web,MW,Federal
KGV1BBH,64,71660,694,53054,1-29,IVR,NE,Consolidation
1BOCHTC,73,42996,743,7852,30-59,Web,W,Consolidation
8OXM9F4,71,79320,697,23012,1-29,IVR,W,Consolidation
9YSAUE1,67,50655,647,13344,Current,Mobile,W,Private
4HXIOBC,70,31511,741,53971,30-59,Web,MW,Federal
OYRHKKN,62,72972,689,27309,Current,IVR,MW,Private
FNT06RL,41,52323,569,41388,60-89,IVR,NE,Federal
823QXAW,61,69664,625,13084,90+,Mobile,W,Consolidation
KH250CV,28,32212,745,0,60-89,Agent,S,Private
W3UXHPU,26,29561,587,42088,90+,Mobile,W,Consolidation
3VNA31X,62,73406,725,0,30-59,Mobile,NE,Private
W49UXI9,44,65814,763,43347,30-59,Web,W,Private
G906ZE5,65,42969,718,0,60-89,Web,NE,Federal
V8ED7SP,24,79025,721,32307,1-29,Agent,W,Consolidation
BO119XP,71,25190,692,59575,60-89,Web,MW,Consolidation
EELSX52,68,43114,659,18157,1-29,IVR,NE,Consolidation
FPPWC1Q,26,42077,716,51027,60-89,Agent,MW,Private
V2VYN1K,69,27748,770,28213,60-89,Mobile,W,Consolidation
F240SHD,37,94070,824,54034,Current,Mobile,W,Consolidation
3DUO1QA,49,63132,649,5051,90+,Mobile,MW,Federal
CNFU2HE,25,15859,665,43580,30-59,Mobile,S,Private
JNP2HXS,30,19274,613,61176,30-59,IVR,S,Federal
O765EFU,74,29895,741,21580,30-59,Mobile,MW,Federal
KQAKCIR,74,45359,612,37040,90+,Agent,S,Federal
A8T49LX,19,22595,723,21401,90+,Mobile,W,Private
T37WHPK,39,67099,625,53172,Current,Agent,MW,Private
ZMXL244,28,51319,792,60005,1-29,Web,S,Federal
6EAF0EZ,18,61266,702,7253,60-89,Agent,S,Consolidation
D143MO2,43,59253,720,34488,Current,Mobile,MW,Consolidation
4JL7975,35,26143,739,35505,Current,Mobile,MW,Federal
4J9LKOP,63,17770,654,21291,Current,Mobile,S,Federal
IFXZIU6,19,80082,640,47626,Current,Web,MW,Consolidation
PR97Y2L,64,78610,678,0,90+,Mobile,NE,Federal
B8Z6QL7,54,41847,703,69504,60-89,Web,S,Federal
KDQ95G3,22,64983,704,35025,90+,IVR,W,Consolidation
PMBY23H,57,52091,743,53919,Current,Mobile,S,Consolidation
X32API7,59,49055,658,4212,60-89,Agent,W,Consolidation
NE7SH6S,23,99828,725,44389,Current,Agent,S,Consolidation
CP0YQ18,64,58534,763,25870,90+,IVR,MW,Consolidation
M5C6REA,66,31876,765,23334,1-29,Mobile,W,Consolidation
RUY5R8T,70,62313,704,26603,1-29,IVR,S,Consolidation
XFEVMY1,46,27325,701,0,90+,Agent,S,Private
AUJIDZ1,65,84202,671,0,90+,Mobile,MW,Federal
1U6VQS4,74,88084,689,17811,Current,IVR,S,Private
KODWH8N,18,34826,717,46832,1-29,Agent,W,Private
HWPZ6K0,43,68078,588,31864,30-59,Agent,W,Consolidation
NFFB0LJ,45,59296,716,17838,90+,IVR,NE,Consolidation
X1UYSBF,54,24143,679,34342,1-29,Agent,W,Consolidation
I288H23,32,96106,645,28352,Current,Agent,W,Federal
75YJF6J,38,43982,696,39548,60-89,Mobile,NE,Consolidation
Z3HA6CB,36,81599,638,28447,Current,IVR,MW,Consolidation
XDRKZ40,50,64796,645,30358,1-29,IVR,MW,Consolidation
I14NIJC,56,28746,702,0,60-89,Web,MW,Consolidation
4SPFDRW,24,36036,676,38392,30-59,Web,W,Consolidation
UAKX6WB,63,60847,678,34408,90+,Web,NE,Federal
COENWH5,59,12000,722,31817,1-29,Mobile,NE,Federal
1L0BZIP,19,49896,680,39914,60-89,Agent,S,Federal
XQ531D1,73,76775,643,37817,60-89,Agent,MW,Private
9BKWJ11,28,12000,771,14383,90+,Agent,MW,Federal
GWKIDNF,68,46507,711,12250,30-59,Agent,W,Consolidation
9TA76NF,63,97616,718,33936,Current,IVR,W,Federal
VY92DEF,23,48726,666,51307,1-29,Agent,S,Federal
ZNI37ZC,72,41438,723,9703,1-29,Mobile,NE,Consolidation
SF3P96X,25,66423,598,21265,30-59,Agent,NE,Federal
C1JLIDI,34,38511,828,0,90+,Agent,MW,Private
J7HEKDZ,64,68703,740,30077,1-29,Mobile,W,Federal
6SO2D0C,19,53485,673,66135,Current,Agent,MW,Federal
TKXZ0RW,74,67939,639,31460,90+,Web,S,Consolidation
NGVSPJ0,55,59481,636,52049,90+,Web,S,Federal
YRYBOVA,23,70610,675,0,30-59,Mobile,W,Federal
MY4IQZ6,38,92715,655,26077,Current,Web,NE,Consolidation
7F8LWVV,38,12144,691,10701,60-89,Agent,MW,Consolidation
U55D5Q3,68,32235,676,44465,90+,Mobile,W,Federal
AT6PMNT,52,43198,684,37972,30-59,Agent,MW,Federal
RKMRFSF,24,67451,677,19401,60-89,Mobile,MW,Consolidation
87COWKA,43,67414,728,3789,90+,Web,MW,Federal
YLEWFVB,49,72869,635,42385,90+,IVR,S,Federal
1WPXOW7,75,38383,707,12157,90+,Agent,NE,Federal
TEIWWCW,30,25386,598,65114,60-89,Agent,S,Consolidation
J0SISJ4,51,56131,699,0,Current,Web,W,Federal
V886N7H,31,38038,660,25661,30-59,Web,NE,Consolidation
1E0E8GM,32,32321,719,57761,30-59,Web,MW,Private
E8F8409,56,83085,667,23983,60-89,Mobile,S,Private
7GNH3I0,62,66009,750,15799,60-89,Mobile,NE,Federal
J2OBTCW,55,110053,791,0,Current,Agent,W,Federal
DFNMDLS,75,34626,673,49098,1-29,Mobile,S,Federal
D1VN8LF,47,28151,747,17186,90+,Agent,MW,Private
ITE92SR,18,36643,659,56878,1-29,Agent,S,Private
5BZGJVB,71,61466,701,44168,30-59,Agent,MW,Private
AKJTDKW,36,69541,655,0,90+,Web,W,Consolidation
UAXJEA9,57,53752,748,17486,60-89,Mobile,MW,Federal
5IA23O4,70,68377,778,10253,90+,Mobile,S,Federal
OF5CDFM,51,62145,662,1348,90+,Agent,NE,Private
WSIETX7,30,92088,679,47682,1-29,Web,MW,Consolidation
IUT00AA,38,48826,605,43842,30-59,Agent,MW,Private
I0Q1RIS,44,55467,645,23219,1-29,Web,W,Consolidation
XRB00XP,72,71383,581,22661,30-59,IVR,S,Private
FLOH5RI,33,80916,665,21039,90+,Agent,W,Consolidation
8KZRUIN,29,64461,685,25804,Current,Agent,MW,Federal
XQTY6M7,48,49119,648,31484,Current,Agent,NE,Federal
ATYE737,48,75067,644,6871,Current,IVR,MW,Federal
TIW375Z,21,12000,685,10372,Current,Web,MW,Private
PYMRT3D,31,86939,815,28167,30-59,Agent,S,Consolidation
0ENV5SN,43,55811,681,21525,Current,Mobile,NE,Consolidation
KSHY8NB,22,48715,777,61018,90+,Web,MW,Private
3IH66W5,69,42597,648,11145,Current,Agent,NE,Private
34T3Y4W,69,49481,716,48236,1-29,Web,S,Federal
E104RP5,55,49905,765,0,1-29,Mobile,S,Private
1IVZOU1,32,102439,685,20408,Current,IVR,S,Federal
GMDFZJO,27,43767,710,37846,60-89,IVR,W,Federal
5W3PBC7,50,39931,662,39119,Current,Mobile,MW,Private
790PDW5,50,87163,686,28364,30-59,Web,W,Consolidation
06FHRXJ,69,52746,723,38684,30-59,Mobile,S,Private
9HDTROJ,70,75280,670,46316,Current,Agent,S,Private
DHDGQNX,59,85770,663,8685,Current,Mobile,NE,Private
7RXKZK4,64,27511,681,55486,60-89,Web,S,Consolidation
3GY0YNO,49,37205,598,26437,30-59,Mobile,W,Consolidation
DBNIGZM,39,12000,712,20237,Current,Web,NE,Federal
2KCA7YM,74,108513,664,3911,Current,Web,MW,Consolidation
1VXC8AC,26,73715,674,7560,1-29,Agent,NE,Private
MD6M4J7,38,62006,584,24204,90+,Web,S,Federal
N8LA100,47,68334,736,20767,1-29,Mobile,S,Federal
N3QDM2K,45,82490,633,14922,30-59,IVR,W,Consolidation
AVIQED8,73,74857,656,23264,60-89,Mobile,W,Federal
AKVOD3R,69,68365,656,19963,90+,Mobile,S,Private
WI6FQJJ,52,31189,561,4995,60-89,Agent,MW,Federal
F2ELORZ,70,40450,670,50983,30-59,Mobile,W,Consolidation
86B0F4F,48,24291,691,36173,1-29,Agent,NE,Federal
OWE5ESA,40,97386,692,10117,Current,Mobile,W,Consolidation
JQY3ODS,60,36809,671,70405,1-29,Web,NE,Private
2MROP2B,29,68981,690,56168,60-89,IVR,S,Private
SSEWKN8,43,51267,643,33050,30-59,Web,NE,Private
OUSOXLO,35,62987,728,6456,90+,Web,MW,Federal
B5F83XA,33,19011,734,36265,1-29,Web,MW,Private
NC7WWG0,46,40344,714,39019,90+,Agent,S,Federal
A1CC31U,56,77565,663,33072,60-89,Web,S,Private
9VIOIFJ,61,43619,625,30445,60-89,Mobile,S,Consolidation
F62RUE6,49,33320,592,48377,30-59,Mobile,NE,Federal
JI9KQDG,63,45155,605,32624,90+,Agent,NE,Federal
90J1MNY,68,80029,635,41794,1-29,Agent,MW,Consolidation
8UR6TIA,69,32065,723,19985,90+,IVR,NE,Private
IWAAYRI,55,15258,687,32827,30-59,Mobile,W,Consolidation
3FPOYIP,49,21527,713,28441,Current,Agent,S,Federal
3SMFEJQ,64,48227,612,32129,30-59,Web,MW,Consolidation
A1024RV,39,12000,709,39210,90+,IVR,NE,Private
FDJYUJJ,26,57031,531,0,30-59,IVR,NE,Federal
HXFGCAQ,39,17808,650,10692,1-29,IVR,NE,Consolidation
U77W9A8,37,16104,625,25766,Current,Agent,NE,Consolidation
BJ9UU2B,26,25081,657,28440,30-59,Mobile,NE,Federal
I4324H9,24,89999,716,30353,1-29,Mobile,W,Federal
I31HO4X,47,91216,705,23285,Current,Web,NE,Consolidation
PHFAXI1,23,21285,715,4006,30-59,Web,W,Federal
OBPY1R2,66,45661,683,29584,30-59,Web,W,Federal
3IGK38V,70,56040,719,56274,30-59,Mobile,W,Federal
PZF761H,56,63067,698,37953,30-59,Web,S,Federal
EIF5S4J,71,30622,796,30132,60-89,Agent,S,Private
EHLH07J,74,50949,653,36679,90+,Web,S,Federal
VR04JCR,25,32869,590,38625,90+,Agent,NE,Federal
L1I81J2,44,19093,717,14166,30-59,Mobile,MW,Consolidation
UNS8WGB,51,34818,681,66599,Current,Mobile,S,Consolidation
X54HY3F,35,67913,728,7946,1-29,Web,NE,Private
ISUTP04,63,54110,691,26129,Current,Agent,MW,Federal
8PW5K0J,56,61937,742,37680,Current,Agent,MW,Federal
BL9SA86,73,33267,738,44482,60-89,Mobile,MW,Federal
4MS4H2P,62,31807,599,29807,30-59,IVR,MW,Federal
YNJE2OT,39,49110,679,23947,1-29,Agent,W,Federal
85W6ZOR,54,76476,686,20899,90+,Mobile,NE,Consolidation
7VH2D3L,53,74139,735,1799,1-29,Mobile,MW,Consolidation
KHKXVS6,28,19486,790,34303,30-59,Web,S,Consolidation
17FCDE5,72,35758,725,35195,90+,IVR,NE,Federal
AATS0X7,65,37828,685,24810,90+,Mobile,W,Federal
PWNUA6T,42,43543,844,22413,60-89,Mobile,S,Federal
U2VFCPD,31,48823,714,35266,1-29,IVR,MW,Federal
ZUA8QZA,67,78066,623,24683,30-59,Web,MW,Private
S4IINIS,37,29116,696,13341,30-59,Agent,S,Federal
47SL7K4,62,74128,666,20186,90+,Web,MW,Consolidation
MYOVT6L,55,53086,668,48599,Current,Mobile,W,Federal
RUWP9JX,36,38332,728,0,1-29,Agent,NE,Private
M8VG7CF,59,68347,633,30659,60-89,IVR,W,Consolidation
5B5NG2L,38,55964,671,39754,90+,Web,W,Federal
TK61B7P,70,48935,640,21203,Current,IVR,MW,Private
I3P0OI8,57,55360,719,37689,60-89,IVR,W,Federal
MGM5P39,20,32651,613,14419,60-89,Mobile,NE,Consolidation
OQDNVQJ,38,67527,632,47789,Current,IVR,NE,Federal
Q25Y7KH,62,51565,728,12440,Current,IVR,MW,Private
0WZMAGE,31,34226,658,7580,60-89,Mobile,NE,Consolidation
HCJTDAK,73,65924,606,25749,30-59,IVR,NE,Private
DTZ8BGG,47,12000,675,49788,30-59,Mobile,S,Private
QSCAN30,41,73012,633,13961,Current,IVR,MW,Federal
3X1F8S0,68,33318,694,37162,Current,Agent,W,Consolidation
FO8HBF5,67,48768,660,31459,30-59,Agent,NE,Federal
MY5TG5H,59,52135,721,21609,Current,Agent,W,Federal
KT4P6CM,61,34867,761,17651,Current,IVR,W,Federal
R59C81D,70,63639,759,42033,90+,Web,W,Consolidation
FLVWUL6,59,63302,772,53914,Current,Agent,NE,Private
ZTZOWLC,35,31579,708,33955,30-59,Mobile,MW,Consolidation
0XCXMSY,54,20078,677,8927,90+,Mobile,W,Federal
FBZ753P,56,24948,581,16687,60-89,Mobile,S,Federal
SFFELLW,21,23227,645,11482,90+,Mobile,S,Federal
HM2IRC2,35,78847,770,26339,30-59,Mobile,NE,Federal
V9OB7NB,56,99149,655,22376,Current,Web,MW,Private
LO4P0K9,58,49593,659,29989,Current,IVR,NE,Federal
V6LRLWP,39,52254,707,43336,30-59,Web,MW,Consolidation
6ADNOKK,63,33892,708,26259,30-59,Web,W,Consolidation
IXHHKFF,25,28533,719,6267,1-29,Mobile,NE,Consolidation
TAEGRY5,66,53826,691,23110,Current,Agent,NE,Federal
00YOHUM,22,42820,621,23736,60-89,Mobile,W,Consolidation
NUYHE8J,63,56258,562,18212,60-89,Mobile,S,Private
3LDZ5JX,34,58337,594,2937,90+,IVR,NE,Private
T997E4U,25,69320,663,35605,30-59,IVR,MW,Consolidation
O9HB0JE,75,47009,617,8709,60-89,Mobile,S,Private
6RXOZ5C,18,73180,667,13712,90+,Web,S,Federal
9JBTMMW,23,56095,629,13896,30-59,Agent,MW,Private
AHANMVT,18,46206,669,38361,30-59,Web,S,Federal
SBWTE87,53,73610,698,24887,Current,Mobile,NE,Private
